,Cancer_Type,Cancer_Stage,Survival_Years,Target_Severity_Score
0,5,3,5.9,4.92
1,3,0,4.7,4.65
2,0,2,7.1,5.84
3,2,1,1.6,3.12
4,7,3,2.9,3.62
5,1,4,9.5,5.98
6,1,0,1.0,5.05
7,6,1,6.2,6.02
8,5,2,6.5,3.36
9,6,2,5.7,5.76
10,7,1,1.0,3.87
11,6,1,6.0,4.38
12,3,2,8.0,3.31
13,1,2,7.1,6.63
14,0,4,8.3,4.4
15,5,2,7.0,5.19
16,2,3,0.5,5.53
17,4,0,1.9,6.0
18,3,2,4.6,7.87
19,6,1,5.4,5.96
20,5,1,6.7,4.82
21,3,1,1.9,5.58
22,6,0,9.9,4.91
23,4,1,7.2,6.21
24,7,1,1.0,3.11
25,5,1,6.0,5.21
26,2,2,6.4,1.86
27,1,1,3.5,5.23
28,2,3,9.7,3.58
29,0,0,0.2,4.47
30,7,4,5.1,3.09
31,0,3,9.8,3.74
32,4,1,2.3,3.15
33,5,4,5.5,4.66
34,6,4,3.8,2.44
35,6,2,2.2,2.97
36,3,0,0.9,5.14
37,5,0,7.0,3.88
38,4,4,9.4,5.82
39,7,4,4.3,5.28
40,6,4,1.8,6.49
41,5,1,7.4,5.15
42,6,0,7.0,3.21
43,3,4,7.3,5.57
44,0,1,7.1,5.22
45,2,0,8.9,4.33
46,3,0,6.9,3.52
47,6,4,9.9,4.21
48,4,1,9.1,6.45
49,5,1,6.9,6.36
50,4,1,5.1,3.28
51,0,1,1.5,5.7
52,1,4,9.1,3.95
53,6,2,3.8,7.35
54,4,3,7.1,5.33
55,3,1,5.4,5.08
56,0,2,8.2,4.92
57,5,0,4.1,5.62
58,7,1,6.5,4.17
59,6,2,7.6,3.39
60,1,1,7.4,5.89
61,1,2,3.5,4.55
62,1,1,4.4,6.07
63,3,0,2.6,4.21
64,3,0,2.9,3.29
65,2,2,0.5,6.24
66,1,2,7.4,5.15
67,6,3,9.5,3.47
68,1,3,2.5,6.95
69,5,1,4.2,7.35
70,1,3,4.6,4.12
71,0,1,3.0,5.62
72,4,1,9.9,6.68
73,6,3,5.3,3.28
74,2,0,4.1,4.89
75,3,2,1.1,3.82
76,0,2,8.2,5.16
77,0,0,2.9,4.18
78,4,4,4.9,6.16
79,4,1,8.8,5.7
80,3,2,10.0,4.86
81,2,4,9.7,4.05
82,1,3,3.0,4.51
83,1,3,0.1,4.83
84,5,3,2.6,3.51
85,3,1,9.5,2.9
86,0,0,1.7,4.36
87,1,0,9.8,4.07
88,4,3,9.6,4.57
89,4,0,5.5,4.72
90,7,4,6.0,4.93
91,0,1,6.9,4.18
92,7,1,4.2,5.36
93,6,4,2.8,4.43
94,0,2,1.6,4.95
95,0,3,9.5,6.09
96,6,3,5.3,4.93
97,6,3,4.5,7.01
98,3,0,4.0,3.99
99,4,0,1.8,6.52
100,1,3,2.5,4.35
101,0,3,6.2,2.93
102,1,3,8.3,3.52
103,3,2,1.7,5.28
104,0,2,7.3,6.02
105,4,1,2.2,5.34
106,2,2,5.1,5.54
107,5,4,5.8,4.32
108,1,0,8.3,6.91
109,1,4,1.6,5.28
110,5,4,4.7,3.62
111,0,0,4.3,6.3
112,1,4,5.5,6.02
113,4,3,5.7,6.85
114,3,4,7.1,5.44
115,1,3,4.6,3.1
116,2,2,8.6,4.03
117,0,2,3.1,4.42
118,7,4,2.7,6.02
119,2,1,8.5,5.77
120,5,1,4.7,7.12
121,5,2,2.9,5.44
122,1,3,2.1,7.59
123,4,4,1.5,5.05
124,7,0,1.5,5.36
125,2,2,0.8,3.05
126,2,1,1.0,4.08
127,4,2,7.8,1.77
128,7,1,0.9,3.38
129,1,4,5.6,6.36
130,6,4,0.0,4.82
131,5,2,6.5,5.62
132,7,4,4.3,7.09
133,3,2,9.5,3.68
134,0,3,4.3,5.42
135,7,1,0.2,4.8
136,7,2,6.1,5.56
137,3,1,7.2,5.52
138,1,0,1.1,6.54
139,4,3,1.6,5.4
140,3,1,4.9,5.43
141,5,4,7.1,3.57
142,6,1,1.9,5.42
143,4,2,5.9,4.49
144,2,0,6.3,4.2
145,1,0,6.6,5.64
146,0,2,8.2,6.86
147,5,3,7.9,6.81
148,7,3,1.1,4.8
149,2,4,7.0,5.66
150,0,1,5.3,5.13
151,1,2,1.5,3.09
152,7,0,8.7,4.81
153,0,0,1.2,5.82
154,6,4,8.1,5.49
155,2,4,4.4,3.09
156,2,2,2.6,5.66
157,4,3,6.5,4.78
158,1,3,8.4,3.19
159,3,0,0.9,6.68
160,1,0,5.8,1.48
161,7,0,6.5,3.43
162,5,0,9.9,5.85
163,1,1,9.4,6.15
164,4,3,2.5,6.8
165,1,0,4.4,6.26
166,7,4,6.0,2.21
167,4,0,9.7,6.08
168,3,3,8.5,5.06
169,0,1,1.6,5.43
170,1,3,9.6,4.09
171,7,1,8.3,5.14
172,3,3,5.3,6.01
173,3,3,9.3,5.67
174,5,3,5.1,6.26
175,1,4,6.8,7.03
176,1,1,1.6,4.63
177,3,2,1.2,7.19
178,0,0,6.4,3.17
179,3,0,1.3,4.34
180,2,4,1.6,5.53
181,3,3,4.6,4.09
182,7,0,5.6,4.54
183,1,3,8.0,5.08
184,5,0,5.3,4.27
185,6,1,7.0,5.39
186,6,1,0.4,4.93
187,7,2,1.6,6.36
188,4,0,5.8,4.86
189,5,3,8.4,5.42
190,2,4,2.0,3.82
191,2,4,1.4,3.95
192,7,3,1.6,3.9
193,1,4,8.2,5.14
194,6,4,0.6,5.06
195,7,4,2.7,6.88
196,2,0,9.2,6.53
197,7,2,8.9,6.62
198,7,4,8.0,4.4
199,2,1,2.6,6.06
200,5,2,6.4,4.32
201,4,4,1.7,6.22
202,5,4,6.8,2.8
203,1,3,6.2,3.59
204,7,4,5.7,2.06
205,5,3,5.7,3.66
206,3,2,7.4,5.05
207,0,2,2.2,4.09
208,6,4,8.6,5.3
209,4,2,5.7,4.52
210,1,4,7.0,4.87
211,3,3,5.7,5.38
212,4,2,1.3,4.46
213,6,3,2.3,4.74
214,6,0,0.9,4.91
215,1,4,7.9,4.86
216,7,0,5.2,2.72
217,3,4,2.5,4.27
218,6,0,1.7,4.81
219,0,2,0.4,2.75
220,7,1,6.0,3.93
221,3,3,5.7,5.25
222,7,4,2.9,3.8
223,7,1,3.7,6.17
224,1,4,2.7,5.02
225,5,0,9.3,3.56
226,7,1,2.8,4.24
227,0,4,7.3,5.06
228,3,0,8.9,5.67
229,1,3,5.7,5.84
230,4,2,9.7,3.85
231,1,3,9.8,6.08
232,6,1,2.9,6.86
233,1,2,8.6,7.01
234,4,4,4.1,3.46
235,2,3,9.6,5.02
236,1,2,4.4,4.45
237,0,2,7.1,4.38
238,6,1,4.7,5.21
239,4,1,9.2,4.62
240,5,0,7.0,5.44
241,6,4,9.1,5.1
242,4,0,1.6,3.78
243,6,1,6.0,4.62
244,3,3,7.1,5.96
245,3,0,1.4,3.93
246,7,3,7.7,6.36
247,0,4,8.4,3.99
248,7,2,3.6,6.13
249,7,1,4.0,2.96
250,7,0,0.6,4.32
251,0,2,5.8,7.28
252,5,3,0.6,5.75
253,0,0,5.6,5.92
254,1,2,2.5,5.21
255,4,0,2.0,5.56
256,1,3,7.4,4.19
257,3,0,8.0,3.34
258,3,2,5.3,6.84
259,1,3,1.4,4.6
260,3,1,2.8,5.48
261,4,0,1.0,5.46
262,6,0,7.9,6.87
263,3,0,7.0,5.65
264,4,4,8.7,5.79
265,4,4,5.0,2.78
266,6,4,6.2,2.52
267,0,4,2.2,3.21
268,7,4,0.5,5.74
269,1,2,7.1,6.09
270,2,0,1.9,4.19
271,6,2,0.3,4.2
272,7,3,7.5,2.46
273,6,2,0.8,3.35
274,4,2,6.9,4.26
275,6,1,3.8,5.12
276,1,2,3.8,5.75
277,2,4,6.6,5.46
278,7,0,7.6,4.56
279,1,2,9.4,5.25
280,6,1,2.0,7.38
281,4,0,3.3,3.59
282,1,0,1.9,6.35
283,4,4,5.5,6.03
284,5,1,2.8,5.65
285,2,3,9.1,4.95
286,3,1,3.2,4.35
287,5,0,0.7,5.45
288,0,0,1.7,4.48
289,4,4,3.8,4.19
290,2,1,3.3,4.85
291,1,4,4.8,5.25
292,1,3,5.8,4.4
293,0,3,7.5,4.87
294,0,2,3.8,3.78
295,3,2,8.2,6.45
296,1,0,9.2,4.67
297,2,3,1.1,6.04
298,0,2,1.5,4.19
299,4,3,0.2,5.1
300,5,2,4.3,2.93
301,0,0,3.3,5.64
302,3,0,7.2,5.49
303,2,1,9.9,6.04
304,2,4,4.9,4.58
305,4,2,9.4,5.76
306,1,0,6.8,4.59
307,1,4,6.1,6.17
308,5,4,9.7,5.83
309,1,4,9.5,3.9
310,5,4,8.3,4.5
311,7,0,0.5,5.86
312,5,3,3.0,5.26
313,3,3,3.1,6.29
314,3,4,2.6,5.32
315,3,3,5.7,5.24
316,3,0,1.2,6.71
317,7,3,4.0,5.08
318,7,2,3.2,5.41
319,4,4,8.3,4.41
320,0,0,0.0,5.41
321,6,0,8.2,4.23
322,0,2,4.6,5.15
323,6,4,1.6,2.45
324,5,2,8.4,7.38
325,2,2,7.5,4.26
326,3,1,0.7,6.47
327,1,3,7.4,4.25
328,3,4,3.4,4.35
329,6,3,8.9,4.4
330,2,4,6.2,6.72
331,2,4,2.8,4.9
332,0,2,2.6,5.14
333,1,0,6.1,4.36
334,3,0,9.6,5.88
335,0,2,7.1,4.52
336,5,0,1.0,4.97
337,1,3,5.9,4.8
338,5,4,8.1,6.05
339,4,1,2.6,6.09
340,6,0,4.7,6.4
341,2,3,5.0,7.34
342,0,2,0.4,3.37
343,1,4,1.2,6.02
344,3,2,9.9,2.98
345,4,1,3.2,3.28
346,6,1,1.9,5.06
347,4,3,4.5,5.52
348,3,3,5.7,6.09
349,1,0,2.8,4.4
350,3,0,9.5,5.07
351,3,1,4.9,4.02
352,7,2,9.0,5.03
353,0,3,8.5,6.1
354,5,0,0.3,6.21
355,3,3,0.6,2.87
356,4,3,2.4,4.42
357,3,4,2.6,5.41
358,2,2,6.1,3.25
359,6,0,0.7,4.96
360,0,2,6.6,6.59
361,4,1,2.3,4.28
362,7,4,1.1,4.86
363,4,3,7.1,4.24
364,1,2,6.8,7.48
365,4,1,1.9,6.32
366,5,4,8.6,4.54
367,6,0,2.7,2.95
368,6,4,1.0,5.75
369,5,2,8.0,4.74
370,0,1,8.0,4.88
371,6,0,5.2,4.91
372,0,1,1.7,5.39
373,4,3,5.6,5.67
374,0,2,2.7,5.26
375,6,0,2.2,8.32
376,5,4,3.6,4.38
377,7,0,7.4,4.56
378,1,3,1.2,5.28
379,2,2,3.4,5.03
380,7,1,6.6,4.77
381,4,0,2.7,3.7
382,2,1,6.0,4.25
383,4,3,4.1,4.6
384,4,1,2.4,4.64
385,2,1,2.3,5.07
386,2,1,5.0,4.82
387,0,3,9.2,6.13
388,0,1,7.5,4.11
389,0,2,1.6,5.93
390,6,1,1.2,5.15
391,5,4,9.6,4.52
392,3,3,9.2,3.1
393,3,0,1.2,5.22
394,3,3,8.3,6.42
395,1,4,5.7,6.69
396,1,3,2.0,5.05
397,0,1,3.0,5.57
398,7,3,9.5,5.26
399,6,1,4.5,6.35
400,1,3,2.8,5.52
401,7,4,6.1,6.07
402,6,3,5.1,3.83
403,1,0,9.3,2.72
404,6,0,7.4,4.83
405,0,3,8.8,5.56
406,4,4,9.4,3.77
407,0,1,8.5,5.12
408,5,4,1.9,5.2
409,7,2,5.4,6.53
410,2,4,2.6,5.69
411,1,2,0.5,5.18
412,3,2,7.6,6.12
413,2,3,9.6,5.59
414,3,2,1.9,5.87
415,6,0,1.7,2.72
416,0,1,7.1,3.99
417,0,2,2.6,3.99
418,1,1,3.4,5.49
419,2,1,9.9,5.04
420,2,0,4.0,5.1
421,2,0,2.9,7.6
422,2,4,9.2,5.06
423,3,1,7.7,4.32
424,0,1,9.2,3.02
425,4,0,7.0,4.31
426,0,2,1.7,5.64
427,3,2,8.3,5.18
428,6,1,2.2,6.19
429,4,2,6.3,4.69
430,7,1,1.1,3.74
431,3,3,9.8,4.88
432,3,3,0.2,5.08
433,5,3,0.3,3.62
434,3,4,0.4,3.15
435,2,4,0.9,5.82
436,6,4,2.9,5.82
437,5,3,2.2,4.31
438,2,4,1.3,7.28
439,3,0,7.5,3.61
440,4,0,7.1,2.88
441,3,4,8.7,6.35
442,5,0,5.9,6.02
443,5,2,3.2,4.7
444,1,0,9.4,4.05
445,6,2,1.1,4.88
446,2,3,9.0,5.3
447,2,0,3.6,6.28
448,2,4,2.0,6.89
449,4,3,1.7,2.63
450,6,2,2.8,4.94
451,4,1,2.6,5.84
452,5,4,7.5,5.48
453,1,1,3.4,7.64
454,5,1,3.8,6.19
455,4,1,6.8,7.32
456,4,4,5.9,3.43
457,5,0,4.3,3.11
458,7,0,8.0,5.48
459,3,0,3.5,7.17
460,2,3,6.8,6.48
461,0,3,4.2,6.07
462,3,4,6.0,6.45
463,4,1,1.5,5.66
464,2,0,5.3,5.7
465,6,3,1.6,4.34
466,6,3,3.2,5.77
467,4,3,9.0,4.67
468,2,3,5.3,4.7
469,5,2,9.9,5.53
470,2,4,7.7,5.2
471,0,0,2.0,5.79
472,0,1,0.6,8.12
473,4,1,2.3,3.87
474,0,4,5.6,3.88
475,7,3,9.0,4.85
476,7,3,4.5,6.24
477,4,0,5.3,4.44
478,5,4,4.0,4.92
479,2,3,3.0,4.52
480,0,0,0.7,5.87
481,0,3,9.0,4.38
482,7,0,0.0,6.12
483,1,0,3.2,7.65
484,0,2,8.6,3.88
485,3,3,0.1,5.04
486,6,2,0.2,5.02
487,6,0,5.0,3.89
488,1,4,6.5,3.15
489,4,1,5.5,3.61
490,4,0,3.5,5.48
491,3,2,4.7,3.79
492,6,0,6.5,4.1
493,2,1,0.7,4.85
494,6,4,0.9,4.16
495,6,3,0.9,4.1
496,2,2,7.4,5.82
497,0,2,6.9,5.89
498,0,3,7.8,4.56
499,3,3,9.9,4.4
500,1,0,9.3,5.29
501,3,0,8.4,5.07
502,5,2,1.2,4.91
503,2,4,2.1,4.73
504,6,1,1.4,5.16
505,6,4,2.3,3.68
506,1,2,7.8,2.87
507,3,2,7.1,6.06
508,7,4,2.7,5.37
509,0,0,7.0,6.56
510,0,3,3.9,4.92
511,4,2,6.9,5.51
512,1,3,4.9,5.19
513,5,4,4.6,4.75
514,1,2,7.1,5.04
515,2,0,4.5,3.44
516,5,2,8.0,5.22
517,0,1,7.7,5.38
518,1,2,0.6,7.11
519,2,1,4.3,3.15
520,5,2,2.3,6.11
521,3,0,2.6,5.8
522,1,4,7.5,4.3
523,6,4,0.7,4.22
524,0,3,9.6,7.31
525,6,4,5.1,4.5
526,3,3,5.7,4.71
527,6,1,3.5,2.72
528,2,1,9.3,6.28
529,2,3,1.8,4.3
530,7,3,5.4,5.1
531,5,4,9.1,5.65
532,4,0,7.7,2.54
533,1,0,1.5,4.0
534,2,2,1.0,5.2
535,1,4,6.2,6.62
536,2,3,0.9,5.02
537,6,0,8.6,4.93
538,7,2,9.2,4.94
539,4,0,6.5,4.08
540,4,4,1.5,4.0
541,3,0,4.3,5.85
542,7,3,2.0,3.41
543,5,3,7.7,4.39
544,4,2,5.7,5.77
545,5,0,6.4,3.49
546,3,2,6.8,5.49
547,3,3,1.6,5.17
548,4,1,4.4,4.6
549,1,2,4.7,2.98
550,0,3,5.9,4.53
551,3,4,8.6,5.14
552,2,1,8.4,6.64
553,6,2,4.5,5.16
554,3,1,3.3,7.31
555,7,2,8.8,4.38
556,5,3,0.6,4.81
557,0,0,1.4,5.03
558,0,4,6.5,4.09
559,6,1,4.1,6.04
560,2,0,3.8,3.95
561,6,3,3.1,3.02
562,2,0,5.2,2.88
563,5,3,9.2,4.76
564,4,4,4.5,3.4
565,6,1,3.1,6.09
566,1,1,4.6,4.56
567,6,1,7.3,5.88
568,3,1,3.8,5.36
569,1,1,7.3,5.33
570,4,0,3.5,6.73
571,0,4,6.3,3.84
572,7,3,2.9,5.76
573,3,3,2.2,3.32
574,7,3,9.0,3.81
575,6,4,9.2,5.5
576,7,2,8.2,6.08
577,6,0,6.7,4.43
578,0,1,5.3,4.37
579,6,4,6.6,6.85
580,1,0,7.2,7.65
581,0,1,5.7,6.6
582,7,0,1.5,3.65
583,5,4,4.4,5.49
584,3,0,7.7,4.71
585,7,4,7.3,3.17
586,7,3,6.1,5.95
587,3,1,7.1,6.26
588,7,3,1.7,3.24
589,4,4,6.9,5.74
590,7,1,6.6,5.2
591,4,1,9.3,5.53
592,2,2,4.5,6.12
593,4,3,1.8,3.23
594,3,4,5.0,6.24
595,2,2,8.0,4.21
596,5,3,7.3,7.3
597,2,2,4.5,5.65
598,4,4,6.6,5.06
599,4,2,7.3,3.8
600,7,3,8.7,5.56
601,2,2,9.8,7.09
602,2,0,2.0,6.38
603,7,1,7.6,1.62
604,4,4,1.6,4.54
605,0,4,9.2,3.99
606,2,0,9.3,4.05
607,2,2,6.1,4.81
608,2,2,10.0,4.58
609,4,3,6.6,3.31
610,3,2,2.3,7.42
611,2,1,6.0,3.36
612,4,4,2.4,3.92
613,0,1,5.5,3.24
614,0,2,3.5,3.47
615,2,1,0.1,5.53
616,7,2,9.1,4.21
617,2,1,3.7,7.01
618,0,2,5.4,4.53
619,1,0,9.1,7.41
620,4,1,1.2,5.39
621,5,3,6.0,7.03
622,4,1,6.4,6.07
623,7,2,1.1,5.8
624,6,1,5.5,6.22
625,0,0,6.6,6.1
626,1,2,3.7,5.47
627,1,1,6.8,5.43
628,2,0,7.1,4.11
629,2,2,4.4,4.61
630,4,0,0.2,4.5
631,0,1,8.6,4.92
632,5,1,9.8,4.15
633,6,0,6.2,3.67
634,5,0,3.1,2.06
635,7,3,3.5,4.53
636,1,1,1.6,4.37
637,2,3,6.4,3.32
638,0,2,2.1,4.96
639,4,4,0.7,5.35
640,1,2,4.2,4.99
641,0,3,8.5,6.42
642,6,3,7.2,4.8
643,6,0,1.2,4.42
644,4,0,6.4,5.51
645,5,2,2.5,3.37
646,4,3,5.0,3.8
647,6,3,9.9,3.78
648,5,0,4.4,4.72
649,6,1,6.0,5.65
650,1,4,7.4,5.41
651,4,2,5.5,3.26
652,2,4,0.6,5.51
653,4,1,5.9,5.37
654,4,2,7.6,4.92
655,2,4,1.3,2.2
656,5,4,1.4,5.96
657,0,1,7.6,5.03
658,7,2,3.2,4.25
659,4,1,9.7,3.89
660,3,0,8.3,7.25
661,3,3,6.9,7.17
662,2,0,3.0,5.46
663,3,1,0.1,8.36
664,4,1,3.6,4.42
665,0,3,4.6,4.11
666,1,1,1.7,4.78
667,6,2,1.4,4.02
668,5,2,1.8,7.4
669,5,0,7.0,3.13
670,0,0,1.9,5.58
671,1,3,8.0,6.79
672,3,3,7.6,5.82
673,4,2,4.1,6.65
674,2,3,9.6,5.57
675,4,3,2.0,4.93
676,6,4,8.3,5.37
677,2,3,4.4,6.2
678,4,1,1.5,4.42
679,4,3,1.8,4.58
680,6,2,3.1,5.42
681,0,2,6.8,6.23
682,1,1,1.1,4.42
683,0,1,9.6,4.0
684,6,3,0.5,3.97
685,1,0,5.0,5.56
686,2,1,8.4,4.89
687,6,0,9.2,4.74
688,2,0,0.3,6.02
689,7,2,1.8,4.1
690,3,3,2.3,3.05
691,3,1,3.2,4.77
692,0,3,9.3,6.78
693,2,4,2.9,3.27
694,3,4,6.9,3.56
695,6,3,8.3,1.96
696,0,1,9.5,2.17
697,4,1,2.4,2.91
698,7,1,9.5,6.21
699,6,4,2.6,4.2
700,2,0,6.2,4.98
701,5,1,8.5,3.48
702,0,3,8.9,5.2
703,7,0,4.2,5.11
704,0,4,8.3,4.18
705,7,1,4.5,4.06
706,1,4,9.9,5.25
707,4,2,6.9,6.6
708,1,1,4.3,5.54
709,1,1,5.7,2.34
710,6,0,4.3,4.98
711,0,2,9.2,2.88
712,4,3,3.7,4.87
713,4,0,6.0,5.78
714,7,3,5.3,3.26
715,7,1,9.7,2.55
716,1,0,7.2,2.95
717,3,0,9.6,5.58
718,0,3,6.6,5.17
719,1,3,2.7,4.21
720,1,3,0.1,6.91
721,5,3,1.8,4.86
722,1,1,6.4,3.91
723,2,4,3.5,3.33
724,1,0,3.6,3.81
725,6,4,6.1,5.1
726,3,3,2.2,4.56
727,1,0,2.7,4.89
728,4,2,8.7,3.89
729,1,2,2.3,5.66
730,0,4,1.8,6.01
731,5,3,7.5,5.68
732,0,2,0.7,7.06
733,3,0,0.5,3.06
734,7,3,1.6,7.07
735,0,3,4.1,5.02
736,3,1,1.6,3.49
737,1,2,2.8,6.58
738,6,3,7.1,4.25
739,7,0,9.4,2.07
740,2,4,2.0,4.06
741,3,0,0.9,5.68
742,1,1,5.7,4.73
743,4,2,0.2,6.65
744,4,0,2.8,4.15
745,6,0,3.8,3.82
746,6,0,9.8,5.52
747,2,1,7.5,4.41
748,7,0,6.1,5.9
749,0,4,6.7,3.61
750,3,2,9.1,7.04
751,1,1,3.6,3.83
752,2,2,1.4,3.42
753,4,2,2.8,5.27
754,0,0,2.4,6.62
755,7,3,6.6,4.92
756,7,4,9.6,5.03
757,2,4,2.5,4.13
758,3,0,3.1,4.77
759,3,2,5.5,4.41
760,6,0,7.1,4.15
761,4,1,6.2,5.63
762,0,2,5.8,3.34
763,6,1,6.1,4.56
764,0,0,3.7,1.74
765,1,2,5.9,5.5
766,4,3,8.8,3.22
767,0,3,0.3,4.44
768,0,4,4.7,5.52
769,4,3,9.0,5.64
770,6,3,3.6,5.17
771,1,2,4.9,4.2
772,5,1,2.1,5.25
773,3,4,8.4,5.94
774,5,0,8.4,4.31
775,1,4,9.4,3.97
776,2,4,9.6,8.59
777,0,2,4.1,5.82
778,2,2,8.6,3.6
779,2,0,9.1,4.13
780,0,1,1.2,4.22
781,1,1,7.3,3.14
782,5,1,1.7,5.5
783,6,0,0.3,5.13
784,2,0,6.9,5.18
785,7,3,0.9,5.23
786,1,1,0.6,4.01
787,6,2,7.3,6.4
788,6,0,1.2,4.54
789,0,2,9.0,4.69
790,5,2,4.5,5.08
791,0,0,2.5,3.38
792,4,1,7.8,5.19
793,3,1,4.4,4.4
794,7,2,4.3,3.4
795,2,1,5.2,5.49
796,5,0,4.8,4.56
797,2,1,4.4,5.23
798,2,0,5.2,3.75
799,4,0,4.6,4.01
800,5,3,5.3,5.08
801,3,2,3.9,5.05
802,5,2,3.2,4.33
803,1,3,1.2,5.34
804,3,3,5.4,5.1
805,1,0,2.7,3.37
806,7,4,6.6,3.89
807,4,3,9.3,5.41
808,7,3,1.6,5.41
809,6,2,2.3,7.08
810,1,2,4.6,3.42
811,6,0,3.7,3.24
812,0,0,7.6,5.68
813,2,1,3.9,4.94
814,0,2,9.9,4.08
815,5,3,6.5,4.01
816,2,4,4.6,2.66
817,7,1,2.8,6.83
818,7,0,4.6,4.58
819,5,4,7.1,5.52
820,4,3,4.1,3.0
821,1,0,8.5,5.48
822,2,0,1.0,6.2
823,4,3,4.2,5.08
824,7,1,6.9,2.91
825,4,1,3.6,4.16
826,4,2,5.5,4.34
827,2,2,2.6,4.96
828,1,0,2.0,4.89
829,6,3,4.8,4.85
830,5,1,4.0,5.96
831,4,0,2.1,5.87
832,0,4,6.7,4.96
833,3,4,0.2,5.46
834,1,3,5.8,5.53
835,1,3,5.3,7.44
836,5,1,3.3,5.81
837,2,3,0.6,4.33
838,5,2,8.4,4.72
839,6,0,5.5,4.72
840,6,4,5.7,2.17
841,6,4,4.2,4.08
842,6,0,6.9,4.37
843,0,3,1.8,6.65
844,6,3,9.0,5.32
845,2,2,0.5,3.34
846,1,3,2.3,4.87
847,0,2,5.1,5.2
848,1,3,1.4,6.48
849,2,3,0.6,3.94
850,0,2,8.4,3.27
851,5,4,8.5,3.15
852,1,1,5.3,6.46
853,0,3,9.4,5.8
854,4,1,1.5,6.52
855,6,4,1.7,3.1
856,1,2,4.4,4.18
857,2,3,9.7,4.92
858,3,0,7.0,6.54
859,6,0,4.0,4.41
860,5,1,5.5,5.59
861,1,1,6.3,6.2
862,5,2,2.8,4.81
863,3,0,0.9,5.01
864,7,2,1.1,3.99
865,3,2,3.1,5.24
866,7,1,4.7,5.25
867,2,3,0.1,4.3
868,4,4,7.7,2.11
869,1,3,3.3,7.26
870,5,2,0.6,5.76
871,6,1,3.6,3.72
872,4,0,1.0,6.8
873,0,2,8.4,5.45
874,6,0,8.3,7.51
875,3,3,9.8,4.1
876,6,2,1.2,3.4
877,6,0,1.8,3.5
878,4,4,8.7,6.24
879,7,0,6.4,7.22
880,2,0,4.9,6.85
881,7,3,6.6,4.62
882,6,0,5.8,3.7
883,5,1,0.4,6.47
884,7,1,2.4,5.54
885,7,4,3.7,4.33
886,3,2,8.3,3.42
887,6,4,6.5,7.23
888,0,2,0.4,5.85
889,7,2,4.9,5.04
890,6,0,8.9,3.01
891,2,3,3.8,4.58
892,4,3,6.9,5.0
893,7,1,5.0,4.28
894,4,0,3.4,5.56
895,0,4,0.3,4.48
896,7,1,4.4,4.72
897,5,2,7.2,5.06
898,3,1,3.7,4.27
899,2,3,8.7,3.12
900,7,2,4.2,7.67
901,3,4,1.5,5.86
902,5,3,6.7,4.88
903,0,4,4.7,5.29
904,2,3,0.5,5.73
905,6,3,2.1,4.91
906,0,3,2.9,5.61
907,1,2,8.1,4.82
908,3,1,4.4,6.72
909,5,2,8.1,4.15
910,0,3,7.2,5.1
911,6,2,7.1,5.37
912,5,3,5.8,2.52
913,5,3,4.6,4.77
914,0,4,1.9,5.9
915,4,0,0.8,3.63
916,4,0,8.8,4.32
917,2,2,9.0,4.83
918,6,3,1.5,4.15
919,2,3,5.9,8.13
920,7,2,7.2,3.78
921,5,1,2.0,4.61
922,6,1,4.2,3.52
923,7,3,0.1,5.83
924,3,1,7.3,4.7
925,0,0,0.1,3.66
926,7,4,8.7,5.79
927,2,4,8.0,3.69
928,2,1,6.6,7.16
929,0,1,2.1,6.88
930,3,3,7.2,5.5
931,1,3,5.3,4.43
932,4,1,2.4,3.39
933,3,2,8.1,5.75
934,3,0,3.6,5.29
935,3,0,0.0,3.46
936,4,1,6.1,3.62
937,4,2,7.9,6.33
938,2,2,5.7,3.87
939,1,3,6.4,3.49
940,4,0,3.0,4.75
941,7,1,3.2,5.55
942,1,2,5.3,6.02
943,0,2,1.0,3.65
944,3,1,9.8,5.62
945,1,0,0.9,4.7
946,5,0,6.6,5.59
947,3,3,0.6,3.84
948,3,2,5.1,4.02
949,4,0,8.6,4.68
950,4,0,7.4,6.52
951,1,2,3.2,3.32
952,2,1,9.5,6.61
953,2,2,6.2,5.81
954,1,2,8.3,4.23
955,0,4,3.4,6.97
956,7,4,9.2,6.1
957,0,2,0.4,6.46
958,5,4,9.5,5.03
959,4,3,1.4,4.26
960,2,1,4.6,4.3
961,5,4,4.6,7.68
962,0,2,1.7,6.05
963,5,2,9.9,5.27
964,3,0,3.1,4.47
965,2,4,1.2,4.35
966,1,0,1.5,4.88
967,4,4,3.5,6.07
968,5,1,7.9,5.57
969,5,2,3.5,4.77
970,2,1,4.0,3.58
971,7,3,7.0,4.32
972,4,0,0.3,5.14
973,1,1,6.9,4.3
974,3,1,9.2,3.28
975,5,3,1.8,6.01
976,5,0,6.0,4.03
977,7,3,1.1,5.4
978,4,3,9.5,5.69
979,7,4,1.9,4.84
980,4,0,4.3,5.85
981,1,2,3.6,6.49
982,5,1,9.5,4.58
983,3,1,6.4,5.98
984,7,3,3.0,4.69
985,1,1,6.6,4.49
986,3,4,9.8,4.87
987,5,0,6.8,4.03
988,5,3,7.0,4.9
989,0,1,6.1,5.26
990,6,4,0.5,4.14
991,4,1,6.5,2.73
992,1,0,1.9,3.95
993,5,2,0.9,3.32
994,5,2,4.4,6.15
995,0,1,2.8,6.5
996,6,0,6.2,4.0
997,7,0,6.6,5.3
998,3,3,3.3,3.93
999,0,4,9.8,5.01
1000,7,3,1.6,3.25
1001,5,1,6.9,6.28
1002,6,2,0.2,4.81
1003,7,2,3.3,3.93
1004,4,1,6.9,6.13
1005,4,3,9.0,5.8
1006,0,2,6.6,5.38
1007,4,4,8.7,3.96
1008,4,1,10.0,5.78
1009,7,1,8.1,4.88
1010,0,2,6.6,6.66
1011,5,3,2.9,1.36
1012,3,4,9.3,3.64
1013,7,4,3.2,5.85
1014,2,3,5.6,2.69
1015,4,1,4.1,4.85
1016,0,1,2.2,5.19
1017,5,1,5.2,5.36
1018,4,4,4.6,3.29
1019,7,2,8.0,4.34
1020,6,4,4.2,2.91
1021,5,3,9.2,6.97
1022,4,0,2.0,6.22
1023,6,1,4.8,3.34
1024,0,2,2.0,6.76
1025,0,0,6.6,6.2
1026,2,1,7.5,3.87
1027,2,1,1.1,5.07
1028,1,4,2.4,4.36
1029,7,4,9.9,4.74
1030,3,0,9.2,5.52
1031,3,0,5.3,7.88
1032,5,3,7.3,5.9
1033,0,2,3.4,7.12
1034,1,0,9.6,4.47
1035,1,4,3.7,4.48
1036,5,1,1.5,5.53
1037,6,4,7.9,2.93
1038,3,2,3.1,6.15
1039,5,1,8.3,4.01
1040,6,0,1.4,3.77
1041,4,2,2.7,5.37
1042,7,1,8.9,4.39
1043,6,0,9.4,3.74
1044,6,1,9.5,5.67
1045,5,4,2.0,3.54
1046,3,2,1.9,3.09
1047,6,3,8.5,3.78
1048,0,4,5.7,4.87
1049,3,4,5.3,7.68
1050,2,0,8.5,4.93
1051,0,1,0.9,4.03
1052,4,4,4.2,6.24
1053,1,0,0.2,4.43
1054,0,1,2.6,5.49
1055,4,3,2.0,5.46
1056,5,4,1.7,5.65
1057,7,4,4.4,4.1
1058,7,0,2.7,5.55
1059,1,1,6.9,5.89
1060,0,3,8.9,4.18
1061,3,2,2.2,6.16
1062,4,0,7.5,4.95
1063,7,2,3.2,3.01
1064,3,2,5.5,7.24
1065,3,4,7.3,6.64
1066,1,2,1.8,4.58
1067,2,4,8.8,3.79
1068,4,4,9.3,2.69
1069,2,2,6.9,4.83
1070,6,4,6.5,6.19
1071,1,0,3.5,6.38
1072,3,2,8.3,5.82
1073,5,3,6.7,2.43
1074,6,2,8.0,5.54
1075,5,2,3.1,4.2
1076,0,3,9.4,4.94
1077,7,2,6.8,4.07
1078,3,3,6.0,4.88
1079,5,3,6.4,5.12
1080,5,4,5.0,4.58
1081,1,3,4.0,5.4
1082,7,2,3.8,7.95
1083,4,1,1.8,4.22
1084,1,1,0.7,3.96
1085,0,3,8.6,4.61
1086,7,3,3.1,4.25
1087,3,3,5.4,5.66
1088,7,2,8.5,4.71
1089,2,3,4.6,7.74
1090,7,0,1.7,5.13
1091,2,3,0.1,4.34
1092,0,1,7.9,4.16
1093,3,0,8.5,4.0
1094,2,1,5.6,6.64
1095,5,0,4.8,4.45
1096,2,0,5.0,3.77
1097,3,4,5.6,3.27
1098,3,4,7.9,4.68
1099,0,1,6.4,6.76
1100,4,0,0.5,4.1
1101,0,3,5.2,6.5
1102,4,3,4.2,4.99
1103,6,2,3.2,3.18
1104,1,3,0.2,5.72
1105,7,1,4.0,6.3
1106,7,4,1.9,4.83
1107,7,0,5.6,5.94
1108,5,0,4.5,4.39
1109,0,0,0.7,5.91
1110,4,4,8.5,4.79
1111,5,2,7.6,5.24
1112,2,1,5.6,4.45
1113,1,0,5.7,6.24
1114,0,3,5.5,4.99
1115,1,2,9.3,4.35
1116,1,2,7.6,3.75
1117,2,3,1.0,4.08
1118,0,2,5.6,5.38
1119,0,3,6.7,5.34
1120,1,2,5.2,5.57
1121,1,0,2.4,6.69
1122,0,2,9.7,5.94
1123,1,1,2.7,2.95
1124,0,3,2.4,2.27
1125,2,3,7.0,4.51
1126,1,2,9.8,5.03
1127,7,3,6.7,4.75
1128,2,4,5.8,6.22
1129,4,4,3.8,6.25
1130,5,4,2.5,4.24
1131,2,1,9.5,5.42
1132,6,2,5.6,2.83
1133,6,2,8.8,4.99
1134,5,2,7.1,6.59
1135,6,1,5.2,2.97
1136,5,4,0.3,3.87
1137,4,4,5.1,6.1
1138,2,4,2.3,5.59
1139,2,4,0.2,6.63
1140,1,2,6.5,4.61
1141,6,1,0.3,5.64
1142,2,1,0.8,3.36
1143,5,0,6.7,4.99
1144,5,1,1.4,5.54
1145,0,2,4.3,5.69
1146,0,1,4.5,4.39
1147,4,0,4.0,5.32
1148,7,1,4.4,5.13
1149,3,4,9.5,6.36
1150,4,1,2.2,4.34
1151,6,3,0.5,6.52
1152,7,1,1.2,6.21
1153,0,0,6.5,3.36
1154,5,4,2.2,3.88
1155,1,1,3.3,6.08
1156,3,4,4.8,5.89
1157,0,0,3.4,6.9
1158,2,2,1.2,4.64
1159,6,1,1.1,5.62
1160,2,2,3.3,4.94
1161,5,0,6.4,6.71
1162,5,4,2.7,5.7
1163,3,0,9.9,5.62
1164,5,0,8.8,6.4
1165,7,4,4.1,3.3
1166,4,0,8.1,4.95
1167,3,0,0.5,5.82
1168,0,1,4.7,3.19
1169,5,0,6.4,6.08
1170,1,4,8.6,7.36
1171,4,2,8.0,4.02
1172,1,0,9.1,5.0
1173,3,2,3.5,4.88
1174,7,1,0.3,5.87
1175,1,4,4.0,3.75
1176,6,2,2.8,5.41
1177,3,4,2.3,5.79
1178,3,3,3.0,2.73
1179,5,0,2.7,4.44
1180,6,3,2.7,5.42
1181,6,1,7.8,4.45
1182,4,0,2.9,6.82
1183,4,3,4.9,6.69
1184,5,3,6.3,6.84
1185,2,1,2.9,5.71
1186,3,0,2.0,6.38
1187,6,1,3.4,6.38
1188,2,2,1.2,5.5
1189,6,1,7.7,3.72
1190,1,4,5.0,5.71
1191,3,0,9.0,5.98
1192,7,0,3.5,8.23
1193,5,1,0.0,6.78
1194,1,1,6.2,2.72
1195,4,3,1.0,5.63
1196,1,0,0.8,4.54
1197,1,0,2.6,6.01
1198,2,0,1.8,3.37
1199,5,0,7.7,4.35
1200,0,2,9.7,4.81
1201,1,4,7.5,5.06
1202,0,4,0.9,6.83
1203,3,4,2.9,5.48
1204,6,4,1.2,4.5
1205,4,1,2.8,5.79
1206,4,3,1.7,7.35
1207,2,2,4.4,8.2
1208,0,1,2.0,2.28
1209,1,0,9.3,3.12
1210,7,0,2.9,5.38
1211,0,2,9.4,3.7
1212,1,0,7.7,3.21
1213,6,2,3.9,4.83
1214,4,0,7.8,4.38
1215,0,2,1.3,4.85
1216,3,4,1.4,2.05
1217,4,0,5.3,4.13
1218,2,4,2.1,4.66
1219,5,4,2.5,4.53
1220,6,3,3.2,3.53
1221,4,4,7.2,3.58
1222,7,0,8.0,5.53
1223,7,0,9.9,3.16
1224,0,0,5.5,3.92
1225,7,0,5.4,4.64
1226,0,4,8.5,4.27
1227,4,3,0.3,2.82
1228,3,4,2.2,4.74
1229,7,2,9.6,5.06
1230,6,2,7.2,6.12
1231,1,3,4.0,5.67
1232,7,1,4.3,6.89
1233,0,4,5.2,3.9
1234,5,2,1.6,3.92
1235,2,3,8.2,3.9
1236,7,3,7.0,4.89
1237,3,2,1.6,3.71
1238,0,4,5.0,6.4
1239,3,1,5.0,5.97
1240,2,3,8.5,4.52
1241,6,2,3.4,4.83
1242,5,2,9.3,3.11
1243,2,0,8.5,7.24
1244,4,4,2.2,4.73
1245,6,1,5.0,4.57
1246,0,1,6.6,3.6
1247,6,1,5.0,4.5
1248,3,2,8.3,4.48
1249,4,0,5.8,5.28
1250,5,4,2.6,5.89
1251,7,0,4.9,5.14
1252,5,0,5.8,5.45
1253,4,2,7.2,7.42
1254,0,0,6.1,4.81
1255,6,1,5.9,6.7
1256,7,2,3.3,6.62
1257,6,1,0.3,3.47
1258,4,2,9.9,4.17
1259,7,1,3.3,5.53
1260,5,2,4.9,5.26
1261,3,1,3.1,3.88
1262,4,3,9.1,4.52
1263,0,3,5.6,6.79
1264,1,1,9.2,3.54
1265,7,3,4.9,4.12
1266,4,4,5.4,7.35
1267,2,1,4.1,5.38
1268,0,2,4.1,5.07
1269,6,1,3.2,3.03
1270,3,0,7.1,3.47
1271,0,0,7.7,3.51
1272,2,2,5.8,5.92
1273,6,2,4.7,5.09
1274,2,3,4.6,6.46
1275,1,4,2.4,4.61
1276,6,1,1.9,6.84
1277,4,2,7.6,3.59
1278,6,3,0.9,2.67
1279,5,1,6.4,5.33
1280,5,4,8.1,5.25
1281,1,4,3.9,3.0
1282,2,3,9.6,4.67
1283,3,4,4.8,4.68
1284,1,1,3.6,5.24
1285,7,0,6.5,3.43
1286,7,1,1.8,4.36
1287,6,0,2.1,6.39
1288,7,0,0.5,4.34
1289,6,1,1.2,4.41
1290,2,3,8.9,6.77
1291,1,3,3.8,6.57
1292,0,4,5.7,3.13
1293,7,4,6.7,4.45
1294,3,1,3.6,5.89
1295,0,0,5.8,5.63
1296,2,0,4.6,4.47
1297,6,0,4.7,7.02
1298,1,0,4.9,6.22
1299,6,4,7.7,6.27
1300,4,2,4.6,5.43
1301,5,3,9.2,4.11
1302,2,1,6.3,4.45
1303,2,2,3.2,4.33
1304,5,2,0.1,5.49
1305,5,3,6.7,4.79
1306,7,4,1.1,4.4
1307,1,1,6.6,6.28
1308,3,1,10.0,4.55
1309,3,0,3.2,5.39
1310,6,1,2.9,4.49
1311,4,4,5.5,3.5
1312,0,0,6.8,3.04
1313,5,2,8.1,5.57
1314,7,1,4.7,3.69
1315,6,3,3.4,7.76
1316,1,1,8.8,3.94
1317,3,1,8.2,6.72
1318,4,0,2.4,6.76
1319,7,4,5.4,6.3
1320,2,4,4.6,4.54
1321,2,0,7.6,5.16
1322,6,0,7.2,6.94
1323,4,0,9.1,6.34
1324,0,4,1.0,2.57
1325,3,3,7.3,6.42
1326,6,0,3.1,7.47
1327,0,0,1.7,5.35
1328,5,3,2.2,4.94
1329,4,4,3.1,5.42
1330,6,3,9.5,6.11
1331,6,1,8.4,6.75
1332,2,0,7.0,7.45
1333,5,2,0.7,4.91
1334,4,1,8.5,3.37
1335,0,0,2.0,4.14
1336,5,1,9.6,6.03
1337,3,0,3.0,4.92
1338,7,2,5.3,3.2
1339,4,2,4.4,2.98
1340,5,1,3.0,5.53
1341,6,0,4.2,4.31
1342,3,3,2.2,5.19
1343,1,3,6.6,2.95
1344,0,1,5.0,6.92
1345,3,2,2.1,3.61
1346,6,2,5.7,3.72
1347,3,3,2.4,5.64
1348,3,0,3.3,4.95
1349,6,4,9.5,6.02
1350,1,0,7.9,4.19
1351,7,2,0.2,5.27
1352,1,1,4.1,5.97
1353,7,4,1.8,3.31
1354,3,3,8.9,4.58
1355,4,2,9.2,4.39
1356,7,4,3.9,3.17
1357,4,1,3.2,2.7
1358,7,2,7.9,5.61
1359,7,3,9.8,3.95
1360,2,2,5.7,4.04
1361,0,0,0.8,3.35
1362,3,4,9.9,5.24
1363,6,4,1.4,3.34
1364,0,4,9.7,4.01
1365,7,1,2.2,4.51
1366,1,2,2.4,4.84
1367,4,2,8.9,3.29
1368,5,4,2.7,3.14
1369,7,3,2.3,5.04
1370,4,3,0.1,4.29
1371,1,1,5.3,4.53
1372,1,2,9.4,8.12
1373,2,3,2.5,4.96
1374,0,4,7.1,1.92
1375,3,3,7.8,6.58
1376,2,0,5.2,4.1
1377,3,1,2.0,4.33
1378,4,0,9.2,4.18
1379,0,3,0.3,3.95
1380,7,2,0.4,4.75
1381,6,2,3.0,4.63
1382,2,4,9.5,5.84
1383,7,0,1.9,6.62
1384,0,1,1.4,4.82
1385,4,1,2.4,4.7
1386,4,4,9.0,4.06
1387,7,0,8.0,6.0
1388,5,1,0.4,4.83
1389,3,1,0.6,3.94
1390,4,2,9.2,2.55
1391,5,1,9.8,6.49
1392,0,4,6.0,5.46
1393,0,1,1.3,5.12
1394,1,2,5.9,5.02
1395,4,0,7.6,3.74
1396,6,1,7.4,3.7
1397,2,4,3.8,5.46
1398,6,4,4.4,5.15
1399,1,2,8.9,3.89
1400,6,3,0.2,4.2
1401,1,3,4.1,4.09
1402,5,0,8.0,4.89
1403,0,2,2.8,5.46
1404,2,4,5.9,5.1
1405,6,2,0.9,4.27
1406,7,0,2.9,3.77
1407,2,2,1.1,4.41
1408,7,4,9.7,4.99
1409,3,1,4.4,3.95
1410,4,2,8.8,4.57
1411,0,0,6.5,5.12
1412,3,2,6.0,4.25
1413,3,4,2.1,4.8
1414,2,1,0.3,5.66
1415,6,1,1.5,6.23
1416,6,1,5.4,7.12
1417,6,0,7.7,6.52
1418,7,3,0.9,6.47
1419,0,0,8.6,4.98
1420,3,1,7.1,5.35
1421,4,0,3.5,5.41
1422,7,1,9.0,5.8
1423,7,1,1.2,4.47
1424,0,4,3.5,5.54
1425,3,2,1.0,2.87
1426,1,2,2.1,5.2
1427,0,3,3.2,5.38
1428,7,3,5.6,6.31
1429,5,4,7.2,4.48
1430,0,4,3.1,6.01
1431,1,4,4.8,3.03
1432,6,2,0.8,7.45
1433,1,3,2.2,3.06
1434,6,3,0.7,5.04
1435,6,0,4.0,4.57
1436,5,1,0.3,3.06
1437,3,3,9.9,4.18
1438,2,3,7.2,5.91
1439,3,3,4.6,3.68
1440,7,1,9.4,4.03
1441,5,4,0.7,3.78
1442,1,0,7.0,3.1
1443,7,0,7.2,6.4
1444,4,1,8.6,2.86
1445,1,0,3.4,5.25
1446,6,2,3.0,6.03
1447,7,1,8.6,4.47
1448,2,2,8.5,4.75
1449,5,4,7.5,5.94
1450,7,0,7.6,6.16
1451,7,2,7.2,3.46
1452,2,0,1.6,4.41
1453,3,4,6.1,4.61
1454,3,1,4.4,5.76
1455,7,2,0.6,4.56
1456,7,3,7.8,5.99
1457,3,1,5.9,3.85
1458,6,4,2.0,5.31
1459,1,2,6.2,4.26
1460,4,3,3.1,5.06
1461,0,3,9.7,5.0
1462,7,0,8.8,5.9
1463,2,2,6.5,6.1
1464,5,1,1.5,5.67
1465,4,1,8.6,3.59
1466,7,3,4.4,4.56
1467,1,3,5.0,4.58
1468,4,4,9.6,3.15
1469,1,3,9.7,4.39
1470,5,3,1.1,4.03
1471,3,4,2.6,5.83
1472,3,2,4.7,6.51
1473,2,4,1.4,5.38
1474,2,2,4.4,5.58
1475,6,2,8.3,6.18
1476,1,0,3.5,3.88
1477,0,0,7.8,7.18
1478,4,0,3.2,5.9
1479,1,3,2.9,4.65
1480,2,1,3.7,4.06
1481,3,1,8.7,4.56
1482,1,2,5.8,6.6
1483,6,1,8.1,4.46
1484,5,1,8.8,4.94
1485,2,3,8.0,4.52
1486,2,2,3.1,4.85
1487,4,0,1.9,3.92
1488,5,0,9.2,5.75
1489,5,0,5.7,3.55
1490,3,0,1.6,4.04
1491,5,1,3.4,4.95
1492,3,4,0.4,3.68
1493,6,3,1.8,6.91
1494,4,0,0.1,5.98
1495,2,4,2.8,5.2
1496,2,2,2.4,3.26
1497,5,2,0.6,5.15
1498,6,2,7.5,5.81
1499,7,2,3.2,6.56
1500,7,4,2.3,5.35
1501,1,0,7.9,7.83
1502,0,4,5.8,5.37
1503,0,1,1.4,5.57
1504,4,4,5.9,4.93
1505,1,0,0.2,2.76
1506,2,4,8.6,4.44
1507,6,2,8.2,4.8
1508,4,2,5.6,2.94
1509,6,2,6.7,5.08
1510,5,3,4.1,4.55
1511,2,0,7.9,5.7
1512,3,2,0.5,4.63
1513,2,2,6.2,6.57
1514,2,4,2.6,4.98
1515,1,2,1.0,7.73
1516,1,3,5.5,5.65
1517,5,1,1.5,5.32
1518,7,1,9.3,4.11
1519,6,2,2.8,4.06
1520,7,0,8.4,5.07
1521,4,1,2.1,5.02
1522,4,3,9.0,3.45
1523,3,3,3.5,5.1
1524,6,1,9.7,4.81
1525,2,3,1.4,3.25
1526,3,0,1.2,2.71
1527,2,2,6.4,5.93
1528,0,3,3.6,6.21
1529,0,2,1.5,4.61
1530,4,1,2.9,5.03
1531,6,4,7.2,6.13
1532,0,3,6.0,3.8
1533,0,4,7.6,6.47
1534,4,1,9.7,7.33
1535,5,2,0.0,3.29
1536,7,3,1.7,4.48
1537,6,0,5.8,6.27
1538,3,4,8.2,3.44
1539,7,0,3.5,4.72
1540,3,4,2.2,5.08
1541,7,3,6.0,5.63
1542,1,4,7.9,6.49
1543,1,2,6.3,6.13
1544,0,1,4.6,6.21
1545,5,2,8.1,5.21
1546,7,0,6.1,3.54
1547,0,2,4.1,3.75
1548,0,3,1.0,5.78
1549,0,4,9.0,3.51
1550,2,2,6.6,3.25
1551,3,0,1.5,4.6
1552,2,4,9.0,4.17
1553,5,3,0.3,6.52
1554,2,3,6.5,5.21
1555,3,3,3.3,3.06
1556,7,4,7.5,4.78
1557,7,1,5.3,6.98
1558,2,2,3.2,3.53
1559,7,2,0.6,5.85
1560,5,0,0.2,2.09
1561,5,3,1.5,7.15
1562,7,0,5.4,6.02
1563,3,1,4.0,2.99
1564,5,1,8.0,3.15
1565,0,0,3.2,5.48
1566,0,4,3.8,6.47
1567,5,4,1.4,3.11
1568,6,1,8.4,6.39
1569,6,3,6.2,4.25
1570,6,3,2.8,5.13
1571,1,3,4.0,4.94
1572,4,4,6.9,4.76
1573,6,0,6.9,3.06
1574,7,2,9.1,2.95
1575,1,2,9.2,5.63
1576,6,3,4.3,4.15
1577,7,4,1.9,4.62
1578,0,2,0.6,4.69
1579,2,0,1.6,4.46
1580,1,2,0.1,3.45
1581,0,1,2.9,5.61
1582,7,1,1.8,4.14
1583,2,3,2.5,4.22
1584,6,3,2.7,7.0
1585,3,0,7.5,6.84
1586,5,1,3.7,4.48
1587,1,2,2.0,5.84
1588,5,3,6.2,3.75
1589,0,3,3.7,6.19
1590,6,1,3.1,5.33
1591,7,2,7.3,3.77
1592,4,2,1.3,6.47
1593,1,3,7.0,3.41
1594,0,4,7.9,4.19
1595,5,2,0.5,4.33
1596,6,1,9.2,4.58
1597,1,4,9.0,5.26
1598,6,4,1.2,6.8
1599,5,3,2.0,5.35
1600,1,4,2.1,6.78
1601,3,0,3.1,4.83
1602,7,4,9.9,5.77
1603,6,0,9.9,5.64
1604,3,2,1.5,4.41
1605,4,4,3.9,3.73
1606,4,1,1.0,5.7
1607,3,2,9.1,8.13
1608,1,4,4.0,3.02
1609,2,4,6.7,5.35
1610,6,4,3.4,6.33
1611,2,3,8.1,4.14
1612,6,4,5.4,4.1
1613,1,0,2.5,6.23
1614,4,0,5.6,5.96
1615,4,2,4.1,4.0
1616,7,2,6.4,6.22
1617,0,1,3.3,5.17
1618,7,0,2.4,6.04
1619,5,3,7.5,4.01
1620,3,3,2.3,4.38
1621,7,0,5.7,5.4
1622,3,3,8.5,5.04
1623,7,1,7.1,5.32
1624,3,3,3.7,3.75
1625,6,3,0.5,4.98
1626,7,0,4.6,5.65
1627,1,3,1.2,5.03
1628,5,4,7.9,5.66
1629,0,0,6.7,4.02
1630,5,3,3.2,5.54
1631,3,4,2.4,3.67
1632,5,3,5.1,5.98
1633,6,4,6.9,4.86
1634,2,4,0.2,4.05
1635,2,4,0.3,5.51
1636,0,0,0.4,4.97
1637,7,3,0.4,5.54
1638,0,4,9.9,6.41
1639,1,2,4.8,6.78
1640,1,2,0.8,4.21
1641,2,1,0.4,6.42
1642,7,3,8.1,5.93
1643,1,3,4.7,4.05
1644,7,0,3.1,5.29
1645,5,3,4.3,5.93
1646,3,4,5.5,5.32
1647,0,4,0.1,4.69
1648,5,2,7.8,5.8
1649,4,4,6.1,5.34
1650,6,0,3.8,3.5
1651,2,3,8.7,4.95
1652,0,1,2.6,5.95
1653,1,1,8.9,6.75
1654,5,0,3.0,6.37
1655,4,3,1.3,3.64
1656,1,0,0.1,6.95
1657,6,0,2.0,4.89
1658,0,3,7.1,7.17
1659,3,0,9.4,4.34
1660,2,0,2.7,3.14
1661,1,1,5.9,5.53
1662,6,2,8.2,4.78
1663,2,2,3.7,4.05
1664,2,4,6.8,5.75
1665,5,2,2.8,3.76
1666,6,4,0.1,3.13
1667,5,0,4.0,5.5
1668,1,0,7.7,5.79
1669,0,4,9.5,4.48
1670,0,0,6.4,2.93
1671,4,0,2.1,4.88
1672,6,2,0.9,7.33
1673,5,2,8.9,4.0
1674,3,3,1.1,4.91
1675,2,3,5.7,5.67
1676,7,1,6.1,4.74
1677,2,2,8.2,5.21
1678,6,0,2.6,4.58
1679,2,2,3.6,3.96
1680,2,1,1.0,2.12
1681,0,3,1.5,4.13
1682,5,4,3.6,3.77
1683,5,1,1.0,5.53
1684,4,2,7.6,2.95
1685,7,3,4.2,3.77
1686,5,3,0.1,4.73
1687,7,0,3.8,4.79
1688,7,1,2.1,6.94
1689,2,0,3.6,3.36
1690,1,2,2.5,4.88
1691,0,1,4.3,3.77
1692,0,3,0.6,4.51
1693,2,4,5.8,4.96
1694,2,2,2.9,4.73
1695,3,0,1.5,4.86
1696,0,2,6.1,3.81
1697,0,2,7.0,5.61
1698,5,3,7.2,3.93
1699,5,3,0.9,7.63
1700,2,3,2.9,5.58
1701,0,0,7.6,2.87
1702,0,0,2.6,6.19
1703,6,4,0.7,7.37
1704,2,1,0.6,5.11
1705,6,4,4.4,3.98
1706,1,2,7.3,4.81
1707,5,4,4.2,4.81
1708,5,0,9.8,5.49
1709,6,2,5.0,4.1
1710,7,0,7.5,4.68
1711,0,0,4.6,5.16
1712,7,1,6.5,4.85
1713,2,1,4.9,4.72
1714,3,4,7.8,4.8
1715,3,4,3.5,3.15
1716,4,4,5.2,4.86
1717,6,4,6.4,4.42
1718,1,0,2.5,3.14
1719,2,0,0.6,4.92
1720,4,0,6.0,6.02
1721,6,0,4.4,2.85
1722,0,2,7.6,4.78
1723,3,1,0.3,4.61
1724,0,3,8.2,4.65
1725,1,1,8.4,4.61
1726,0,1,5.7,5.8
1727,5,4,3.2,5.56
1728,5,0,5.7,3.22
1729,3,3,5.1,3.85
1730,4,3,0.2,3.63
1731,5,3,8.7,5.05
1732,2,0,2.5,4.72
1733,5,4,2.2,7.1
1734,1,3,1.0,4.36
1735,4,4,7.4,5.09
1736,5,4,5.0,4.61
1737,5,1,3.3,5.62
1738,5,4,8.8,4.39
1739,5,4,7.6,2.98
1740,0,2,0.4,5.65
1741,0,2,2.9,5.09
1742,0,2,4.5,3.22
1743,3,4,8.4,5.9
1744,2,1,8.8,5.02
1745,2,0,6.8,5.61
1746,3,2,0.6,5.08
1747,2,0,4.5,5.39
1748,5,0,9.0,6.12
1749,6,1,0.4,5.18
1750,2,4,2.2,5.09
1751,0,4,0.5,5.17
1752,3,3,0.1,5.87
1753,3,0,0.7,4.34
1754,1,4,5.9,4.9
1755,3,3,8.8,4.92
1756,3,4,4.3,5.84
1757,7,2,5.6,7.25
1758,7,3,6.0,2.8
1759,5,0,9.6,4.98
1760,2,3,1.6,3.44
1761,1,4,4.5,5.96
1762,3,0,8.9,5.08
1763,4,0,9.1,5.91
1764,2,4,8.8,4.39
1765,5,2,9.0,5.35
1766,7,0,4.7,4.89
1767,7,2,0.6,2.24
1768,7,1,9.8,6.39
1769,4,3,2.0,4.03
1770,7,2,0.7,4.55
1771,6,0,9.9,4.07
1772,1,1,6.0,3.65
1773,3,1,4.5,4.82
1774,2,0,3.2,4.27
1775,5,0,6.1,3.91
1776,4,2,5.2,2.42
1777,0,2,7.4,3.93
1778,5,4,0.0,3.7
1779,0,3,6.9,2.13
1780,6,0,4.5,4.11
1781,5,4,2.3,3.33
1782,0,2,6.7,5.4
1783,6,2,8.9,5.3
1784,6,2,6.8,5.87
1785,2,3,0.4,4.72
1786,7,0,4.0,5.74
1787,3,1,7.9,4.15
1788,6,0,5.2,5.8
1789,3,4,3.4,3.97
1790,3,4,6.2,3.82
1791,3,2,5.0,3.52
1792,3,1,6.2,3.14
1793,6,3,7.2,5.5
1794,6,2,6.0,4.73
1795,1,2,3.4,6.55
1796,3,0,6.7,5.92
1797,0,0,7.3,3.62
1798,4,3,8.1,5.81
1799,6,3,6.0,4.26
1800,5,2,4.8,6.18
1801,2,4,1.8,5.47
1802,0,2,1.0,3.5
1803,5,1,5.1,5.49
1804,7,4,2.1,4.36
1805,1,3,9.9,6.27
1806,4,0,3.3,3.23
1807,3,3,4.5,4.84
1808,7,1,3.0,5.15
1809,3,3,9.9,5.91
1810,1,0,5.3,5.98
1811,7,1,8.4,5.07
1812,2,4,6.6,5.8
1813,5,1,2.2,5.36
1814,4,3,9.8,4.32
1815,4,4,3.6,5.6
1816,3,3,9.0,2.9
1817,2,2,0.7,4.85
1818,2,3,1.0,3.88
1819,4,4,2.8,5.04
1820,6,4,9.5,3.99
1821,7,1,6.4,5.55
1822,6,0,5.7,2.32
1823,0,4,6.4,4.82
1824,6,4,4.5,6.61
1825,2,1,0.3,5.1
1826,0,2,9.8,4.57
1827,0,3,5.8,6.04
1828,1,1,0.5,5.2
1829,5,3,3.2,5.32
1830,4,4,7.6,4.37
1831,2,0,9.2,6.73
1832,7,0,4.6,5.05
1833,5,4,9.5,5.8
1834,0,1,9.9,2.65
1835,7,2,3.0,3.9
1836,2,1,5.3,6.8
1837,0,0,3.6,3.11
1838,6,0,2.0,4.34
1839,3,3,7.3,5.89
1840,7,2,9.3,4.99
1841,1,0,4.9,3.69
1842,0,2,3.2,5.59
1843,2,4,0.7,6.04
1844,3,4,0.7,3.61
1845,7,0,9.7,5.47
1846,3,3,5.4,4.68
1847,6,2,0.6,5.36
1848,7,4,7.8,5.13
1849,7,1,1.7,4.35
1850,4,4,5.9,5.25
1851,3,4,6.4,4.08
1852,3,3,8.0,4.48
1853,3,2,9.6,4.17
1854,3,2,5.6,5.81
1855,6,4,1.5,7.22
1856,3,2,6.3,5.58
1857,7,1,0.6,5.89
1858,0,4,6.6,5.05
1859,2,2,0.5,3.64
1860,2,4,5.0,5.19
1861,1,3,0.6,5.53
1862,4,4,6.9,3.88
1863,3,3,6.0,5.69
1864,2,4,8.5,5.2
1865,2,0,4.7,5.64
1866,1,0,9.5,5.31
1867,1,4,3.5,4.84
1868,1,1,4.7,2.49
1869,4,2,9.9,4.86
1870,3,3,9.6,6.02
1871,5,2,4.8,2.83
1872,0,3,3.6,3.03
1873,0,4,6.1,4.32
1874,6,1,9.9,4.82
1875,0,2,9.9,6.98
1876,5,4,2.6,4.12
1877,7,3,2.0,4.49
1878,4,2,8.5,3.93
1879,5,0,8.6,3.35
1880,1,3,6.0,2.51
1881,2,4,0.6,4.68
1882,3,4,0.6,3.47
1883,7,1,6.6,4.3
1884,6,4,9.1,5.36
1885,1,1,0.7,5.53
1886,7,3,6.5,6.64
1887,4,2,4.7,5.58
1888,1,1,3.2,3.64
1889,2,0,8.2,4.36
1890,6,0,0.4,6.33
1891,1,2,5.9,4.65
1892,1,2,9.7,5.6
1893,3,2,3.1,5.0
1894,6,0,0.0,3.62
1895,5,3,7.6,4.56
1896,6,1,0.1,3.04
1897,0,3,4.2,6.77
1898,4,3,8.0,4.24
1899,7,3,7.2,5.16
1900,0,1,4.0,2.49
1901,2,2,1.1,6.36
1902,6,0,6.0,5.27
1903,1,4,3.4,4.2
1904,6,3,3.3,4.54
1905,6,4,0.6,5.77
1906,7,4,5.0,4.33
1907,4,2,4.8,4.89
1908,6,1,4.5,5.08
1909,2,2,9.5,3.53
1910,4,3,9.9,3.58
1911,7,1,6.2,4.86
1912,2,2,4.4,8.03
1913,5,3,4.3,4.83
1914,2,0,10.0,6.15
1915,1,2,8.7,4.59
1916,7,1,9.6,4.28
1917,2,3,1.5,5.53
1918,4,2,9.4,3.5
1919,5,0,9.9,3.78
1920,1,2,1.9,3.93
1921,5,2,7.7,5.19
1922,6,4,9.4,6.24
1923,4,1,3.8,5.02
1924,5,3,7.6,2.77
1925,7,1,6.1,7.33
1926,6,2,5.0,4.06
1927,5,0,2.6,3.63
1928,1,4,8.9,4.31
1929,6,1,7.9,2.65
1930,7,1,3.8,3.59
1931,2,1,3.2,4.95
1932,4,1,4.8,4.8
1933,6,3,3.6,6.2
1934,5,2,4.4,4.5
1935,0,1,1.2,5.3
1936,4,2,2.7,6.15
1937,0,2,5.6,4.16
1938,1,4,7.7,3.36
1939,3,2,4.5,5.39
1940,2,4,8.3,5.11
1941,1,4,3.5,5.7
1942,5,0,1.1,4.54
1943,4,3,8.8,6.01
1944,3,0,5.6,4.62
1945,1,3,1.7,4.98
1946,5,1,8.3,2.36
1947,5,1,4.1,4.66
1948,6,0,6.3,2.9
1949,2,1,9.9,7.09
1950,4,3,1.4,3.97
1951,4,3,0.3,4.51
1952,4,1,6.9,3.72
1953,1,2,3.2,4.18
1954,1,1,2.9,2.61
1955,7,0,4.5,4.06
1956,2,0,0.9,5.34
1957,7,0,6.0,5.84
1958,1,3,2.6,5.57
1959,3,4,4.0,3.59
1960,5,0,3.5,4.51
1961,2,1,0.5,4.46
1962,4,0,3.0,4.48
1963,6,2,1.7,3.54
1964,6,0,5.2,3.12
1965,6,2,7.4,4.91
1966,7,2,6.0,3.43
1967,3,4,5.6,5.02
1968,6,4,6.3,4.33
1969,2,0,1.9,7.01
1970,2,3,3.7,6.36
1971,2,2,1.3,7.61
1972,0,4,8.7,4.65
1973,6,1,4.8,4.64
1974,4,2,9.5,3.28
1975,2,2,0.5,6.07
1976,5,2,5.9,4.72
1977,1,1,5.2,3.94
1978,5,3,6.6,4.36
1979,5,2,3.1,5.93
1980,2,2,4.5,4.77
1981,6,2,9.7,4.73
1982,4,2,8.9,5.4
1983,7,0,6.6,5.62
1984,6,1,7.7,5.4
1985,2,1,6.3,5.16
1986,3,4,4.5,4.38
1987,0,4,5.4,4.54
1988,5,1,5.5,4.23
1989,5,4,0.8,6.14
1990,7,1,0.6,4.36
1991,1,4,7.9,5.95
1992,7,4,8.0,4.4
1993,3,2,0.4,5.65
1994,7,4,8.7,4.52
1995,5,3,8.2,3.28
1996,5,3,4.6,4.6
1997,2,3,4.2,2.6
1998,0,2,5.4,4.02
1999,4,2,2.8,5.78
2000,5,3,3.8,6.34
2001,4,4,4.3,3.85
2002,1,3,8.3,4.37
2003,6,4,7.8,4.62
2004,7,1,8.8,4.9
2005,3,0,9.0,3.43
2006,1,2,9.5,4.4
2007,3,0,4.4,7.08
2008,3,2,9.0,5.53
2009,5,2,5.5,5.64
2010,6,3,1.4,2.35
2011,2,4,5.2,6.16
2012,5,0,5.4,5.06
2013,2,4,8.6,5.22
2014,6,0,9.1,4.48
2015,6,0,6.6,4.71
2016,7,3,3.5,2.69
2017,1,4,8.2,5.78
2018,0,1,7.5,6.66
2019,3,4,4.7,5.34
2020,2,3,1.5,3.3
2021,3,2,6.5,5.85
2022,4,0,5.3,5.67
2023,3,3,7.9,2.54
2024,0,0,8.2,5.7
2025,1,2,0.9,5.27
2026,3,4,1.5,4.49
2027,2,3,4.1,5.1
2028,2,4,4.1,6.28
2029,5,1,8.3,2.84
2030,7,3,4.5,3.97
2031,0,1,8.0,4.39
2032,2,3,4.2,4.41
2033,6,1,4.2,3.07
2034,0,2,1.9,5.01
2035,6,1,2.7,7.17
2036,2,3,7.1,3.19
2037,6,1,9.6,5.12
2038,0,3,4.0,5.08
2039,1,4,2.7,6.44
2040,5,3,8.2,6.34
2041,4,3,0.5,3.79
2042,0,3,2.7,4.19
2043,7,3,4.4,4.35
2044,3,3,0.7,5.75
2045,4,2,9.3,3.69
2046,3,4,8.9,4.74
2047,2,1,3.3,5.86
2048,4,0,2.1,2.3
2049,4,1,5.2,4.61
2050,7,2,8.3,6.31
2051,6,4,1.0,6.08
2052,3,0,3.0,4.13
2053,5,2,3.6,5.01
2054,5,4,2.0,5.17
2055,6,4,2.5,4.19
2056,3,2,6.6,5.24
2057,5,2,8.5,3.7
2058,1,1,0.8,6.09
2059,4,2,1.1,6.66
2060,0,3,3.2,5.13
2061,6,3,8.3,6.33
2062,0,1,7.5,5.52
2063,6,0,9.8,5.92
2064,5,4,2.8,7.08
2065,0,2,7.2,4.61
2066,5,2,8.6,6.94
2067,3,1,7.1,6.31
2068,0,0,6.0,5.07
2069,7,4,0.4,2.97
2070,4,4,9.7,4.06
2071,2,3,6.1,3.68
2072,2,2,7.5,4.74
2073,7,2,9.3,6.25
2074,3,1,0.2,3.78
2075,7,4,4.1,3.67
2076,5,4,6.2,6.19
2077,1,4,6.0,4.34
2078,6,0,8.1,3.83
2079,1,2,7.9,3.34
2080,7,4,1.3,6.44
2081,0,1,4.7,4.72
2082,1,2,4.9,6.08
2083,7,0,4.8,5.53
2084,7,3,2.1,5.38
2085,2,4,2.7,4.31
2086,6,1,7.2,5.26
2087,5,4,6.4,5.81
2088,1,2,8.4,5.47
2089,7,2,6.3,5.68
2090,2,1,5.7,4.53
2091,1,3,0.6,4.26
2092,1,0,3.1,3.0
2093,0,2,0.1,5.77
2094,1,2,4.7,2.9
2095,7,2,8.8,5.25
2096,4,3,3.6,5.16
2097,4,0,2.8,6.88
2098,1,2,6.0,4.43
2099,0,0,0.8,3.34
2100,5,1,3.3,5.8
2101,2,2,0.6,4.52
2102,7,3,5.9,7.35
2103,3,3,3.3,6.25
2104,0,0,7.1,3.22
2105,3,4,4.8,3.86
2106,6,2,3.1,7.89
2107,2,0,6.1,5.46
2108,0,2,4.6,7.17
2109,5,4,9.0,2.9
2110,6,1,6.3,3.34
2111,6,4,0.1,6.21
2112,5,0,2.6,5.54
2113,5,3,2.8,3.03
2114,7,0,3.6,3.21
2115,1,2,4.2,8.32
2116,4,3,6.5,4.79
2117,2,2,5.6,4.14
2118,2,0,0.8,2.88
2119,3,4,2.7,6.44
2120,7,1,6.6,2.99
2121,6,3,3.1,4.83
2122,3,2,3.3,5.03
2123,5,0,2.1,3.74
2124,5,4,3.8,5.42
2125,2,0,9.0,5.11
2126,2,4,5.8,3.21
2127,4,4,4.4,4.63
2128,3,4,2.3,6.63
2129,7,3,6.1,5.26
2130,5,2,3.0,5.16
2131,7,1,0.2,3.44
2132,6,3,2.4,5.86
2133,0,4,6.8,4.75
2134,3,2,9.5,4.32
2135,4,4,6.4,4.29
2136,5,2,3.2,6.61
2137,0,2,8.5,5.51
2138,0,2,1.3,6.2
2139,2,1,2.7,5.57
2140,1,2,3.6,5.92
2141,5,0,1.2,4.94
2142,1,2,1.3,5.17
2143,7,2,8.6,4.01
2144,7,0,0.9,7.77
2145,3,2,3.4,5.86
2146,3,2,1.0,4.39
2147,0,3,2.2,4.22
2148,6,4,1.1,4.05
2149,3,0,7.6,5.19
2150,5,3,8.4,4.3
2151,5,2,8.5,4.56
2152,3,1,7.1,5.45
2153,7,2,8.1,4.28
2154,2,0,8.0,6.12
2155,6,3,5.5,4.65
2156,2,0,8.1,4.14
2157,6,2,4.5,6.17
2158,4,0,9.5,4.02
2159,7,4,3.0,4.97
2160,5,1,9.5,7.06
2161,4,4,2.8,4.46
2162,7,0,6.2,4.34
2163,4,2,7.8,5.76
2164,7,3,6.3,7.29
2165,4,4,8.7,4.22
2166,2,3,6.3,6.27
2167,1,4,2.4,4.3
2168,4,2,3.8,6.26
2169,3,4,6.1,7.63
2170,1,3,2.0,4.61
2171,5,1,9.5,3.44
2172,2,3,8.4,4.45
2173,4,0,4.3,4.58
2174,0,0,8.6,4.24
2175,4,2,8.7,4.73
2176,1,0,9.6,3.1
2177,2,3,4.0,5.43
2178,1,1,1.8,2.13
2179,7,0,2.0,6.27
2180,7,4,7.9,6.9
2181,3,1,0.9,6.38
2182,6,3,8.4,5.79
2183,7,3,0.5,5.48
2184,1,1,1.7,3.92
2185,2,4,5.8,5.47
2186,3,2,3.0,6.17
2187,2,2,9.5,3.84
2188,2,3,6.3,6.39
2189,2,3,3.8,5.86
2190,0,3,3.8,3.09
2191,2,2,4.4,7.28
2192,2,0,6.6,3.64
2193,2,4,1.3,4.53
2194,4,4,4.2,3.92
2195,7,3,1.9,1.83
2196,5,4,7.8,6.0
2197,1,2,5.8,5.63
2198,1,3,2.5,5.71
2199,1,0,4.7,5.29
2200,3,0,1.2,5.03
2201,5,1,7.7,5.57
2202,3,0,7.9,8.25
2203,5,3,4.4,3.15
2204,6,0,5.5,7.3
2205,2,1,1.4,4.66
2206,5,3,2.9,5.69
2207,7,1,8.3,4.44
2208,7,4,0.1,5.64
2209,1,1,8.9,4.94
2210,6,2,8.8,4.33
2211,0,1,8.6,4.58
2212,2,2,5.3,4.99
2213,7,4,9.2,3.13
2214,6,3,4.4,7.32
2215,3,2,9.8,5.77
2216,5,4,3.5,5.1
2217,3,3,6.7,5.47
2218,1,0,6.4,3.42
2219,2,4,7.6,4.02
2220,4,0,0.6,4.85
2221,2,4,9.4,6.25
2222,0,0,7.4,5.06
2223,1,1,3.1,4.57
2224,4,3,9.8,5.27
2225,2,4,6.9,4.36
2226,2,2,4.3,6.43
2227,5,3,2.3,6.06
2228,5,3,1.3,5.15
2229,3,2,1.3,4.74
2230,5,1,7.9,4.46
2231,1,4,6.1,5.68
2232,7,1,4.5,3.96
2233,0,2,2.9,4.88
2234,0,1,1.6,6.34
2235,0,4,2.3,4.53
2236,0,1,5.9,5.5
2237,4,4,5.3,5.18
2238,0,2,8.4,2.94
2239,6,1,0.5,4.27
2240,2,4,2.0,5.62
2241,1,4,1.7,6.26
2242,3,4,5.0,4.28
2243,3,3,8.2,5.15
2244,1,1,0.1,6.69
2245,1,0,3.9,5.21
2246,6,1,0.2,5.66
2247,6,1,0.4,6.0
2248,2,1,2.2,6.13
2249,3,2,7.0,6.62
2250,6,4,6.8,3.43
2251,2,0,1.5,6.03
2252,5,3,2.6,4.05
2253,3,3,1.8,5.14
2254,2,1,9.1,4.6
2255,7,0,5.0,6.7
2256,5,2,2.8,2.93
2257,0,0,10.0,4.13
2258,3,3,6.9,4.44
2259,0,2,1.1,5.12
2260,7,0,0.3,6.25
2261,0,0,6.5,5.21
2262,4,0,7.2,5.56
2263,1,1,7.9,5.04
2264,2,3,4.0,6.16
2265,0,2,8.5,6.61
2266,2,1,2.7,6.51
2267,5,0,0.1,6.4
2268,7,3,1.9,5.07
2269,0,0,2.8,3.66
2270,0,2,7.6,4.77
2271,3,4,0.6,5.9
2272,5,2,7.1,5.27
2273,7,0,9.4,4.31
2274,2,4,3.2,3.9
2275,7,3,7.0,4.15
2276,1,2,2.0,7.0
2277,1,2,6.7,4.65
2278,6,4,7.3,3.78
2279,7,2,4.2,3.13
2280,1,4,2.8,6.14
2281,1,0,6.7,4.98
2282,7,2,5.3,5.09
2283,4,1,2.3,5.74
2284,3,0,7.3,6.89
2285,1,0,7.0,4.46
2286,1,3,5.5,4.63
2287,4,3,0.9,6.76
2288,5,1,7.7,5.03
2289,2,3,0.6,3.46
2290,6,0,3.3,4.43
2291,6,2,4.4,5.61
2292,3,0,5.0,4.6
2293,4,1,8.3,4.83
2294,5,4,0.1,6.33
2295,7,1,2.2,4.52
2296,7,1,3.6,4.58
2297,0,3,3.0,2.44
2298,2,3,5.9,4.99
2299,2,0,2.6,4.89
2300,2,1,6.1,5.63
2301,3,2,9.8,5.56
2302,6,0,6.0,6.49
2303,1,1,3.5,4.09
2304,7,4,10.0,5.55
2305,3,1,6.6,4.46
2306,0,2,4.3,3.66
2307,0,1,4.4,3.63
2308,6,4,5.1,3.73
2309,1,4,3.0,4.43
2310,6,2,6.9,6.0
2311,0,1,0.4,2.99
2312,5,2,4.7,6.1
2313,3,3,2.1,5.64
2314,0,0,4.0,5.8
2315,6,4,0.3,3.98
2316,7,2,7.2,5.04
2317,6,4,0.1,4.1
2318,6,1,0.4,4.77
2319,0,3,3.3,6.22
2320,3,1,2.5,4.64
2321,2,3,1.5,3.58
2322,4,4,8.4,2.52
2323,7,1,8.9,3.85
2324,7,1,9.2,4.62
2325,7,0,8.2,4.62
2326,5,0,0.8,7.41
2327,2,1,4.8,5.81
2328,7,3,5.1,3.63
2329,0,3,1.1,4.73
2330,0,0,7.5,4.63
2331,6,4,0.0,3.23
2332,6,2,5.1,3.79
2333,2,1,5.5,5.91
2334,6,4,8.6,5.19
2335,4,0,1.1,6.01
2336,1,4,7.7,5.08
2337,2,4,8.7,3.98
2338,2,0,1.1,5.29
2339,4,3,9.6,4.64
2340,7,3,5.0,4.33
2341,7,4,10.0,5.98
2342,2,1,3.6,4.47
2343,2,0,7.2,6.81
2344,7,3,8.3,4.5
2345,0,0,4.3,5.61
2346,1,4,5.4,6.36
2347,3,2,9.7,5.02
2348,4,4,7.8,5.12
2349,2,3,2.9,4.41
2350,4,3,6.4,7.57
2351,1,2,8.4,4.97
2352,5,3,6.4,3.88
2353,3,0,4.9,3.48
2354,5,4,3.8,5.08
2355,1,4,5.4,4.04
2356,1,3,1.9,4.97
2357,4,1,8.0,4.23
2358,3,0,6.5,3.62
2359,6,4,8.1,4.55
2360,3,1,1.7,4.85
2361,3,3,9.8,5.49
2362,3,2,1.5,3.18
2363,7,3,4.9,3.77
2364,0,0,6.8,3.35
2365,0,4,8.4,6.48
2366,3,2,5.0,4.07
2367,3,1,8.6,4.08
2368,2,0,7.0,3.69
2369,2,4,6.8,2.86
2370,4,3,3.4,4.5
2371,6,4,5.7,6.55
2372,1,1,5.3,1.29
2373,2,2,8.4,5.38
2374,4,2,3.8,4.86
2375,3,2,1.6,6.05
2376,7,0,7.5,2.71
2377,3,3,7.1,3.54
2378,2,0,3.6,4.36
2379,1,0,4.6,4.86
2380,4,4,4.7,5.9
2381,5,4,3.0,6.48
2382,2,3,7.8,4.31
2383,6,2,4.4,4.87
2384,4,1,9.6,5.81
2385,4,0,4.5,7.2
2386,5,3,7.8,4.46
2387,5,0,3.8,6.27
2388,2,3,7.3,3.23
2389,7,4,7.9,5.36
2390,2,3,7.4,6.17
2391,1,3,2.4,5.77
2392,4,3,5.1,5.97
2393,6,4,7.6,4.76
2394,1,0,6.2,4.52
2395,3,0,9.6,3.89
2396,5,4,2.8,5.74
2397,2,4,0.8,2.8
2398,7,1,7.8,5.06
2399,3,2,8.7,5.02
2400,5,1,1.8,6.57
2401,2,2,1.8,4.75
2402,3,0,0.7,5.53
2403,4,1,9.2,5.99
2404,6,2,5.1,2.94
2405,4,4,0.2,5.85
2406,7,1,1.0,2.61
2407,1,4,6.8,4.33
2408,5,1,9.7,7.13
2409,7,1,4.8,4.02
2410,5,1,5.5,6.07
2411,0,2,8.1,4.77
2412,3,3,1.7,3.09
2413,0,0,0.5,7.11
2414,2,4,5.0,3.68
2415,6,4,7.7,2.93
2416,0,1,5.7,5.55
2417,4,0,4.8,4.77
2418,6,1,3.7,3.88
2419,0,1,9.0,2.65
2420,2,2,7.2,7.04
2421,7,0,4.6,5.45
2422,3,3,5.9,5.22
2423,2,2,6.7,3.88
2424,5,2,9.0,4.72
2425,2,1,9.5,6.42
2426,3,4,1.8,6.91
2427,6,4,8.8,4.13
2428,6,3,9.6,4.08
2429,7,1,5.8,6.0
2430,5,0,6.5,6.36
2431,7,3,5.8,5.01
2432,0,2,2.9,4.18
2433,0,4,2.0,5.78
2434,4,3,9.5,3.37
2435,0,0,3.6,8.07
2436,7,0,7.5,3.05
2437,2,3,9.0,6.15
2438,6,4,1.4,2.94
2439,2,1,4.7,6.11
2440,2,0,3.8,5.52
2441,5,3,2.4,5.49
2442,5,3,4.2,4.73
2443,5,2,7.9,6.5
2444,2,2,7.6,6.31
2445,3,3,9.1,6.23
2446,2,4,3.9,5.25
2447,1,3,4.9,4.48
2448,1,4,2.7,5.61
2449,0,4,6.1,6.87
2450,0,0,3.5,4.62
2451,0,0,8.6,7.17
2452,4,4,7.0,5.42
2453,3,4,3.7,4.3
2454,4,1,7.4,3.41
2455,7,4,7.0,5.14
2456,5,1,7.5,6.25
2457,3,1,3.2,5.31
2458,2,3,0.7,5.08
2459,2,1,3.7,5.09
2460,4,3,6.3,4.58
2461,7,4,8.0,4.28
2462,6,1,8.3,4.3
2463,6,4,4.5,6.27
2464,0,3,2.9,6.76
2465,5,2,7.3,4.59
2466,6,1,3.6,5.14
2467,6,2,5.8,6.3
2468,2,3,9.7,4.65
2469,3,1,4.0,5.42
2470,3,1,6.8,4.68
2471,2,3,6.1,4.89
2472,0,4,6.6,3.7
2473,6,3,1.6,4.98
2474,5,1,6.5,4.88
2475,5,2,2.7,5.05
2476,4,4,6.8,5.38
2477,3,4,4.7,4.92
2478,5,2,5.7,4.53
2479,0,0,2.2,5.62
2480,0,3,6.2,4.75
2481,7,3,9.2,7.24
2482,5,4,1.3,4.91
2483,5,1,2.4,4.25
2484,7,4,3.4,3.39
2485,4,1,0.1,6.44
2486,5,0,0.3,4.44
2487,7,2,7.2,3.39
2488,6,0,6.9,4.35
2489,3,0,0.6,4.83
2490,7,0,8.0,4.0
2491,6,1,0.3,4.22
2492,7,4,5.2,5.21
2493,5,3,3.3,4.88
2494,7,3,6.6,3.87
2495,1,1,8.9,3.75
2496,2,1,6.7,3.42
2497,2,4,4.0,3.62
2498,1,1,1.8,5.35
2499,1,2,9.5,6.11
2500,7,1,7.0,5.0
2501,4,1,2.1,4.88
2502,1,2,0.8,4.75
2503,1,0,8.3,5.44
2504,7,3,4.1,5.31
2505,5,3,2.4,5.78
2506,4,0,5.3,4.74
2507,3,3,4.3,4.33
2508,3,1,4.6,4.86
2509,4,2,1.7,3.57
2510,5,0,3.6,4.36
2511,3,4,6.5,3.7
2512,1,2,5.9,3.3
2513,2,1,2.6,4.72
2514,1,2,8.6,3.93
2515,7,2,8.9,4.26
2516,7,0,0.3,2.77
2517,7,0,3.7,4.64
2518,1,2,3.5,4.63
2519,3,2,9.7,6.84
2520,2,0,9.0,4.77
2521,5,1,3.8,4.52
2522,0,4,5.8,7.62
2523,1,3,9.9,4.01
2524,2,4,6.5,6.29
2525,7,2,6.5,4.34
2526,1,3,3.5,5.67
2527,5,0,0.3,5.16
2528,1,4,4.3,5.02
2529,3,4,5.0,3.88
2530,2,0,5.6,4.17
2531,6,0,5.6,5.72
2532,4,4,6.2,4.41
2533,2,3,9.6,5.94
2534,6,1,1.8,4.99
2535,5,2,4.6,5.1
2536,5,2,6.2,4.93
2537,3,0,9.6,5.91
2538,7,1,7.8,6.26
2539,5,3,6.5,4.91
2540,1,2,8.4,4.07
2541,2,3,0.8,4.89
2542,6,4,6.9,3.94
2543,1,4,6.3,5.26
2544,0,3,0.6,4.19
2545,3,1,8.0,2.96
2546,2,1,0.3,4.37
2547,1,1,2.3,5.67
2548,2,0,2.4,5.68
2549,3,4,9.3,3.95
2550,3,4,4.0,4.65
2551,3,4,6.4,5.72
2552,0,2,2.5,3.57
2553,5,4,8.2,7.28
2554,1,2,7.2,5.02
2555,7,4,8.8,4.21
2556,1,0,2.8,3.97
2557,4,1,4.6,2.32
2558,2,3,5.5,7.94
2559,5,0,9.3,2.17
2560,6,3,6.4,6.58
2561,0,0,8.5,6.53
2562,2,3,4.4,4.83
2563,5,2,3.2,6.6
2564,5,4,2.0,3.67
2565,0,2,3.5,2.31
2566,6,2,9.9,4.45
2567,5,2,0.0,3.66
2568,7,2,3.8,5.05
2569,0,4,0.1,5.05
2570,2,1,4.0,6.33
2571,7,2,9.9,4.73
2572,7,1,1.1,8.05
2573,4,2,7.7,3.63
2574,0,0,6.4,4.81
2575,1,2,8.6,5.39
2576,5,3,9.3,5.38
2577,2,2,8.4,5.94
2578,5,4,2.4,5.32
2579,0,2,6.6,4.41
2580,1,2,8.7,4.91
2581,7,4,0.7,4.7
2582,6,1,8.9,2.41
2583,6,2,9.3,2.6
2584,5,4,7.9,3.12
2585,6,2,6.9,4.83
2586,6,2,9.7,4.6
2587,1,2,7.7,5.44
2588,2,2,2.6,5.82
2589,2,3,4.4,7.14
2590,6,1,9.5,5.0
2591,4,0,8.3,5.22
2592,5,4,2.6,2.64
2593,7,1,3.3,4.08
2594,5,4,5.0,3.75
2595,0,2,2.8,3.56
2596,3,1,0.4,6.31
2597,7,2,5.5,4.19
2598,5,3,8.8,3.51
2599,5,4,1.0,6.62
2600,6,1,3.1,3.85
2601,3,0,6.3,6.48
2602,0,2,9.0,5.5
2603,2,3,4.0,4.66
2604,0,4,1.2,4.26
2605,0,2,10.0,3.22
2606,5,2,6.3,3.46
2607,5,4,9.6,5.25
2608,5,1,3.2,3.79
2609,0,1,7.6,5.26
2610,3,4,2.8,5.75
2611,6,3,2.6,5.31
2612,5,2,3.5,6.58
2613,6,2,4.1,2.99
2614,4,1,1.0,4.78
2615,2,0,5.3,5.51
2616,4,4,3.9,5.97
2617,6,0,6.5,5.09
2618,3,0,8.5,6.33
2619,2,1,3.6,5.71
2620,3,4,3.2,3.18
2621,6,4,4.1,6.57
2622,3,0,8.5,5.62
2623,6,0,1.0,4.01
2624,5,3,2.9,5.49
2625,3,3,8.1,5.59
2626,2,2,6.0,6.18
2627,3,2,0.9,6.0
2628,7,1,7.7,2.48
2629,0,3,3.1,3.76
2630,0,3,3.4,4.74
2631,3,4,5.2,3.86
2632,4,3,3.5,5.38
2633,3,0,7.3,5.1
2634,0,0,7.4,4.22
2635,7,1,2.3,4.95
2636,5,4,2.1,5.98
2637,6,2,0.8,4.16
2638,7,2,2.1,5.88
2639,1,0,4.7,6.04
2640,5,2,4.2,6.42
2641,5,3,2.8,4.99
2642,5,1,5.9,2.5
2643,5,4,9.3,5.99
2644,1,3,7.0,6.26
2645,4,4,7.7,3.66
2646,4,1,5.6,4.27
2647,1,4,4.9,5.12
2648,7,4,6.3,5.43
2649,1,1,8.9,5.24
2650,4,2,1.7,2.78
2651,4,0,4.0,4.71
2652,2,2,5.6,2.77
2653,7,0,5.8,4.27
2654,2,0,9.7,4.51
2655,4,3,1.0,6.19
2656,6,3,3.4,2.78
2657,4,2,4.6,4.81
2658,5,3,5.1,4.62
2659,1,4,8.2,5.68
2660,2,3,5.2,7.87
2661,1,3,0.6,3.63
2662,4,3,2.5,6.53
2663,0,2,3.9,5.46
2664,6,3,7.6,4.9
2665,4,0,7.8,4.74
2666,4,2,10.0,5.35
2667,1,0,1.4,5.06
2668,3,4,3.0,4.52
2669,7,3,4.9,3.31
2670,5,3,3.1,5.84
2671,3,0,0.9,5.49
2672,2,1,3.1,6.46
2673,1,2,3.3,3.83
2674,6,0,3.3,6.08
2675,1,3,9.5,4.95
2676,6,1,6.0,4.38
2677,5,0,7.3,3.83
2678,2,1,0.9,6.05
2679,4,4,2.0,5.08
2680,1,3,1.8,5.77
2681,7,4,7.9,4.28
2682,2,1,1.5,6.24
2683,5,3,8.5,4.79
2684,5,2,1.5,6.65
2685,2,3,6.3,4.6
2686,0,4,2.9,4.01
2687,4,4,3.9,6.51
2688,0,4,6.7,1.74
2689,2,0,1.5,5.25
2690,3,3,5.3,5.41
2691,4,3,8.0,4.62
2692,0,0,0.7,6.16
2693,4,2,7.1,6.81
2694,7,4,1.8,5.48
2695,7,0,3.5,7.14
2696,4,4,3.0,6.64
2697,1,0,5.9,5.23
2698,5,1,5.0,6.36
2699,7,0,4.4,6.04
2700,0,4,5.7,3.49
2701,6,3,9.0,5.04
2702,0,1,4.7,5.4
2703,3,0,5.1,3.82
2704,0,0,3.5,6.51
2705,2,0,4.6,5.49
2706,0,2,6.6,5.43
2707,1,3,8.3,5.71
2708,0,1,0.5,4.74
2709,4,4,2.7,7.02
2710,1,0,0.8,5.02
2711,6,2,0.6,6.12
2712,7,0,4.9,5.65
2713,4,1,6.9,5.94
2714,1,0,4.1,6.33
2715,7,1,0.9,4.76
2716,5,2,3.8,4.48
2717,0,3,0.6,6.95
2718,3,3,4.7,4.74
2719,6,3,7.9,3.39
2720,2,1,7.1,7.06
2721,4,3,8.5,5.41
2722,7,3,0.7,4.73
2723,4,4,7.8,3.83
2724,6,1,7.8,3.85
2725,3,2,6.3,3.74
2726,5,0,4.7,6.7
2727,0,0,0.2,7.02
2728,5,1,5.9,5.81
2729,3,0,7.1,4.31
2730,5,3,6.7,4.88
2731,1,3,7.2,3.91
2732,3,0,5.6,3.24
2733,6,4,3.9,4.42
2734,5,3,4.2,5.21
2735,6,2,9.9,4.53
2736,5,2,7.0,4.92
2737,4,4,2.4,3.73
2738,2,3,4.2,4.65
2739,1,0,8.2,3.71
2740,7,0,8.0,7.05
2741,5,3,7.8,7.63
2742,1,1,7.1,3.46
2743,3,4,1.1,5.56
2744,2,3,6.9,1.85
2745,7,0,2.8,4.89
2746,2,0,1.8,6.16
2747,2,0,2.5,2.41
2748,2,2,2.3,5.78
2749,5,3,4.7,3.25
2750,3,1,0.9,5.77
2751,2,1,1.6,5.09
2752,0,2,1.3,4.04
2753,3,0,1.0,3.54
2754,1,4,7.3,3.81
2755,1,2,4.3,5.41
2756,2,2,6.2,3.72
2757,2,0,8.3,5.72
2758,2,1,0.8,3.61
2759,0,3,9.1,5.18
2760,1,2,2.0,5.87
2761,3,3,9.3,3.07
2762,5,1,1.3,4.76
2763,0,1,3.2,3.23
2764,7,4,5.0,3.02
2765,3,1,7.8,6.45
2766,2,1,8.5,5.1
2767,5,4,9.5,4.06
2768,3,4,5.2,5.39
2769,7,2,2.9,6.11
2770,6,0,5.4,4.66
2771,1,0,6.4,5.64
2772,0,3,1.6,5.73
2773,2,1,9.6,2.54
2774,0,1,7.7,4.96
2775,7,4,9.4,4.2
2776,1,1,8.0,4.52
2777,3,4,7.5,3.61
2778,5,3,1.5,5.03
2779,2,4,6.5,5.61
2780,6,4,2.1,3.74
2781,0,0,0.2,3.55
2782,1,0,4.5,5.75
2783,7,4,0.1,4.19
2784,5,4,3.8,5.34
2785,5,2,6.1,4.09
2786,3,2,7.5,5.12
2787,0,2,9.5,5.77
2788,5,4,1.2,4.78
2789,2,3,0.5,4.11
2790,1,3,1.9,4.71
2791,7,1,4.6,5.71
2792,5,4,3.9,4.6
2793,1,3,3.1,3.47
2794,6,0,5.4,4.13
2795,6,1,6.5,4.95
2796,0,0,8.0,2.37
2797,5,3,8.6,4.55
2798,2,1,4.8,6.27
2799,1,1,7.0,6.05
2800,6,0,3.5,2.95
2801,5,4,9.4,5.4
2802,7,0,1.2,5.94
2803,7,4,1.0,3.91
2804,3,2,3.2,3.99
2805,1,3,6.1,5.27
2806,6,4,7.1,4.48
2807,0,0,0.8,6.47
2808,2,3,6.2,6.37
2809,0,0,8.2,7.59
2810,3,2,4.9,4.45
2811,7,0,0.2,5.59
2812,0,4,5.1,6.42
2813,7,4,5.4,5.08
2814,2,1,1.1,3.51
2815,2,1,5.2,5.05
2816,2,3,6.6,4.75
2817,2,4,5.5,5.41
2818,3,1,9.5,5.52
2819,0,4,6.3,2.97
2820,2,4,1.6,6.03
2821,3,0,6.4,3.47
2822,2,4,3.5,4.67
2823,0,1,2.1,3.75
2824,6,4,3.1,3.69
2825,6,4,3.0,4.96
2826,1,1,1.3,6.28
2827,7,0,6.9,5.71
2828,0,2,2.2,4.99
2829,3,1,2.9,4.31
2830,5,0,6.9,5.48
2831,6,1,7.4,8.13
2832,1,1,1.6,6.47
2833,4,0,1.3,4.22
2834,6,1,7.4,2.09
2835,4,0,9.0,6.5
2836,7,1,1.9,4.14
2837,1,4,7.5,3.42
2838,1,4,3.0,3.41
2839,2,0,4.7,4.02
2840,3,0,9.0,5.02
2841,5,2,5.5,4.31
2842,7,2,0.4,4.51
2843,0,3,5.1,6.36
2844,7,0,1.0,3.84
2845,5,0,1.7,6.56
2846,7,3,1.3,5.9
2847,3,3,9.5,3.65
2848,6,4,3.4,8.0
2849,6,1,1.3,5.0
2850,6,2,6.1,5.53
2851,5,0,8.4,5.71
2852,7,2,2.5,5.21
2853,6,1,8.6,5.01
2854,1,0,2.5,6.73
2855,6,3,1.8,4.89
2856,4,4,4.2,3.02
2857,7,2,6.0,7.15
2858,4,2,5.0,6.25
2859,1,2,6.3,5.39
2860,0,4,3.2,3.96
2861,0,3,5.1,6.29
2862,5,0,1.4,2.71
2863,5,1,1.7,6.81
2864,7,2,7.5,6.35
2865,2,4,5.4,3.48
2866,3,1,5.8,3.9
2867,4,4,7.7,5.14
2868,0,3,8.7,5.83
2869,6,1,4.5,4.8
2870,0,0,5.3,4.33
2871,3,3,1.8,3.29
2872,2,4,2.3,3.88
2873,3,1,6.2,5.36
2874,1,2,8.9,6.97
2875,7,4,1.5,3.15
2876,3,1,7.4,4.79
2877,6,1,2.6,5.3
2878,5,3,8.2,7.3
2879,4,4,5.3,5.37
2880,6,1,1.8,5.4
2881,4,4,2.1,4.34
2882,2,2,1.0,5.3
2883,0,3,3.3,2.39
2884,7,2,1.4,6.49
2885,5,1,5.1,3.07
2886,7,4,0.6,5.62
2887,7,0,1.4,5.49
2888,6,1,7.1,3.23
2889,5,2,1.3,2.15
2890,2,1,7.6,4.86
2891,2,4,4.7,4.74
2892,3,2,8.9,4.42
2893,2,0,1.2,2.58
2894,1,3,0.1,3.93
2895,7,1,9.4,5.92
2896,2,1,6.7,6.1
2897,5,2,5.9,5.53
2898,4,0,4.6,3.66
2899,7,2,3.3,4.35
2900,2,3,7.5,5.44
2901,1,4,1.4,6.19
2902,3,3,6.8,6.42
2903,7,0,0.0,4.17
2904,6,0,4.5,7.03
2905,4,2,6.8,5.96
2906,0,4,0.3,3.31
2907,3,1,1.8,7.18
2908,2,1,2.7,6.21
2909,3,2,7.8,6.52
2910,1,1,0.2,5.57
2911,3,2,1.0,5.32
2912,1,3,6.3,5.42
2913,4,1,8.2,5.04
2914,2,2,5.9,4.83
2915,0,1,4.6,5.49
2916,3,0,1.5,4.67
2917,3,2,8.5,6.01
2918,6,0,7.0,4.73
2919,5,1,7.0,5.56
2920,0,3,4.4,4.64
2921,0,4,1.9,4.32
2922,4,0,8.7,3.67
2923,0,4,3.8,5.07
2924,5,4,7.8,3.59
2925,6,2,2.2,6.45
2926,1,2,3.4,6.14
2927,7,3,4.9,5.52
2928,4,2,8.1,5.71
2929,5,4,4.2,4.78
2930,5,2,6.8,4.66
2931,6,4,5.0,2.03
2932,2,0,8.0,3.49
2933,7,3,4.0,5.15
2934,7,2,4.8,7.99
2935,3,2,5.5,4.85
2936,0,3,4.9,6.69
2937,6,2,7.6,7.09
2938,2,2,2.9,4.23
2939,1,0,1.6,5.02
2940,5,2,0.3,5.4
2941,5,1,5.0,4.3
2942,0,1,0.8,5.56
2943,7,1,0.7,5.59
2944,1,1,0.5,3.52
2945,6,1,0.6,4.36
2946,3,1,5.1,4.45
2947,6,2,8.4,6.49
2948,5,3,6.1,5.95
2949,1,0,6.3,3.5
2950,4,1,5.9,4.48
2951,0,3,2.8,6.88
2952,4,0,0.5,5.18
2953,2,3,5.9,5.82
2954,0,0,3.7,5.14
2955,5,4,5.7,2.93
2956,3,4,3.5,5.79
2957,3,0,4.2,3.34
2958,3,4,8.8,5.96
2959,5,4,7.0,5.53
2960,1,3,2.8,4.52
2961,4,4,8.2,5.92
2962,1,4,7.8,4.76
2963,5,0,8.7,4.59
2964,2,1,3.1,4.91
2965,1,4,9.4,4.19
2966,1,4,6.3,3.18
2967,7,0,7.6,5.07
2968,7,2,5.1,5.16
2969,3,4,7.2,5.74
2970,4,0,4.4,2.61
2971,1,2,2.5,5.17
2972,0,3,3.9,5.96
2973,1,2,9.9,6.86
2974,3,2,5.0,1.96
2975,2,3,7.2,5.16
2976,7,0,3.7,5.28
2977,4,1,4.3,5.28
2978,2,4,6.8,4.13
2979,3,2,2.4,3.32
2980,1,2,3.1,6.32
2981,3,1,4.5,6.52
2982,6,0,5.9,5.25
2983,3,4,2.5,5.56
2984,1,4,5.0,4.7
2985,0,3,6.3,5.32
2986,3,4,8.7,6.5
2987,7,4,2.1,5.52
2988,4,4,4.2,5.24
2989,1,2,1.0,4.05
2990,2,3,2.1,4.33
2991,5,4,4.1,4.11
2992,5,4,7.8,5.06
2993,7,1,6.5,5.06
2994,5,3,2.8,5.74
2995,6,0,9.1,5.04
2996,1,0,9.7,4.2
2997,2,4,1.5,5.38
2998,6,3,4.1,4.16
2999,6,1,7.3,4.01
3000,1,3,1.2,6.52
3001,2,2,5.8,5.03
3002,3,2,5.1,4.55
3003,3,0,0.8,4.1
3004,4,2,1.0,3.56
3005,4,1,0.7,6.57
3006,5,4,9.9,4.43
3007,7,3,4.5,3.58
3008,2,1,0.5,6.4
3009,6,1,2.2,4.62
3010,7,0,4.8,7.12
3011,6,4,0.8,6.95
3012,3,2,1.7,4.36
3013,6,4,2.6,4.48
3014,7,0,4.2,7.16
3015,3,3,0.9,5.28
3016,4,1,7.8,5.45
3017,4,2,0.8,5.0
3018,6,1,7.4,5.37
3019,3,4,5.9,4.14
3020,1,1,9.5,4.02
3021,0,2,5.2,4.25
3022,5,1,4.9,1.65
3023,5,4,9.6,4.95
3024,3,3,5.9,7.72
3025,0,0,2.0,5.06
3026,2,1,3.0,4.6
3027,1,3,2.1,4.76
3028,3,2,7.7,8.05
3029,4,3,5.2,4.64
3030,2,3,6.2,4.9
3031,2,4,2.9,3.65
3032,6,3,1.1,6.41
3033,2,4,2.1,5.94
3034,1,4,5.0,5.14
3035,5,0,8.7,3.9
3036,7,4,1.8,3.67
3037,4,4,3.4,5.74
3038,6,3,9.6,5.68
3039,5,0,9.4,5.3
3040,2,3,5.9,4.52
3041,4,3,0.9,3.75
3042,0,2,7.4,4.58
3043,5,0,7.0,6.57
3044,7,4,6.7,4.01
3045,4,1,9.5,5.7
3046,6,1,9.8,5.17
3047,4,1,7.3,3.79
3048,1,4,3.0,4.36
3049,5,1,5.8,5.33
3050,4,1,4.3,4.92
3051,2,4,0.5,6.46
3052,7,3,9.9,4.47
3053,6,3,5.9,4.56
3054,5,3,7.5,2.42
3055,4,0,7.7,4.53
3056,2,1,5.8,5.39
3057,0,3,9.4,5.94
3058,2,2,6.5,4.49
3059,2,0,8.5,4.94
3060,0,0,0.4,5.19
3061,4,3,3.3,3.77
3062,2,1,5.6,3.45
3063,0,2,9.5,4.46
3064,4,3,8.1,3.88
3065,4,2,6.5,3.92
3066,2,4,2.8,5.44
3067,2,4,5.6,7.56
3068,3,1,0.4,3.58
3069,6,4,3.3,4.3
3070,1,2,0.9,2.55
3071,6,3,9.9,4.28
3072,1,2,2.3,4.21
3073,1,1,4.3,6.66
3074,0,2,1.7,4.63
3075,3,2,2.5,4.88
3076,6,2,0.2,5.17
3077,6,1,6.9,4.68
3078,7,1,3.9,6.36
3079,0,4,7.3,5.49
3080,6,0,2.8,4.45
3081,2,3,8.4,5.69
3082,3,3,3.4,4.83
3083,6,0,1.9,5.67
3084,4,3,7.3,4.69
3085,3,1,1.3,4.63
3086,5,1,3.2,3.34
3087,0,3,4.5,5.04
3088,1,4,8.1,6.71
3089,5,3,8.6,5.02
3090,1,4,8.4,2.79
3091,2,3,3.3,7.8
3092,5,4,8.2,4.92
3093,5,4,4.6,6.64
3094,5,2,7.4,4.81
3095,4,4,0.5,6.27
3096,7,3,5.0,3.84
3097,3,3,6.5,3.98
3098,0,4,8.3,6.54
3099,1,0,1.4,3.66
3100,1,3,8.6,6.07
3101,7,4,9.8,5.41
3102,4,4,7.9,6.32
3103,4,3,4.0,4.79
3104,2,2,4.2,6.11
3105,1,4,7.8,4.4
3106,6,0,3.2,3.91
3107,2,3,5.1,2.89
3108,2,4,3.1,4.25
3109,6,2,1.9,5.83
3110,0,1,2.9,4.87
3111,3,0,1.5,5.61
3112,6,2,8.1,4.96
3113,5,3,0.7,6.12
3114,0,4,4.8,3.85
3115,1,0,9.5,4.16
3116,1,3,9.4,5.71
3117,0,1,7.5,3.78
3118,4,0,5.2,5.22
3119,6,4,3.8,4.52
3120,6,1,9.7,5.2
3121,3,2,2.9,4.36
3122,0,1,3.4,5.3
3123,4,3,2.9,4.22
3124,4,4,9.6,7.12
3125,6,4,6.2,5.19
3126,1,4,9.2,3.28
3127,0,1,8.4,3.46
3128,1,4,9.1,5.59
3129,1,2,8.3,6.22
3130,2,3,1.0,2.72
3131,4,2,5.9,3.77
3132,3,1,1.8,3.59
3133,1,2,2.6,2.76
3134,6,2,9.7,5.55
3135,5,2,2.5,5.52
3136,3,1,3.8,3.03
3137,5,4,3.0,7.22
3138,0,2,6.6,5.4
3139,7,3,9.9,5.18
3140,5,2,2.1,5.47
3141,3,0,7.8,4.74
3142,6,1,0.0,6.95
3143,6,3,5.6,4.22
3144,3,3,6.0,5.78
3145,6,4,8.7,4.02
3146,1,4,9.0,3.46
3147,0,2,8.5,5.22
3148,1,2,4.4,6.67
3149,1,0,5.7,6.46
3150,5,4,4.9,5.4
3151,5,2,6.3,4.36
3152,5,0,2.2,2.68
3153,3,4,6.1,3.12
3154,2,1,6.4,3.7
3155,0,4,9.2,5.72
3156,1,2,9.4,4.09
3157,3,0,6.0,4.53
3158,2,1,1.5,3.55
3159,7,3,6.0,3.48
3160,1,0,0.6,4.08
3161,5,2,1.8,3.84
3162,1,1,3.1,5.18
3163,5,3,4.9,3.73
3164,6,3,3.8,6.03
3165,1,1,1.6,4.81
3166,3,4,0.6,4.53
3167,7,2,1.8,5.55
3168,3,3,6.4,5.32
3169,7,2,3.1,4.82
3170,3,2,6.6,4.52
3171,7,3,5.6,5.59
3172,3,4,0.7,4.97
3173,4,2,7.0,6.04
3174,2,1,5.2,4.19
3175,1,2,5.8,9.16
3176,4,3,2.3,4.17
3177,7,1,7.6,5.19
3178,7,4,0.2,2.78
3179,1,0,9.7,3.69
3180,2,0,7.6,7.88
3181,2,1,2.9,3.68
3182,5,1,4.9,7.02
3183,3,0,8.1,4.2
3184,4,3,3.0,3.51
3185,2,1,1.1,3.44
3186,5,2,8.8,5.5
3187,4,1,8.9,6.11
3188,2,1,5.7,7.76
3189,3,4,5.5,5.85
3190,7,3,7.9,4.95
3191,4,2,2.4,4.22
3192,5,4,4.7,5.09
3193,4,2,8.1,6.01
3194,2,1,9.3,4.51
3195,4,2,9.0,4.26
3196,4,4,7.4,4.47
3197,6,2,7.6,5.35
3198,6,4,3.7,6.51
3199,0,2,8.9,4.95
3200,7,0,8.0,6.47
3201,2,4,7.1,6.02
3202,6,1,6.8,5.19
3203,3,0,1.6,3.88
3204,7,4,1.9,6.42
3205,0,3,5.7,5.3
3206,4,1,2.3,5.55
3207,2,1,5.1,4.13
3208,3,2,5.2,5.91
3209,0,2,1.1,2.58
3210,2,2,1.3,3.58
3211,2,2,7.0,4.38
3212,6,3,9.8,5.16
3213,4,4,5.7,5.15
3214,3,2,6.6,5.35
3215,1,4,3.4,4.4
3216,0,2,4.8,5.56
3217,3,1,4.5,2.63
3218,5,2,8.5,5.97
3219,2,4,5.3,4.44
3220,0,3,2.8,4.66
3221,0,3,0.6,6.28
3222,0,3,0.2,5.6
3223,6,0,2.2,6.1
3224,3,2,2.5,4.67
3225,5,4,4.4,4.51
3226,2,1,3.5,4.85
3227,5,1,2.9,3.89
3228,1,4,1.4,4.6
3229,3,2,7.7,6.16
3230,7,4,7.1,3.48
3231,0,2,3.2,4.98
3232,1,4,3.6,5.32
3233,3,1,5.8,4.79
3234,1,3,8.4,4.22
3235,2,2,9.8,6.48
3236,5,0,2.7,5.53
3237,7,4,0.4,5.39
3238,3,2,2.5,5.01
3239,4,0,9.4,3.65
3240,3,3,8.0,5.89
3241,5,4,5.7,4.31
3242,5,3,8.9,4.45
3243,1,0,9.7,5.92
3244,0,2,5.8,5.28
3245,0,3,9.1,6.08
3246,6,4,6.8,5.05
3247,5,0,9.2,4.86
3248,0,0,6.8,4.79
3249,5,3,2.5,4.18
3250,4,3,2.3,3.71
3251,0,2,8.1,5.58
3252,4,2,3.4,5.22
3253,7,1,5.0,3.9
3254,6,4,6.1,3.95
3255,3,4,1.1,6.25
3256,3,1,3.5,4.3
3257,7,2,9.5,5.29
3258,4,4,8.7,6.54
3259,1,2,8.1,5.49
3260,1,3,4.7,5.34
3261,2,0,3.8,4.13
3262,3,0,1.3,2.82
3263,5,1,5.5,8.02
3264,4,0,4.8,3.48
3265,3,3,4.2,5.32
3266,1,4,9.3,3.63
3267,6,4,0.8,4.69
3268,4,0,7.9,4.24
3269,1,1,7.9,6.13
3270,4,4,8.5,4.09
3271,2,4,9.8,4.63
3272,2,2,1.2,2.4
3273,1,1,4.1,3.8
3274,5,0,1.1,4.97
3275,0,4,3.4,4.15
3276,6,4,3.6,5.28
3277,6,0,7.3,6.39
3278,6,0,3.9,4.41
3279,1,2,6.5,4.73
3280,2,0,4.8,5.82
3281,0,4,4.6,6.09
3282,7,3,5.9,4.66
3283,4,3,4.8,4.59
3284,1,4,8.8,5.87
3285,0,2,3.8,3.49
3286,2,2,0.4,4.98
3287,2,4,9.6,5.51
3288,1,1,0.6,5.56
3289,2,2,6.1,3.86
3290,0,4,5.3,5.34
3291,0,1,7.1,4.88
3292,0,0,1.8,6.6
3293,7,1,8.8,3.49
3294,0,2,4.7,3.87
3295,3,2,9.5,4.97
3296,2,1,2.8,4.12
3297,4,2,4.7,6.67
3298,0,4,5.4,3.74
3299,2,2,2.5,4.54
3300,0,0,6.2,5.29
3301,3,0,8.6,7.52
3302,4,1,7.7,6.17
3303,2,4,5.8,3.33
3304,7,3,7.9,4.9
3305,7,2,7.0,6.29
3306,2,1,5.0,4.66
3307,5,3,1.5,3.61
3308,4,3,4.9,5.03
3309,3,4,0.7,5.06
3310,2,0,3.5,6.8
3311,3,3,4.5,2.38
3312,3,0,2.8,5.82
3313,7,3,9.8,4.24
3314,0,1,8.9,4.87
3315,5,2,8.5,4.23
3316,4,4,1.9,5.51
3317,3,4,9.7,4.27
3318,6,0,7.2,3.99
3319,0,4,7.1,3.22
3320,7,3,7.5,7.23
3321,4,1,2.6,5.62
3322,6,2,1.3,6.12
3323,3,4,5.0,2.92
3324,0,4,8.1,4.95
3325,4,2,3.4,6.18
3326,5,4,7.7,6.81
3327,4,3,8.3,5.28
3328,1,2,3.1,6.95
3329,7,2,3.0,5.0
3330,5,0,2.8,6.04
3331,5,1,3.6,3.33
3332,3,1,2.3,4.81
3333,4,3,1.0,5.0
3334,3,3,7.0,5.76
3335,4,0,5.7,5.17
3336,1,1,2.4,2.64
3337,5,2,2.1,4.25
3338,7,0,2.1,4.82
3339,4,1,7.4,3.85
3340,4,0,7.2,6.06
3341,1,1,0.0,4.8
3342,7,0,4.4,5.23
3343,0,3,9.7,3.03
3344,4,1,2.2,5.52
3345,3,2,3.3,3.83
3346,2,0,9.9,4.54
3347,7,0,2.0,4.44
3348,7,3,5.8,2.49
3349,7,4,3.7,7.2
3350,1,1,6.8,3.17
3351,5,2,7.3,4.6
3352,3,2,8.2,2.6
3353,4,0,9.4,3.29
3354,1,1,5.8,6.98
3355,5,1,8.2,6.53
3356,1,1,1.8,4.78
3357,3,0,5.3,6.22
3358,6,1,9.4,2.29
3359,6,3,8.9,3.1
3360,2,1,6.8,5.7
3361,5,1,6.2,4.58
3362,5,4,8.5,5.34
3363,7,1,2.9,6.27
3364,0,4,6.6,3.76
3365,4,1,8.2,7.1
3366,2,3,1.3,6.92
3367,5,3,2.8,5.32
3368,0,0,8.0,5.26
3369,6,2,6.3,3.77
3370,6,3,5.1,2.54
3371,2,3,0.9,6.43
3372,6,3,5.7,4.51
3373,3,3,0.6,6.24
3374,1,2,2.6,3.77
3375,3,3,7.2,2.9
3376,5,3,4.3,3.75
3377,2,1,7.2,4.92
3378,3,0,0.0,5.4
3379,5,4,3.0,4.66
3380,1,0,4.0,7.61
3381,3,2,5.0,4.81
3382,0,3,2.2,4.99
3383,4,0,7.6,3.57
3384,7,2,4.6,5.37
3385,6,3,9.8,5.91
3386,1,1,8.5,5.62
3387,5,2,2.9,4.83
3388,4,2,1.2,4.74
3389,2,2,5.8,4.72
3390,1,4,4.5,3.63
3391,2,3,7.8,3.21
3392,2,2,1.5,5.06
3393,6,4,6.3,5.88
3394,4,0,9.4,4.12
3395,7,3,6.0,7.13
3396,6,4,0.5,3.17
3397,3,4,3.3,4.48
3398,4,1,0.6,3.15
3399,1,2,6.6,4.3
3400,0,2,0.3,4.79
3401,0,1,2.6,3.24
3402,3,0,4.4,3.42
3403,5,1,9.3,5.34
3404,0,4,1.1,5.25
3405,6,3,2.4,3.94
3406,3,2,9.9,2.64
3407,2,3,3.2,4.58
3408,5,3,1.6,5.5
3409,4,0,2.0,4.82
3410,4,4,0.3,4.82
3411,7,0,3.0,5.82
3412,3,3,1.6,4.55
3413,2,3,6.7,4.89
3414,6,2,5.1,6.34
3415,2,1,2.5,5.72
3416,4,4,1.6,3.41
3417,3,1,2.1,3.61
3418,3,0,0.4,5.41
3419,3,4,1.1,3.74
3420,4,1,5.8,5.63
3421,5,1,9.1,3.69
3422,5,0,4.6,5.28
3423,6,3,2.0,3.97
3424,1,2,5.2,6.69
3425,5,3,7.0,5.62
3426,4,2,6.1,3.69
3427,6,3,0.2,5.15
3428,5,3,7.8,5.84
3429,3,0,8.2,4.66
3430,4,4,6.0,4.06
3431,3,1,9.7,5.03
3432,2,2,8.1,6.58
3433,3,3,1.8,4.25
3434,4,0,5.2,3.21
3435,5,1,0.6,4.1
3436,1,4,7.4,4.25
3437,2,1,1.7,5.41
3438,1,2,9.1,5.25
3439,0,4,8.1,2.55
3440,5,1,2.6,4.7
3441,6,2,6.1,4.59
3442,2,1,6.5,4.68
3443,0,2,5.3,2.73
3444,3,2,6.3,5.3
3445,4,2,7.0,3.33
3446,7,3,4.9,6.89
3447,4,2,9.1,2.89
3448,4,0,0.3,5.65
3449,4,0,4.1,4.75
3450,0,3,8.8,3.6
3451,4,4,1.7,4.68
3452,1,4,5.5,4.55
3453,6,2,9.4,5.65
3454,5,1,8.3,5.41
3455,1,4,8.6,4.31
3456,3,0,3.2,4.56
3457,6,2,8.5,5.17
3458,7,3,3.8,2.86
3459,3,1,2.9,6.4
3460,2,1,7.2,4.68
3461,6,1,3.0,4.79
3462,2,0,6.9,5.67
3463,7,0,9.8,6.04
3464,7,1,5.4,4.85
3465,0,0,8.0,3.56
3466,7,2,3.3,3.67
3467,4,3,10.0,4.93
3468,4,2,9.5,5.25
3469,6,3,6.9,3.22
3470,5,2,5.9,3.53
3471,7,4,6.8,4.53
3472,0,3,1.9,5.57
3473,3,4,1.6,4.79
3474,0,0,4.0,5.9
3475,4,3,7.2,4.87
3476,7,2,6.5,6.69
3477,2,0,1.2,4.87
3478,1,1,0.9,3.14
3479,5,0,7.1,5.08
3480,5,4,6.2,7.1
3481,4,1,2.5,7.01
3482,7,1,8.6,5.87
3483,2,2,3.5,4.88
3484,6,3,2.4,5.08
3485,7,2,2.0,4.27
3486,3,2,2.7,4.52
3487,4,0,0.9,4.64
3488,3,1,3.7,6.64
3489,5,3,6.0,6.37
3490,2,4,0.9,4.19
3491,0,2,4.7,4.15
3492,1,3,3.2,6.68
3493,4,2,3.5,4.79
3494,0,3,5.5,5.81
3495,7,2,7.6,5.66
3496,5,1,7.8,3.5
3497,6,2,7.9,3.82
3498,7,4,4.8,5.43
3499,5,4,0.8,5.06
3500,4,0,8.8,3.4
3501,7,1,6.2,6.07
3502,1,4,0.1,5.65
3503,3,0,4.6,6.66
3504,7,1,9.1,3.22
3505,2,3,9.4,5.7
3506,4,3,4.9,5.63
3507,3,0,4.3,4.53
3508,3,2,7.4,5.97
3509,3,3,3.9,6.24
3510,7,1,4.4,4.76
3511,4,4,6.3,6.53
3512,3,1,6.0,5.53
3513,4,1,5.6,3.82
3514,6,0,2.0,6.44
3515,7,3,3.6,4.24
3516,6,2,6.5,4.57
3517,0,4,3.4,6.91
3518,7,3,2.0,5.99
3519,5,1,8.1,3.73
3520,5,1,6.8,4.5
3521,1,3,5.6,6.0
3522,2,1,3.0,5.77
3523,4,1,3.6,3.06
3524,5,0,7.8,6.5
3525,6,0,9.9,6.35
3526,0,4,9.6,6.26
3527,5,0,3.4,4.14
3528,3,2,2.5,4.48
3529,6,1,9.1,6.41
3530,4,2,1.8,5.18
3531,4,0,6.9,5.81
3532,2,0,0.1,4.87
3533,2,3,10.0,6.81
3534,0,0,2.0,7.43
3535,5,3,3.7,4.05
3536,4,4,2.2,4.46
3537,6,3,7.2,6.89
3538,0,1,2.1,5.6
3539,1,4,2.7,5.18
3540,2,4,3.2,8.39
3541,3,3,4.8,3.24
3542,1,3,4.1,4.48
3543,6,2,1.6,1.81
3544,3,0,0.8,5.36
3545,0,2,7.1,4.8
3546,2,4,3.0,6.87
3547,7,4,1.5,6.05
3548,3,3,5.4,6.63
3549,1,4,8.5,5.04
3550,7,1,6.8,6.02
3551,4,3,3.3,3.97
3552,6,0,7.4,4.04
3553,1,0,5.4,5.93
3554,7,0,8.4,6.51
3555,6,3,8.9,5.33
3556,6,4,4.1,4.61
3557,4,4,6.2,4.68
3558,4,3,2.1,5.15
3559,4,3,0.4,4.67
3560,3,4,6.8,7.06
3561,2,3,8.9,6.91
3562,7,2,7.2,5.46
3563,5,3,4.1,5.22
3564,7,1,8.4,5.16
3565,5,4,7.4,3.14
3566,1,4,0.1,4.96
3567,1,0,6.2,3.52
3568,0,2,9.4,3.92
3569,2,4,8.7,3.49
3570,3,4,5.1,4.97
3571,6,0,6.9,5.38
3572,5,0,7.3,4.73
3573,7,2,2.9,4.14
3574,5,0,9.8,5.93
3575,5,3,8.2,2.81
3576,5,4,3.0,4.38
3577,4,3,0.0,3.46
3578,3,2,0.3,6.12
3579,6,0,2.7,3.59
3580,1,2,3.3,5.18
3581,4,2,8.6,6.26
3582,0,4,6.9,4.74
3583,0,3,3.3,6.98
3584,6,1,0.3,5.95
3585,4,2,7.3,6.35
3586,5,2,2.5,3.53
3587,2,3,2.5,5.28
3588,3,4,5.8,4.4
3589,0,3,5.0,5.6
3590,7,1,3.1,4.68
3591,2,3,7.0,5.53
3592,0,3,2.4,2.75
3593,4,2,4.1,4.61
3594,3,4,9.4,5.76
3595,0,4,3.6,2.93
3596,3,0,8.0,3.85
3597,0,4,7.6,5.12
3598,4,3,2.9,5.52
3599,5,1,9.3,4.3
3600,0,2,7.6,5.7
3601,0,0,0.7,6.57
3602,6,3,7.2,3.65
3603,1,3,3.9,5.33
3604,3,4,6.1,5.86
3605,4,0,10.0,4.34
3606,0,0,0.5,5.43
3607,1,3,6.7,5.5
3608,2,4,6.5,6.04
3609,3,0,9.6,5.5
3610,7,3,9.8,5.28
3611,0,3,3.8,5.44
3612,7,0,1.0,4.79
3613,5,3,8.6,4.0
3614,2,1,9.5,5.5
3615,1,3,2.4,6.34
3616,1,4,3.1,5.71
3617,5,1,7.9,7.63
3618,1,0,2.8,3.21
3619,3,3,8.3,5.07
3620,5,4,9.2,5.83
3621,5,3,8.4,4.44
3622,4,3,2.3,4.47
3623,2,0,6.9,3.83
3624,2,2,9.3,2.78
3625,3,4,0.9,5.94
3626,5,1,1.3,4.35
3627,0,1,2.6,4.29
3628,1,0,8.9,4.56
3629,7,3,7.6,3.49
3630,6,0,8.8,3.88
3631,6,2,0.1,3.47
3632,4,0,3.9,5.5
3633,3,0,9.1,7.41
3634,0,3,7.9,4.57
3635,3,1,3.6,5.53
3636,5,1,2.3,5.88
3637,4,2,0.8,3.42
3638,1,2,7.2,3.89
3639,3,0,4.7,6.67
3640,0,4,7.7,7.29
3641,1,2,5.0,3.11
3642,4,4,3.1,4.33
3643,5,2,4.2,5.45
3644,3,4,8.0,3.99
3645,2,1,6.1,6.56
3646,4,2,0.7,4.58
3647,6,1,5.6,6.16
3648,6,4,0.9,5.62
3649,0,1,6.7,2.78
3650,0,1,7.3,5.45
3651,1,2,3.0,4.37
3652,2,4,9.5,3.15
3653,0,2,8.0,5.23
3654,5,0,9.6,6.6
3655,3,2,2.2,5.09
3656,0,1,3.4,4.76
3657,0,4,9.3,6.71
3658,5,0,3.7,4.63
3659,2,1,0.4,3.45
3660,7,1,2.2,5.41
3661,1,1,2.8,7.01
3662,6,0,2.2,4.88
3663,0,2,2.0,5.54
3664,3,2,4.2,2.82
3665,1,1,1.2,5.8
3666,4,0,0.8,6.17
3667,6,3,4.4,5.71
3668,7,4,3.5,3.8
3669,4,3,3.9,7.89
3670,2,0,2.6,4.89
3671,7,4,1.1,4.71
3672,5,0,4.4,3.57
3673,5,3,5.8,5.04
3674,0,2,2.8,3.06
3675,6,0,8.0,4.33
3676,7,2,4.5,4.09
3677,4,3,4.6,3.43
3678,0,0,4.4,5.56
3679,0,0,8.7,4.38
3680,2,0,3.5,2.77
3681,0,1,9.1,6.84
3682,5,4,3.9,4.73
3683,7,3,3.7,5.1
3684,5,1,3.7,3.83
3685,5,2,1.2,6.47
3686,0,4,1.9,4.72
3687,2,3,5.5,4.57
3688,5,3,4.0,5.22
3689,6,1,3.2,3.71
3690,7,2,3.2,6.04
3691,7,3,2.8,5.25
3692,5,4,0.2,4.14
3693,4,0,6.5,5.4
3694,4,4,3.1,5.04
3695,2,1,3.0,5.14
3696,2,4,0.2,4.85
3697,0,2,6.3,6.83
3698,2,0,6.9,2.75
3699,1,3,8.6,4.3
3700,0,1,7.2,6.47
3701,7,3,2.8,3.01
3702,3,3,8.3,3.48
3703,2,2,8.3,5.05
3704,2,0,6.1,3.79
3705,3,0,1.9,5.12
3706,0,0,3.9,3.62
3707,1,2,7.7,7.24
3708,2,2,7.5,4.2
3709,4,1,0.3,3.31
3710,2,3,0.8,3.98
3711,0,3,6.6,5.75
3712,1,1,4.9,4.53
3713,5,2,2.0,6.36
3714,4,1,9.5,5.66
3715,2,0,3.0,5.93
3716,2,2,4.9,6.55
3717,6,1,0.7,3.68
3718,1,2,8.2,4.55
3719,5,1,9.5,4.9
3720,7,2,5.2,5.97
3721,1,0,5.9,3.63
3722,4,3,6.5,3.58
3723,6,2,9.7,6.46
3724,3,4,0.7,6.42
3725,2,0,8.7,5.04
3726,5,3,6.5,3.92
3727,6,3,4.4,5.8
3728,6,4,7.2,7.79
3729,2,1,5.6,5.43
3730,4,3,9.7,6.96
3731,4,0,0.4,5.64
3732,5,4,0.0,7.01
3733,1,4,2.0,4.56
3734,0,4,0.3,5.02
3735,0,1,7.2,5.28
3736,6,2,8.1,4.07
3737,3,3,6.5,6.14
3738,4,0,1.3,6.13
3739,1,0,3.8,3.82
3740,4,3,2.4,4.49
3741,0,0,4.7,5.05
3742,2,2,4.4,5.34
3743,7,2,2.8,6.97
3744,1,2,2.8,4.53
3745,4,3,8.7,6.26
3746,0,4,1.4,4.96
3747,4,1,5.4,4.84
3748,1,3,3.2,2.79
3749,1,2,5.8,4.96
3750,5,0,4.8,5.35
3751,1,4,3.0,6.87
3752,4,2,3.9,4.52
3753,6,0,6.0,5.19
3754,2,2,4.2,4.46
3755,2,2,7.5,4.9
3756,4,3,0.2,4.54
3757,5,0,1.4,5.75
3758,4,1,0.9,5.19
3759,2,0,6.8,5.85
3760,3,0,2.3,4.69
3761,0,2,6.6,6.78
3762,6,4,5.6,5.52
3763,2,0,4.3,3.28
3764,7,4,1.1,2.89
3765,2,3,2.3,6.35
3766,4,3,1.2,5.82
3767,3,2,2.1,4.33
3768,5,3,3.9,5.16
3769,7,0,4.9,3.82
3770,1,3,3.3,5.56
3771,2,1,5.2,4.3
3772,5,4,9.3,5.59
3773,4,4,3.8,4.55
3774,6,4,8.2,2.95
3775,3,2,0.2,6.09
3776,4,3,7.8,2.84
3777,2,0,7.9,3.74
3778,3,2,0.5,5.26
3779,6,0,3.0,5.33
3780,4,2,0.1,3.47
3781,1,3,7.4,3.3
3782,1,2,9.5,5.71
3783,4,4,9.9,3.9
3784,5,4,6.6,4.5
3785,2,2,10.0,4.16
3786,3,3,1.1,5.81
3787,0,0,7.4,6.99
3788,0,0,3.3,5.79
3789,5,3,5.6,5.46
3790,1,3,1.6,5.0
3791,4,1,5.9,7.15
3792,1,3,3.1,3.6
3793,0,0,8.7,5.95
3794,7,4,7.5,3.72
3795,1,4,1.7,5.87
3796,4,1,1.9,6.08
3797,3,2,9.3,6.51
3798,7,3,5.5,6.68
3799,7,4,3.0,8.2
3800,5,0,0.6,7.6
3801,0,2,7.8,3.38
3802,0,2,0.8,3.89
3803,3,2,3.4,3.49
3804,7,0,1.1,4.56
3805,4,3,3.1,4.85
3806,3,3,2.1,5.05
3807,0,2,4.7,3.63
3808,6,0,1.8,5.67
3809,1,3,3.6,4.0
3810,3,3,2.9,2.87
3811,3,3,0.8,5.2
3812,1,2,9.9,6.57
3813,4,0,5.1,4.26
3814,6,0,0.4,4.63
3815,5,1,6.8,4.11
3816,6,3,6.1,6.21
3817,1,0,1.6,4.91
3818,3,4,2.8,5.28
3819,7,4,4.5,5.08
3820,2,4,5.9,3.83
3821,2,3,3.8,7.02
3822,2,2,8.2,4.25
3823,3,1,9.0,3.1
3824,5,2,1.9,8.3
3825,3,2,8.3,6.01
3826,3,3,8.0,4.84
3827,4,0,8.1,2.64
3828,0,4,0.9,5.37
3829,7,2,0.6,5.2
3830,6,0,5.0,6.77
3831,7,3,9.4,3.02
3832,0,1,4.9,2.52
3833,2,3,4.5,3.69
3834,7,3,5.6,4.39
3835,2,3,9.3,4.27
3836,0,4,9.4,3.52
3837,7,4,5.8,4.43
3838,1,3,7.4,5.54
3839,2,0,6.1,6.82
3840,4,1,7.4,4.33
3841,2,0,3.5,7.05
3842,1,3,4.9,5.49
3843,3,3,7.0,4.43
3844,2,4,7.5,3.77
3845,3,2,9.4,6.02
3846,5,2,4.3,4.75
3847,3,3,4.4,5.41
3848,3,4,9.6,6.25
3849,0,0,8.3,5.06
3850,6,1,2.8,5.43
3851,7,0,9.1,3.56
3852,7,3,9.9,4.29
3853,7,3,5.5,5.2
3854,5,3,1.5,1.85
3855,3,3,9.0,5.58
3856,5,3,9.2,5.69
3857,5,4,10.0,4.76
3858,7,4,2.4,4.03
3859,0,4,2.4,3.4
3860,2,1,1.3,5.88
3861,6,3,3.8,3.74
3862,4,2,7.4,6.7
3863,7,2,4.6,5.08
3864,2,2,3.5,5.67
3865,0,0,4.1,6.47
3866,0,0,6.7,4.59
3867,7,0,9.2,5.93
3868,6,1,4.2,3.02
3869,1,1,9.5,5.5
3870,6,1,1.7,4.07
3871,6,4,9.0,5.2
3872,6,2,3.3,7.76
3873,6,1,6.7,5.71
3874,4,2,4.0,5.2
3875,6,2,7.8,2.61
3876,3,1,6.5,4.6
3877,1,1,4.1,3.49
3878,5,1,5.8,5.44
3879,7,3,2.4,4.95
3880,7,3,1.2,4.34
3881,3,0,9.7,4.24
3882,7,1,6.3,6.48
3883,4,3,8.2,3.47
3884,2,0,10.0,4.53
3885,2,1,8.0,4.1
3886,3,3,7.3,4.73
3887,7,1,7.9,2.05
3888,4,0,6.5,5.76
3889,3,3,4.8,6.45
3890,4,2,2.4,6.52
3891,3,4,9.2,4.6
3892,7,0,5.9,5.34
3893,4,4,5.1,6.09
3894,6,0,7.5,3.66
3895,4,1,7.7,5.44
3896,1,1,9.3,6.48
3897,1,0,0.5,4.99
3898,5,3,7.2,2.94
3899,1,1,9.5,2.54
3900,7,3,2.5,4.36
3901,7,0,8.1,6.12
3902,0,4,2.2,3.8
3903,2,0,7.4,5.02
3904,4,3,6.1,4.82
3905,0,4,7.5,7.1
3906,1,4,2.7,8.08
3907,2,1,6.9,5.8
3908,6,0,9.0,5.72
3909,7,1,8.4,7.04
3910,3,1,0.7,2.53
3911,6,0,0.4,5.17
3912,4,0,1.9,4.75
3913,3,4,4.6,5.78
3914,5,4,2.1,1.58
3915,2,3,8.9,4.94
3916,3,3,1.1,3.79
3917,5,0,8.2,4.86
3918,0,2,4.3,6.28
3919,3,3,6.5,6.21
3920,2,4,9.5,6.17
3921,5,1,8.7,5.51
3922,2,0,3.4,6.87
3923,0,3,5.1,3.56
3924,7,3,2.9,3.77
3925,7,1,6.9,3.09
3926,3,1,3.2,4.02
3927,6,3,3.8,2.9
3928,1,3,8.4,4.61
3929,0,1,5.6,3.78
3930,5,0,7.8,4.75
3931,3,1,8.6,7.0
3932,2,3,7.5,6.02
3933,2,2,5.0,3.41
3934,4,0,2.2,6.18
3935,5,2,10.0,7.4
3936,1,2,3.5,5.38
3937,2,2,7.1,5.47
3938,2,1,8.4,3.65
3939,2,4,0.2,5.43
3940,6,0,4.5,4.64
3941,0,3,2.5,4.11
3942,4,3,4.4,7.43
3943,6,3,2.8,5.15
3944,2,4,1.0,6.12
3945,1,1,6.0,6.89
3946,4,2,3.5,4.64
3947,0,1,4.1,4.06
3948,7,0,5.3,6.72
3949,3,0,9.7,5.48
3950,2,3,7.9,6.9
3951,4,0,9.7,3.83
3952,6,0,3.3,5.6
3953,6,3,6.3,2.92
3954,2,2,0.7,5.44
3955,1,1,2.5,5.92
3956,6,2,7.8,6.82
3957,4,4,3.3,5.65
3958,1,3,5.3,3.95
3959,7,2,7.1,4.16
3960,5,3,8.2,7.17
3961,2,1,6.7,5.29
3962,7,3,1.4,6.02
3963,3,0,1.5,5.03
3964,1,0,2.6,5.34
3965,3,1,3.1,2.36
3966,2,2,4.1,5.73
3967,4,2,7.9,4.39
3968,6,4,2.6,5.75
3969,2,0,2.6,3.73
3970,4,2,9.7,4.83
3971,1,2,2.1,5.9
3972,1,0,4.3,2.6
3973,3,4,8.7,7.27
3974,2,0,9.0,5.54
3975,3,4,0.6,3.46
3976,3,1,0.6,4.12
3977,6,2,0.2,4.65
3978,1,0,2.9,4.28
3979,4,1,5.7,5.56
3980,4,3,4.1,4.81
3981,4,2,8.2,4.6
3982,0,0,0.8,4.39
3983,5,4,0.7,4.45
3984,0,4,1.6,4.18
3985,3,3,6.3,5.51
3986,2,3,1.9,3.19
3987,2,0,7.4,4.96
3988,5,1,6.2,3.8
3989,0,2,8.5,3.13
3990,4,3,6.9,5.52
3991,3,4,4.1,3.9
3992,1,1,5.4,6.74
3993,3,4,3.1,4.76
3994,5,3,7.0,4.35
3995,5,1,3.4,5.61
3996,3,3,2.1,3.77
3997,6,0,1.4,3.15
3998,5,0,9.3,6.01
3999,6,1,8.2,5.17
4000,3,4,1.6,4.84
4001,6,0,9.1,3.62
4002,6,3,6.4,4.55
4003,7,1,4.8,3.03
4004,5,3,5.2,4.09
4005,7,4,5.4,3.83
4006,2,1,3.5,4.66
4007,3,0,5.0,8.04
4008,6,2,2.3,4.68
4009,2,3,2.0,4.56
4010,0,1,0.5,6.08
4011,6,2,9.1,6.54
4012,7,4,8.5,4.57
4013,4,0,2.6,4.75
4014,2,1,6.4,4.44
4015,7,2,7.6,5.22
4016,0,2,2.8,6.08
4017,4,0,3.3,7.26
4018,0,0,3.9,6.14
4019,4,4,9.1,4.26
4020,7,4,2.9,4.68
4021,5,1,0.7,5.9
4022,6,1,7.0,7.98
4023,6,0,7.8,5.14
4024,7,2,0.0,5.9
4025,5,2,1.6,6.35
4026,3,4,9.1,6.41
4027,1,2,8.4,5.88
4028,1,2,7.7,5.0
4029,6,1,0.9,6.8
4030,0,0,2.9,4.41
4031,5,4,0.3,2.93
4032,0,3,6.2,3.52
4033,2,4,4.2,6.2
4034,2,2,7.5,3.74
4035,1,4,4.7,5.15
4036,0,2,2.6,6.59
4037,5,3,3.8,5.49
4038,5,1,6.4,3.9
4039,6,1,7.1,4.75
4040,3,4,6.2,7.17
4041,5,3,8.0,5.8
4042,5,4,4.5,3.6
4043,5,3,8.5,2.85
4044,1,3,0.7,4.16
4045,3,3,3.0,2.92
4046,4,4,4.2,3.85
4047,5,1,9.7,3.49
4048,5,4,5.6,5.09
4049,2,4,9.3,4.72
4050,7,3,6.2,3.52
4051,2,1,7.9,5.77
4052,7,1,0.2,5.12
4053,1,2,6.2,5.24
4054,2,2,9.2,5.23
4055,1,4,1.4,5.89
4056,6,4,9.2,5.79
4057,2,1,0.2,2.6
4058,3,4,6.2,4.8
4059,7,4,2.9,4.91
4060,5,4,4.7,3.1
4061,4,1,5.3,6.11
4062,2,0,4.0,4.4
4063,1,0,9.1,2.64
4064,4,4,2.3,3.18
4065,7,3,7.2,4.29
4066,6,4,8.0,6.95
4067,6,0,3.7,4.97
4068,1,0,0.7,6.73
4069,1,3,4.6,5.39
4070,3,3,9.5,5.79
4071,1,1,1.2,3.65
4072,3,1,0.8,3.97
4073,1,4,5.8,5.31
4074,4,3,4.8,5.99
4075,3,0,4.5,6.32
4076,5,0,2.4,5.74
4077,4,3,6.7,4.07
4078,4,1,0.3,4.24
4079,4,4,4.3,5.2
4080,4,1,4.2,7.46
4081,7,4,5.0,7.65
4082,1,3,9.5,4.34
4083,0,0,2.0,4.23
4084,4,2,8.8,4.9
4085,0,3,3.5,5.54
4086,3,3,5.3,5.52
4087,0,3,2.6,2.95
4088,5,1,5.3,3.85
4089,0,4,6.0,4.88
4090,1,2,4.2,4.33
4091,0,0,1.4,4.82
4092,3,3,6.2,2.98
4093,2,4,7.8,5.52
4094,2,2,6.2,4.07
4095,7,4,2.4,6.14
4096,2,4,9.4,7.16
4097,1,1,2.0,3.15
4098,3,1,4.1,5.87
4099,4,2,7.8,4.38
4100,1,1,8.1,4.53
4101,6,3,3.6,5.25
4102,3,4,5.4,5.87
4103,4,2,4.6,6.55
4104,2,1,9.9,6.44
4105,7,1,7.7,5.79
4106,3,1,8.2,4.47
4107,6,3,9.8,5.46
4108,1,2,9.1,4.47
4109,3,3,9.2,4.02
4110,5,1,6.5,5.41
4111,4,3,8.5,6.49
4112,7,3,7.3,5.2
4113,1,4,7.6,3.63
4114,6,3,1.5,5.7
4115,0,0,8.4,4.05
4116,7,4,4.0,5.38
4117,7,0,3.1,3.72
4118,1,3,2.0,4.5
4119,5,3,5.7,3.44
4120,0,2,6.5,4.2
4121,1,1,1.6,4.43
4122,2,3,3.0,4.63
4123,2,3,6.9,5.9
4124,4,1,0.2,4.39
4125,4,1,9.0,4.86
4126,5,0,2.9,5.75
4127,6,3,0.1,3.68
4128,5,1,3.4,5.67
4129,4,4,3.6,3.78
4130,2,4,8.4,2.77
4131,3,0,3.4,6.14
4132,3,3,4.4,6.13
4133,7,1,9.1,6.29
4134,1,2,1.7,6.52
4135,6,2,4.2,4.68
4136,5,3,1.4,5.7
4137,3,1,6.7,6.7
4138,6,1,7.9,4.48
4139,6,2,5.9,3.89
4140,2,4,6.7,3.25
4141,5,2,0.7,5.18
4142,5,2,9.9,4.91
4143,6,0,3.3,4.54
4144,1,1,7.9,5.02
4145,0,0,5.0,3.35
4146,3,3,9.6,2.65
4147,6,3,5.9,6.1
4148,5,3,7.3,7.57
4149,0,1,0.9,5.38
4150,6,1,1.6,5.78
4151,3,1,1.1,5.97
4152,5,2,9.9,1.92
4153,7,2,0.7,7.98
4154,7,1,7.9,6.4
4155,6,0,0.3,5.21
4156,0,4,6.3,7.4
4157,5,0,4.7,4.98
4158,0,3,4.6,3.95
4159,3,3,2.7,4.35
4160,6,2,7.0,2.44
4161,1,1,2.1,4.98
4162,6,1,7.0,4.57
4163,6,2,2.7,3.88
4164,4,4,5.0,6.44
4165,2,0,0.4,5.06
4166,1,1,5.4,5.74
4167,7,0,7.5,4.72
4168,1,3,0.2,5.95
4169,3,2,7.1,6.65
4170,5,1,6.5,6.22
4171,0,0,5.5,7.5
4172,2,3,2.3,3.94
4173,6,3,3.0,5.59
4174,2,3,2.1,5.91
4175,2,2,2.4,5.55
4176,4,0,7.0,5.59
4177,5,4,9.1,5.76
4178,2,1,8.4,5.73
4179,6,2,5.1,6.12
4180,1,2,7.1,4.47
4181,4,1,7.8,5.48
4182,4,4,8.5,3.49
4183,2,4,4.4,3.41
4184,0,0,7.2,6.13
4185,1,1,3.1,4.32
4186,3,1,3.5,6.61
4187,4,3,8.3,6.23
4188,4,1,6.5,7.33
4189,3,2,7.6,4.65
4190,4,3,0.4,3.36
4191,6,2,10.0,5.78
4192,1,3,2.9,4.94
4193,2,1,6.1,5.12
4194,4,0,5.8,4.48
4195,0,0,7.9,7.35
4196,6,2,2.5,6.16
4197,0,1,4.4,5.97
4198,2,1,8.3,4.97
4199,0,0,9.1,5.65
4200,1,0,2.5,7.64
4201,0,1,10.0,5.84
4202,1,1,6.9,6.15
4203,2,2,0.7,4.71
4204,6,2,7.5,6.28
4205,7,4,7.5,3.5
4206,1,2,0.1,4.48
4207,5,4,9.0,3.66
4208,2,3,7.6,5.66
4209,2,4,5.2,4.25
4210,2,3,4.4,5.77
4211,6,1,9.0,5.84
4212,4,1,3.1,6.72
4213,0,0,1.2,4.91
4214,4,2,4.2,4.79
4215,2,0,8.7,3.7
4216,7,4,8.6,2.87
4217,4,0,1.9,5.3
4218,2,3,1.0,4.36
4219,6,1,3.3,3.39
4220,4,4,0.5,2.97
4221,1,3,9.1,5.05
4222,3,1,0.6,5.36
4223,5,4,2.7,3.45
4224,5,0,2.7,5.32
4225,1,0,8.6,7.16
4226,0,2,4.0,5.18
4227,2,0,0.9,4.73
4228,6,3,5.9,5.22
4229,4,4,4.0,6.04
4230,7,1,3.2,4.21
4231,2,0,3.0,5.57
4232,1,4,0.5,4.71
4233,2,2,2.7,4.65
4234,5,3,7.6,4.65
4235,0,0,1.8,5.73
4236,3,0,2.5,6.08
4237,1,2,9.9,4.69
4238,5,0,2.0,5.11
4239,1,3,8.0,2.42
4240,6,4,5.6,4.75
4241,6,2,1.6,3.78
4242,1,0,6.0,6.23
4243,6,1,3.9,6.69
4244,5,3,5.9,5.72
4245,3,0,9.3,6.46
4246,0,0,7.0,3.49
4247,4,1,8.7,3.69
4248,1,3,3.1,4.23
4249,3,4,7.1,3.05
4250,2,0,0.0,4.28
4251,0,2,3.3,7.27
4252,6,1,3.0,5.68
4253,0,2,2.6,4.35
4254,1,3,8.8,4.72
4255,5,0,0.9,5.75
4256,5,2,5.6,7.18
4257,0,4,5.0,4.37
4258,6,3,8.7,3.94
4259,5,0,5.8,4.92
4260,2,4,8.0,2.73
4261,5,4,3.6,4.8
4262,3,2,2.3,4.55
4263,2,0,4.6,4.09
4264,4,0,9.5,4.07
4265,2,4,5.6,3.56
4266,0,1,0.9,4.79
4267,3,3,9.7,5.37
4268,6,0,3.0,4.69
4269,1,3,3.6,5.58
4270,7,4,0.9,6.14
4271,1,4,5.7,3.74
4272,0,4,9.8,4.49
4273,2,4,9.4,4.36
4274,4,2,6.7,4.54
4275,1,3,1.2,4.68
4276,3,0,1.4,4.09
4277,4,1,2.7,4.1
4278,4,2,1.5,2.82
4279,2,3,9.3,5.8
4280,0,1,4.2,4.57
4281,2,3,2.8,4.13
4282,5,4,8.2,7.12
4283,2,3,7.4,4.33
4284,1,3,9.7,3.68
4285,1,2,3.9,5.89
4286,1,2,3.6,4.03
4287,0,3,8.4,5.59
4288,5,1,3.7,3.27
4289,0,2,0.6,3.65
4290,3,2,0.9,5.81
4291,6,1,5.3,6.06
4292,1,4,7.5,6.63
4293,7,1,4.0,6.09
4294,6,4,9.1,5.86
4295,0,4,1.8,5.36
4296,0,3,9.4,7.04
4297,2,0,2.4,5.07
4298,6,0,2.7,2.61
4299,5,3,3.2,4.79
4300,3,4,2.4,5.5
4301,3,4,5.1,3.61
4302,4,4,3.6,2.81
4303,3,2,9.8,2.93
4304,0,0,9.3,5.39
4305,7,4,9.3,6.84
4306,7,3,6.0,4.61
4307,6,4,1.9,5.63
4308,5,1,0.8,5.53
4309,6,3,4.1,6.11
4310,3,2,8.6,4.09
4311,2,1,3.2,4.62
4312,3,0,7.4,6.85
4313,0,1,1.3,6.05
4314,4,1,8.7,3.91
4315,2,2,1.1,4.96
4316,4,3,2.7,3.26
4317,3,0,0.0,4.13
4318,4,4,8.8,3.42
4319,7,3,1.6,6.1
4320,3,3,3.3,4.34
4321,0,0,9.2,4.69
4322,1,4,6.1,5.31
4323,0,1,0.5,5.8
4324,0,2,3.7,5.37
4325,2,1,4.7,3.49
4326,6,3,2.1,3.58
4327,3,1,7.8,4.2
4328,0,4,5.2,5.47
4329,1,3,0.9,6.69
4330,7,0,3.7,6.41
4331,5,0,5.0,3.03
4332,6,1,5.4,3.94
4333,4,2,1.6,3.97
4334,4,3,5.4,4.31
4335,7,3,6.5,4.27
4336,2,1,5.8,5.77
4337,0,1,1.8,4.83
4338,5,0,8.8,4.57
4339,2,0,3.6,5.95
4340,3,2,6.7,5.1
4341,6,0,1.3,5.17
4342,5,3,8.4,3.6
4343,6,4,4.9,5.52
4344,6,1,3.8,5.31
4345,3,0,3.9,3.81
4346,4,2,7.7,7.52
4347,3,1,7.8,7.71
4348,1,2,5.0,6.02
4349,4,2,0.2,3.85
4350,7,0,9.4,5.8
4351,1,3,1.7,5.05
4352,3,1,3.9,7.44
4353,3,1,9.4,5.74
4354,4,1,0.7,3.65
4355,5,4,2.7,5.07
4356,6,0,9.4,3.04
4357,6,2,3.9,6.92
4358,0,2,1.6,5.68
4359,7,2,4.8,4.33
4360,1,4,5.5,3.52
4361,5,3,3.7,5.7
4362,2,4,8.2,6.64
4363,1,0,0.4,6.02
4364,4,1,8.8,4.16
4365,4,1,6.3,5.95
4366,6,1,6.7,5.72
4367,7,4,1.4,3.66
4368,3,4,1.5,6.36
4369,2,4,2.6,6.65
4370,2,1,7.1,3.25
4371,4,2,1.6,4.33
4372,4,4,3.0,5.42
4373,2,4,6.5,5.67
4374,3,4,7.4,3.65
4375,5,0,1.6,5.3
4376,7,0,6.4,3.89
4377,6,0,1.3,6.09
4378,5,0,2.7,4.99
4379,6,2,7.5,2.24
4380,4,2,5.4,4.81
4381,6,0,3.1,4.53
4382,7,1,7.2,5.42
4383,1,0,0.4,5.22
4384,2,3,0.5,2.8
4385,5,4,0.9,2.32
4386,3,3,4.8,4.75
4387,3,2,1.4,5.8
4388,5,4,1.4,7.19
4389,6,4,8.1,5.8
4390,5,1,6.4,4.2
4391,2,0,4.9,3.21
4392,7,2,1.1,5.95
4393,4,1,5.8,4.85
4394,4,4,7.0,4.73
4395,3,1,5.2,3.94
4396,5,2,9.1,4.06
4397,2,3,3.6,6.65
4398,4,2,9.2,3.55
4399,2,2,8.3,5.66
4400,6,2,1.4,6.69
4401,4,4,1.8,5.49
4402,5,2,6.7,4.63
4403,3,2,4.8,4.75
4404,5,0,2.0,5.92
4405,2,3,5.2,5.7
4406,1,4,2.4,4.8
4407,5,1,9.5,7.33
4408,7,4,7.2,4.57
4409,2,0,0.3,3.8
4410,7,3,3.0,6.64
4411,4,3,5.7,5.17
4412,1,4,3.5,5.58
4413,2,3,6.8,4.84
4414,2,3,9.7,5.16
4415,1,4,5.0,7.3
4416,1,4,8.2,5.93
4417,7,0,8.7,4.19
4418,3,4,5.3,6.44
4419,7,3,6.0,6.1
4420,1,1,6.9,5.27
4421,5,4,5.6,5.22
4422,2,0,8.5,5.07
4423,6,1,1.3,3.84
4424,1,0,3.4,7.23
4425,5,2,0.4,4.43
4426,7,1,1.3,4.67
4427,6,4,4.1,5.09
4428,6,1,5.9,5.2
4429,4,2,2.2,3.43
4430,4,4,2.8,3.12
4431,5,2,10.0,5.66
4432,6,3,8.8,5.49
4433,6,0,2.8,4.33
4434,6,4,4.7,4.28
4435,3,2,9.8,4.52
4436,5,4,6.6,5.53
4437,4,0,4.4,6.56
4438,2,1,2.7,4.66
4439,1,4,1.0,3.48
4440,0,3,2.9,6.8
4441,7,2,1.1,4.99
4442,6,0,3.4,5.78
4443,6,3,9.4,3.75
4444,0,1,5.8,5.58
4445,6,2,2.9,5.8
4446,2,1,2.0,3.55
4447,5,1,1.3,4.56
4448,2,3,3.8,4.69
4449,2,2,6.5,5.17
4450,3,3,6.2,5.14
4451,6,1,8.9,5.47
4452,4,4,6.1,5.99
4453,0,0,6.2,4.16
4454,5,3,7.3,5.69
4455,3,3,6.9,5.28
4456,3,4,3.3,5.92
4457,1,1,7.4,5.02
4458,5,2,9.4,4.34
4459,6,1,2.8,4.78
4460,1,2,6.0,6.29
4461,7,1,9.0,6.27
4462,5,1,7.6,5.92
4463,6,2,5.2,5.53
4464,4,1,8.4,4.43
4465,2,4,4.7,4.45
4466,5,1,5.4,4.7
4467,2,1,3.8,3.29
4468,2,4,5.8,4.31
4469,5,4,8.0,4.55
4470,5,2,0.0,4.72
4471,3,4,6.3,4.94
4472,6,3,9.8,5.26
4473,6,4,0.4,4.16
4474,4,1,1.4,6.03
4475,4,0,7.2,8.09
4476,0,3,8.3,6.32
4477,0,4,1.3,3.83
4478,3,4,3.2,5.61
4479,5,4,8.3,5.3
4480,4,3,4.1,3.58
4481,5,3,6.5,6.91
4482,0,0,1.7,5.69
4483,7,1,1.8,5.0
4484,0,4,2.1,6.26
4485,3,1,5.1,5.11
4486,5,3,7.2,4.13
4487,5,2,3.5,4.07
4488,7,3,5.8,4.93
4489,5,0,0.9,3.03
4490,3,4,8.0,7.72
4491,1,1,9.9,4.72
4492,2,3,6.9,4.44
4493,5,1,2.6,2.88
4494,0,2,7.4,3.06
4495,2,4,7.3,3.61
4496,0,1,8.8,5.42
4497,3,3,2.7,3.25
4498,0,0,7.8,4.95
4499,4,1,1.9,6.5
4500,3,4,8.5,5.03
4501,5,4,8.4,4.5
4502,1,2,7.7,5.75
4503,2,4,2.7,6.0
4504,5,3,9.1,3.53
4505,7,4,8.3,5.79
4506,1,0,7.3,6.07
4507,1,4,3.9,5.4
4508,6,1,8.3,5.8
4509,5,1,4.5,4.61
4510,7,2,3.3,4.73
4511,2,4,2.5,2.37
4512,0,0,2.9,6.13
4513,2,2,9.9,3.67
4514,2,3,3.9,4.97
4515,4,3,3.6,3.19
4516,1,2,1.7,2.2
4517,6,4,9.2,5.76
4518,4,4,5.2,3.66
4519,7,3,8.8,3.68
4520,0,3,0.9,4.55
4521,6,0,6.8,5.16
4522,3,3,7.5,4.95
4523,1,4,7.9,4.91
4524,5,4,7.6,3.89
4525,4,1,7.1,6.53
4526,1,2,7.6,5.26
4527,6,4,1.5,5.04
4528,1,0,9.2,3.61
4529,5,1,3.5,4.64
4530,2,3,5.5,2.95
4531,2,3,8.6,6.86
4532,6,4,6.7,5.29
4533,2,0,4.3,4.33
4534,5,1,7.1,4.87
4535,7,1,1.0,3.84
4536,2,4,8.6,6.76
4537,3,4,0.5,2.33
4538,0,4,9.2,4.08
4539,3,4,9.4,5.8
4540,7,3,0.9,6.92
4541,3,0,0.1,6.27
4542,5,0,2.1,4.85
4543,4,1,8.2,4.35
4544,7,3,4.7,5.57
4545,7,0,1.8,4.73
4546,4,0,0.7,5.37
4547,7,1,1.2,6.16
4548,0,0,8.2,4.68
4549,4,1,4.4,3.35
4550,5,3,6.7,6.37
4551,4,1,7.1,5.32
4552,6,2,8.4,4.31
4553,5,4,9.2,4.32
4554,0,2,1.0,4.22
4555,6,3,1.3,5.71
4556,2,3,5.8,4.2
4557,6,2,7.0,4.47
4558,7,1,8.1,5.51
4559,2,2,1.7,4.68
4560,3,2,8.7,4.02
4561,1,4,9.3,5.66
4562,6,2,3.1,7.06
4563,6,3,8.2,5.08
4564,2,2,5.6,5.51
4565,6,1,0.2,5.66
4566,6,4,0.4,6.11
4567,2,4,1.2,5.92
4568,6,1,8.3,5.01
4569,4,2,8.1,6.02
4570,4,1,9.5,4.24
4571,0,4,3.9,7.29
4572,6,2,4.3,5.09
4573,0,2,1.8,4.66
4574,7,2,4.4,3.09
4575,2,2,4.5,3.82
4576,7,0,8.1,5.44
4577,3,0,9.9,5.52
4578,4,3,5.2,4.3
4579,1,2,7.7,5.78
4580,1,3,7.8,4.75
4581,0,0,4.0,5.44
4582,4,1,2.7,5.49
4583,7,2,6.8,5.4
4584,0,4,7.7,5.38
4585,0,3,5.1,5.12
4586,7,3,1.2,7.57
4587,5,0,4.7,3.96
4588,0,3,9.0,3.34
4589,4,1,6.2,4.47
4590,6,4,4.0,5.73
4591,3,3,7.2,5.02
4592,4,1,3.6,5.85
4593,0,4,1.9,4.56
4594,6,2,5.5,6.0
4595,4,3,0.1,5.89
4596,4,4,3.5,4.45
4597,7,0,3.1,3.94
4598,7,4,4.0,2.79
4599,0,2,1.6,3.72
4600,4,2,5.1,4.34
4601,0,3,2.3,5.62
4602,4,1,7.4,4.56
4603,0,0,3.1,7.0
4604,3,4,5.5,3.43
4605,6,0,7.3,6.1
4606,4,2,5.4,4.04
4607,6,0,9.8,3.43
4608,3,2,5.2,3.99
4609,0,4,9.1,3.31
4610,5,2,8.6,5.56
4611,5,2,3.9,5.78
4612,7,1,3.9,4.35
4613,0,3,7.0,6.35
4614,2,0,3.3,6.7
4615,4,0,6.4,4.7
4616,1,2,2.1,7.19
4617,3,4,1.1,5.82
4618,3,2,2.9,4.93
4619,7,2,9.2,5.45
4620,3,1,8.8,5.31
4621,2,0,1.6,2.98
4622,2,4,2.1,3.62
4623,1,0,2.6,5.24
4624,2,2,8.4,3.94
4625,5,4,1.6,7.16
4626,7,4,0.8,4.64
4627,7,4,2.6,7.01
4628,2,2,9.2,4.54
4629,7,2,0.2,6.78
4630,0,4,2.7,5.09
4631,3,1,1.5,2.99
4632,4,1,8.8,5.1
4633,0,0,4.6,3.52
4634,5,4,9.4,6.67
4635,1,4,4.6,4.73
4636,7,4,8.7,5.82
4637,2,4,0.4,4.47
4638,4,0,8.6,5.69
4639,2,1,5.2,5.01
4640,5,3,3.2,6.51
4641,6,3,2.3,4.85
4642,0,3,2.9,3.7
4643,3,4,8.3,4.0
4644,1,1,3.8,3.93
4645,3,3,7.5,5.35
4646,6,2,5.5,3.15
4647,1,4,7.8,5.36
4648,6,1,3.3,6.69
4649,6,3,5.3,5.75
4650,2,1,9.8,5.25
4651,4,0,7.7,4.7
4652,7,2,3.4,5.47
4653,4,0,2.9,5.15
4654,4,3,4.7,5.04
4655,7,4,8.8,6.44
4656,6,0,0.1,6.36
4657,1,2,8.6,5.7
4658,4,0,5.3,3.14
4659,1,1,1.6,5.04
4660,1,1,3.5,4.71
4661,3,3,1.8,5.57
4662,1,3,5.8,6.56
4663,0,3,3.1,3.66
4664,7,1,9.6,4.74
4665,1,4,0.1,5.42
4666,5,4,7.2,3.88
4667,2,1,4.6,4.15
4668,2,0,0.4,4.6
4669,3,0,6.2,7.53
4670,4,2,4.5,6.06
4671,5,1,3.6,4.39
4672,1,4,5.1,5.73
4673,0,2,9.6,6.07
4674,3,0,5.0,2.07
4675,3,3,2.5,5.72
4676,5,1,9.7,5.63
4677,7,2,9.7,5.77
4678,0,4,0.4,5.37
4679,3,4,0.2,3.99
4680,3,1,6.2,5.7
4681,5,1,0.6,2.29
4682,2,4,8.0,4.4
4683,0,1,0.3,5.9
4684,5,0,5.7,6.1
4685,3,0,9.6,5.31
4686,5,0,7.8,5.91
4687,0,4,3.9,3.8
4688,6,3,1.9,3.75
4689,6,3,1.0,2.96
4690,2,3,0.5,5.82
4691,3,1,4.7,3.88
4692,0,1,6.3,4.69
4693,1,0,0.4,5.68
4694,1,0,6.8,5.81
4695,3,0,5.8,3.64
4696,2,3,7.8,7.57
4697,3,0,5.3,4.05
4698,3,4,5.8,5.58
4699,2,4,1.7,5.52
4700,7,1,0.7,3.09
4701,4,0,4.5,3.43
4702,1,3,8.8,4.4
4703,7,2,9.7,4.66
4704,1,1,9.7,5.84
4705,1,2,5.5,4.48
4706,7,0,3.8,6.06
4707,4,3,4.4,7.09
4708,7,0,7.2,4.57
4709,1,1,8.5,4.71
4710,1,3,3.8,4.1
4711,7,2,9.2,4.1
4712,5,0,3.4,6.26
4713,5,4,6.0,4.28
4714,6,1,6.9,5.87
4715,3,4,2.8,4.81
4716,7,2,9.5,5.91
4717,1,2,6.8,5.71
4718,6,1,4.2,5.09
4719,5,2,2.0,5.51
4720,6,4,9.6,6.35
4721,6,0,1.5,3.0
4722,3,2,7.3,3.46
4723,4,1,0.2,5.5
4724,2,3,3.5,1.79
4725,4,3,2.2,4.46
4726,4,3,4.2,7.55
4727,1,1,10.0,3.81
4728,7,4,0.3,5.97
4729,0,3,5.6,4.26
4730,6,2,8.4,6.26
4731,3,0,0.0,5.09
4732,1,4,1.9,3.07
4733,6,2,1.8,2.61
4734,6,4,9.0,3.59
4735,2,3,9.0,5.78
4736,1,2,6.2,4.44
4737,3,3,5.4,4.87
4738,7,0,9.4,5.46
4739,3,0,5.6,5.41
4740,3,3,2.6,4.53
4741,2,1,3.3,4.33
4742,6,1,4.2,4.16
4743,7,1,6.1,4.54
4744,3,1,3.6,6.57
4745,6,1,7.9,5.72
4746,6,4,3.5,5.28
4747,6,3,2.6,3.51
4748,5,3,6.4,3.45
4749,1,2,7.2,4.5
4750,2,0,8.7,5.68
4751,1,0,7.6,4.17
4752,5,1,1.2,3.19
4753,6,0,5.0,5.68
4754,1,0,4.4,6.4
4755,1,3,1.9,5.59
4756,6,0,10.0,2.78
4757,6,0,1.5,3.03
4758,7,0,4.3,6.79
4759,3,3,4.3,3.83
4760,1,3,0.3,4.35
4761,5,2,4.1,3.28
4762,6,2,9.6,2.52
4763,4,2,4.8,5.84
4764,7,4,6.7,4.78
4765,1,0,8.5,4.23
4766,6,4,0.7,7.04
4767,2,4,4.4,4.31
4768,5,0,7.6,6.51
4769,6,4,0.5,2.47
4770,2,0,4.6,4.53
4771,5,1,9.5,5.62
4772,0,3,9.2,5.72
4773,2,2,5.7,5.58
4774,1,3,5.3,6.0
4775,4,4,7.7,3.34
4776,3,2,7.3,4.17
4777,3,0,4.7,4.94
4778,6,4,1.7,5.41
4779,5,0,9.9,3.29
4780,2,1,8.6,6.39
4781,6,3,5.0,6.21
4782,2,1,0.7,5.49
4783,1,3,0.2,7.2
4784,4,0,3.6,4.7
4785,3,2,2.4,3.09
4786,7,2,1.2,4.1
4787,6,1,1.4,3.47
4788,6,3,9.7,4.77
4789,2,3,6.4,4.17
4790,5,0,5.5,4.84
4791,3,1,7.5,4.9
4792,7,1,3.9,6.52
4793,2,1,1.5,5.78
4794,1,1,3.8,3.78
4795,5,1,7.4,3.68
4796,4,2,6.9,4.22
4797,0,3,0.7,7.04
4798,7,2,2.8,3.77
4799,1,4,6.5,8.15
4800,7,0,9.5,6.59
4801,3,3,7.7,4.48
4802,1,4,4.3,3.87
4803,7,4,4.9,4.81
4804,1,4,7.1,3.52
4805,0,2,2.3,4.22
4806,4,3,7.7,3.73
4807,0,4,7.4,5.85
4808,3,1,3.4,5.97
4809,4,2,3.2,4.77
4810,5,3,2.5,3.32
4811,5,1,3.7,6.01
4812,0,2,4.3,3.23
4813,6,0,0.4,5.94
4814,3,0,10.0,5.36
4815,5,0,9.3,4.23
4816,5,0,1.7,6.95
4817,1,3,8.5,4.18
4818,0,4,8.1,5.77
4819,2,2,2.7,5.05
4820,2,2,9.8,2.62
4821,5,4,2.7,5.21
4822,5,0,9.4,3.97
4823,1,0,4.5,4.55
4824,7,0,4.6,4.85
4825,1,2,8.2,4.73
4826,1,4,6.8,6.04
4827,0,0,5.0,3.51
4828,5,1,2.2,4.31
4829,6,3,8.4,4.28
4830,2,4,9.3,3.75
4831,0,1,5.6,2.95
4832,3,0,7.1,6.51
4833,6,3,9.7,2.61
4834,0,4,1.6,3.0
4835,7,0,1.2,6.23
4836,0,3,0.9,5.49
4837,1,4,9.6,3.41
4838,5,4,7.5,5.48
4839,6,0,7.4,3.73
4840,2,2,5.2,3.09
4841,1,3,5.5,4.43
4842,7,4,8.8,4.58
4843,1,0,9.5,3.84
4844,6,2,0.7,4.64
4845,1,3,5.6,4.99
4846,7,3,7.3,4.52
4847,2,0,5.2,6.6
4848,2,2,9.9,4.91
4849,1,4,5.0,3.15
4850,7,3,9.9,6.2
4851,0,0,5.4,5.14
4852,2,0,4.8,5.71
4853,0,3,9.0,5.78
4854,3,4,5.4,5.15
4855,2,1,5.4,4.8
4856,1,0,0.6,2.17
4857,5,1,8.0,4.95
4858,3,4,4.8,5.71
4859,2,3,4.0,2.25
4860,6,1,7.2,5.22
4861,3,3,5.0,5.21
4862,4,2,8.3,5.43
4863,4,4,1.8,4.21
4864,6,2,6.0,4.61
4865,2,1,7.9,5.58
4866,1,2,9.2,2.58
4867,7,3,9.9,4.29
4868,2,0,7.7,3.95
4869,1,3,3.4,7.88
4870,5,0,0.7,7.02
4871,4,3,8.6,5.27
4872,3,4,3.7,7.39
4873,1,4,3.5,5.09
4874,3,1,4.9,6.4
4875,4,0,3.0,7.45
4876,3,4,1.6,5.64
4877,7,4,1.5,3.88
4878,0,0,1.9,3.57
4879,4,0,0.1,5.39
4880,3,2,8.5,6.35
4881,5,1,8.3,4.77
4882,6,3,3.2,6.44
4883,3,1,9.9,3.14
4884,6,3,1.7,3.83
4885,2,0,7.1,5.02
4886,6,0,0.3,4.52
4887,5,3,4.5,3.72
4888,5,3,6.3,4.96
4889,3,2,3.5,5.29
4890,4,4,2.4,2.59
4891,2,3,8.2,4.73
4892,4,4,0.3,4.76
4893,6,3,7.8,5.15
4894,6,1,7.9,4.22
4895,0,0,3.8,5.41
4896,5,3,5.0,4.9
4897,0,0,4.3,4.51
4898,1,0,6.6,5.28
4899,5,0,3.8,5.08
4900,7,0,5.3,5.99
4901,0,1,0.3,3.05
4902,4,0,4.0,4.57
4903,6,3,4.3,5.76
4904,2,1,5.5,3.93
4905,0,4,1.8,3.86
4906,4,4,6.0,6.44
4907,1,3,1.1,4.59
4908,4,0,8.3,4.47
4909,5,0,4.6,2.34
4910,1,3,4.0,4.19
4911,5,4,2.8,5.8
4912,6,2,1.0,6.26
4913,0,0,7.3,6.35
4914,1,1,1.8,6.37
4915,5,3,1.5,4.53
4916,0,3,6.8,4.39
4917,6,1,1.4,5.92
4918,5,0,9.5,2.65
4919,3,4,0.3,4.74
4920,6,1,9.0,6.12
4921,0,0,4.8,3.3
4922,5,2,10.0,4.06
4923,3,4,3.7,6.65
4924,6,0,0.8,5.37
4925,1,3,3.6,5.45
4926,0,4,2.8,4.92
4927,0,3,5.5,6.59
4928,3,2,7.2,6.08
4929,5,4,9.8,6.53
4930,4,3,1.9,1.63
4931,5,4,9.1,4.64
4932,2,3,3.7,3.84
4933,1,2,5.1,5.63
4934,1,3,6.7,4.87
4935,5,4,7.1,6.19
4936,4,4,3.5,6.32
4937,1,2,5.8,5.48
4938,0,1,6.0,3.22
4939,4,1,0.3,5.12
4940,3,0,5.8,5.22
4941,6,3,9.2,5.75
4942,0,4,6.7,4.54
4943,7,1,4.1,5.31
4944,3,1,2.3,1.78
4945,6,2,5.6,5.52
4946,4,4,0.9,4.12
4947,4,2,0.4,6.22
4948,6,1,1.3,3.93
4949,3,2,7.7,5.46
4950,2,1,0.8,5.33
4951,2,3,7.4,3.93
4952,3,1,4.6,3.97
4953,4,4,2.9,2.94
4954,7,2,2.0,4.67
4955,0,0,9.6,6.95
4956,0,3,3.4,6.04
4957,4,2,9.8,3.57
4958,7,1,4.0,6.8
4959,5,0,4.5,5.68
4960,0,3,9.5,6.27
4961,6,1,7.2,4.27
4962,0,4,5.5,4.74
4963,6,0,6.0,6.48
4964,5,3,2.0,4.05
4965,2,0,5.6,3.83
4966,6,4,0.9,5.01
4967,3,2,4.9,5.97
4968,5,1,6.9,6.52
4969,6,3,8.6,4.85
4970,1,3,3.2,5.67
4971,1,3,0.1,6.31
4972,0,2,10.0,4.15
4973,3,3,0.4,4.95
4974,3,4,4.4,5.92
4975,1,0,10.0,3.97
4976,0,2,8.8,3.95
4977,2,0,2.4,5.18
4978,1,3,2.6,4.85
4979,0,0,1.5,3.07
4980,6,0,9.7,6.53
4981,4,0,0.8,4.56
4982,3,2,2.7,5.49
4983,4,3,9.8,4.94
4984,2,1,2.7,6.17
4985,7,3,7.0,4.91
4986,5,2,3.4,5.29
4987,3,2,4.2,5.21
4988,7,0,6.6,5.3
4989,7,0,2.6,5.31
4990,2,0,4.7,4.32
4991,5,4,2.7,3.87
4992,7,3,2.5,2.74
4993,4,2,2.4,5.34
4994,7,4,3.5,3.47
4995,1,0,3.4,4.32
4996,5,2,5.8,6.58
4997,3,3,9.6,6.65
4998,2,3,6.6,4.11
4999,5,2,5.9,5.49
5000,6,2,6.3,4.44
5001,2,0,1.2,5.87
5002,4,4,4.3,6.64
5003,7,2,0.6,4.82
5004,6,4,1.8,5.7
5005,4,4,0.7,4.32
5006,5,2,0.2,5.28
5007,7,1,5.4,3.21
5008,1,0,1.4,6.89
5009,2,0,7.9,3.75
5010,2,2,4.2,4.9
5011,5,4,3.7,5.39
5012,5,0,4.8,5.55
5013,0,0,3.3,5.71
5014,2,0,8.8,3.73
5015,1,2,1.5,5.57
5016,3,3,2.3,4.19
5017,7,3,9.8,6.99
5018,6,0,1.0,5.55
5019,5,4,4.8,4.33
5020,6,0,4.6,5.18
5021,3,1,9.5,2.29
5022,2,2,5.7,4.45
5023,0,2,3.7,4.65
5024,0,3,1.1,5.35
5025,0,0,5.4,5.28
5026,2,4,7.3,5.56
5027,6,3,6.8,3.0
5028,3,1,0.9,6.24
5029,4,4,9.3,3.84
5030,1,1,3.4,3.16
5031,2,4,4.7,5.66
5032,4,3,4.2,4.52
5033,5,3,6.2,4.85
5034,0,2,2.6,6.69
5035,7,1,2.8,4.95
5036,1,2,3.9,6.47
5037,1,0,8.8,2.79
5038,7,3,6.9,5.68
5039,3,1,1.9,4.22
5040,2,1,9.3,4.41
5041,6,2,1.0,3.89
5042,7,1,2.4,7.86
5043,2,2,5.7,2.61
5044,7,0,5.6,4.79
5045,7,3,9.5,3.94
5046,6,2,4.5,3.17
5047,7,0,6.5,4.83
5048,1,0,5.9,4.5
5049,5,3,9.9,6.02
5050,7,2,6.2,3.47
5051,4,3,0.1,6.08
5052,5,4,6.6,3.72
5053,2,4,4.0,5.18
5054,4,0,7.5,6.03
5055,3,2,9.2,3.97
5056,2,3,9.7,3.27
5057,4,4,7.5,3.64
5058,7,4,7.5,6.33
5059,6,2,0.6,6.62
5060,1,1,2.4,3.64
5061,5,3,4.0,5.15
5062,6,4,5.0,4.66
5063,2,3,5.6,3.9
5064,5,1,1.2,5.52
5065,6,0,4.2,4.54
5066,6,4,2.9,5.02
5067,0,0,2.1,5.75
5068,1,3,9.1,3.9
5069,4,0,8.0,2.61
5070,6,3,7.9,4.27
5071,2,1,2.4,5.05
5072,7,4,9.9,7.06
5073,2,3,0.2,5.72
5074,1,0,9.4,6.04
5075,1,4,7.9,4.04
5076,7,0,8.1,3.69
5077,4,4,6.6,4.78
5078,0,3,8.4,3.01
5079,5,0,9.8,5.44
5080,3,4,1.6,3.3
5081,5,3,8.6,4.31
5082,5,4,4.5,2.79
5083,3,3,2.9,5.24
5084,1,4,9.2,6.97
5085,2,2,5.7,2.76
5086,3,0,4.5,4.94
5087,0,2,4.3,6.54
5088,4,0,4.3,7.37
5089,4,3,3.8,5.92
5090,0,1,5.4,5.56
5091,1,2,6.8,5.42
5092,6,1,2.4,4.36
5093,7,4,2.5,5.26
5094,0,2,8.2,5.48
5095,1,2,6.8,3.56
5096,0,0,8.5,3.36
5097,0,4,4.4,5.03
5098,1,1,0.3,6.93
5099,2,1,6.2,4.84
5100,6,4,4.4,5.84
5101,4,1,3.8,5.06
5102,6,0,5.0,3.95
5103,2,4,1.0,4.76
5104,3,1,8.4,5.69
5105,5,0,2.8,3.44
5106,0,4,8.1,4.44
5107,3,0,0.4,4.28
5108,0,1,9.5,2.56
5109,4,0,6.4,5.42
5110,1,1,6.1,5.0
5111,7,3,9.9,3.65
5112,3,3,0.9,3.99
5113,1,2,8.8,5.87
5114,0,1,6.8,3.97
5115,3,1,5.4,5.19
5116,6,0,9.8,4.12
5117,1,0,6.1,5.25
5118,1,3,8.2,6.0
5119,5,2,4.3,5.59
5120,3,2,8.9,4.04
5121,6,0,2.4,5.15
5122,6,2,3.4,2.73
5123,4,2,4.3,5.09
5124,0,1,6.3,4.78
5125,0,1,1.2,5.21
5126,3,1,8.9,5.79
5127,7,3,5.1,3.0
5128,6,4,5.1,5.52
5129,6,1,7.2,6.29
5130,7,2,7.8,4.89
5131,1,3,5.1,5.03
5132,2,0,0.4,5.41
5133,2,3,0.9,4.5
5134,0,1,3.1,5.09
5135,7,0,7.2,5.0
5136,3,3,6.6,3.87
5137,3,3,9.5,5.44
5138,6,1,3.4,6.31
5139,4,3,4.1,3.0
5140,3,1,3.8,5.72
5141,5,3,1.2,6.26
5142,1,1,5.9,5.84
5143,5,1,7.9,5.15
5144,7,2,6.3,4.57
5145,2,4,2.0,6.02
5146,6,3,0.0,4.11
5147,2,2,0.9,5.1
5148,6,4,0.5,3.72
5149,5,4,3.7,4.67
5150,0,1,7.6,3.16
5151,7,0,3.9,5.56
5152,6,3,6.7,5.48
5153,2,0,1.9,5.73
5154,5,3,5.2,3.79
5155,0,2,3.4,3.37
5156,0,4,8.2,5.22
5157,3,1,4.9,6.43
5158,0,4,6.0,2.14
5159,4,2,9.0,6.39
5160,0,4,3.1,6.23
5161,7,2,8.1,6.54
5162,2,3,4.1,4.09
5163,1,2,7.9,5.49
5164,3,0,3.2,6.44
5165,2,0,8.6,5.21
5166,2,3,1.5,5.12
5167,0,3,7.2,3.96
5168,2,3,4.4,6.4
5169,3,1,4.9,4.85
5170,4,0,8.1,5.66
5171,3,0,5.4,4.56
5172,2,1,5.6,4.62
5173,5,3,6.8,7.35
5174,5,2,0.9,4.67
5175,1,4,7.8,5.46
5176,3,4,1.1,3.06
5177,2,0,0.7,1.61
5178,6,1,5.0,5.42
5179,3,0,6.1,5.12
5180,3,1,1.3,1.61
5181,6,1,10.0,5.08
5182,1,4,1.8,3.45
5183,4,1,2.6,6.97
5184,6,1,6.9,4.89
5185,6,4,9.5,4.86
5186,6,3,7.0,7.19
5187,2,4,0.9,3.85
5188,4,3,8.6,5.42
5189,0,4,2.0,3.14
5190,4,0,8.5,5.61
5191,0,1,0.5,3.3
5192,2,0,2.6,3.97
5193,7,1,0.9,4.67
5194,5,2,2.2,4.11
5195,6,1,5.6,3.63
5196,0,1,8.5,3.53
5197,6,4,8.7,5.39
5198,5,4,5.7,6.27
5199,0,3,1.0,6.43
5200,2,4,5.9,3.8
5201,6,3,4.4,1.62
5202,4,1,3.6,4.87
5203,2,4,3.0,2.69
5204,4,3,7.8,6.19
5205,6,3,4.6,4.86
5206,4,2,7.5,4.8
5207,6,1,0.4,5.28
5208,3,3,6.8,4.63
5209,0,3,2.6,6.75
5210,2,3,3.4,5.88
5211,2,2,4.4,3.55
5212,0,4,8.9,5.02
5213,6,1,5.3,5.79
5214,7,0,5.8,3.06
5215,6,0,7.8,2.35
5216,5,3,9.0,5.67
5217,0,3,1.3,4.48
5218,0,3,7.9,5.74
5219,0,3,2.3,3.33
5220,0,3,0.7,3.85
5221,1,1,7.4,4.93
5222,2,1,6.8,3.78
5223,6,3,0.9,4.3
5224,4,0,8.2,4.83
5225,5,1,0.8,5.35
5226,1,1,7.1,5.84
5227,7,1,3.1,4.83
5228,0,4,5.1,2.59
5229,2,2,0.3,3.87
5230,4,0,8.2,4.6
5231,3,4,8.3,2.22
5232,4,1,3.3,6.6
5233,4,0,0.5,5.3
5234,7,3,8.4,4.08
5235,4,2,7.2,5.64
5236,5,1,6.7,6.23
5237,7,0,9.4,4.67
5238,6,3,1.8,6.14
5239,0,3,2.9,5.54
5240,2,1,9.1,4.55
5241,1,4,0.8,5.33
5242,7,2,5.5,5.68
5243,0,2,0.4,5.36
5244,2,3,2.9,4.43
5245,5,1,9.5,6.14
5246,7,0,5.8,4.89
5247,3,0,5.8,4.6
5248,0,4,6.5,7.55
5249,0,1,3.8,4.89
5250,3,2,3.4,5.69
5251,7,2,8.8,5.03
5252,1,4,9.8,5.26
5253,4,3,8.1,5.01
5254,2,4,0.1,6.25
5255,5,3,6.0,6.22
5256,4,3,8.4,3.24
5257,6,4,5.0,4.91
5258,2,0,0.8,5.36
5259,1,3,9.3,5.09
5260,3,4,5.7,3.52
5261,0,1,8.7,5.48
5262,6,2,2.3,2.69
5263,7,3,2.1,5.85
5264,1,2,2.2,3.58
5265,1,3,8.2,6.8
5266,4,0,2.7,6.06
5267,5,4,6.3,6.66
5268,3,3,7.6,5.87
5269,5,0,9.7,6.14
5270,5,0,4.4,5.8
5271,7,0,7.4,4.68
5272,7,1,9.6,3.89
5273,2,2,0.7,4.4
5274,4,4,4.6,3.02
5275,2,2,6.3,4.29
5276,5,2,5.5,6.73
5277,0,1,4.9,4.01
5278,2,2,9.9,4.08
5279,2,4,7.5,5.55
5280,2,4,8.6,3.89
5281,6,4,3.2,4.24
5282,6,3,5.7,4.47
5283,5,4,5.6,4.09
5284,4,2,0.8,5.64
5285,6,1,7.3,5.7
5286,2,3,2.6,4.88
5287,1,3,3.1,4.54
5288,2,1,7.0,6.88
5289,2,2,3.6,3.37
5290,6,2,6.9,4.69
5291,0,1,3.5,4.96
5292,6,2,9.9,6.18
5293,4,0,7.3,4.86
5294,0,0,0.6,7.7
5295,5,2,7.1,3.96
5296,4,0,0.4,5.82
5297,1,2,9.8,4.6
5298,6,4,2.4,5.78
5299,6,2,8.3,4.23
5300,3,2,1.6,5.86
5301,2,2,8.8,5.8
5302,2,1,7.0,5.74
5303,0,3,4.2,5.62
5304,1,4,8.8,3.49
5305,1,4,8.9,5.21
5306,6,4,7.1,5.76
5307,7,2,5.5,4.87
5308,7,4,4.0,5.16
5309,2,3,3.4,3.43
5310,7,1,0.7,7.24
5311,1,2,7.5,5.48
5312,3,0,5.0,6.67
5313,6,0,8.9,5.34
5314,7,3,9.8,6.63
5315,7,3,2.8,5.82
5316,6,2,6.7,4.95
5317,2,1,3.3,6.33
5318,6,0,0.3,4.77
5319,7,4,5.1,4.64
5320,6,4,6.8,4.94
5321,7,0,6.7,4.4
5322,2,1,8.6,4.57
5323,4,2,1.8,7.03
5324,4,1,9.3,4.72
5325,7,0,6.5,4.83
5326,6,3,6.8,4.21
5327,3,4,7.7,7.11
5328,6,1,8.2,4.75
5329,6,2,6.8,7.67
5330,0,1,0.6,5.21
5331,2,1,8.4,2.9
5332,6,1,1.8,4.98
5333,3,0,7.9,7.64
5334,3,3,1.2,5.69
5335,6,2,2.0,2.93
5336,6,2,3.5,5.49
5337,3,4,8.1,5.34
5338,6,4,8.5,5.37
5339,5,4,3.3,3.85
5340,2,2,8.8,4.42
5341,0,2,4.5,4.31
5342,3,0,4.0,5.89
5343,0,1,0.4,4.69
5344,1,0,8.5,5.03
5345,2,3,3.9,3.31
5346,1,2,9.3,5.07
5347,1,3,5.2,3.91
5348,3,1,8.7,3.91
5349,3,4,8.7,4.87
5350,0,0,2.6,5.56
5351,3,0,0.4,4.5
5352,3,2,1.6,4.29
5353,3,1,2.7,3.92
5354,2,3,8.2,3.55
5355,1,1,9.7,4.23
5356,5,3,0.3,5.93
5357,7,1,2.1,1.93
5358,0,4,3.6,7.34
5359,0,1,2.2,6.2
5360,3,1,3.3,7.18
5361,0,4,4.5,6.58
5362,6,0,9.1,5.72
5363,6,0,7.8,7.68
5364,3,4,9.9,3.51
5365,5,2,0.7,4.29
5366,3,1,7.0,5.01
5367,1,4,10.0,4.51
5368,6,2,8.4,3.51
5369,1,2,4.3,4.54
5370,6,3,8.3,6.21
5371,7,4,6.3,3.18
5372,5,3,9.1,4.54
5373,5,4,6.0,3.94
5374,1,0,9.4,5.33
5375,1,0,0.5,3.96
5376,2,4,5.3,4.32
5377,1,2,1.6,4.65
5378,5,3,9.2,5.84
5379,3,2,1.5,7.21
5380,3,1,2.9,5.19
5381,3,4,2.4,6.59
5382,5,0,9.9,4.42
5383,4,2,9.3,7.7
5384,2,4,4.4,4.03
5385,4,3,1.5,5.82
5386,2,0,6.8,3.4
5387,6,3,4.7,7.44
5388,2,0,6.9,3.89
5389,3,4,2.0,4.07
5390,3,2,6.6,5.1
5391,6,0,3.8,5.3
5392,5,4,8.3,3.85
5393,1,4,6.7,4.11
5394,5,3,2.5,4.3
5395,4,0,4.5,5.45
5396,0,2,5.6,5.65
5397,3,4,5.8,5.06
5398,0,4,4.1,5.19
5399,6,4,1.3,4.98
5400,5,0,3.7,6.48
5401,2,0,7.7,5.33
5402,4,2,5.5,4.43
5403,0,2,3.2,6.47
5404,6,4,8.0,4.57
5405,0,2,9.5,6.6
5406,0,1,4.6,6.59
5407,5,2,6.4,5.02
5408,5,4,9.3,6.26
5409,3,3,1.4,4.77
5410,7,2,2.8,3.97
5411,1,2,9.4,3.85
5412,6,4,0.1,4.9
5413,0,4,6.3,4.13
5414,4,1,6.2,4.06
5415,3,1,6.2,5.56
5416,0,2,5.4,4.42
5417,2,3,4.2,4.04
5418,7,2,6.9,5.61
5419,0,4,3.0,5.85
5420,6,1,3.0,5.88
5421,7,0,8.8,2.91
5422,0,1,3.8,3.89
5423,3,2,7.1,3.88
5424,6,0,4.9,5.19
5425,1,1,2.5,3.6
5426,4,1,5.1,6.8
5427,1,0,2.3,2.66
5428,1,1,5.6,4.88
5429,4,0,4.9,8.24
5430,2,3,1.5,4.03
5431,6,3,4.1,5.99
5432,4,2,1.6,4.2
5433,2,3,5.7,5.6
5434,5,3,2.8,5.74
5435,2,4,8.3,2.92
5436,7,1,7.8,6.07
5437,2,4,1.5,3.92
5438,2,0,3.1,5.68
5439,0,0,6.1,3.84
5440,1,1,1.3,5.49
5441,6,0,9.6,6.15
5442,0,4,7.7,6.07
5443,1,4,2.3,4.17
5444,3,3,3.1,3.98
5445,6,4,7.1,4.05
5446,6,2,6.5,6.48
5447,1,2,10.0,4.68
5448,3,4,3.9,4.73
5449,7,4,4.7,5.59
5450,4,3,7.4,4.41
5451,0,2,1.8,3.49
5452,3,0,0.2,6.35
5453,1,0,1.1,3.79
5454,4,4,1.5,2.56
5455,3,3,7.8,7.1
5456,3,0,9.9,5.4
5457,6,2,2.7,5.97
5458,1,4,4.5,3.52
5459,6,2,4.9,3.46
5460,6,1,8.6,5.71
5461,2,3,1.1,5.83
5462,4,4,6.6,4.57
5463,4,4,3.5,3.2
5464,2,1,7.6,4.24
5465,6,2,2.5,6.01
5466,5,1,2.6,5.2
5467,6,4,3.9,5.9
5468,3,4,4.5,6.34
5469,2,0,0.8,2.59
5470,3,0,0.3,5.77
5471,0,3,5.0,6.44
5472,6,3,7.0,4.05
5473,0,0,9.3,4.3
5474,2,2,5.6,4.59
5475,2,1,2.6,3.07
5476,5,0,6.6,7.03
5477,2,4,2.7,4.9
5478,0,3,0.0,5.03
5479,1,1,6.7,2.64
5480,4,1,6.9,7.84
5481,3,1,3.2,4.27
5482,2,0,7.4,6.94
5483,3,3,6.6,6.15
5484,4,3,9.3,3.69
5485,4,0,5.3,5.54
5486,6,3,1.8,5.8
5487,7,1,1.2,4.41
5488,6,4,8.6,4.25
5489,0,1,6.7,4.39
5490,1,2,4.6,2.63
5491,0,4,6.2,5.86
5492,5,4,6.4,6.1
5493,2,0,7.2,3.85
5494,5,0,9.2,3.15
5495,3,4,1.0,5.55
5496,3,1,9.6,6.78
5497,0,1,6.4,7.6
5498,7,2,9.7,5.43
5499,7,4,8.6,6.39
5500,2,1,0.8,6.06
5501,7,4,2.0,3.94
5502,0,0,1.5,4.18
5503,4,1,2.5,5.24
5504,6,2,6.9,3.38
5505,6,4,2.4,4.3
5506,3,0,4.3,5.09
5507,2,4,2.7,5.04
5508,3,2,8.7,5.36
5509,0,3,0.9,4.45
5510,1,2,0.3,3.04
5511,7,4,1.1,5.18
5512,3,0,6.5,5.53
5513,7,3,5.2,5.72
5514,1,4,3.0,5.0
5515,4,3,6.8,5.81
5516,7,0,4.7,5.08
5517,4,3,4.1,4.64
5518,0,3,9.9,3.28
5519,0,1,9.5,4.75
5520,2,0,5.4,3.55
5521,0,2,3.5,4.59
5522,5,1,8.0,4.4
5523,0,2,0.3,3.95
5524,4,1,7.2,4.93
5525,0,0,1.6,5.6
5526,4,3,10.0,6.4
5527,4,1,3.0,4.69
5528,4,4,4.3,4.48
5529,4,4,8.1,1.58
5530,3,1,5.2,5.74
5531,7,3,9.3,3.96
5532,7,3,4.6,5.26
5533,3,0,2.1,5.5
5534,2,1,5.1,6.3
5535,5,3,5.4,5.79
5536,3,0,8.4,5.17
5537,3,1,8.8,4.68
5538,6,4,5.8,5.58
5539,0,2,8.8,6.8
5540,3,2,8.6,5.86
5541,6,0,9.4,3.8
5542,5,4,5.7,6.64
5543,0,4,9.6,5.0
5544,1,1,0.5,5.78
5545,0,2,7.9,6.33
5546,3,2,8.1,3.55
5547,2,1,0.6,5.9
5548,4,1,9.2,4.07
5549,2,2,8.7,5.16
5550,7,3,6.8,7.08
5551,5,0,6.6,2.77
5552,6,4,2.4,3.02
5553,1,0,7.9,5.33
5554,0,0,3.7,7.8
5555,7,1,7.1,3.88
5556,3,1,4.4,5.47
5557,3,1,2.7,4.73
5558,2,4,7.6,5.85
5559,6,4,4.5,5.21
5560,2,2,0.0,5.01
5561,6,1,3.7,3.38
5562,4,1,0.8,5.63
5563,7,4,5.1,5.08
5564,1,3,5.9,5.05
5565,1,2,7.3,7.32
5566,2,2,9.5,4.68
5567,1,0,5.4,4.5
5568,7,0,1.6,6.24
5569,3,4,9.0,5.25
5570,4,0,2.4,5.97
5571,6,4,7.5,3.34
5572,1,4,7.3,6.09
5573,7,0,8.2,6.11
5574,5,3,7.7,5.61
5575,2,0,0.3,2.18
5576,3,0,4.3,6.06
5577,7,2,1.2,7.76
5578,5,2,5.8,5.15
5579,7,3,3.6,4.8
5580,3,1,8.8,4.88
5581,2,3,2.6,4.77
5582,1,2,8.0,4.83
5583,2,0,3.6,5.01
5584,5,1,1.6,7.02
5585,6,1,2.9,4.43
5586,3,3,7.4,5.99
5587,5,1,9.8,5.04
5588,4,0,1.9,4.61
5589,0,2,3.9,2.85
5590,3,0,5.7,3.76
5591,7,3,9.0,5.87
5592,1,3,7.1,6.15
5593,2,4,7.1,6.2
5594,0,4,6.0,4.69
5595,0,3,5.3,3.98
5596,4,0,2.9,4.18
5597,0,2,7.5,3.89
5598,0,1,6.3,3.0
5599,2,4,8.5,4.61
5600,1,1,4.9,5.17
5601,3,1,4.8,2.24
5602,4,4,6.3,5.5
5603,4,0,3.3,7.62
5604,4,1,2.4,3.52
5605,6,0,5.1,4.41
5606,5,4,0.2,4.52
5607,5,0,7.7,5.83
5608,0,1,0.7,3.25
5609,7,1,9.6,5.57
5610,6,1,9.9,6.26
5611,3,2,5.4,3.73
5612,4,4,2.4,4.8
5613,1,2,3.5,5.71
5614,7,0,9.8,6.11
5615,3,3,6.1,7.15
5616,0,2,1.1,7.65
5617,3,4,7.4,6.06
5618,1,2,4.0,3.83
5619,0,0,7.2,4.21
5620,2,4,6.8,5.11
5621,3,2,8.8,5.99
5622,5,3,8.6,3.59
5623,3,3,5.7,5.3
5624,3,0,9.5,7.13
5625,3,3,6.0,4.48
5626,6,2,0.7,4.28
5627,4,4,2.9,5.41
5628,4,2,6.9,4.56
5629,3,2,4.6,4.53
5630,1,0,6.9,5.03
5631,4,0,6.6,4.36
5632,1,0,8.2,3.51
5633,7,1,4.2,2.42
5634,7,0,9.7,6.23
5635,5,1,8.0,3.1
5636,6,4,1.7,6.87
5637,2,0,5.0,5.13
5638,0,2,8.1,4.75
5639,0,2,3.1,3.5
5640,4,0,9.9,5.09
5641,3,0,2.1,5.69
5642,5,2,3.7,3.56
5643,0,0,0.7,4.34
5644,5,0,6.7,4.87
5645,7,3,7.0,4.41
5646,7,1,1.5,3.66
5647,4,4,4.3,6.08
5648,4,2,3.8,5.87
5649,1,1,7.2,5.55
5650,6,0,9.3,4.34
5651,1,2,0.9,5.76
5652,2,2,5.9,3.92
5653,4,0,1.4,4.04
5654,2,1,7.8,5.15
5655,6,2,7.7,6.06
5656,5,4,6.3,5.51
5657,1,1,3.3,6.37
5658,5,4,5.3,6.26
5659,5,0,6.4,4.41
5660,0,0,7.4,6.37
5661,1,1,7.8,3.93
5662,0,1,1.3,5.43
5663,4,1,3.9,5.12
5664,0,1,3.6,5.16
5665,4,2,7.0,5.18
5666,4,2,3.6,3.15
5667,7,3,8.9,7.68
5668,4,0,0.5,3.81
5669,4,0,8.7,4.54
5670,2,3,3.4,3.11
5671,6,1,5.0,7.92
5672,2,1,4.2,5.27
5673,2,1,9.5,4.39
5674,5,1,0.5,5.86
5675,4,1,8.0,2.34
5676,1,2,3.1,6.86
5677,3,0,1.8,2.69
5678,4,3,0.6,4.61
5679,5,1,7.6,5.87
5680,6,3,5.0,6.58
5681,0,4,2.9,4.27
5682,5,4,0.6,5.01
5683,1,1,1.9,4.93
5684,7,4,4.4,1.7
5685,2,4,7.9,6.89
5686,6,3,0.6,3.51
5687,5,4,9.7,3.15
5688,6,0,1.9,6.69
5689,1,4,8.3,4.35
5690,0,4,7.6,4.58
5691,2,3,6.9,5.07
5692,2,0,3.6,4.67
5693,0,2,1.7,3.7
5694,3,4,4.4,4.14
5695,1,4,1.4,4.39
5696,4,4,6.1,5.95
5697,5,4,2.2,4.77
5698,7,0,0.5,6.49
5699,0,1,0.4,5.48
5700,6,3,8.5,3.38
5701,4,0,5.3,5.57
5702,0,3,0.3,4.41
5703,7,3,2.8,3.77
5704,2,4,0.2,5.49
5705,1,1,5.3,5.5
5706,6,3,4.5,6.2
5707,0,4,5.9,5.01
5708,6,1,7.2,5.26
5709,4,2,1.6,3.9
5710,5,2,7.4,4.95
5711,2,3,7.4,3.99
5712,7,2,6.1,4.65
5713,1,0,2.3,4.23
5714,2,1,6.2,4.64
5715,4,4,3.3,3.33
5716,1,0,2.9,4.25
5717,3,1,7.7,5.14
5718,0,2,5.1,5.37
5719,4,4,1.8,4.78
5720,7,1,2.5,6.07
5721,0,1,6.7,5.21
5722,7,1,3.6,5.81
5723,1,2,4.9,4.8
5724,6,0,4.3,7.82
5725,3,4,6.3,5.44
5726,4,1,9.7,5.81
5727,0,3,8.0,7.92
5728,2,2,1.0,2.61
5729,5,1,9.6,5.43
5730,0,4,4.3,5.75
5731,5,3,3.8,5.46
5732,5,3,4.4,5.07
5733,1,3,7.8,4.08
5734,5,3,6.0,7.93
5735,7,0,7.0,5.81
5736,6,2,0.2,3.36
5737,4,2,0.9,4.85
5738,1,4,8.6,4.51
5739,7,2,4.8,3.46
5740,2,0,6.3,3.42
5741,7,2,3.7,4.82
5742,3,2,3.2,6.6
5743,0,3,9.9,2.69
5744,5,4,9.3,3.99
5745,1,2,9.5,3.1
5746,0,1,1.2,5.48
5747,2,3,5.9,4.32
5748,7,2,5.1,3.8
5749,3,0,9.9,4.03
5750,0,3,1.6,6.55
5751,6,0,4.6,4.5
5752,0,1,7.8,5.53
5753,2,1,9.1,4.42
5754,3,0,5.2,3.79
5755,2,4,7.9,6.0
5756,4,4,1.1,5.29
5757,1,3,1.6,5.14
5758,0,3,5.7,6.03
5759,0,0,6.7,5.14
5760,0,3,1.7,5.52
5761,7,3,5.7,7.28
5762,5,3,5.9,5.35
5763,2,3,0.3,4.55
5764,2,4,3.3,3.98
5765,0,0,1.2,4.26
5766,6,0,2.9,3.01
5767,4,3,5.7,4.66
5768,6,2,7.3,7.4
5769,5,2,2.7,3.48
5770,4,2,9.5,4.55
5771,5,4,0.4,4.62
5772,0,1,2.0,5.21
5773,4,0,1.0,4.81
5774,7,1,7.7,5.41
5775,1,1,0.3,4.78
5776,5,4,8.7,6.46
5777,0,2,3.1,7.21
5778,0,3,4.1,4.87
5779,0,0,2.5,4.8
5780,1,0,6.3,5.23
5781,3,4,9.3,5.63
5782,5,1,8.1,4.18
5783,4,1,6.8,3.09
5784,0,3,3.9,6.39
5785,1,2,0.3,4.75
5786,3,3,0.2,6.54
5787,6,0,2.8,3.53
5788,1,3,2.7,5.2
5789,3,1,5.2,7.13
5790,7,0,1.0,3.69
5791,7,0,8.3,4.3
5792,5,1,1.1,5.74
5793,3,2,8.9,5.39
5794,7,2,1.4,6.19
5795,3,3,5.3,5.25
5796,5,3,2.1,6.68
5797,5,3,7.9,5.39
5798,2,1,1.1,3.59
5799,5,2,2.3,6.69
5800,6,3,6.6,7.2
5801,7,1,1.6,3.21
5802,5,4,6.5,5.24
5803,4,4,3.4,3.7
5804,6,2,9.7,4.23
5805,2,0,5.5,4.61
5806,6,0,6.1,4.08
5807,7,1,5.6,5.44
5808,4,4,7.5,5.92
5809,2,2,1.1,3.44
5810,5,4,0.1,4.99
5811,2,2,0.2,3.84
5812,7,0,4.6,3.8
5813,1,4,5.8,2.83
5814,1,2,3.2,4.7
5815,6,4,2.9,5.02
5816,5,1,9.2,6.91
5817,3,1,4.4,3.5
5818,5,3,6.1,4.03
5819,7,4,5.8,5.49
5820,7,4,0.3,5.11
5821,3,3,7.5,3.0
5822,2,1,3.1,5.38
5823,1,1,0.8,5.18
5824,7,0,9.4,5.24
5825,3,4,3.5,6.14
5826,4,0,1.8,5.28
5827,1,2,2.9,4.86
5828,6,3,3.2,3.06
5829,7,4,3.7,5.77
5830,4,1,3.7,4.44
5831,2,1,6.6,4.27
5832,2,4,3.0,5.56
5833,7,4,9.8,3.93
5834,5,3,5.8,4.97
5835,4,2,4.6,4.33
5836,7,3,5.5,3.6
5837,6,4,5.0,5.46
5838,0,2,7.7,4.18
5839,4,2,7.2,4.58
5840,1,4,6.4,5.39
5841,6,1,5.3,5.65
5842,2,4,3.3,5.92
5843,0,4,2.3,5.2
5844,7,2,8.1,5.44
5845,4,4,1.4,5.51
5846,7,2,4.8,5.32
5847,2,3,3.4,4.87
5848,2,4,6.0,4.17
5849,5,0,8.6,6.19
5850,5,1,7.7,7.06
5851,5,0,6.2,4.0
5852,2,1,0.6,6.72
5853,5,4,2.4,5.28
5854,7,2,8.4,5.35
5855,1,1,4.8,4.09
5856,2,1,9.1,5.05
5857,5,2,7.0,3.11
5858,6,2,4.1,5.59
5859,5,0,3.2,4.98
5860,3,2,5.3,4.0
5861,7,0,9.1,7.05
5862,2,1,10.0,4.52
5863,4,4,5.1,5.11
5864,1,0,3.3,3.45
5865,2,2,6.9,4.91
5866,5,0,0.3,3.77
5867,2,4,3.1,4.29
5868,5,0,9.0,5.05
5869,2,2,3.4,8.38
5870,1,0,6.6,4.35
5871,3,0,0.0,4.6
5872,4,1,5.2,5.45
5873,5,2,9.7,4.21
5874,3,2,5.7,4.21
5875,4,4,2.3,6.2
5876,2,3,7.4,6.07
5877,0,0,8.1,3.5
5878,2,1,4.1,6.45
5879,2,3,6.0,3.83
5880,7,0,3.4,5.02
5881,3,4,4.6,6.64
5882,2,2,9.6,5.59
5883,2,3,4.2,4.91
5884,3,2,8.4,3.32
5885,7,0,8.6,4.5
5886,7,0,4.8,3.55
5887,1,0,3.9,5.94
5888,1,0,6.9,1.55
5889,4,3,7.2,6.71
5890,5,3,1.7,5.09
5891,3,0,7.4,7.36
5892,7,3,4.2,5.88
5893,5,2,4.8,3.65
5894,1,0,6.7,6.58
5895,7,2,0.4,6.23
5896,1,4,8.3,6.27
5897,7,1,1.7,6.09
5898,7,0,4.1,5.28
5899,3,1,2.5,5.42
5900,0,1,4.8,4.18
5901,2,2,0.2,5.68
5902,5,4,3.8,4.65
5903,2,1,4.0,4.94
5904,2,1,3.3,6.2
5905,3,0,10.0,5.59
5906,4,0,4.4,6.88
5907,5,2,2.6,4.38
5908,7,2,8.2,4.53
5909,0,4,7.3,6.77
5910,3,0,6.3,4.57
5911,6,2,5.6,5.0
5912,5,3,0.2,5.83
5913,4,3,2.9,5.02
5914,6,3,7.3,4.95
5915,6,2,2.9,5.38
5916,1,3,3.3,6.62
5917,1,3,2.8,3.17
5918,3,2,6.3,4.37
5919,6,0,7.4,4.53
5920,7,3,6.1,5.62
5921,6,1,0.3,5.82
5922,5,2,1.9,5.81
5923,7,1,8.6,4.76
5924,1,0,3.3,5.26
5925,5,2,2.5,4.82
5926,2,0,0.2,4.92
5927,3,0,1.2,5.45
5928,7,1,1.8,5.26
5929,4,2,8.1,5.41
5930,2,4,6.0,5.95
5931,3,3,8.2,3.78
5932,6,4,6.3,5.06
5933,7,2,9.3,5.5
5934,0,1,9.6,3.7
5935,5,0,0.1,6.95
5936,7,4,6.6,5.9
5937,0,4,8.9,5.52
5938,0,1,2.7,3.5
5939,1,1,5.2,4.94
5940,3,3,7.7,5.05
5941,0,4,6.3,3.58
5942,4,4,0.3,4.7
5943,6,0,4.2,4.92
5944,0,2,3.9,4.19
5945,5,4,4.3,6.24
5946,0,0,8.4,3.36
5947,1,2,4.4,5.73
5948,2,2,5.8,3.71
5949,5,2,6.5,5.58
5950,2,2,8.4,5.57
5951,3,4,3.3,5.1
5952,7,2,6.9,5.04
5953,7,2,3.1,6.39
5954,3,1,1.8,6.43
5955,4,0,1.3,5.75
5956,4,4,1.5,4.8
5957,5,2,7.4,5.08
5958,6,2,3.0,3.31
5959,6,1,6.4,4.81
5960,2,3,1.8,4.24
5961,7,3,6.2,3.51
5962,1,0,5.2,5.06
5963,5,4,7.9,4.04
5964,0,0,9.1,6.53
5965,4,2,5.7,4.14
5966,0,4,8.7,4.88
5967,5,2,6.8,5.88
5968,1,3,8.8,3.08
5969,4,2,8.3,5.26
5970,7,3,0.3,4.21
5971,7,3,7.5,5.32
5972,7,1,4.1,3.35
5973,6,4,6.8,4.31
5974,0,1,2.6,4.32
5975,1,1,4.6,6.79
5976,6,2,0.6,6.44
5977,5,2,1.5,4.98
5978,1,3,3.2,5.57
5979,5,2,7.2,3.57
5980,5,0,7.1,5.35
5981,2,1,5.0,4.03
5982,2,4,2.5,3.82
5983,3,2,1.5,3.07
5984,1,1,2.7,3.69
5985,0,1,9.0,3.49
5986,4,1,7.4,5.56
5987,2,0,0.2,6.32
5988,6,2,6.7,5.49
5989,2,1,1.3,3.64
5990,1,0,6.8,5.78
5991,1,4,5.9,5.89
5992,0,0,9.4,4.71
5993,0,2,1.9,4.41
5994,0,0,7.7,3.77
5995,2,2,5.7,5.56
5996,7,1,7.3,3.88
5997,4,2,1.1,4.66
5998,6,0,4.1,6.64
5999,0,4,8.0,4.09
6000,0,3,8.2,5.52
6001,7,4,6.6,6.92
6002,7,0,7.5,5.33
6003,1,3,5.5,4.17
6004,1,0,2.1,4.77
6005,6,1,2.0,3.71
6006,5,2,8.0,4.62
6007,0,0,6.9,7.66
6008,1,1,2.9,4.33
6009,0,0,5.8,4.02
6010,2,0,2.1,5.25
6011,7,1,3.2,4.23
6012,7,2,8.1,4.28
6013,4,1,8.5,7.71
6014,6,1,7.8,4.95
6015,6,2,8.4,4.22
6016,5,0,0.3,5.06
6017,7,1,3.5,4.99
6018,4,1,9.3,3.77
6019,2,0,1.8,6.7
6020,1,2,8.2,5.25
6021,5,0,9.6,5.99
6022,1,3,9.0,3.55
6023,5,0,2.7,4.55
6024,7,4,5.1,4.17
6025,1,1,8.9,4.64
6026,4,4,1.6,4.49
6027,1,4,1.6,2.7
6028,7,1,4.8,4.97
6029,1,0,2.1,7.91
6030,7,4,4.7,5.18
6031,6,2,4.6,6.25
6032,5,2,0.5,6.07
6033,3,1,6.8,3.85
6034,4,0,1.2,5.79
6035,2,4,4.5,2.3
6036,1,1,6.0,4.06
6037,4,2,2.1,6.68
6038,7,2,3.0,3.94
6039,4,1,7.0,5.64
6040,7,0,7.4,4.99
6041,2,0,7.0,3.91
6042,7,4,2.4,4.77
6043,5,1,8.6,4.64
6044,7,4,0.8,5.01
6045,7,4,4.5,3.51
6046,3,3,9.3,3.02
6047,6,1,1.7,1.82
6048,4,3,5.6,3.77
6049,2,0,1.1,4.06
6050,2,2,6.9,6.53
6051,6,4,9.1,4.19
6052,2,3,2.7,5.65
6053,3,1,6.0,4.51
6054,3,0,9.8,5.9
6055,0,2,1.1,4.92
6056,5,0,4.5,7.57
6057,7,4,8.9,4.21
6058,0,2,8.8,3.64
6059,1,4,4.1,5.48
6060,2,1,0.2,5.81
6061,6,1,2.4,4.87
6062,3,3,2.4,4.64
6063,1,2,2.8,4.31
6064,0,4,6.1,6.56
6065,4,4,2.6,5.11
6066,2,2,9.2,3.0
6067,4,2,6.6,4.06
6068,1,0,0.8,4.67
6069,5,0,4.9,3.72
6070,1,0,5.6,4.42
6071,4,4,2.9,4.08
6072,2,3,8.1,3.61
6073,4,3,7.6,4.34
6074,2,1,9.0,2.5
6075,5,3,8.5,6.67
6076,0,4,4.3,6.03
6077,7,2,5.9,5.47
6078,7,0,5.8,4.67
6079,7,0,8.5,4.07
6080,1,1,1.6,6.01
6081,4,0,7.3,4.12
6082,7,2,0.9,6.07
6083,6,1,0.2,2.85
6084,4,2,3.1,5.68
6085,2,2,1.9,4.29
6086,0,3,7.5,5.87
6087,0,0,3.8,3.99
6088,5,0,2.0,4.98
6089,2,2,1.9,3.85
6090,4,0,4.9,4.3
6091,3,3,6.4,6.33
6092,7,4,0.0,4.42
6093,6,3,0.2,6.09
6094,7,1,1.2,4.9
6095,7,1,9.9,5.1
6096,7,0,8.1,6.59
6097,6,2,0.8,5.12
6098,3,0,1.1,7.31
6099,4,3,1.1,6.06
6100,3,3,0.9,4.46
6101,3,2,2.1,6.64
6102,0,3,9.3,4.26
6103,0,3,5.7,4.28
6104,5,0,7.7,6.21
6105,3,2,8.0,7.18
6106,4,0,9.0,7.0
6107,6,1,2.9,4.33
6108,0,3,4.6,3.9
6109,3,1,4.2,4.05
6110,1,2,6.5,5.96
6111,7,3,3.2,3.79
6112,4,2,5.9,5.47
6113,0,3,4.5,6.09
6114,0,3,3.9,5.29
6115,4,3,4.2,5.47
6116,3,4,8.0,5.23
6117,1,1,6.0,4.27
6118,7,2,9.1,5.6
6119,5,0,2.5,4.08
6120,3,3,4.3,4.63
6121,1,3,2.3,4.16
6122,1,0,2.5,3.49
6123,4,2,1.4,6.21
6124,4,3,5.2,6.27
6125,3,0,9.3,3.67
6126,1,0,6.0,4.65
6127,2,4,7.3,4.78
6128,7,1,3.0,5.39
6129,6,1,8.1,5.0
6130,3,1,6.3,5.25
6131,5,1,6.1,7.3
6132,5,4,4.4,4.06
6133,2,2,7.6,4.29
6134,0,3,2.2,6.03
6135,7,3,2.9,3.28
6136,7,2,6.5,5.66
6137,7,1,1.0,4.25
6138,4,1,3.9,3.67
6139,7,4,0.8,4.6
6140,4,3,5.8,6.65
6141,2,4,8.1,5.69
6142,4,4,2.2,4.3
6143,3,1,1.5,4.02
6144,4,4,8.8,3.47
6145,6,3,1.8,7.54
6146,1,1,8.4,3.76
6147,2,2,3.3,4.63
6148,7,2,6.5,4.93
6149,4,3,1.6,5.72
6150,7,4,8.4,4.51
6151,2,4,2.9,4.46
6152,6,4,9.5,6.08
6153,6,4,3.0,4.81
6154,5,2,7.2,4.39
6155,3,3,10.0,5.92
6156,7,4,0.4,4.53
6157,1,2,7.1,3.78
6158,7,2,2.9,4.28
6159,3,0,1.6,4.94
6160,0,0,4.6,6.38
6161,1,0,8.0,4.54
6162,7,3,4.4,5.6
6163,6,2,4.5,4.24
6164,5,3,3.7,4.5
6165,1,0,2.2,6.6
6166,7,3,9.6,5.16
6167,0,2,1.8,4.99
6168,1,1,9.7,5.65
6169,6,0,8.7,5.6
6170,3,2,3.5,4.48
6171,7,3,1.3,3.2
6172,7,2,3.7,5.8
6173,2,4,5.7,4.18
6174,4,0,9.3,4.5
6175,5,1,7.5,5.07
6176,1,0,8.2,4.42
6177,2,3,3.6,4.89
6178,5,2,3.0,4.46
6179,6,2,0.7,5.17
6180,7,2,9.3,4.85
6181,5,2,2.5,5.06
6182,4,3,8.2,3.41
6183,7,4,5.7,6.75
6184,7,0,2.7,4.27
6185,5,2,1.5,6.14
6186,1,4,5.4,6.49
6187,6,2,7.1,4.28
6188,3,0,7.2,3.87
6189,5,1,0.1,5.44
6190,6,3,9.0,4.35
6191,5,4,2.4,7.29
6192,6,3,6.3,3.52
6193,7,2,1.6,4.1
6194,2,4,9.6,4.66
6195,3,4,5.0,5.45
6196,5,4,3.1,6.07
6197,4,2,0.3,3.91
6198,4,0,6.7,4.42
6199,3,4,0.5,5.4
6200,7,1,6.9,6.69
6201,6,4,8.2,5.17
6202,1,2,3.2,4.89
6203,5,1,1.0,4.01
6204,3,4,1.2,2.97
6205,3,2,9.5,5.67
6206,5,3,1.6,3.73
6207,0,0,5.5,4.25
6208,1,0,1.2,4.15
6209,6,4,3.6,4.11
6210,4,2,4.0,6.21
6211,3,4,4.4,4.91
6212,1,0,2.6,4.61
6213,5,3,5.4,6.21
6214,6,1,7.3,6.36
6215,0,1,4.5,4.78
6216,5,0,4.8,3.57
6217,2,1,10.0,4.29
6218,4,4,5.3,3.31
6219,3,1,2.8,5.96
6220,3,4,7.4,5.3
6221,4,4,2.1,3.94
6222,6,0,3.1,4.33
6223,6,1,6.4,6.14
6224,7,2,3.7,5.58
6225,0,3,0.7,6.23
6226,4,2,5.6,4.85
6227,6,0,4.3,5.36
6228,6,2,0.3,4.32
6229,1,3,4.4,5.75
6230,0,4,0.1,6.58
6231,0,2,8.6,4.51
6232,2,1,3.1,3.75
6233,2,1,5.3,5.41
6234,6,3,5.7,7.72
6235,2,3,5.2,6.01
6236,2,3,6.4,5.72
6237,0,0,1.2,5.68
6238,3,3,6.8,5.67
6239,2,3,6.1,5.19
6240,5,0,6.8,5.29
6241,2,3,7.5,6.69
6242,2,3,2.9,4.08
6243,7,3,1.4,5.45
6244,1,1,1.1,4.25
6245,3,2,4.5,3.58
6246,2,0,9.2,5.02
6247,2,0,4.3,4.67
6248,0,2,3.3,6.22
6249,1,1,4.4,4.13
6250,6,3,8.7,5.78
6251,6,4,2.9,5.15
6252,2,1,6.4,5.48
6253,5,0,2.5,4.74
6254,4,4,1.8,5.88
6255,1,1,9.0,3.46
6256,0,2,5.2,4.01
6257,5,0,5.0,2.61
6258,1,2,1.2,7.35
6259,0,4,3.1,6.69
6260,7,4,6.6,4.45
6261,0,4,4.3,6.22
6262,5,0,4.9,3.73
6263,3,3,7.9,4.06
6264,2,0,8.7,4.92
6265,3,3,8.1,6.26
6266,7,2,1.7,4.65
6267,5,4,4.5,4.92
6268,4,2,7.6,6.12
6269,1,0,2.2,4.42
6270,2,4,6.8,5.18
6271,0,4,1.0,3.11
6272,4,3,2.0,4.6
6273,1,4,9.0,5.13
6274,5,2,0.8,6.46
6275,2,3,7.0,4.0
6276,3,2,9.7,5.72
6277,5,4,1.2,4.61
6278,1,2,9.1,5.97
6279,0,3,10.0,5.45
6280,5,1,2.2,6.03
6281,0,1,8.4,4.02
6282,0,1,2.8,3.78
6283,1,2,4.4,4.53
6284,0,1,6.7,3.62
6285,6,2,6.6,3.04
6286,4,2,1.9,6.4
6287,4,2,8.9,3.59
6288,0,0,9.7,3.44
6289,3,1,5.7,3.31
6290,6,2,3.2,6.77
6291,5,4,4.4,4.68
6292,6,2,1.9,5.62
6293,1,3,2.1,6.26
6294,0,3,0.1,5.67
6295,5,4,7.7,7.85
6296,6,1,5.3,4.63
6297,5,2,1.2,5.42
6298,2,0,0.4,4.43
6299,1,3,0.3,3.05
6300,6,2,7.7,6.42
6301,0,1,2.6,6.1
6302,6,2,0.1,6.24
6303,6,3,2.6,5.39
6304,6,1,6.5,5.5
6305,5,0,9.4,7.02
6306,6,2,5.6,3.46
6307,4,2,6.9,3.84
6308,7,3,9.5,4.0
6309,2,0,1.1,4.89
6310,3,4,4.9,5.91
6311,4,4,7.9,4.4
6312,6,4,7.1,4.06
6313,7,0,0.0,5.78
6314,4,4,5.9,3.85
6315,3,3,1.7,2.57
6316,0,3,8.6,4.23
6317,7,0,6.3,6.28
6318,2,0,5.5,5.32
6319,4,1,4.7,5.18
6320,1,0,4.4,3.62
6321,3,4,3.4,5.97
6322,1,4,1.1,4.92
6323,6,4,8.3,4.49
6324,2,2,2.6,6.07
6325,3,4,7.8,5.99
6326,1,1,3.5,2.44
6327,2,4,0.3,4.37
6328,2,2,10.0,6.84
6329,0,3,5.3,5.63
6330,3,4,4.0,5.01
6331,1,2,4.8,4.36
6332,3,3,6.9,3.41
6333,1,0,1.5,2.77
6334,7,0,1.6,5.24
6335,7,4,7.8,4.52
6336,4,3,8.8,5.6
6337,0,0,0.6,6.25
6338,2,1,5.2,3.52
6339,7,0,8.7,4.57
6340,1,4,5.8,4.81
6341,0,2,9.7,6.26
6342,0,0,7.5,6.15
6343,6,1,5.6,7.81
6344,5,0,5.7,2.87
6345,5,2,1.0,4.14
6346,0,1,5.1,2.18
6347,2,2,5.5,5.36
6348,2,1,0.1,6.41
6349,5,4,4.6,5.2
6350,4,3,0.3,5.12
6351,6,1,5.1,7.79
6352,5,4,4.4,4.27
6353,4,4,8.7,6.33
6354,0,0,0.3,6.03
6355,4,1,0.1,3.85
6356,4,2,2.3,6.51
6357,7,1,6.8,4.38
6358,1,4,7.1,6.27
6359,1,0,1.7,5.39
6360,0,0,7.3,4.46
6361,5,0,1.3,7.04
6362,2,1,5.8,4.16
6363,6,1,1.5,4.41
6364,6,1,2.2,4.13
6365,4,0,2.9,4.24
6366,2,1,8.6,2.82
6367,1,2,0.2,4.78
6368,0,3,0.4,5.59
6369,0,2,0.2,4.41
6370,3,3,4.6,5.34
6371,4,2,0.9,5.24
6372,3,2,7.5,4.78
6373,3,1,5.4,2.51
6374,5,4,7.5,4.41
6375,6,4,5.8,5.06
6376,4,1,2.2,5.78
6377,2,0,6.4,4.74
6378,5,3,8.1,3.59
6379,3,0,0.8,2.58
6380,6,4,5.2,6.51
6381,7,2,5.4,5.04
6382,1,1,3.5,4.42
6383,1,1,0.6,3.92
6384,3,1,7.8,5.77
6385,3,2,1.2,4.07
6386,5,3,2.5,5.6
6387,4,4,1.0,5.49
6388,0,0,5.4,5.58
6389,4,1,9.4,6.82
6390,5,1,9.3,6.47
6391,1,4,6.8,5.37
6392,6,4,0.8,3.48
6393,6,2,8.8,4.76
6394,5,0,2.1,3.29
6395,5,4,5.7,4.66
6396,1,1,7.6,6.03
6397,2,1,1.5,6.34
6398,2,2,7.7,5.15
6399,3,4,4.6,4.11
6400,5,0,7.2,4.94
6401,4,2,0.0,3.8
6402,1,4,7.0,5.7
6403,6,3,1.1,5.53
6404,6,3,6.3,5.33
6405,1,3,2.6,3.54
6406,4,3,3.2,6.16
6407,4,3,4.1,3.59
6408,2,1,7.7,4.66
6409,0,3,3.2,3.88
6410,5,0,2.0,5.61
6411,6,2,6.0,5.4
6412,6,0,6.7,6.05
6413,6,1,6.8,3.12
6414,3,0,6.4,5.68
6415,2,3,8.1,6.22
6416,2,4,9.6,5.99
6417,1,4,4.2,4.32
6418,2,0,5.1,4.28
6419,1,0,2.1,3.8
6420,3,2,6.4,4.09
6421,5,1,2.0,6.31
6422,1,0,4.8,2.36
6423,1,1,1.3,4.88
6424,6,1,4.2,4.57
6425,1,1,9.2,3.76
6426,0,2,3.4,2.35
6427,0,1,8.6,5.45
6428,3,0,0.4,4.37
6429,5,4,7.3,3.01
6430,5,1,2.9,5.1
6431,1,4,2.8,5.75
6432,0,1,4.3,6.31
6433,2,2,3.7,3.71
6434,6,3,0.4,2.73
6435,0,4,7.8,5.33
6436,7,4,8.2,4.53
6437,0,1,8.2,5.94
6438,4,0,1.4,5.9
6439,4,1,7.1,4.96
6440,2,4,4.6,5.38
6441,2,3,5.8,4.06
6442,3,0,3.7,5.32
6443,5,1,5.2,6.04
6444,4,0,8.0,5.91
6445,2,1,9.3,4.65
6446,5,0,4.1,5.19
6447,3,1,3.2,6.37
6448,0,2,2.5,4.02
6449,2,1,5.2,3.35
6450,3,1,0.3,6.75
6451,5,0,1.3,6.1
6452,6,3,1.9,3.97
6453,2,1,8.8,3.4
6454,6,4,6.9,5.46
6455,5,0,4.9,5.44
6456,6,2,4.1,4.38
6457,6,3,2.4,5.79
6458,7,1,1.5,5.37
6459,0,3,9.8,2.74
6460,6,3,1.2,4.04
6461,5,0,3.7,5.86
6462,5,3,2.0,4.56
6463,4,1,9.3,3.0
6464,1,3,1.8,5.79
6465,5,0,9.3,6.91
6466,0,0,0.9,7.22
6467,5,2,7.5,6.4
6468,5,1,5.7,3.52
6469,7,4,8.5,4.04
6470,7,2,0.0,5.44
6471,5,1,4.5,4.28
6472,6,0,8.7,5.29
6473,4,4,6.7,4.14
6474,7,2,8.8,3.67
6475,3,4,9.7,4.72
6476,3,2,5.4,3.77
6477,4,4,8.1,5.55
6478,4,4,0.0,4.14
6479,4,1,6.7,5.0
6480,2,0,8.1,6.6
6481,7,1,6.3,3.88
6482,7,1,7.5,6.35
6483,0,0,1.2,4.49
6484,2,3,2.7,4.39
6485,2,3,3.8,5.09
6486,0,3,6.1,2.99
6487,6,1,6.4,4.79
6488,1,1,7.1,2.51
6489,7,2,1.6,5.45
6490,0,4,4.9,3.05
6491,7,1,3.6,6.46
6492,3,2,6.4,6.08
6493,1,0,0.1,6.48
6494,6,0,9.7,6.44
6495,1,1,6.8,5.07
6496,4,4,5.2,6.57
6497,5,2,2.4,4.43
6498,5,4,7.4,4.61
6499,5,0,3.6,4.57
6500,3,0,4.8,4.17
6501,3,4,9.8,5.4
6502,5,0,7.3,6.33
6503,4,4,2.6,6.18
6504,7,3,2.4,5.83
6505,1,1,5.4,3.74
6506,1,4,7.3,4.77
6507,0,2,5.3,3.67
6508,4,0,5.9,4.4
6509,1,2,4.2,5.27
6510,3,2,0.0,6.84
6511,4,3,3.5,6.38
6512,3,3,3.0,5.64
6513,6,3,5.3,6.28
6514,2,1,3.9,2.22
6515,7,3,7.9,5.35
6516,5,4,7.5,6.03
6517,5,4,2.4,5.55
6518,7,4,4.3,4.32
6519,7,0,4.0,5.89
6520,6,2,8.0,5.73
6521,6,0,8.7,5.46
6522,3,3,3.1,4.55
6523,4,2,8.3,2.28
6524,5,1,2.0,3.2
6525,0,3,2.6,2.83
6526,2,4,6.3,5.1
6527,2,3,0.6,3.66
6528,0,0,1.4,4.66
6529,3,4,6.5,4.02
6530,7,2,2.2,4.28
6531,7,1,0.9,3.06
6532,5,4,3.2,3.0
6533,6,1,7.1,4.94
6534,4,0,8.6,4.74
6535,6,4,1.9,2.57
6536,2,3,5.8,5.43
6537,2,0,3.5,5.24
6538,3,4,9.1,7.18
6539,6,2,1.1,5.36
6540,2,4,7.0,3.96
6541,6,2,8.7,3.91
6542,0,0,5.1,4.44
6543,3,2,4.9,3.85
6544,6,1,0.2,4.04
6545,6,3,2.2,4.91
6546,0,1,9.3,2.96
6547,4,4,1.5,5.26
6548,7,3,5.4,5.83
6549,4,0,5.6,6.51
6550,6,1,2.3,4.33
6551,4,4,5.4,2.94
6552,7,0,7.5,3.48
6553,4,3,9.7,5.43
6554,2,4,5.2,4.59
6555,5,4,4.1,7.4
6556,7,0,8.0,4.4
6557,3,4,4.1,5.43
6558,6,3,4.0,1.25
6559,7,2,1.5,4.68
6560,2,1,7.7,4.03
6561,2,2,4.6,2.59
6562,2,1,3.8,5.48
6563,5,2,1.3,5.13
6564,6,0,6.0,2.92
6565,3,4,1.8,4.79
6566,5,4,9.7,5.35
6567,4,0,3.6,7.38
6568,3,4,3.8,4.21
6569,3,0,9.1,6.26
6570,7,3,2.8,5.41
6571,2,3,0.8,4.63
6572,1,1,10.0,3.98
6573,7,2,2.8,3.8
6574,5,4,8.9,4.96
6575,4,0,1.8,3.78
6576,1,2,5.8,4.71
6577,5,1,5.6,3.82
6578,5,0,3.4,4.81
6579,6,4,2.6,5.4
6580,3,3,0.2,6.52
6581,2,1,0.6,5.78
6582,6,4,9.1,4.28
6583,5,2,0.8,5.35
6584,2,4,3.9,5.05
6585,3,0,1.0,5.48
6586,5,2,0.3,6.1
6587,7,3,1.7,3.65
6588,4,3,1.2,4.47
6589,6,3,0.7,5.12
6590,1,4,7.4,5.73
6591,6,0,4.6,4.5
6592,1,0,6.4,1.55
6593,7,2,8.6,3.86
6594,6,1,7.8,5.82
6595,0,3,4.4,6.49
6596,6,2,6.8,5.6
6597,3,4,0.6,4.79
6598,6,0,9.2,3.21
6599,3,4,6.2,6.07
6600,2,2,1.9,3.41
6601,1,2,9.8,5.89
6602,4,2,1.9,5.68
6603,1,2,6.3,5.45
6604,1,1,8.6,6.01
6605,2,0,9.9,7.42
6606,0,2,6.1,5.8
6607,1,3,4.3,3.02
6608,3,1,2.0,3.29
6609,2,0,2.4,4.19
6610,1,1,5.2,7.13
6611,6,2,8.8,4.64
6612,5,3,4.1,5.25
6613,6,1,1.0,3.83
6614,7,4,8.4,4.8
6615,6,1,6.1,4.78
6616,3,4,8.8,4.3
6617,3,4,6.9,5.67
6618,2,3,7.9,4.75
6619,6,0,8.3,5.95
6620,0,0,2.7,7.35
6621,1,0,4.7,7.18
6622,4,3,7.0,3.8
6623,2,4,9.5,5.2
6624,0,4,5.4,3.62
6625,7,3,9.2,4.37
6626,5,2,2.0,7.09
6627,1,4,4.5,4.79
6628,6,4,9.3,4.18
6629,1,4,4.7,6.61
6630,4,1,9.7,7.4
6631,1,4,5.9,4.4
6632,5,2,2.5,4.78
6633,6,4,8.0,4.52
6634,6,2,1.1,3.05
6635,4,2,8.6,5.01
6636,4,1,6.2,2.9
6637,3,3,3.7,3.18
6638,0,2,7.9,4.98
6639,7,3,2.3,5.9
6640,6,1,9.0,4.59
6641,1,3,0.6,5.51
6642,1,4,7.2,3.6
6643,7,1,8.6,4.07
6644,7,2,7.5,4.51
6645,5,4,1.4,4.18
6646,7,2,6.6,5.26
6647,2,3,6.4,4.71
6648,5,2,6.5,5.67
6649,2,2,9.8,4.74
6650,0,1,2.8,5.79
6651,0,4,5.8,2.45
6652,1,4,1.0,4.12
6653,5,4,3.0,3.84
6654,5,3,1.7,4.16
6655,4,0,6.9,5.63
6656,1,1,8.4,7.04
6657,5,0,4.2,5.3
6658,0,3,2.8,6.61
6659,1,3,0.1,2.77
6660,6,1,6.5,4.99
6661,5,2,0.4,5.62
6662,0,4,5.6,4.99
6663,7,1,3.7,4.92
6664,0,3,3.9,5.95
6665,0,2,9.7,4.05
6666,3,3,8.4,3.54
6667,1,0,2.5,1.62
6668,4,2,6.1,3.79
6669,3,3,0.1,5.19
6670,2,3,0.7,5.77
6671,2,1,8.1,4.17
6672,5,1,1.2,5.73
6673,6,4,8.6,3.13
6674,0,3,6.9,4.07
6675,4,4,10.0,8.2
6676,4,1,7.6,4.41
6677,5,0,4.5,3.5
6678,2,3,6.2,5.43
6679,1,2,9.2,2.58
6680,5,1,6.5,4.71
6681,5,1,1.8,4.68
6682,6,3,3.7,5.51
6683,3,3,9.0,5.42
6684,4,4,6.6,5.28
6685,2,4,9.8,4.49
6686,1,1,2.9,2.86
6687,0,3,9.8,5.42
6688,5,1,9.5,6.4
6689,3,3,7.9,6.56
6690,7,2,9.0,4.9
6691,7,2,8.7,6.87
6692,4,1,3.6,5.75
6693,4,4,8.8,3.42
6694,0,2,1.9,6.44
6695,4,3,5.7,3.05
6696,6,3,5.8,7.66
6697,2,1,5.4,6.68
6698,1,1,9.1,4.35
6699,5,4,3.0,5.15
6700,1,1,1.4,4.84
6701,1,4,2.8,6.39
6702,4,3,9.9,6.17
6703,1,0,1.9,8.04
6704,5,4,9.8,5.44
6705,3,3,0.7,4.44
6706,1,2,4.6,5.1
6707,5,3,1.5,5.23
6708,6,2,4.6,4.84
6709,5,1,2.2,7.44
6710,7,0,0.2,4.23
6711,0,0,2.9,5.72
6712,7,0,2.8,3.74
6713,2,4,7.8,5.33
6714,5,4,9.2,5.1
6715,4,2,4.6,4.48
6716,3,3,4.2,6.06
6717,5,4,3.2,8.0
6718,7,4,9.6,3.24
6719,7,2,5.6,4.8
6720,5,1,10.0,4.24
6721,7,4,2.1,7.24
6722,0,4,1.4,4.64
6723,3,4,3.4,6.09
6724,6,0,4.6,4.86
6725,0,3,5.8,5.63
6726,5,4,8.5,4.73
6727,0,2,2.3,6.41
6728,6,2,7.7,7.09
6729,2,4,6.6,4.95
6730,5,0,9.1,4.72
6731,0,0,1.5,3.08
6732,2,0,2.0,6.33
6733,1,2,7.1,3.13
6734,5,2,2.4,5.51
6735,2,4,9.6,4.92
6736,3,0,6.0,2.2
6737,1,0,8.1,6.14
6738,4,3,4.5,3.65
6739,4,1,7.5,5.49
6740,1,0,6.0,4.32
6741,1,4,10.0,5.07
6742,2,1,4.9,6.08
6743,4,3,9.4,2.34
6744,2,4,9.2,4.57
6745,0,0,0.3,4.81
6746,2,4,5.8,3.46
6747,0,0,3.5,4.31
6748,6,0,9.4,4.23
6749,3,4,4.4,6.04
6750,1,0,5.5,5.9
6751,5,0,2.8,4.16
6752,3,1,5.1,4.22
6753,7,1,9.7,5.44
6754,4,3,9.1,3.92
6755,3,3,5.4,4.5
6756,5,4,4.4,5.0
6757,6,2,8.8,4.32
6758,3,1,6.7,5.79
6759,1,2,6.5,6.74
6760,2,1,5.1,4.07
6761,7,2,4.4,6.48
6762,0,3,0.2,6.3
6763,3,3,7.9,4.16
6764,3,4,7.7,5.14
6765,6,2,1.3,6.15
6766,7,0,9.2,2.76
6767,2,3,6.3,3.86
6768,5,4,7.6,4.09
6769,5,3,2.8,6.16
6770,4,1,9.6,6.25
6771,3,3,1.5,4.35
6772,7,3,1.2,5.93
6773,4,1,1.1,3.72
6774,5,2,0.3,6.81
6775,0,1,5.3,3.98
6776,5,4,5.3,4.79
6777,1,0,0.1,4.38
6778,2,1,4.3,4.55
6779,6,1,0.8,5.15
6780,2,1,3.5,5.75
6781,1,2,5.8,5.78
6782,3,2,1.2,5.41
6783,4,2,2.8,2.74
6784,3,1,1.7,4.88
6785,1,4,5.5,5.88
6786,2,1,7.8,4.27
6787,5,3,6.1,4.73
6788,5,3,9.5,6.06
6789,0,4,7.2,6.69
6790,5,1,1.0,4.21
6791,6,4,6.0,7.44
6792,2,3,7.0,7.14
6793,3,0,7.8,5.92
6794,7,3,7.9,7.08
6795,7,1,7.0,3.06
6796,6,2,4.6,3.37
6797,3,2,6.3,3.74
6798,6,4,8.8,2.71
6799,7,2,0.5,4.65
6800,6,0,4.1,4.61
6801,0,1,1.1,5.91
6802,1,0,9.7,5.71
6803,1,3,2.0,6.69
6804,6,4,7.4,3.59
6805,5,1,7.7,3.24
6806,2,1,7.9,5.17
6807,4,3,4.6,2.46
6808,4,2,7.2,5.34
6809,0,4,6.5,5.29
6810,5,1,1.7,2.32
6811,5,0,3.1,4.89
6812,4,1,9.0,5.06
6813,6,3,6.9,5.8
6814,5,0,4.7,3.95
6815,3,3,9.0,4.7
6816,4,2,2.9,5.1
6817,0,3,4.8,6.47
6818,1,1,1.9,4.62
6819,1,0,9.2,3.52
6820,7,1,7.2,3.7
6821,0,0,0.4,5.51
6822,7,0,9.4,5.74
6823,7,3,6.0,3.94
6824,6,2,0.6,6.03
6825,1,3,0.3,4.71
6826,6,2,5.6,4.74
6827,3,1,3.8,4.32
6828,1,2,7.2,3.42
6829,4,1,1.4,4.41
6830,4,3,9.1,4.05
6831,1,2,8.2,6.77
6832,5,4,5.1,6.94
6833,4,0,5.6,6.19
6834,3,2,0.7,6.79
6835,6,0,4.8,5.35
6836,1,3,2.8,5.48
6837,7,3,8.3,6.51
6838,5,2,2.1,5.48
6839,2,1,7.6,4.98
6840,7,2,7.4,7.37
6841,3,1,0.6,3.16
6842,0,0,7.6,4.26
6843,3,1,8.0,4.87
6844,0,0,7.7,7.72
6845,1,4,9.8,7.89
6846,0,0,8.8,3.62
6847,3,1,7.8,6.69
6848,0,0,5.4,7.07
6849,5,3,7.2,4.13
6850,3,1,7.0,5.3
6851,1,0,6.7,4.06
6852,7,1,1.2,3.76
6853,2,1,9.2,4.68
6854,7,1,7.8,6.89
6855,6,3,7.9,6.3
6856,5,4,8.6,5.04
6857,2,0,6.0,4.58
6858,2,3,7.1,5.54
6859,7,4,1.6,5.35
6860,3,4,2.6,6.6
6861,2,0,0.7,4.26
6862,4,4,7.4,3.84
6863,6,4,2.2,6.49
6864,1,2,2.5,2.92
6865,2,3,0.5,4.76
6866,3,3,8.4,6.83
6867,2,1,1.5,4.05
6868,7,4,7.4,5.97
6869,3,2,6.1,5.38
6870,0,1,4.6,3.74
6871,0,1,0.9,5.63
6872,6,3,1.1,5.94
6873,5,1,1.3,3.37
6874,3,3,7.3,3.72
6875,5,2,6.7,5.33
6876,0,3,9.7,4.57
6877,2,3,5.4,5.41
6878,5,4,0.3,6.59
6879,7,1,6.0,6.45
6880,6,0,1.9,5.09
6881,2,0,3.3,4.3
6882,6,3,1.7,4.59
6883,6,1,7.7,3.56
6884,7,1,0.6,5.05
6885,2,2,9.0,5.11
6886,7,3,4.4,6.85
6887,5,1,0.9,5.63
6888,4,3,9.7,6.4
6889,5,3,3.2,4.79
6890,0,4,4.4,7.17
6891,2,3,9.7,3.99
6892,2,2,9.6,6.16
6893,1,1,4.3,6.8
6894,4,2,1.4,4.27
6895,2,4,4.3,5.34
6896,6,4,7.9,3.58
6897,4,0,4.9,5.97
6898,3,0,3.7,2.66
6899,7,2,9.0,2.67
6900,6,4,5.9,5.73
6901,3,0,9.5,4.01
6902,5,4,5.3,4.05
6903,4,2,7.3,5.01
6904,2,2,8.2,6.02
6905,6,0,6.9,6.27
6906,3,1,8.2,3.46
6907,3,3,1.1,6.24
6908,2,0,7.0,5.73
6909,7,4,4.3,2.91
6910,1,4,1.2,4.99
6911,3,4,0.0,4.06
6912,2,2,1.4,4.21
6913,7,2,0.7,6.15
6914,0,0,9.8,7.03
6915,7,4,8.1,5.0
6916,5,3,9.8,4.68
6917,3,0,4.5,5.59
6918,4,2,9.4,6.57
6919,1,3,1.2,2.42
6920,6,2,2.2,3.84
6921,0,4,8.4,4.55
6922,5,1,3.5,4.44
6923,1,0,0.3,1.91
6924,1,3,7.0,5.84
6925,3,4,6.1,4.16
6926,4,1,0.9,4.41
6927,6,1,9.7,6.44
6928,3,0,7.9,4.79
6929,7,1,3.5,6.22
6930,5,3,9.6,4.14
6931,6,0,5.2,5.76
6932,0,4,3.2,3.36
6933,3,0,1.6,4.91
6934,1,3,3.9,2.28
6935,5,2,9.4,5.56
6936,4,2,0.3,4.99
6937,0,0,6.5,4.07
6938,0,3,6.1,5.95
6939,2,1,0.2,4.14
6940,2,4,8.5,2.7
6941,1,2,3.9,3.83
6942,1,1,2.3,4.2
6943,0,3,6.8,4.97
6944,2,1,7.3,3.63
6945,1,1,8.9,5.4
6946,4,0,0.8,5.75
6947,2,0,0.0,5.9
6948,2,1,8.7,4.99
6949,6,0,7.4,4.94
6950,7,4,7.2,5.65
6951,5,1,0.1,5.85
6952,6,2,0.8,6.16
6953,0,4,1.6,6.56
6954,0,2,9.7,5.21
6955,4,1,3.9,4.71
6956,0,1,2.4,3.61
6957,0,1,0.9,3.05
6958,6,4,9.5,4.41
6959,1,0,8.9,3.74
6960,1,1,8.9,4.5
6961,0,4,7.8,4.48
6962,6,1,3.8,6.43
6963,3,1,4.7,4.1
6964,3,2,4.3,5.03
6965,5,3,6.4,4.43
6966,1,1,0.8,4.83
6967,0,3,3.7,3.17
6968,2,0,2.4,5.37
6969,5,0,0.4,4.19
6970,2,1,5.6,6.84
6971,1,2,1.3,5.37
6972,0,0,7.7,3.51
6973,7,1,9.1,7.69
6974,2,4,6.6,5.96
6975,4,3,7.6,4.22
6976,3,2,0.3,4.74
6977,3,4,0.0,4.07
6978,1,4,8.7,4.34
6979,5,1,8.4,7.42
6980,0,2,5.3,4.09
6981,4,0,2.9,4.28
6982,7,4,3.3,6.28
6983,2,1,4.4,6.07
6984,0,1,0.4,4.13
6985,1,3,7.0,3.31
6986,5,2,2.1,5.88
6987,1,4,2.9,3.94
6988,6,2,9.3,5.28
6989,0,2,7.8,4.73
6990,1,1,9.5,2.73
6991,4,2,3.4,3.54
6992,5,2,9.6,4.67
6993,5,3,0.4,4.21
6994,3,4,3.9,6.02
6995,0,2,2.3,2.48
6996,3,2,6.6,3.62
6997,2,4,7.8,3.89
6998,7,3,9.6,4.33
6999,6,1,8.8,6.48
7000,2,0,1.4,5.79
7001,7,3,3.8,3.32
7002,5,0,5.9,4.73
7003,3,4,0.9,5.38
7004,2,0,8.2,4.34
7005,6,0,6.8,4.82
7006,6,3,6.7,3.78
7007,3,1,6.4,6.03
7008,5,0,5.4,3.06
7009,1,2,6.8,6.86
7010,0,1,5.7,5.24
7011,0,0,4.3,5.49
7012,1,2,2.0,3.83
7013,1,1,5.5,4.08
7014,5,4,5.2,5.12
7015,5,4,2.4,4.46
7016,2,1,7.9,6.32
7017,5,0,2.4,6.91
7018,1,0,4.1,6.32
7019,3,1,1.9,6.12
7020,4,4,7.0,3.9
7021,6,4,9.2,3.72
7022,6,2,5.3,3.82
7023,4,4,6.4,2.89
7024,3,2,3.8,5.22
7025,5,1,9.6,5.13
7026,2,4,4.0,3.99
7027,6,3,7.9,4.13
7028,6,2,4.6,3.64
7029,6,2,4.9,5.76
7030,5,3,7.1,4.63
7031,0,2,0.7,3.79
7032,7,3,0.9,5.69
7033,7,4,2.1,5.07
7034,1,2,1.5,6.44
7035,5,1,4.0,3.5
7036,3,4,1.2,5.33
7037,3,0,8.9,4.45
7038,6,2,9.5,3.47
7039,5,4,9.5,5.61
7040,6,0,8.1,4.49
7041,3,4,0.4,5.37
7042,0,4,1.8,4.83
7043,0,4,3.2,3.65
7044,2,3,9.3,4.47
7045,4,4,9.5,4.31
7046,3,2,7.4,4.55
7047,2,1,2.1,7.09
7048,1,4,7.8,5.58
7049,4,2,7.8,4.55
7050,4,2,4.8,5.21
7051,6,3,4.3,4.48
7052,1,1,2.4,2.33
7053,1,4,4.0,4.14
7054,0,0,1.7,5.76
7055,0,2,6.4,5.06
7056,3,3,10.0,3.38
7057,7,4,0.8,5.17
7058,3,3,6.6,4.64
7059,2,3,1.4,5.53
7060,1,4,4.2,4.69
7061,3,1,8.0,1.84
7062,3,0,5.1,6.2
7063,7,3,8.7,5.2
7064,7,2,10.0,5.33
7065,0,4,7.4,6.21
7066,5,4,3.5,5.62
7067,5,0,5.1,3.91
7068,3,4,0.1,5.14
7069,2,1,0.5,8.14
7070,5,1,4.6,5.55
7071,1,2,5.0,4.92
7072,3,4,7.9,2.72
7073,7,1,5.4,4.79
7074,3,4,7.1,6.29
7075,4,3,8.3,2.87
7076,4,1,4.6,5.03
7077,1,0,4.1,6.45
7078,3,4,3.1,4.28
7079,3,2,4.8,3.76
7080,5,2,9.8,5.21
7081,6,2,5.1,4.6
7082,3,2,3.6,6.2
7083,6,0,4.0,4.05
7084,3,1,2.4,5.37
7085,1,4,2.8,5.44
7086,5,0,3.6,4.37
7087,4,4,8.7,3.89
7088,2,4,7.0,6.21
7089,3,0,6.9,4.39
7090,5,0,4.9,7.21
7091,4,0,4.4,3.33
7092,0,0,4.5,5.93
7093,7,3,2.6,5.73
7094,5,3,7.8,3.56
7095,1,0,3.8,7.05
7096,1,3,7.1,4.83
7097,7,2,6.0,3.99
7098,0,1,4.0,7.55
7099,7,4,9.1,5.23
7100,6,0,1.0,5.54
7101,6,3,6.5,3.94
7102,5,2,1.8,4.88
7103,5,2,8.3,5.5
7104,3,1,4.5,5.05
7105,3,3,7.6,4.69
7106,7,1,1.0,5.13
7107,0,3,6.5,5.13
7108,1,2,2.4,5.89
7109,2,2,6.2,4.51
7110,6,3,9.6,4.84
7111,0,0,6.8,3.86
7112,1,2,9.9,5.28
7113,4,4,4.7,5.02
7114,7,1,4.8,4.97
7115,4,1,0.0,5.17
7116,6,4,8.3,3.58
7117,4,1,9.9,6.43
7118,1,1,5.4,5.81
7119,2,4,7.1,5.84
7120,4,2,7.7,3.7
7121,2,0,9.0,5.39
7122,3,0,6.2,3.76
7123,7,2,2.7,4.54
7124,2,1,8.7,2.89
7125,7,0,9.7,5.96
7126,5,4,1.8,4.0
7127,2,2,1.9,2.36
7128,3,4,8.0,6.28
7129,3,4,4.8,5.53
7130,1,4,9.9,3.52
7131,6,0,7.9,3.51
7132,4,1,4.0,6.05
7133,3,3,1.5,4.7
7134,0,4,7.2,6.22
7135,5,1,0.4,4.46
7136,0,1,0.6,5.53
7137,4,3,2.6,5.86
7138,6,1,3.5,3.71
7139,5,2,2.6,5.6
7140,4,4,4.5,4.71
7141,3,4,4.3,6.46
7142,7,3,7.5,4.5
7143,2,4,2.6,6.54
7144,7,1,9.5,4.03
7145,0,3,2.1,5.59
7146,7,0,7.5,2.71
7147,3,2,4.0,3.33
7148,3,0,9.1,7.42
7149,5,1,2.1,6.27
7150,1,2,7.5,6.3
7151,7,0,4.9,6.49
7152,2,1,8.3,6.28
7153,7,2,0.3,6.22
7154,1,1,5.9,4.06
7155,0,2,6.6,5.52
7156,2,0,0.5,4.73
7157,5,4,5.6,2.5
7158,5,1,7.0,2.77
7159,4,4,1.4,3.39
7160,4,2,6.1,5.04
7161,7,1,2.1,3.04
7162,6,3,7.4,3.35
7163,3,0,7.8,6.06
7164,6,3,9.4,6.45
7165,0,0,7.0,5.64
7166,6,1,9.4,4.17
7167,3,4,4.3,4.33
7168,4,4,8.4,3.93
7169,7,3,4.0,6.05
7170,6,4,7.5,2.98
7171,1,0,8.9,4.17
7172,2,3,3.7,6.8
7173,2,1,5.5,6.21
7174,0,3,2.0,4.09
7175,2,0,9.2,4.24
7176,3,4,1.3,6.23
7177,5,2,8.1,3.82
7178,2,3,2.9,3.81
7179,3,3,3.5,5.1
7180,7,1,6.1,6.04
7181,1,0,3.8,5.63
7182,6,3,8.3,5.14
7183,4,3,3.1,3.86
7184,3,0,0.6,4.19
7185,6,2,0.6,5.83
7186,5,2,1.5,5.46
7187,5,2,9.3,4.95
7188,7,0,6.8,2.13
7189,3,3,3.2,4.16
7190,2,1,9.1,5.08
7191,1,3,7.3,5.16
7192,0,3,2.1,7.6
7193,3,2,9.4,5.44
7194,1,3,9.5,6.24
7195,1,1,8.6,3.37
7196,0,0,3.4,3.67
7197,1,2,0.3,4.89
7198,7,2,8.6,5.69
7199,5,1,1.8,5.25
7200,3,3,6.2,6.79
7201,6,1,1.4,7.5
7202,7,0,0.2,5.07
7203,4,1,9.0,5.87
7204,2,0,7.1,4.99
7205,0,3,5.5,4.2
7206,5,2,6.7,3.7
7207,6,0,1.9,3.76
7208,6,3,7.0,4.99
7209,3,4,0.1,6.3
7210,3,3,1.0,5.01
7211,6,3,1.8,5.39
7212,3,4,0.7,4.79
7213,2,2,2.8,5.12
7214,6,0,1.9,4.28
7215,0,4,4.5,4.38
7216,1,0,8.5,5.76
7217,2,2,8.6,5.97
7218,3,1,8.4,4.33
7219,7,3,8.2,3.92
7220,2,4,3.9,4.64
7221,2,2,5.1,4.65
7222,3,4,1.4,5.53
7223,2,2,8.6,3.79
7224,1,1,5.3,5.37
7225,2,1,3.4,3.78
7226,6,3,7.9,3.93
7227,5,2,2.4,3.27
7228,5,4,7.8,4.32
7229,1,4,7.7,4.25
7230,2,2,2.6,5.16
7231,6,0,8.7,3.87
7232,2,4,8.4,7.75
7233,5,0,5.9,4.6
7234,7,0,2.6,5.13
7235,6,1,9.7,3.64
7236,4,3,5.6,4.53
7237,2,1,2.0,5.2
7238,7,4,8.2,5.24
7239,3,3,6.3,5.64
7240,0,3,8.4,5.33
7241,6,4,7.5,5.05
7242,1,4,3.8,3.95
7243,5,1,1.2,5.47
7244,2,0,1.5,4.22
7245,3,1,8.0,5.38
7246,6,1,3.7,6.69
7247,4,4,6.4,5.68
7248,2,2,9.8,6.05
7249,7,1,3.7,6.23
7250,3,2,0.8,3.99
7251,5,3,7.5,3.95
7252,3,3,4.1,4.16
7253,5,4,4.6,3.94
7254,7,2,0.5,5.71
7255,1,3,7.4,3.72
7256,2,0,9.3,4.12
7257,7,4,3.2,4.14
7258,1,2,4.8,4.35
7259,3,0,7.6,5.28
7260,5,4,6.9,5.41
7261,5,0,7.2,3.93
7262,5,0,9.9,5.9
7263,7,3,1.6,5.37
7264,6,4,1.7,3.66
7265,5,2,4.5,6.41
7266,3,1,8.4,4.53
7267,7,0,8.6,4.84
7268,6,3,9.0,5.57
7269,3,4,4.4,5.06
7270,3,0,5.3,6.06
7271,7,1,6.2,5.16
7272,2,1,9.5,2.65
7273,5,4,4.2,4.35
7274,5,2,0.8,7.73
7275,6,4,5.3,4.34
7276,1,3,7.9,2.21
7277,3,1,4.5,4.87
7278,2,1,1.7,4.29
7279,1,2,9.5,4.4
7280,1,4,3.7,4.42
7281,7,2,7.0,5.07
7282,2,4,9.2,5.88
7283,6,0,6.5,4.71
7284,2,2,0.2,6.19
7285,6,0,2.9,5.04
7286,1,1,8.7,6.29
7287,2,0,9.5,5.03
7288,2,4,2.6,7.7
7289,5,2,7.8,6.22
7290,2,0,2.9,4.45
7291,0,4,7.2,7.51
7292,3,0,7.8,5.02
7293,5,2,4.1,2.96
7294,1,2,5.4,5.46
7295,3,1,0.7,4.6
7296,1,2,0.7,4.31
7297,2,1,5.1,5.81
7298,3,1,5.7,5.0
7299,3,1,9.3,4.23
7300,7,0,7.7,5.58
7301,0,2,1.9,6.93
7302,5,2,5.5,5.59
7303,2,2,6.9,5.82
7304,0,3,1.7,7.08
7305,1,2,9.0,5.16
7306,1,2,0.2,7.79
7307,7,3,4.3,4.92
7308,1,1,2.4,3.28
7309,1,1,1.5,4.84
7310,3,1,6.7,3.46
7311,7,1,1.9,5.51
7312,4,3,6.7,4.07
7313,2,0,8.4,3.25
7314,3,3,0.8,6.89
7315,4,2,5.3,6.04
7316,3,2,8.6,2.65
7317,7,1,1.6,4.68
7318,0,3,8.8,5.19
7319,7,1,7.5,5.1
7320,4,1,2.0,5.58
7321,6,2,1.2,5.25
7322,6,1,3.7,5.19
7323,0,1,3.8,4.43
7324,4,4,6.0,3.15
7325,1,4,4.1,4.51
7326,6,0,9.1,3.21
7327,5,3,3.2,4.8
7328,1,2,3.5,6.38
7329,6,0,6.9,4.95
7330,3,4,1.9,5.62
7331,4,2,8.5,6.73
7332,5,1,7.2,4.21
7333,5,0,0.5,5.34
7334,4,3,7.4,7.24
7335,0,1,3.0,5.07
7336,3,0,5.1,5.12
7337,1,0,3.4,4.21
7338,5,3,5.9,4.61
7339,7,4,3.3,2.94
7340,0,2,8.3,6.36
7341,2,1,0.2,6.05
7342,5,1,7.2,4.61
7343,6,2,4.1,4.97
7344,3,2,4.2,4.75
7345,4,1,4.0,3.73
7346,3,3,8.9,6.71
7347,4,3,9.7,3.61
7348,3,0,4.6,4.2
7349,0,3,2.2,5.6
7350,1,1,6.5,5.56
7351,6,3,0.3,3.97
7352,5,4,5.3,5.85
7353,1,1,9.6,6.19
7354,3,1,7.1,5.8
7355,1,4,5.0,5.86
7356,0,2,1.7,4.77
7357,4,3,5.9,5.14
7358,5,4,5.6,2.12
7359,7,4,6.2,3.81
7360,2,0,5.3,4.54
7361,5,3,0.8,4.4
7362,0,0,6.0,4.84
7363,2,3,6.5,3.33
7364,0,1,0.5,5.06
7365,1,0,5.2,2.92
7366,3,3,8.7,4.45
7367,1,1,5.1,6.79
7368,4,4,4.5,5.15
7369,0,1,10.0,6.64
7370,4,3,7.4,4.04
7371,4,4,9.0,4.07
7372,3,1,2.3,4.85
7373,7,0,6.9,5.89
7374,1,2,2.1,5.23
7375,5,4,7.6,4.73
7376,6,0,9.1,4.54
7377,1,2,2.8,3.39
7378,2,2,6.1,5.27
7379,5,3,2.8,6.7
7380,2,0,0.4,3.36
7381,6,2,9.6,4.5
7382,5,3,6.7,4.51
7383,7,0,8.5,5.54
7384,2,0,9.3,2.59
7385,7,4,5.0,4.54
7386,1,2,7.6,5.91
7387,2,3,7.9,5.95
7388,7,0,9.6,6.44
7389,2,3,4.9,7.29
7390,3,0,3.5,4.49
7391,0,4,9.0,5.53
7392,7,1,4.8,4.31
7393,6,3,5.5,6.36
7394,7,1,5.3,4.26
7395,6,4,2.2,7.87
7396,7,3,5.5,5.28
7397,0,4,4.7,5.16
7398,4,0,9.2,1.3
7399,4,2,1.0,3.99
7400,5,1,8.6,7.36
7401,4,0,8.1,4.79
7402,5,1,5.0,4.59
7403,1,0,8.3,3.78
7404,1,4,9.7,4.61
7405,6,1,5.3,4.27
7406,6,1,2.2,5.66
7407,7,3,5.9,5.67
7408,3,2,9.8,6.32
7409,7,1,5.4,4.96
7410,6,1,7.8,4.08
7411,6,4,1.9,3.03
7412,5,2,7.6,5.32
7413,6,3,3.8,5.73
7414,3,1,8.6,4.65
7415,3,1,4.1,5.61
7416,0,0,3.7,5.76
7417,1,2,3.2,4.29
7418,4,3,4.5,2.46
7419,0,4,1.1,4.35
7420,4,0,10.0,6.74
7421,0,3,10.0,4.79
7422,4,2,0.5,4.52
7423,2,1,4.3,2.47
7424,6,4,9.5,4.94
7425,6,1,10.0,4.08
7426,1,2,8.7,4.31
7427,4,2,5.5,5.21
7428,0,0,6.8,6.14
7429,0,2,2.3,4.75
7430,5,1,9.6,4.84
7431,0,3,5.1,2.4
7432,5,2,4.9,4.2
7433,2,0,8.1,2.76
7434,3,2,2.9,4.06
7435,0,0,0.2,4.17
7436,6,1,6.6,5.29
7437,5,2,6.9,5.84
7438,0,1,3.2,5.55
7439,4,0,8.9,5.39
7440,1,0,0.4,5.34
7441,3,4,10.0,5.37
7442,1,0,9.1,4.65
7443,0,1,5.9,5.17
7444,4,0,9.8,5.97
7445,5,1,4.5,3.2
7446,2,2,9.3,3.72
7447,7,2,1.4,6.49
7448,7,3,2.2,6.73
7449,1,4,5.5,5.65
7450,1,4,6.2,6.22
7451,0,3,5.2,5.69
7452,0,1,7.2,5.97
7453,2,0,9.0,5.19
7454,5,1,4.2,5.42
7455,3,0,3.1,4.08
7456,3,2,9.1,6.05
7457,2,4,6.8,5.39
7458,3,2,4.3,3.81
7459,2,4,9.6,5.9
7460,7,1,1.3,7.54
7461,7,1,2.3,3.85
7462,0,2,7.7,5.24
7463,1,1,4.6,6.47
7464,0,3,0.2,3.32
7465,1,1,6.9,5.98
7466,3,3,6.8,6.07
7467,7,3,3.6,3.54
7468,3,3,7.2,4.16
7469,6,2,4.5,4.66
7470,3,4,1.4,4.79
7471,3,2,6.6,5.72
7472,7,3,9.0,5.51
7473,3,3,2.8,6.83
7474,6,0,6.8,4.94
7475,5,4,8.7,4.34
7476,2,1,5.5,5.16
7477,0,4,8.7,6.51
7478,0,4,6.9,6.42
7479,0,2,5.8,6.21
7480,0,3,1.0,3.05
7481,0,4,8.9,6.66
7482,0,4,2.5,6.83
7483,0,4,2.5,4.43
7484,3,1,3.7,6.67
7485,4,2,9.9,4.64
7486,0,4,4.1,4.2
7487,1,2,9.1,4.65
7488,3,1,7.8,6.42
7489,3,1,6.0,4.89
7490,2,0,7.8,4.66
7491,5,1,9.3,4.56
7492,7,3,3.6,4.91
7493,4,0,1.6,3.94
7494,3,4,9.4,5.34
7495,0,3,7.6,5.6
7496,7,3,8.0,4.68
7497,6,1,8.4,3.88
7498,3,1,2.0,6.43
7499,5,1,4.0,5.37
7500,4,3,0.7,5.7
7501,4,1,0.0,4.23
7502,3,2,8.8,4.26
7503,4,4,9.1,2.76
7504,7,4,9.2,5.92
7505,1,3,7.5,4.1
7506,0,2,6.4,3.77
7507,1,1,5.3,6.88
7508,3,2,1.7,7.62
7509,7,1,0.6,4.34
7510,7,0,3.2,6.55
7511,3,2,4.5,3.03
7512,4,1,7.2,4.1
7513,7,2,8.1,3.37
7514,1,1,9.0,5.48
7515,3,3,7.2,2.18
7516,5,0,7.5,6.11
7517,6,2,6.8,7.18
7518,6,3,4.0,4.95
7519,5,0,7.7,3.03
7520,2,1,3.2,3.53
7521,5,4,0.1,6.5
7522,1,2,2.5,5.34
7523,5,3,9.6,4.47
7524,4,4,4.7,4.76
7525,0,0,3.3,4.32
7526,0,2,0.9,7.3
7527,4,0,6.7,4.43
7528,2,0,1.7,6.18
7529,4,1,1.7,6.22
7530,1,4,1.5,4.9
7531,6,1,7.5,4.91
7532,7,3,4.4,2.68
7533,6,2,1.4,6.77
7534,4,3,9.6,5.66
7535,1,3,3.9,5.23
7536,4,1,4.0,4.63
7537,1,0,8.2,5.61
7538,3,3,7.3,4.19
7539,2,2,7.6,6.3
7540,1,4,0.9,7.94
7541,1,0,1.5,3.09
7542,1,4,6.7,3.2
7543,4,1,1.0,2.91
7544,5,2,1.2,1.99
7545,3,4,2.7,6.19
7546,2,2,7.1,4.0
7547,4,3,6.2,5.69
7548,5,4,6.5,6.07
7549,4,3,0.7,4.4
7550,5,3,2.9,3.78
7551,1,1,9.0,3.3
7552,5,3,9.0,6.37
7553,4,4,6.4,3.91
7554,4,1,4.2,3.73
7555,3,3,1.8,3.03
7556,7,3,2.8,3.65
7557,0,3,4.3,3.49
7558,5,0,9.3,4.03
7559,7,4,5.8,4.43
7560,7,0,9.5,5.26
7561,1,1,10.0,3.88
7562,6,2,8.5,3.99
7563,4,3,9.0,6.92
7564,0,2,4.6,6.9
7565,5,1,2.5,5.75
7566,4,3,0.6,4.23
7567,7,4,0.3,3.26
7568,5,4,8.2,6.54
7569,3,2,1.9,5.15
7570,7,4,8.6,5.04
7571,7,2,4.8,5.29
7572,5,3,5.4,4.1
7573,5,4,7.9,4.55
7574,1,0,2.2,5.92
7575,7,0,2.8,4.81
7576,5,4,9.0,5.47
7577,4,0,3.1,3.87
7578,1,4,6.1,6.3
7579,4,4,9.2,5.13
7580,6,4,0.4,3.79
7581,5,4,9.0,3.49
7582,5,3,3.8,6.45
7583,7,4,4.5,3.92
7584,7,3,5.7,4.31
7585,2,0,6.2,4.89
7586,4,1,6.0,4.13
7587,3,3,4.8,4.67
7588,0,0,9.4,6.17
7589,1,0,4.3,5.05
7590,4,4,0.5,5.63
7591,7,3,5.0,3.53
7592,4,0,1.7,5.14
7593,4,1,3.6,3.98
7594,6,0,4.2,3.36
7595,5,4,1.4,4.1
7596,0,2,5.6,6.63
7597,5,2,1.4,5.62
7598,2,3,4.2,5.43
7599,6,3,4.1,5.12
7600,4,0,8.1,8.19
7601,0,4,8.7,3.64
7602,7,2,4.0,4.82
7603,3,2,7.1,3.76
7604,6,0,1.3,5.24
7605,0,4,2.5,6.54
7606,4,4,0.8,5.51
7607,4,3,1.0,6.54
7608,3,3,7.9,5.26
7609,2,3,4.5,4.6
7610,7,0,0.9,4.4
7611,3,4,9.5,3.78
7612,5,0,4.5,6.02
7613,7,1,5.4,5.99
7614,4,3,0.9,5.79
7615,6,0,1.0,5.22
7616,3,2,4.7,3.74
7617,0,0,2.8,3.75
7618,3,2,2.9,5.49
7619,1,4,9.9,6.66
7620,5,0,4.6,6.24
7621,1,2,9.9,4.76
7622,0,1,7.9,6.37
7623,6,3,9.2,4.24
7624,1,3,6.9,6.87
7625,2,4,7.4,3.63
7626,1,0,8.6,3.84
7627,5,3,9.2,7.11
7628,5,0,1.6,4.37
7629,4,3,0.3,3.57
7630,1,3,3.7,4.5
7631,4,4,3.5,3.36
7632,6,2,3.1,4.07
7633,3,4,7.8,4.78
7634,5,2,3.3,3.61
7635,7,3,3.7,4.3
7636,5,2,4.6,3.85
7637,0,0,4.0,4.43
7638,1,4,2.9,5.34
7639,2,1,5.2,6.36
7640,3,4,8.9,6.17
7641,5,4,5.2,6.67
7642,3,0,6.6,4.17
7643,7,2,7.6,5.3
7644,0,0,7.5,6.56
7645,7,1,9.7,5.74
7646,0,2,5.3,7.48
7647,1,0,8.2,6.23
7648,7,0,0.9,3.93
7649,4,3,2.5,1.51
7650,7,2,0.8,4.81
7651,5,3,3.6,5.09
7652,5,4,2.0,5.31
7653,4,4,7.5,7.09
7654,0,0,0.9,5.19
7655,6,3,3.7,3.68
7656,2,4,2.7,4.01
7657,7,2,5.6,4.15
7658,1,4,4.9,4.85
7659,0,3,4.5,4.91
7660,1,4,4.9,3.75
7661,7,3,6.2,2.73
7662,0,4,7.7,4.52
7663,7,2,5.7,3.85
7664,0,4,7.1,4.04
7665,3,1,4.0,4.97
7666,4,0,10.0,5.27
7667,7,3,5.5,4.93
7668,0,1,7.9,4.82
7669,5,4,7.6,4.16
7670,2,3,1.4,3.6
7671,3,1,4.1,4.28
7672,2,2,9.9,3.78
7673,1,1,5.7,4.6
7674,3,4,1.2,5.77
7675,0,4,1.7,7.49
7676,4,3,7.9,4.56
7677,7,0,1.1,3.67
7678,7,3,4.5,6.61
7679,6,4,3.9,2.35
7680,0,3,8.7,4.4
7681,1,3,3.1,4.76
7682,0,1,9.6,4.63
7683,2,4,0.2,3.47
7684,4,3,0.5,5.3
7685,6,1,9.4,5.61
7686,2,3,6.0,5.57
7687,0,2,1.9,4.6
7688,1,1,6.5,4.87
7689,3,1,8.6,4.3
7690,6,4,1.0,4.6
7691,5,3,9.0,6.56
7692,2,3,1.3,5.07
7693,2,4,9.0,5.31
7694,2,1,6.9,7.01
7695,5,2,3.5,5.89
7696,7,1,5.3,4.34
7697,6,4,1.7,4.23
7698,1,1,7.1,6.31
7699,2,4,6.4,3.52
7700,6,2,9.8,3.84
7701,6,0,8.0,6.5
7702,0,2,2.7,3.25
7703,0,0,9.7,6.21
7704,5,4,4.0,5.9
7705,1,4,9.2,3.79
7706,2,0,1.8,5.72
7707,7,4,2.5,3.94
7708,4,0,1.0,4.37
7709,4,1,3.3,7.52
7710,3,0,7.9,5.49
7711,5,0,1.0,1.88
7712,3,2,6.7,4.6
7713,4,1,0.8,5.32
7714,7,0,5.2,3.89
7715,1,3,0.8,4.57
7716,0,2,0.7,6.41
7717,6,3,1.2,5.36
7718,5,2,5.1,4.46
7719,0,3,5.3,3.23
7720,4,0,1.7,7.33
7721,6,2,4.6,5.21
7722,1,3,9.9,5.87
7723,5,3,2.5,4.05
7724,4,1,9.5,3.96
7725,4,2,1.5,4.69
7726,3,2,6.1,5.4
7727,7,4,7.7,4.07
7728,5,4,7.0,4.34
7729,3,3,4.5,4.79
7730,6,4,4.2,5.86
7731,1,0,2.8,5.55
7732,6,1,3.5,4.29
7733,3,3,9.4,5.19
7734,0,4,4.6,6.02
7735,5,1,8.2,2.43
7736,4,3,4.4,3.61
7737,0,0,7.5,4.91
7738,3,2,0.3,7.5
7739,0,0,1.5,4.76
7740,1,3,3.2,4.16
7741,5,3,6.3,3.03
7742,3,0,6.8,3.96
7743,7,1,5.2,4.09
7744,6,0,6.0,5.42
7745,3,4,6.7,5.22
7746,1,2,6.2,5.39
7747,5,4,6.1,4.63
7748,7,3,1.0,4.43
7749,6,3,5.8,7.0
7750,5,0,7.2,6.05
7751,1,2,1.9,3.59
7752,0,3,8.6,5.9
7753,7,1,4.6,3.86
7754,6,2,4.1,6.11
7755,5,2,0.5,6.17
7756,0,4,4.9,4.73
7757,0,2,0.3,3.12
7758,7,4,7.3,5.22
7759,7,4,0.7,4.52
7760,5,0,8.9,4.9
7761,7,3,1.1,5.64
7762,4,0,3.5,6.19
7763,3,1,5.2,5.49
7764,3,0,2.8,6.57
7765,2,4,7.4,3.75
7766,7,1,2.7,6.93
7767,6,1,6.1,4.92
7768,4,4,7.2,5.92
7769,3,2,9.6,5.35
7770,3,1,6.1,4.28
7771,1,4,4.8,5.5
7772,4,0,2.4,3.7
7773,1,3,8.1,6.64
7774,2,2,1.0,7.4
7775,5,4,5.0,4.54
7776,2,1,0.6,3.1
7777,2,1,9.1,5.3
7778,3,1,5.5,2.92
7779,0,2,1.8,4.25
7780,2,2,5.1,3.86
7781,1,1,5.3,3.73
7782,2,1,8.8,6.57
7783,4,4,0.2,2.95
7784,7,0,9.7,4.15
7785,5,3,9.4,7.12
7786,2,4,9.0,6.6
7787,4,2,4.1,5.83
7788,6,3,1.9,6.23
7789,3,1,5.5,4.78
7790,0,1,2.5,5.72
7791,4,0,6.1,4.06
7792,3,1,7.4,5.57
7793,7,3,1.8,5.65
7794,2,1,9.5,7.54
7795,2,4,3.1,4.44
7796,5,0,3.4,4.53
7797,5,2,3.5,6.0
7798,7,1,1.5,4.47
7799,0,0,4.4,5.79
7800,4,1,1.8,5.34
7801,1,0,4.3,4.64
7802,1,0,6.5,5.32
7803,5,4,4.4,7.88
7804,5,4,9.5,6.12
7805,0,2,6.3,2.67
7806,2,1,0.9,6.27
7807,0,1,8.2,5.32
7808,3,4,1.2,3.6
7809,4,4,1.4,7.69
7810,3,1,2.3,5.16
7811,7,2,6.4,6.79
7812,4,3,4.9,5.73
7813,2,3,8.8,3.38
7814,1,2,2.0,4.11
7815,4,2,9.1,5.77
7816,1,1,0.9,5.59
7817,2,3,3.9,4.33
7818,7,0,9.8,4.35
7819,7,2,3.6,5.08
7820,5,1,4.0,5.35
7821,4,1,6.1,6.41
7822,0,4,4.9,4.82
7823,0,4,6.4,2.17
7824,0,2,9.5,5.6
7825,0,3,4.2,5.21
7826,5,3,7.2,5.7
7827,5,1,5.8,4.42
7828,0,1,9.6,4.11
7829,4,3,4.3,4.85
7830,0,1,9.8,3.32
7831,4,3,2.4,5.43
7832,7,2,3.2,6.23
7833,1,2,9.7,4.97
7834,3,4,4.8,6.06
7835,0,1,3.1,4.09
7836,7,4,4.8,6.36
7837,2,3,0.5,5.89
7838,5,0,8.4,4.21
7839,1,0,4.3,6.34
7840,4,1,0.9,3.87
7841,3,0,7.4,5.87
7842,7,3,2.5,4.19
7843,2,4,7.0,4.27
7844,5,1,1.4,5.55
7845,6,4,8.3,7.12
7846,7,2,9.1,3.8
7847,6,0,1.2,2.89
7848,5,2,6.8,4.66
7849,5,4,9.2,5.67
7850,3,4,9.4,2.94
7851,7,4,6.0,5.77
7852,7,0,5.1,3.02
7853,5,1,4.3,4.74
7854,5,0,0.0,4.74
7855,1,4,4.2,3.27
7856,5,1,7.4,6.72
7857,5,1,8.4,4.9
7858,3,2,0.8,4.23
7859,3,4,0.3,5.01
7860,5,3,7.7,3.83
7861,0,3,5.3,5.77
7862,5,4,6.2,4.11
7863,4,2,8.8,5.55
7864,5,0,5.6,4.5
7865,4,4,9.4,5.92
7866,7,1,9.4,2.71
7867,0,3,5.8,7.03
7868,4,3,0.9,2.65
7869,1,4,4.9,3.04
7870,5,3,3.4,7.93
7871,3,0,4.3,5.09
7872,5,0,5.9,5.07
7873,2,1,0.2,5.19
7874,4,2,8.0,4.01
7875,6,3,5.5,4.96
7876,0,4,7.3,5.48
7877,3,0,3.2,7.7
7878,3,0,7.1,5.36
7879,6,0,7.3,3.54
7880,3,1,1.7,4.46
7881,4,1,3.3,5.97
7882,6,4,4.9,7.22
7883,0,1,4.2,5.69
7884,5,0,2.7,3.71
7885,3,2,0.5,5.73
7886,2,2,1.9,1.74
7887,2,3,4.5,5.07
7888,7,2,4.4,4.37
7889,2,1,5.0,2.46
7890,2,3,8.8,4.25
7891,0,0,3.1,5.96
7892,5,4,1.6,2.84
7893,1,3,6.3,4.72
7894,0,3,8.7,5.82
7895,6,0,8.2,4.56
7896,4,0,4.7,4.24
7897,4,4,5.4,5.11
7898,5,4,2.4,5.94
7899,4,2,9.5,3.83
7900,6,1,4.2,4.57
7901,0,0,3.9,4.03
7902,7,2,7.0,4.87
7903,3,3,1.7,3.4
7904,2,3,0.4,6.23
7905,0,3,7.4,5.42
7906,1,2,4.3,6.09
7907,5,1,4.3,4.16
7908,1,1,8.4,7.63
7909,5,3,1.6,6.18
7910,3,3,0.9,6.57
7911,7,2,7.6,5.8
7912,2,1,4.4,4.21
7913,6,0,6.2,5.37
7914,2,2,9.9,4.86
7915,5,3,0.7,4.78
7916,3,3,4.8,4.46
7917,2,3,9.8,3.7
7918,2,4,0.7,4.07
7919,3,2,8.8,5.52
7920,4,2,7.1,4.12
7921,7,2,4.0,4.32
7922,1,1,3.5,6.04
7923,4,0,0.8,5.06
7924,7,0,8.1,6.81
7925,1,3,0.3,3.88
7926,7,2,1.1,6.97
7927,6,1,4.9,4.05
7928,5,2,2.0,5.38
7929,6,4,3.4,5.14
7930,1,0,8.6,3.96
7931,7,2,3.2,6.16
7932,3,4,3.6,5.08
7933,4,0,9.5,5.15
7934,5,2,1.9,6.68
7935,2,4,3.9,2.82
7936,7,4,0.5,7.71
7937,1,2,8.1,4.61
7938,1,0,2.5,5.2
7939,1,1,9.0,4.7
7940,1,2,9.6,5.91
7941,4,1,3.1,5.29
7942,3,0,3.5,4.49
7943,4,3,8.3,5.1
7944,3,3,1.3,5.29
7945,6,1,4.8,2.73
7946,0,0,6.9,3.21
7947,7,0,9.0,2.73
7948,2,1,8.0,5.67
7949,6,0,1.8,4.81
7950,0,0,1.0,1.94
7951,7,1,9.3,5.7
7952,5,1,1.8,5.48
7953,2,2,0.4,4.02
7954,3,3,3.4,2.77
7955,4,0,1.2,5.23
7956,3,1,6.6,4.82
7957,7,1,6.5,5.48
7958,3,2,4.9,4.89
7959,7,0,4.1,8.02
7960,5,4,6.1,1.76
7961,0,3,6.8,6.13
7962,4,3,4.8,3.89
7963,7,1,2.1,4.26
7964,4,3,3.6,4.26
7965,4,2,6.2,6.13
7966,0,0,5.4,4.85
7967,2,2,5.1,5.21
7968,1,3,0.6,4.37
7969,3,1,1.8,7.59
7970,5,1,3.1,5.55
7971,3,2,7.5,6.59
7972,1,4,9.8,6.47
7973,7,0,1.0,4.09
7974,1,1,3.5,4.57
7975,4,0,6.0,5.65
7976,4,2,2.1,3.85
7977,6,3,6.1,4.68
7978,5,2,4.1,2.63
7979,7,2,9.5,3.85
7980,1,3,4.4,5.37
7981,3,0,1.4,4.36
7982,5,3,3.7,2.61
7983,7,4,9.2,3.62
7984,2,3,7.7,5.63
7985,1,2,3.3,6.13
7986,2,1,5.6,3.15
7987,5,3,7.6,3.97
7988,2,3,4.3,5.79
7989,2,4,4.1,5.25
7990,2,4,8.5,6.07
7991,0,2,5.7,3.63
7992,2,1,2.8,3.51
7993,7,2,7.2,4.72
7994,2,4,8.8,6.21
7995,0,0,7.2,4.44
7996,5,1,1.7,5.52
7997,7,0,5.3,3.38
7998,3,0,6.0,4.86
7999,4,2,6.7,6.6
8000,4,0,4.4,4.82
8001,7,0,1.6,6.97
8002,7,0,3.6,4.71
8003,1,1,8.2,3.97
8004,5,4,2.2,6.16
8005,4,4,9.0,4.83
8006,7,0,7.0,5.18
8007,7,2,3.3,4.13
8008,2,0,4.4,4.12
8009,5,2,3.0,5.02
8010,2,4,5.7,5.87
8011,6,3,4.3,5.2
8012,7,1,2.7,4.98
8013,2,0,7.5,4.67
8014,3,3,8.2,4.61
8015,1,1,1.4,5.19
8016,5,1,2.8,4.16
8017,5,0,5.3,4.36
8018,0,0,3.7,4.79
8019,6,1,5.4,4.14
8020,1,2,1.7,5.62
8021,6,1,1.8,4.09
8022,0,0,4.8,3.89
8023,3,0,6.0,4.64
8024,0,3,9.6,5.13
8025,6,2,1.1,3.88
8026,0,3,4.6,5.91
8027,6,0,8.8,4.71
8028,3,0,2.6,4.11
8029,6,0,4.3,3.32
8030,6,0,4.6,5.73
8031,1,1,3.8,3.86
8032,2,0,0.5,2.91
8033,1,3,7.2,6.29
8034,4,3,1.9,5.93
8035,4,0,7.4,3.86
8036,3,3,3.2,4.24
8037,3,3,9.4,4.82
8038,0,1,7.3,5.38
8039,2,2,4.4,4.43
8040,3,1,1.5,7.0
8041,5,2,0.9,3.5
8042,6,1,0.3,5.91
8043,1,4,1.4,3.36
8044,6,3,1.4,2.17
8045,4,2,9.1,5.28
8046,6,2,0.6,3.81
8047,6,0,1.4,6.37
8048,0,4,2.7,5.38
8049,7,0,8.6,4.25
8050,1,4,2.9,6.06
8051,2,4,0.3,3.87
8052,2,3,9.8,4.35
8053,3,4,7.3,4.9
8054,4,0,7.6,7.16
8055,6,0,7.5,1.77
8056,4,3,1.8,4.89
8057,7,2,0.5,4.77
8058,2,0,4.1,4.42
8059,2,3,6.1,4.45
8060,5,2,3.5,4.28
8061,2,3,6.2,6.39
8062,5,4,7.6,5.62
8063,2,3,2.9,5.1
8064,0,2,9.5,5.78
8065,5,2,8.7,5.55
8066,5,3,5.9,4.79
8067,3,1,4.2,3.16
8068,0,1,6.3,2.02
8069,0,3,9.4,3.66
8070,6,0,2.5,4.26
8071,0,0,6.0,4.93
8072,5,2,5.3,5.78
8073,2,1,8.2,6.38
8074,5,3,1.7,4.84
8075,4,3,9.8,2.88
8076,3,2,7.0,6.45
8077,6,0,6.3,5.39
8078,3,2,3.6,3.66
8079,7,1,1.6,3.6
8080,4,1,3.8,4.23
8081,2,3,7.6,4.89
8082,3,4,0.5,4.02
8083,4,1,7.6,5.31
8084,7,2,2.2,5.76
8085,4,1,9.1,6.3
8086,4,3,5.1,5.18
8087,6,2,3.9,2.33
8088,2,4,4.4,5.13
8089,2,2,9.1,5.52
8090,1,1,3.9,5.87
8091,4,0,0.0,4.06
8092,4,1,2.6,6.37
8093,0,4,2.8,4.89
8094,3,0,3.1,3.06
8095,4,1,8.9,3.57
8096,0,1,9.8,2.87
8097,2,2,2.3,5.7
8098,5,2,4.9,6.18
8099,4,1,0.3,4.59
8100,6,2,8.5,4.9
8101,5,3,6.7,4.28
8102,5,0,9.3,6.09
8103,2,1,1.7,4.95
8104,1,4,6.8,4.83
8105,2,1,9.1,6.32
8106,6,2,4.9,5.15
8107,2,3,0.8,5.12
8108,0,3,2.6,5.19
8109,3,4,3.3,3.97
8110,4,0,0.7,5.67
8111,1,2,2.4,4.14
8112,6,3,2.2,4.86
8113,7,3,1.7,5.72
8114,4,4,5.4,4.41
8115,2,2,6.0,5.23
8116,5,3,8.2,4.15
8117,6,1,9.9,6.06
8118,3,3,9.9,5.95
8119,0,1,1.1,5.31
8120,5,2,8.3,5.95
8121,1,0,5.8,4.56
8122,3,2,5.5,7.04
8123,5,0,4.2,5.01
8124,2,0,8.1,4.78
8125,7,3,2.9,4.84
8126,3,4,8.8,5.19
8127,0,3,7.6,2.48
8128,1,2,8.4,6.63
8129,2,3,5.2,5.37
8130,2,1,6.4,6.07
8131,7,2,3.1,2.04
8132,1,1,0.0,4.86
8133,5,4,4.5,3.73
8134,3,0,3.4,5.64
8135,7,4,5.1,4.92
8136,2,3,3.1,4.14
8137,3,1,1.2,5.06
8138,3,0,5.3,5.91
8139,6,2,6.9,3.38
8140,6,3,1.1,6.05
8141,2,1,0.5,5.35
8142,5,0,7.1,3.62
8143,5,4,7.6,5.14
8144,5,2,4.8,6.07
8145,5,4,6.1,4.06
8146,7,3,7.1,7.01
8147,2,4,7.4,3.86
8148,1,1,5.1,3.46
8149,5,4,2.1,3.07
8150,7,1,1.9,5.58
8151,4,3,2.5,6.25
8152,2,3,1.4,5.32
8153,1,0,4.4,5.11
8154,2,2,3.3,5.0
8155,7,3,3.3,4.72
8156,0,3,0.8,5.12
8157,2,1,2.2,6.51
8158,4,3,6.5,6.2
8159,6,1,3.9,3.71
8160,0,0,3.6,4.79
8161,3,4,1.9,2.76
8162,5,2,8.8,3.31
8163,6,2,0.4,3.53
8164,4,1,8.8,6.28
8165,0,2,8.5,4.44
8166,3,0,9.3,5.28
8167,6,2,4.4,5.51
8168,2,2,9.9,4.64
8169,1,3,1.3,7.48
8170,7,2,5.1,5.94
8171,6,4,3.0,3.37
8172,1,2,10.0,4.59
8173,0,1,9.3,4.82
8174,2,3,1.4,4.01
8175,1,3,0.7,4.72
8176,5,0,8.9,2.2
8177,2,3,9.6,6.53
8178,4,1,2.3,4.23
8179,1,1,5.4,5.21
8180,3,2,1.7,2.77
8181,6,3,9.4,5.28
8182,6,1,8.6,4.6
8183,7,4,1.4,6.11
8184,0,1,8.2,6.46
8185,5,2,0.6,5.34
8186,4,0,5.5,7.28
8187,7,4,0.8,4.8
8188,7,0,7.9,7.04
8189,1,4,7.9,5.41
8190,5,2,9.4,4.67
8191,7,3,7.3,5.82
8192,0,1,9.4,5.68
8193,2,3,8.0,4.73
8194,2,3,2.9,7.5
8195,2,3,8.6,6.21
8196,7,0,0.8,4.99
8197,5,0,7.6,4.22
8198,0,4,9.6,3.13
8199,0,0,6.9,3.35
8200,5,4,6.8,4.66
8201,0,1,5.3,4.18
8202,1,2,3.0,3.3
8203,7,1,2.7,5.3
8204,1,1,5.1,5.84
8205,6,4,9.6,4.82
8206,0,4,2.4,5.1
8207,6,0,8.4,4.72
8208,5,0,0.8,7.11
8209,6,1,7.8,5.57
8210,1,4,8.0,7.29
8211,6,0,8.8,4.28
8212,1,0,6.6,5.38
8213,2,0,5.6,4.2
8214,5,4,7.0,4.27
8215,6,2,1.5,5.82
8216,7,4,0.8,6.19
8217,3,0,8.7,2.61
8218,4,2,9.0,4.71
8219,0,1,2.5,4.6
8220,2,3,9.0,4.36
8221,0,0,6.2,4.67
8222,3,3,8.0,3.92
8223,6,3,9.2,4.07
8224,2,2,8.1,4.63
8225,4,2,9.9,6.53
8226,4,0,1.7,6.46
8227,6,3,6.2,6.3
8228,3,1,4.6,6.12
8229,3,4,5.8,2.72
8230,2,2,7.2,3.67
8231,5,3,5.4,5.52
8232,7,2,8.3,5.06
8233,2,4,2.7,5.32
8234,1,3,3.7,5.36
8235,0,3,6.7,5.13
8236,3,1,9.6,4.94
8237,7,3,7.4,4.22
8238,5,4,7.8,4.87
8239,1,1,3.7,3.92
8240,1,0,8.1,5.4
8241,0,4,3.6,3.42
8242,3,3,3.7,5.42
8243,6,0,9.2,6.11
8244,1,1,9.6,5.13
8245,7,4,1.6,3.45
8246,2,4,3.0,4.4
8247,6,0,6.7,6.82
8248,0,1,6.0,3.59
8249,7,4,2.1,3.55
8250,3,3,3.2,5.03
8251,2,2,9.9,5.68
8252,7,4,9.8,6.4
8253,5,0,0.0,5.17
8254,4,4,3.3,4.42
8255,0,0,9.8,5.42
8256,0,3,4.4,5.62
8257,0,2,0.1,4.18
8258,6,2,5.3,6.94
8259,5,4,7.5,4.89
8260,1,2,2.3,4.45
8261,2,2,4.2,3.81
8262,0,2,8.6,4.84
8263,6,1,6.3,7.69
8264,7,4,6.8,6.98
8265,0,1,0.4,5.45
8266,4,2,7.8,5.68
8267,0,3,7.0,5.1
8268,5,1,4.2,6.22
8269,1,2,2.5,6.47
8270,5,1,9.2,3.61
8271,6,1,9.6,5.13
8272,0,3,9.0,5.47
8273,4,1,4.3,5.95
8274,0,4,7.9,5.25
8275,0,1,1.0,3.47
8276,2,3,5.2,3.85
8277,5,0,9.5,4.35
8278,2,1,9.3,5.89
8279,1,4,4.7,4.89
8280,3,3,3.4,5.21
8281,6,1,5.0,4.92
8282,1,4,6.6,5.82
8283,6,2,8.6,5.21
8284,1,1,6.8,4.71
8285,4,3,1.9,5.34
8286,0,2,8.0,4.06
8287,2,1,2.4,5.47
8288,5,3,8.0,6.61
8289,7,1,0.7,4.9
8290,3,2,1.0,4.42
8291,6,0,3.0,2.64
8292,6,3,6.1,3.91
8293,6,3,1.1,5.57
8294,7,1,4.4,6.79
8295,5,0,9.0,3.1
8296,4,0,0.2,2.82
8297,1,0,9.1,4.98
8298,3,2,1.8,3.9
8299,4,3,3.8,4.31
8300,4,3,4.1,6.29
8301,5,2,1.1,4.73
8302,6,0,2.7,3.04
8303,7,0,7.9,2.71
8304,4,1,1.0,4.09
8305,5,0,4.1,6.69
8306,6,1,4.4,6.44
8307,5,0,1.0,3.41
8308,4,4,3.3,2.55
8309,7,1,0.8,5.11
8310,2,4,6.7,4.05
8311,1,4,2.4,3.93
8312,3,4,0.9,5.24
8313,3,3,5.4,6.67
8314,7,4,1.6,5.05
8315,3,3,7.0,4.76
8316,7,1,5.1,6.61
8317,6,4,10.0,1.44
8318,6,4,8.6,6.36
8319,4,0,8.8,2.45
8320,7,4,1.9,4.49
8321,5,2,2.1,4.47
8322,3,0,4.7,3.97
8323,6,2,1.2,4.8
8324,5,4,0.8,3.35
8325,3,2,4.0,6.51
8326,4,2,9.2,6.18
8327,6,2,6.6,6.9
8328,2,3,1.8,5.08
8329,1,3,8.5,6.23
8330,3,1,0.7,5.28
8331,5,2,7.2,3.11
8332,0,0,8.8,7.15
8333,3,3,0.6,4.93
8334,3,4,4.9,4.44
8335,7,3,7.2,6.48
8336,5,2,7.5,3.58
8337,1,3,3.1,6.31
8338,6,1,8.3,5.85
8339,7,3,6.1,3.55
8340,2,3,6.0,6.56
8341,0,3,9.6,5.55
8342,4,2,3.0,5.41
8343,2,1,5.6,6.05
8344,4,1,1.9,3.05
8345,3,3,7.1,5.06
8346,2,2,5.6,4.94
8347,6,0,0.3,3.79
8348,3,0,3.0,4.76
8349,7,4,6.8,5.87
8350,1,4,1.3,6.07
8351,7,0,6.0,6.44
8352,4,1,7.7,3.39
8353,1,0,5.2,4.33
8354,0,4,4.2,4.28
8355,7,2,9.5,5.87
8356,2,4,9.6,6.37
8357,2,0,2.0,4.88
8358,4,3,2.8,5.84
8359,5,2,9.4,6.08
8360,1,2,8.4,4.04
8361,7,4,0.6,3.44
8362,2,4,8.1,5.2
8363,5,2,6.6,4.59
8364,6,1,0.9,4.95
8365,4,1,9.8,4.77
8366,5,2,6.3,5.94
8367,1,3,8.9,5.6
8368,3,1,8.8,4.01
8369,0,4,5.9,5.1
8370,2,1,3.4,4.21
8371,6,4,1.1,3.83
8372,1,3,5.0,6.22
8373,5,1,4.3,4.47
8374,4,4,9.5,5.9
8375,1,1,1.7,6.15
8376,7,4,3.8,4.2
8377,2,2,4.4,2.74
8378,7,2,1.0,5.88
8379,6,1,5.9,5.76
8380,2,0,8.8,5.38
8381,5,2,5.6,4.24
8382,7,4,2.2,6.01
8383,7,1,2.7,6.19
8384,1,2,4.0,7.23
8385,4,3,6.0,6.7
8386,0,1,6.0,5.7
8387,0,4,5.5,5.87
8388,3,4,0.9,4.66
8389,5,3,8.8,6.22
8390,3,0,7.9,4.46
8391,5,1,2.4,5.09
8392,6,4,0.7,5.2
8393,1,1,1.3,4.91
8394,1,4,7.6,4.35
8395,3,1,7.2,3.42
8396,4,0,1.0,4.61
8397,0,2,1.2,4.13
8398,4,1,0.6,6.46
8399,7,1,5.9,3.33
8400,4,1,4.5,3.27
8401,6,3,4.7,3.3
8402,7,0,9.5,6.07
8403,2,1,7.2,3.65
8404,3,4,5.8,4.57
8405,3,1,5.7,2.91
8406,0,0,8.2,4.79
8407,3,0,2.0,5.28
8408,5,2,3.1,4.46
8409,1,0,0.7,3.8
8410,5,0,2.5,5.0
8411,0,1,1.4,2.13
8412,7,2,3.2,6.35
8413,3,2,7.3,7.48
8414,4,3,5.8,6.68
8415,3,2,7.1,4.98
8416,2,4,1.2,5.76
8417,0,4,3.8,2.52
8418,0,4,2.2,4.73
8419,7,2,2.1,3.27
8420,6,2,6.6,6.18
8421,0,1,6.3,4.35
8422,1,4,3.6,4.75
8423,7,0,4.7,4.88
8424,7,1,4.8,5.43
8425,5,1,4.1,5.43
8426,4,0,4.7,4.42
8427,7,1,2.2,4.17
8428,6,2,3.5,6.39
8429,4,3,1.4,7.26
8430,6,3,2.2,5.36
8431,3,2,4.9,5.2
8432,6,4,3.9,4.24
8433,7,4,3.8,3.05
8434,1,4,7.8,6.1
8435,1,3,4.8,8.02
8436,5,0,1.3,5.3
8437,6,1,0.7,5.58
8438,6,3,4.4,6.72
8439,5,1,4.6,5.44
8440,1,4,8.4,4.31
8441,4,1,3.6,5.26
8442,6,4,9.4,6.51
8443,4,1,1.4,3.76
8444,2,3,3.4,4.86
8445,4,0,1.2,4.78
8446,2,4,1.9,4.27
8447,6,2,7.5,5.43
8448,1,3,6.7,5.31
8449,4,3,5.4,3.87
8450,0,0,1.6,5.47
8451,2,2,0.6,6.28
8452,6,0,3.4,6.68
8453,1,2,7.5,4.93
8454,4,4,6.5,5.36
8455,7,0,7.0,5.39
8456,2,4,8.3,7.28
8457,5,3,8.2,6.05
8458,7,3,7.1,5.5
8459,6,1,0.8,6.68
8460,6,0,8.1,3.6
8461,7,2,1.8,5.36
8462,7,1,0.8,6.4
8463,7,1,5.6,5.48
8464,4,4,2.9,5.28
8465,1,0,5.0,3.79
8466,3,3,6.7,4.39
8467,6,2,0.1,2.7
8468,4,2,0.4,4.17
8469,2,2,3.4,4.97
8470,7,1,7.3,3.66
8471,0,0,4.3,4.86
8472,0,3,5.6,5.62
8473,5,0,0.6,3.62
8474,4,2,8.6,4.13
8475,6,2,5.0,3.96
8476,3,3,4.1,3.47
8477,7,1,7.2,2.37
8478,6,1,4.0,3.87
8479,0,0,3.6,5.05
8480,6,2,9.1,5.89
8481,1,3,9.2,5.94
8482,2,1,5.8,5.35
8483,5,2,4.4,3.92
8484,3,1,8.7,4.5
8485,7,1,4.1,5.06
8486,6,0,5.5,3.21
8487,2,3,3.8,4.46
8488,2,2,10.0,3.99
8489,2,3,4.6,3.78
8490,0,0,6.2,4.96
8491,4,0,6.0,6.2
8492,7,4,5.2,4.37
8493,6,3,9.2,4.22
8494,7,0,0.0,7.6
8495,7,1,0.1,4.0
8496,7,0,4.2,5.99
8497,4,4,8.3,6.16
8498,7,3,4.6,7.67
8499,7,3,7.1,6.53
8500,3,3,8.4,7.53
8501,6,3,0.3,5.98
8502,2,4,5.3,2.92
8503,0,2,4.1,6.18
8504,6,3,9.8,4.61
8505,3,4,0.9,4.1
8506,5,3,0.7,5.9
8507,2,3,5.7,2.46
8508,4,3,1.0,3.73
8509,3,0,9.5,4.38
8510,2,0,3.2,3.68
8511,5,2,1.5,5.9
8512,2,3,4.2,4.01
8513,5,3,3.2,5.91
8514,5,1,3.1,6.15
8515,6,1,1.6,5.59
8516,4,1,0.8,4.62
8517,0,1,4.0,3.18
8518,4,0,6.8,4.13
8519,2,2,7.7,6.37
8520,4,1,1.1,3.31
8521,7,2,8.3,5.57
8522,0,4,3.1,2.43
8523,3,1,0.1,2.86
8524,1,4,6.9,5.44
8525,0,1,1.3,4.74
8526,7,4,3.2,3.65
8527,4,3,5.1,4.54
8528,7,4,3.1,5.01
8529,0,4,1.3,4.86
8530,0,1,7.7,2.67
8531,2,2,4.7,5.12
8532,6,0,2.2,4.51
8533,4,3,8.1,4.24
8534,3,3,5.9,2.95
8535,1,3,7.9,6.67
8536,3,1,5.8,7.4
8537,2,3,7.0,6.22
8538,2,4,5.0,5.23
8539,6,4,7.3,4.23
8540,4,0,7.8,6.85
8541,3,4,0.6,6.15
8542,2,1,1.4,6.12
8543,2,0,6.0,6.84
8544,1,3,9.1,3.77
8545,0,2,2.2,5.31
8546,6,3,10.0,3.38
8547,6,2,5.6,5.91
8548,4,2,5.6,4.46
8549,5,0,9.1,5.24
8550,1,1,8.2,3.8
8551,3,0,9.4,6.22
8552,1,1,3.5,2.87
8553,4,4,0.7,5.3
8554,5,2,5.2,5.45
8555,5,3,4.5,5.48
8556,3,2,1.8,4.93
8557,4,2,0.2,3.75
8558,6,2,4.5,5.02
8559,0,3,5.2,5.52
8560,7,4,4.2,5.28
8561,0,4,6.7,8.24
8562,4,4,1.9,5.28
8563,0,4,7.4,6.96
8564,7,2,3.5,2.66
8565,3,1,1.7,5.66
8566,7,3,5.5,8.18
8567,6,4,2.0,7.07
8568,1,1,0.7,3.76
8569,0,0,9.6,5.34
8570,1,2,7.6,4.46
8571,2,3,5.7,5.27
8572,7,3,9.8,4.16
8573,7,3,8.5,5.04
8574,3,1,5.7,4.76
8575,5,0,2.4,6.72
8576,7,2,7.1,4.92
8577,6,1,8.1,4.1
8578,3,4,5.0,7.03
8579,3,2,0.4,3.95
8580,6,0,6.1,7.94
8581,1,1,6.6,7.05
8582,5,2,8.0,2.29
8583,0,2,9.7,5.8
8584,0,3,8.3,3.72
8585,6,0,8.6,3.36
8586,3,2,2.8,5.02
8587,3,1,7.6,5.35
8588,2,3,3.7,3.07
8589,1,4,5.7,4.85
8590,6,4,8.6,7.4
8591,4,1,7.8,4.54
8592,5,0,8.1,5.21
8593,2,0,1.5,4.1
8594,5,3,4.6,4.76
8595,6,3,8.2,5.75
8596,4,1,3.2,5.75
8597,5,4,9.8,3.42
8598,1,4,6.2,3.61
8599,7,3,0.5,5.6
8600,4,1,8.9,5.14
8601,0,1,8.1,4.23
8602,4,2,0.7,5.63
8603,3,1,6.4,5.07
8604,4,4,3.3,3.75
8605,7,4,0.3,6.4
8606,5,0,0.5,4.83
8607,5,4,5.2,5.97
8608,0,2,8.0,4.19
8609,2,0,5.7,4.56
8610,3,2,5.7,3.66
8611,3,4,9.9,4.76
8612,7,3,9.3,6.15
8613,5,3,1.2,4.11
8614,0,3,7.9,4.81
8615,3,1,4.3,4.91
8616,4,0,2.9,4.21
8617,4,0,6.0,6.45
8618,0,0,7.4,4.32
8619,4,3,6.0,5.31
8620,1,1,6.5,4.85
8621,7,3,3.4,6.35
8622,0,1,5.9,5.3
8623,7,4,1.7,3.82
8624,5,1,2.4,4.42
8625,5,3,8.4,2.8
8626,2,2,0.5,5.35
8627,6,2,6.9,5.55
8628,2,4,6.4,4.33
8629,6,0,7.4,4.97
8630,0,0,7.6,3.68
8631,6,1,8.6,3.02
8632,7,4,3.8,6.15
8633,3,3,0.1,5.7
8634,4,3,6.4,8.71
8635,7,4,4.5,5.92
8636,1,2,3.9,5.99
8637,5,1,5.4,6.17
8638,0,1,3.2,3.86
8639,1,0,7.7,3.42
8640,0,2,1.6,7.37
8641,2,2,0.2,4.25
8642,0,4,0.7,4.51
8643,2,1,7.0,5.04
8644,5,4,9.5,6.0
8645,4,4,6.5,4.44
8646,2,3,1.5,6.09
8647,6,4,2.2,6.52
8648,0,4,7.5,5.06
8649,7,2,7.8,3.73
8650,1,0,9.6,3.39
8651,1,1,9.3,6.05
8652,7,2,3.7,4.87
8653,2,1,6.4,4.88
8654,7,2,3.1,5.87
8655,1,0,4.8,4.28
8656,5,4,1.6,5.72
8657,4,2,6.4,5.29
8658,2,0,4.7,4.91
8659,5,0,4.2,4.08
8660,5,2,1.9,4.84
8661,4,4,0.9,4.38
8662,3,2,2.9,6.83
8663,4,2,6.2,4.63
8664,3,1,6.3,5.34
8665,3,4,8.4,5.13
8666,1,1,5.1,5.27
8667,1,0,9.6,5.76
8668,6,3,7.2,3.39
8669,7,2,7.5,3.28
8670,5,3,7.1,3.41
8671,7,0,4.9,4.61
8672,3,1,8.8,7.99
8673,1,4,3.5,6.26
8674,0,4,9.6,5.6
8675,4,1,1.2,3.46
8676,1,0,1.6,6.87
8677,3,2,1.2,4.83
8678,1,3,10.0,6.71
8679,7,0,1.0,6.73
8680,4,0,2.5,4.54
8681,3,0,4.7,5.4
8682,4,1,7.8,3.39
8683,3,3,4.1,6.27
8684,4,4,9.5,3.28
8685,6,1,7.1,5.02
8686,0,0,0.9,2.8
8687,7,2,1.6,4.55
8688,1,0,7.2,5.9
8689,3,0,4.7,5.97
8690,0,3,9.8,3.97
8691,6,3,1.1,5.37
8692,0,1,3.3,5.31
8693,0,3,8.0,7.57
8694,5,4,0.7,5.78
8695,3,4,7.3,3.52
8696,1,0,9.0,6.4
8697,7,1,0.9,4.32
8698,7,4,7.1,6.85
8699,4,2,2.3,2.03
8700,0,2,7.8,4.66
8701,3,3,3.2,2.65
8702,3,3,9.7,6.55
8703,5,3,2.7,3.71
8704,2,0,5.6,4.37
8705,3,3,2.0,6.23
8706,4,1,5.9,3.21
8707,5,4,5.0,5.8
8708,6,4,9.5,4.51
8709,4,2,1.7,5.17
8710,6,1,7.6,5.18
8711,7,1,9.7,4.61
8712,0,0,0.8,5.27
8713,0,2,4.8,8.18
8714,6,0,6.7,6.6
8715,7,3,6.9,5.2
8716,5,2,6.2,5.32
8717,7,0,2.7,5.77
8718,3,0,5.2,5.18
8719,4,4,5.7,5.52
8720,2,1,0.1,5.91
8721,3,3,0.1,4.24
8722,2,0,9.6,6.4
8723,6,2,4.8,4.91
8724,6,1,6.6,5.49
8725,4,1,6.2,5.72
8726,0,4,1.9,5.0
8727,5,3,7.1,3.91
8728,5,3,4.7,5.3
8729,3,4,7.8,4.46
8730,5,4,8.4,4.73
8731,5,0,1.1,5.08
8732,6,4,6.4,5.23
8733,3,2,8.1,5.85
8734,7,3,2.0,6.14
8735,6,4,8.4,4.25
8736,2,0,9.6,5.91
8737,7,3,9.1,4.7
8738,6,2,8.8,2.63
8739,4,2,8.4,5.5
8740,5,2,2.4,5.17
8741,3,3,7.6,3.85
8742,4,2,9.8,6.34
8743,3,2,9.8,5.84
8744,6,1,8.2,6.38
8745,7,2,2.6,3.81
8746,7,2,5.5,5.62
8747,1,3,9.7,4.74
8748,1,3,3.9,5.57
8749,5,1,1.8,4.76
8750,0,3,5.7,5.15
8751,2,4,4.9,3.24
8752,0,3,8.2,6.37
8753,2,0,8.0,5.35
8754,4,3,7.1,4.94
8755,2,1,4.2,5.83
8756,4,2,8.1,4.82
8757,7,4,3.2,5.63
8758,7,4,8.6,7.77
8759,4,2,3.9,5.6
8760,7,2,4.6,3.58
8761,0,2,1.2,6.28
8762,6,1,5.7,3.53
8763,0,1,1.6,3.77
8764,3,4,8.3,6.05
8765,1,2,6.3,4.5
8766,2,4,9.1,3.42
8767,1,0,6.6,3.81
8768,1,2,6.7,6.39
8769,7,0,3.2,4.83
8770,4,1,10.0,4.58
8771,4,4,8.3,4.12
8772,7,2,2.8,6.17
8773,2,2,2.3,4.69
8774,5,1,7.5,3.92
8775,3,1,9.5,5.11
8776,5,4,3.6,3.8
8777,4,4,4.6,5.06
8778,7,2,7.8,5.12
8779,6,1,2.9,4.99
8780,2,1,4.6,4.5
8781,7,1,7.7,5.72
8782,0,1,2.2,6.49
8783,3,0,9.9,3.0
8784,4,0,5.3,5.37
8785,4,4,4.6,4.49
8786,6,0,6.5,5.12
8787,4,0,0.2,2.54
8788,3,1,9.9,5.73
8789,7,1,0.2,4.92
8790,6,4,1.4,5.09
8791,5,2,8.8,6.07
8792,1,2,5.6,3.89
8793,0,0,6.0,4.34
8794,0,1,3.9,6.68
8795,6,0,6.9,5.44
8796,7,3,6.6,5.3
8797,6,3,7.6,5.5
8798,7,3,1.5,3.59
8799,1,3,4.0,4.94
8800,2,4,4.5,2.25
8801,2,3,2.0,5.31
8802,1,4,1.3,5.25
8803,7,2,4.4,5.74
8804,7,3,4.2,6.59
8805,6,0,1.0,3.06
8806,4,3,9.1,3.62
8807,7,0,6.6,6.33
8808,5,1,0.1,5.8
8809,6,2,1.5,4.63
8810,7,1,0.2,2.83
8811,2,1,5.6,3.34
8812,2,3,0.5,4.08
8813,2,1,7.5,5.2
8814,4,0,4.9,6.76
8815,7,1,5.0,5.27
8816,6,4,5.1,5.32
8817,2,3,5.0,5.59
8818,5,0,2.3,5.31
8819,1,0,7.0,5.86
8820,7,2,2.4,5.65
8821,6,0,4.2,5.46
8822,4,2,5.6,5.04
8823,3,2,8.1,5.91
8824,1,1,5.8,5.63
8825,5,3,9.5,3.63
8826,0,2,9.4,5.08
8827,2,3,7.8,6.25
8828,3,4,1.4,5.04
8829,3,3,7.2,5.41
8830,0,4,5.4,3.97
8831,4,4,7.1,3.39
8832,3,4,3.2,6.06
8833,7,0,9.0,2.92
8834,2,2,8.5,6.7
8835,1,3,3.5,5.28
8836,3,2,3.5,5.54
8837,2,0,4.1,8.06
8838,6,0,9.2,4.95
8839,5,2,9.7,5.38
8840,5,1,7.8,4.49
8841,3,3,6.1,5.09
8842,3,4,0.8,4.98
8843,4,0,3.5,5.56
8844,7,4,3.4,5.33
8845,5,4,8.1,7.14
8846,6,3,1.5,4.73
8847,6,4,7.2,6.65
8848,2,4,2.9,5.45
8849,1,0,6.6,4.35
8850,2,3,8.5,3.53
8851,1,4,5.0,2.92
8852,1,1,2.5,4.74
8853,2,0,4.9,5.21
8854,1,3,3.4,5.52
8855,5,3,4.0,4.82
8856,6,3,3.2,1.79
8857,5,4,0.5,6.14
8858,0,2,8.4,4.43
8859,6,1,6.3,4.97
8860,6,1,8.4,4.87
8861,5,2,1.1,4.59
8862,6,3,5.5,3.79
8863,1,0,4.0,6.16
8864,4,0,0.4,4.29
8865,0,1,6.2,3.76
8866,2,1,7.5,3.98
8867,6,0,1.8,3.3
8868,3,2,5.8,5.22
8869,6,3,5.6,3.82
8870,7,0,5.3,4.4
8871,0,4,4.5,4.7
8872,7,3,5.3,6.4
8873,3,3,4.4,5.66
8874,5,0,2.8,5.17
8875,6,1,7.0,5.2
8876,2,3,2.1,6.23
8877,1,0,1.4,4.08
8878,6,2,0.4,6.94
8879,2,2,1.4,5.07
8880,1,3,2.6,5.48
8881,3,1,2.9,3.13
8882,7,4,7.1,6.99
8883,6,0,8.4,3.56
8884,1,0,9.2,3.69
8885,4,1,7.7,4.78
8886,2,1,7.2,6.16
8887,3,1,9.3,5.21
8888,5,3,1.4,5.95
8889,2,4,6.9,3.34
8890,4,1,8.4,4.65
8891,5,3,8.2,4.9
8892,3,4,3.6,4.32
8893,2,3,4.0,6.45
8894,3,1,4.4,4.14
8895,6,3,9.4,3.23
8896,3,0,5.8,6.72
8897,5,0,3.0,5.24
8898,7,4,6.8,5.0
8899,4,0,9.0,2.13
8900,4,2,9.5,5.74
8901,0,4,3.4,3.69
8902,4,3,4.0,4.33
8903,1,3,6.3,4.15
8904,3,4,2.7,5.78
8905,1,0,7.3,3.32
8906,7,4,6.9,4.68
8907,3,4,6.4,4.13
8908,6,4,5.4,6.11
8909,1,0,7.0,4.92
8910,4,4,10.0,3.82
8911,7,0,2.4,6.82
8912,3,1,0.8,5.73
8913,7,4,7.2,4.58
8914,5,3,3.8,3.28
8915,4,3,4.7,3.12
8916,5,4,4.7,5.37
8917,4,0,3.2,4.77
8918,4,2,1.1,3.12
8919,5,4,0.9,5.97
8920,3,4,9.3,4.12
8921,7,0,4.6,4.59
8922,0,1,4.9,4.05
8923,6,0,7.9,4.49
8924,5,2,8.5,4.54
8925,6,2,9.1,5.31
8926,3,3,9.3,3.52
8927,2,2,9.6,1.84
8928,0,2,7.0,5.36
8929,0,2,6.7,4.27
8930,3,0,4.6,2.79
8931,0,4,4.5,3.97
8932,0,2,9.5,4.93
8933,2,4,2.0,5.01
8934,4,1,3.2,4.87
8935,3,0,0.8,5.54
8936,7,1,1.2,4.85
8937,5,4,9.8,6.97
8938,2,3,3.4,5.52
8939,2,3,2.7,4.65
8940,5,3,2.8,5.56
8941,4,2,7.6,6.65
8942,0,3,0.0,4.93
8943,7,3,9.4,5.52
8944,7,0,6.8,5.35
8945,0,3,7.7,5.06
8946,6,4,5.3,3.72
8947,1,0,2.0,5.21
8948,4,3,6.6,5.28
8949,5,4,0.4,6.51
8950,0,1,3.5,5.21
8951,4,3,9.0,5.97
8952,7,1,2.3,7.28
8953,7,4,7.5,5.75
8954,7,2,0.6,4.59
8955,4,3,7.7,5.47
8956,7,0,0.9,3.61
8957,4,3,9.1,4.59
8958,6,0,0.2,4.91
8959,3,4,5.1,5.23
8960,2,3,5.2,4.42
8961,6,4,7.3,6.39
8962,1,2,6.6,5.5
8963,5,2,0.0,7.4
8964,0,2,9.1,4.67
8965,0,4,5.9,4.67
8966,0,1,9.4,3.19
8967,6,2,0.5,7.11
8968,1,0,8.0,6.09
8969,4,1,7.8,3.92
8970,4,3,0.4,5.41
8971,5,0,3.3,7.5
8972,5,4,5.2,3.27
8973,6,3,8.7,4.75
8974,6,0,4.8,5.82
8975,5,1,7.0,4.97
8976,0,1,8.3,4.12
8977,3,1,4.0,4.33
8978,5,1,4.0,5.87
8979,4,2,0.5,5.43
8980,0,2,9.3,4.31
8981,5,1,1.0,4.29
8982,4,0,9.0,3.52
8983,3,4,3.9,4.43
8984,3,3,8.1,4.02
8985,6,0,6.7,5.19
8986,2,3,3.2,3.15
8987,4,0,9.6,5.38
8988,5,4,6.3,4.92
8989,1,4,3.2,5.52
8990,6,1,6.6,6.17
8991,6,2,5.0,5.99
8992,2,3,9.6,5.32
8993,1,1,3.6,4.43
8994,2,0,8.4,4.81
8995,1,1,3.0,4.1
8996,5,1,9.8,4.39
8997,4,2,8.5,5.01
8998,1,3,5.5,3.49
8999,2,1,9.4,6.92
9000,7,2,6.8,7.25
9001,0,2,3.3,5.99
9002,4,0,3.2,6.78
9003,1,0,7.1,6.68
9004,7,2,3.4,2.74
9005,5,0,1.1,4.29
9006,3,0,9.6,5.02
9007,0,3,5.7,4.92
9008,6,0,6.9,3.89
9009,5,0,7.7,5.75
9010,6,0,2.5,3.13
9011,3,0,5.8,5.6
9012,4,2,4.3,3.43
9013,3,4,8.6,4.98
9014,5,1,7.2,4.39
9015,7,0,8.3,5.18
9016,5,4,9.3,5.22
9017,1,2,5.1,5.48
9018,5,2,3.7,2.82
9019,0,4,4.1,3.32
9020,3,4,2.8,7.6
9021,6,3,4.3,6.14
9022,3,2,0.6,4.34
9023,3,1,7.1,1.96
9024,1,4,8.6,4.51
9025,6,0,5.3,4.64
9026,2,1,5.7,5.88
9027,6,1,5.5,3.88
9028,5,3,6.0,5.74
9029,4,3,6.9,5.78
9030,6,0,4.1,3.6
9031,4,0,9.7,6.42
9032,5,1,3.3,6.54
9033,7,1,6.3,6.5
9034,2,2,9.3,5.29
9035,6,0,5.1,4.94
9036,2,1,7.0,4.35
9037,2,1,1.0,6.62
9038,5,2,0.2,4.29
9039,3,1,7.5,4.29
9040,6,2,9.3,4.24
9041,3,2,9.7,6.06
9042,6,4,2.1,5.01
9043,5,3,9.5,4.74
9044,6,1,8.7,6.64
9045,7,1,3.7,5.95
9046,6,1,3.6,4.54
9047,1,4,9.8,5.41
9048,2,3,2.1,8.37
9049,0,2,5.6,5.44
9050,6,1,7.6,6.12
9051,3,1,2.8,3.96
9052,3,4,7.4,4.73
9053,4,3,2.4,6.53
9054,3,4,6.6,3.96
9055,2,2,1.1,5.56
9056,7,2,8.6,5.73
9057,7,2,2.2,5.35
9058,2,2,3.3,5.88
9059,7,1,1.5,6.54
9060,3,4,8.9,4.01
9061,3,1,1.6,5.91
9062,1,4,4.6,6.96
9063,5,3,0.9,4.54
9064,6,4,5.3,3.92
9065,4,0,3.4,5.46
9066,6,1,2.1,5.32
9067,4,0,1.9,3.9
9068,6,1,3.5,2.58
9069,6,3,0.1,5.45
9070,2,4,9.2,4.69
9071,3,4,3.0,5.43
9072,3,1,9.1,4.48
9073,0,0,4.9,6.2
9074,3,2,2.9,6.58
9075,3,3,4.6,3.38
9076,1,1,0.1,4.77
9077,3,1,8.9,5.2
9078,6,0,5.6,5.77
9079,6,1,0.5,5.58
9080,3,4,5.8,3.74
9081,1,2,4.9,6.24
9082,0,2,9.6,4.9
9083,6,1,2.6,3.91
9084,6,0,7.8,5.53
9085,1,0,6.2,5.83
9086,3,4,2.3,3.97
9087,0,3,2.3,5.91
9088,7,0,1.1,6.63
9089,7,2,7.3,4.76
9090,3,1,6.5,6.12
9091,1,4,7.8,6.15
9092,3,2,4.3,6.3
9093,2,4,4.1,6.73
9094,4,4,8.2,7.89
9095,5,0,3.8,3.67
9096,3,1,3.1,3.76
9097,6,4,1.0,3.27
9098,4,1,8.9,5.87
9099,5,2,9.4,5.6
9100,6,2,9.0,4.46
9101,2,3,5.7,6.12
9102,3,0,1.7,3.9
9103,4,4,4.8,4.24
9104,1,4,0.1,5.47
9105,7,1,9.1,5.71
9106,2,4,4.1,5.81
9107,1,1,8.1,5.32
9108,7,4,4.6,4.87
9109,3,4,4.5,6.4
9110,4,0,8.9,7.09
9111,1,0,5.8,3.63
9112,6,4,5.3,3.02
9113,2,0,2.3,6.42
9114,5,2,5.6,6.38
9115,1,0,1.7,2.95
9116,6,1,3.1,6.07
9117,7,3,0.7,3.85
9118,0,1,4.0,5.9
9119,3,1,2.3,4.2
9120,3,0,4.4,5.01
9121,6,4,8.0,3.95
9122,0,0,3.6,5.8
9123,1,2,5.4,4.71
9124,4,3,7.0,3.6
9125,5,0,0.8,5.03
9126,5,3,9.1,3.78
9127,1,4,2.3,3.5
9128,5,2,7.0,5.4
9129,0,3,1.6,3.63
9130,3,2,1.7,6.83
9131,3,4,1.3,4.31
9132,6,1,3.9,3.86
9133,4,3,5.1,5.62
9134,3,0,3.8,5.44
9135,0,2,8.7,4.06
9136,1,0,9.8,4.05
9137,7,1,5.1,6.27
9138,6,3,3.2,5.69
9139,5,1,7.3,4.11
9140,0,3,5.1,2.27
9141,2,4,4.5,5.23
9142,0,0,8.3,7.83
9143,2,0,2.3,5.26
9144,5,2,3.9,5.18
9145,2,0,8.3,3.7
9146,1,2,2.4,7.06
9147,1,3,7.6,5.2
9148,5,4,3.0,7.98
9149,7,3,0.7,3.37
9150,0,4,7.6,4.82
9151,6,0,2.3,6.47
9152,0,4,0.2,4.18
9153,0,4,7.5,4.82
9154,6,2,1.4,3.63
9155,4,4,0.4,5.93
9156,4,3,9.5,5.29
9157,3,3,3.7,6.76
9158,5,4,6.3,6.13
9159,6,1,6.5,3.74
9160,7,0,0.4,4.2
9161,1,4,4.4,3.68
9162,1,4,1.9,3.67
9163,0,2,8.3,5.45
9164,6,2,8.6,3.29
9165,6,1,5.6,4.86
9166,0,1,4.6,5.01
9167,7,2,9.3,4.82
9168,4,0,9.7,5.71
9169,0,3,2.6,4.45
9170,1,3,8.6,4.65
9171,7,0,1.4,3.88
9172,2,2,3.6,3.75
9173,3,0,4.7,4.1
9174,0,0,5.4,4.12
9175,0,4,9.0,4.23
9176,7,0,8.3,4.44
9177,6,4,9.9,4.65
9178,5,4,5.7,4.03
9179,4,1,4.1,4.07
9180,0,3,0.1,5.26
9181,5,3,7.5,4.34
9182,7,3,1.7,5.02
9183,3,1,2.7,4.93
9184,7,3,7.1,5.13
9185,2,3,9.8,5.31
9186,3,4,9.3,5.46
9187,1,0,4.4,5.48
9188,1,3,4.6,4.95
9189,6,4,4.8,4.09
9190,2,0,8.9,4.81
9191,6,1,0.7,4.96
9192,7,0,5.8,4.62
9193,4,4,7.7,2.84
9194,7,4,4.6,4.54
9195,0,2,8.5,4.77
9196,5,1,5.1,4.05
9197,0,0,8.6,4.31
9198,6,0,8.5,6.08
9199,6,2,5.1,5.47
9200,6,1,2.6,4.65
9201,5,3,9.9,6.43
9202,0,4,2.8,4.06
9203,5,2,4.4,5.0
9204,1,1,8.6,4.05
9205,4,2,4.1,3.86
9206,2,0,1.4,4.16
9207,7,4,7.6,5.83
9208,0,1,3.8,5.5
9209,4,1,3.9,6.44
9210,6,0,0.6,5.92
9211,4,0,0.7,4.2
9212,2,0,4.7,4.99
9213,0,2,6.5,5.41
9214,6,3,9.8,6.2
9215,7,4,1.0,4.65
9216,3,2,4.7,2.83
9217,2,1,6.9,6.27
9218,7,1,9.0,3.54
9219,5,0,2.1,3.87
9220,3,3,8.8,4.95
9221,4,4,8.2,6.52
9222,2,0,0.1,3.24
9223,1,4,1.4,6.56
9224,5,2,8.5,2.52
9225,1,4,2.6,6.34
9226,6,1,5.8,4.84
9227,7,3,1.9,3.64
9228,7,3,8.0,3.13
9229,0,3,4.8,3.74
9230,6,4,9.4,4.45
9231,6,2,7.1,5.29
9232,1,1,8.1,6.33
9233,2,1,1.3,4.58
9234,4,3,9.4,5.38
9235,3,3,4.3,6.17
9236,7,2,8.5,4.84
9237,2,3,4.1,4.69
9238,7,1,5.5,4.65
9239,1,2,0.8,6.56
9240,6,0,9.2,2.86
9241,7,4,8.8,6.23
9242,4,3,3.7,4.58
9243,3,2,8.6,6.12
9244,2,4,6.1,5.6
9245,2,3,3.2,5.13
9246,3,1,4.0,4.84
9247,6,2,8.8,5.18
9248,5,0,3.8,5.19
9249,3,4,9.4,3.33
9250,3,1,3.8,5.86
9251,3,1,8.7,4.27
9252,2,2,2.9,6.4
9253,2,3,7.9,4.69
9254,3,1,2.5,4.64
9255,6,4,3.8,4.38
9256,6,3,6.1,4.29
9257,3,1,1.1,6.54
9258,2,1,7.0,2.47
9259,7,3,8.7,5.69
9260,0,0,6.5,2.76
9261,3,1,3.3,6.8
9262,1,0,0.8,5.24
9263,1,0,2.6,4.82
9264,7,4,1.1,6.01
9265,6,0,9.2,5.1
9266,6,0,9.6,4.99
9267,2,0,1.8,6.53
9268,5,1,7.2,4.42
9269,5,2,9.2,6.27
9270,0,4,3.6,6.24
9271,4,2,5.1,4.75
9272,4,0,3.9,5.98
9273,4,3,2.2,6.13
9274,7,3,1.5,3.75
9275,3,0,3.6,4.46
9276,3,4,6.7,3.22
9277,7,0,0.9,3.86
9278,3,0,5.5,4.75
9279,4,1,2.1,5.75
9280,2,3,6.2,3.56
9281,0,3,8.9,6.57
9282,2,3,5.5,4.62
9283,3,1,5.3,4.46
9284,5,0,0.2,3.18
9285,2,3,1.5,5.3
9286,7,2,7.8,4.52
9287,3,3,2.5,5.63
9288,0,1,5.3,5.46
9289,1,3,8.2,5.37
9290,0,3,7.2,4.46
9291,6,3,0.3,4.99
9292,4,4,2.6,5.43
9293,1,4,7.1,5.34
9294,2,2,8.2,2.67
9295,6,1,0.2,4.61
9296,1,4,3.1,4.81
9297,6,0,6.8,5.77
9298,2,2,5.7,3.7
9299,4,3,8.0,5.77
9300,3,1,0.6,5.6
9301,3,0,4.4,3.26
9302,1,3,5.1,7.12
9303,7,0,0.5,6.78
9304,6,1,1.5,4.87
9305,7,4,4.1,5.69
9306,1,4,1.1,6.67
9307,7,3,1.3,4.98
9308,4,3,1.8,2.56
9309,1,0,1.1,6.07
9310,7,2,6.5,5.91
9311,6,1,2.0,5.32
9312,4,0,9.9,5.86
9313,2,3,7.7,5.31
9314,1,2,2.9,5.24
9315,3,3,6.6,4.84
9316,6,0,5.1,5.96
9317,2,0,0.6,5.3
9318,2,4,4.2,4.32
9319,6,3,1.6,4.62
9320,6,1,8.8,6.29
9321,0,1,3.4,5.4
9322,7,4,3.1,5.95
9323,4,1,9.3,6.48
9324,2,2,3.6,5.88
9325,2,3,1.8,5.85
9326,2,3,3.8,5.11
9327,4,0,4.3,5.38
9328,5,4,4.0,5.71
9329,7,0,5.1,3.8
9330,3,2,3.2,6.51
9331,7,1,0.2,4.96
9332,6,3,3.3,5.12
9333,3,3,7.1,5.31
9334,5,2,2.7,3.06
9335,2,0,4.4,5.7
9336,3,2,9.7,5.38
9337,3,1,0.8,5.81
9338,3,4,2.4,6.74
9339,4,1,6.4,5.06
9340,5,4,9.9,5.51
9341,1,1,8.7,5.53
9342,6,4,7.2,3.82
9343,3,0,7.9,5.2
9344,7,0,4.9,3.17
9345,7,3,4.3,4.71
9346,3,2,9.6,4.65
9347,5,4,8.7,3.72
9348,2,3,9.6,5.1
9349,1,4,2.4,5.23
9350,0,3,6.2,4.95
9351,7,4,3.0,6.63
9352,5,2,3.8,4.83
9353,2,3,3.3,5.28
9354,4,2,9.8,5.08
9355,2,2,7.8,3.99
9356,5,2,6.0,5.27
9357,4,4,2.8,3.21
9358,6,3,5.8,5.35
9359,0,2,5.4,4.13
9360,7,3,5.1,5.06
9361,1,0,5.6,5.95
9362,5,3,6.6,7.07
9363,5,2,3.5,4.36
9364,2,2,5.7,6.13
9365,7,4,5.8,3.63
9366,3,0,9.3,5.67
9367,7,2,7.7,5.86
9368,3,1,2.4,4.26
9369,2,3,4.7,5.31
9370,0,4,0.0,4.29
9371,5,3,1.0,4.79
9372,6,0,0.6,5.45
9373,5,1,2.1,3.79
9374,5,2,2.7,6.18
9375,2,0,1.5,4.63
9376,2,1,2.8,4.5
9377,7,1,6.6,5.7
9378,1,3,6.4,5.45
9379,3,0,7.8,6.03
9380,2,0,6.0,5.69
9381,4,2,1.2,3.8
9382,0,2,9.0,5.25
9383,2,0,9.3,3.78
9384,4,0,3.4,4.29
9385,2,2,5.7,7.52
9386,0,0,2.1,4.16
9387,5,2,5.5,2.24
9388,5,4,6.6,5.71
9389,3,4,9.6,4.35
9390,2,0,1.6,4.7
9391,7,1,4.8,5.95
9392,6,3,4.7,4.28
9393,2,2,2.6,5.51
9394,1,0,4.1,4.72
9395,0,2,4.2,3.48
9396,7,2,9.9,4.99
9397,5,3,4.5,4.15
9398,1,1,1.3,3.58
9399,0,4,6.5,5.15
9400,5,2,7.1,5.56
9401,2,4,3.1,4.23
9402,6,3,1.7,5.25
9403,6,0,7.0,5.14
9404,0,3,8.9,5.21
9405,4,0,3.0,4.32
9406,0,3,9.9,2.57
9407,7,2,8.5,5.03
9408,1,1,8.7,5.88
9409,5,2,5.9,6.62
9410,5,4,6.4,5.85
9411,6,2,4.8,3.34
9412,5,2,9.6,3.95
9413,0,0,4.8,3.36
9414,1,2,0.7,6.13
9415,5,3,8.3,6.24
9416,6,4,1.6,5.14
9417,3,3,5.5,4.07
9418,6,2,8.3,2.93
9419,2,1,8.7,5.31
9420,6,1,7.8,4.18
9421,2,3,4.7,3.93
9422,1,0,7.8,4.26
9423,2,3,1.6,4.69
9424,1,4,6.6,4.05
9425,7,2,3.1,2.67
9426,6,3,5.1,5.15
9427,1,1,0.9,4.01
9428,3,2,5.4,4.62
9429,2,3,3.7,5.23
9430,1,4,6.2,4.97
9431,1,3,0.4,4.63
9432,7,2,1.0,6.47
9433,3,3,7.7,5.05
9434,6,3,4.9,6.79
9435,5,3,9.2,6.46
9436,2,1,2.2,4.32
9437,2,4,7.3,7.29
9438,6,0,3.7,4.13
9439,4,4,0.3,3.87
9440,2,2,5.8,5.19
9441,1,3,3.2,4.02
9442,1,0,2.5,6.03
9443,1,1,8.0,7.56
9444,7,3,9.2,5.02
9445,2,3,6.3,3.3
9446,3,0,7.9,5.25
9447,0,3,6.6,4.31
9448,1,3,6.3,5.57
9449,4,3,4.1,2.32
9450,2,4,2.1,4.24
9451,3,1,2.0,3.44
9452,7,2,9.7,4.17
9453,7,2,2.3,4.03
9454,1,1,5.0,3.52
9455,1,0,3.9,6.23
9456,5,0,2.6,3.73
9457,4,0,1.0,4.62
9458,7,4,0.1,4.34
9459,7,2,9.3,4.16
9460,0,0,2.1,4.24
9461,1,0,6.1,4.74
9462,7,4,8.0,4.29
9463,3,0,4.2,6.72
9464,6,0,0.5,6.23
9465,5,3,7.0,4.16
9466,1,0,7.0,3.59
9467,1,1,0.2,5.35
9468,6,3,9.3,4.29
9469,0,1,8.2,5.29
9470,6,1,0.0,4.06
9471,1,2,5.4,4.79
9472,5,0,0.3,6.38
9473,6,3,3.5,4.65
9474,2,1,1.8,4.94
9475,6,3,0.8,5.16
9476,2,2,8.0,3.74
9477,0,0,1.4,2.59
9478,7,4,4.8,4.9
9479,0,4,1.3,4.39
9480,1,0,7.0,4.99
9481,6,3,2.8,5.34
9482,7,1,1.9,5.16
9483,7,4,6.3,4.61
9484,4,2,6.7,5.42
9485,2,2,8.6,3.69
9486,3,0,9.7,4.72
9487,6,3,0.1,5.15
9488,1,0,9.5,3.37
9489,2,1,9.7,6.81
9490,6,4,4.6,5.89
9491,2,1,9.3,6.7
9492,4,1,4.9,3.61
9493,7,4,9.4,5.44
9494,4,0,6.1,3.81
9495,6,3,2.2,3.11
9496,3,3,4.9,7.0
9497,3,4,1.1,4.71
9498,6,4,4.5,4.08
9499,2,4,8.8,4.86
9500,1,0,4.9,5.87
9501,3,4,3.8,5.05
9502,0,1,4.2,5.77
9503,1,3,3.9,3.25
9504,4,3,6.7,6.28
9505,4,2,5.6,4.52
9506,2,3,7.5,5.47
9507,3,0,2.4,4.98
9508,0,2,1.9,5.96
9509,7,1,7.8,3.6
9510,7,1,4.4,4.44
9511,6,1,8.0,6.14
9512,1,1,2.6,4.13
9513,2,0,0.7,5.89
9514,7,3,0.8,4.19
9515,5,4,8.6,4.86
9516,6,4,9.0,3.68
9517,7,1,9.2,5.06
9518,0,1,5.2,3.88
9519,3,1,6.8,3.3
9520,4,3,6.3,6.43
9521,0,1,2.0,4.64
9522,0,4,8.8,3.53
9523,4,1,9.3,5.11
9524,4,0,8.8,5.14
9525,2,1,8.2,5.47
9526,6,3,7.2,5.41
9527,2,2,6.3,4.25
9528,7,0,1.8,3.89
9529,0,0,4.8,5.9
9530,3,4,5.6,4.76
9531,0,3,4.9,5.61
9532,6,0,8.0,4.52
9533,5,3,6.5,6.19
9534,5,2,9.7,4.84
9535,1,1,1.1,4.94
9536,5,0,6.3,6.64
9537,2,2,2.1,2.41
9538,1,2,4.2,4.0
9539,1,2,9.7,7.25
9540,2,4,4.0,3.64
9541,6,3,1.2,5.8
9542,4,3,7.3,4.83
9543,7,0,8.6,5.01
9544,5,3,6.3,6.25
9545,5,0,9.6,4.3
9546,7,3,8.2,5.52
9547,5,0,8.0,6.18
9548,7,4,7.1,5.38
9549,4,4,8.7,5.99
9550,1,2,0.5,2.74
9551,3,4,5.0,5.21
9552,5,3,4.6,4.33
9553,4,3,2.6,6.99
9554,1,3,9.1,5.59
9555,3,1,2.4,4.6
9556,3,0,1.1,6.2
9557,1,4,1.4,5.42
9558,2,4,2.5,5.05
9559,3,0,4.4,5.36
9560,1,2,5.7,5.54
9561,2,1,2.1,3.27
9562,3,4,3.9,5.37
9563,6,3,5.5,4.37
9564,3,2,8.3,3.91
9565,0,4,6.9,3.37
9566,7,1,1.8,6.69
9567,0,0,5.5,6.2
9568,2,2,8.9,4.57
9569,3,0,5.3,4.41
9570,4,3,5.6,4.25
9571,4,2,5.2,3.67
9572,1,2,2.6,5.73
9573,3,3,3.6,5.51
9574,5,4,2.1,5.12
9575,5,2,6.0,3.97
9576,3,0,5.3,3.35
9577,3,4,5.1,5.4
9578,3,4,3.8,4.98
9579,2,2,6.7,5.04
9580,1,0,6.8,3.8
9581,4,3,6.2,5.01
9582,5,2,3.6,6.16
9583,1,1,6.5,4.61
9584,5,1,9.0,3.34
9585,4,1,2.0,3.72
9586,2,0,7.9,6.82
9587,0,4,0.8,6.09
9588,7,4,7.5,3.44
9589,4,2,9.1,5.81
9590,6,0,0.5,5.04
9591,7,1,3.7,4.81
9592,7,4,6.9,4.53
9593,5,2,3.4,5.72
9594,6,0,3.0,3.05
9595,1,0,6.4,6.8
9596,2,0,9.0,3.57
9597,0,0,5.6,3.58
9598,6,0,0.6,2.89
9599,6,1,3.4,4.53
9600,2,0,5.9,4.2
9601,7,3,1.9,4.95
9602,7,4,1.7,5.0
9603,6,3,8.4,3.92
9604,6,0,7.1,5.2
9605,7,4,10.0,4.79
9606,7,4,1.2,5.62
9607,2,1,7.4,4.93
9608,0,4,5.0,4.46
9609,0,0,3.1,5.93
9610,4,4,2.2,3.15
9611,1,4,6.3,4.48
9612,7,1,1.1,4.72
9613,6,2,2.5,5.13
9614,1,1,2.6,6.22
9615,2,1,0.9,3.63
9616,2,3,5.6,4.82
9617,0,4,8.2,5.51
9618,4,2,2.3,3.59
9619,3,3,2.2,4.74
9620,3,2,8.3,4.9
9621,4,0,6.7,7.72
9622,4,0,2.0,5.62
9623,1,2,6.0,3.87
9624,7,0,7.7,7.14
9625,3,4,8.7,3.89
9626,6,4,7.8,4.66
9627,6,3,5.1,8.02
9628,6,1,2.3,4.76
9629,6,1,1.0,3.62
9630,5,3,5.5,3.49
9631,6,0,7.3,2.52
9632,3,3,6.6,6.73
9633,1,2,5.3,5.29
9634,0,1,9.1,3.64
9635,5,0,4.9,4.4
9636,0,4,2.3,2.55
9637,2,3,3.7,5.02
9638,6,3,4.5,7.36
9639,1,0,6.1,5.68
9640,1,1,4.6,4.9
9641,3,2,8.6,4.99
9642,6,4,4.4,4.38
9643,3,4,4.7,4.51
9644,2,2,7.5,3.57
9645,0,4,6.4,5.16
9646,2,2,0.0,4.98
9647,2,2,1.6,7.06
9648,7,2,8.0,6.36
9649,3,3,7.4,4.89
9650,7,2,4.8,3.62
9651,0,2,1.7,4.29
9652,0,0,4.1,3.21
9653,7,4,7.6,5.66
9654,5,0,3.4,4.05
9655,1,0,9.3,6.6
9656,5,2,6.7,7.28
9657,3,3,7.3,3.72
9658,3,4,9.8,5.88
9659,7,0,9.2,5.78
9660,1,2,3.5,7.21
9661,5,0,5.9,5.63
9662,6,2,6.9,5.92
9663,6,2,4.4,4.25
9664,1,1,7.8,3.82
9665,3,1,7.6,5.78
9666,5,1,7.0,4.13
9667,0,2,1.1,4.79
9668,2,2,5.9,4.66
9669,6,2,3.6,6.22
9670,4,3,5.1,5.02
9671,3,1,2.7,7.42
9672,1,2,4.6,4.98
9673,6,4,2.2,6.3
9674,1,3,1.9,5.2
9675,1,3,3.6,3.84
9676,3,4,6.2,4.27
9677,3,0,2.6,5.56
9678,5,2,2.5,5.94
9679,2,1,8.6,4.38
9680,7,4,3.9,4.84
9681,5,4,2.9,5.01
9682,2,1,4.1,6.67
9683,2,4,3.9,2.03
9684,2,0,7.2,4.93
9685,3,0,1.3,5.16
9686,2,4,6.0,5.33
9687,1,4,3.3,5.92
9688,0,2,0.9,5.3
9689,5,3,4.8,4.01
9690,0,1,1.4,4.96
9691,4,0,6.5,3.76
9692,4,4,1.8,6.41
9693,2,2,2.4,6.05
9694,1,4,5.5,5.31
9695,7,2,4.5,5.99
9696,1,3,6.5,3.13
9697,1,3,1.7,6.09
9698,0,2,8.8,6.65
9699,6,0,4.0,5.84
9700,1,1,1.8,4.74
9701,2,1,6.1,6.24
9702,4,2,1.3,5.88
9703,3,3,5.0,3.23
9704,0,3,7.4,2.47
9705,0,4,5.4,4.25
9706,2,0,3.1,5.85
9707,5,3,9.3,5.94
9708,5,4,2.7,6.19
9709,2,3,4.8,2.78
9710,6,2,4.5,5.27
9711,7,2,3.9,6.47
9712,7,0,0.2,5.13
9713,0,0,9.1,4.51
9714,1,3,9.5,7.36
9715,6,2,5.5,5.72
9716,5,2,6.0,1.87
9717,1,1,8.6,3.47
9718,6,0,2.5,5.37
9719,7,0,5.9,6.27
9720,6,3,1.3,5.29
9721,2,1,1.6,5.87
9722,4,1,8.4,4.71
9723,5,1,7.3,3.59
9724,3,1,0.3,4.8
9725,3,1,8.4,5.81
9726,1,2,7.2,5.15
9727,6,0,6.7,3.99
9728,3,2,8.1,3.55
9729,0,3,5.7,6.07
9730,5,3,8.6,6.66
9731,6,4,0.4,5.01
9732,4,0,7.9,7.26
9733,1,2,2.2,6.18
9734,0,4,5.5,5.43
9735,7,0,9.1,6.77
9736,2,1,3.9,4.25
9737,2,4,8.9,2.61
9738,6,4,8.6,6.81
9739,1,3,4.2,4.13
9740,7,2,4.7,4.8
9741,2,2,8.3,6.84
9742,4,4,7.8,7.53
9743,4,4,2.9,5.35
9744,1,4,6.9,4.45
9745,0,0,6.8,3.93
9746,5,2,0.3,6.51
9747,4,4,0.7,5.08
9748,6,4,5.1,6.82
9749,4,1,9.4,6.34
9750,0,2,7.1,5.15
9751,3,2,5.3,5.6
9752,1,3,5.9,5.73
9753,0,2,4.2,2.62
9754,0,0,9.7,3.81
9755,4,4,5.1,3.81
9756,6,1,3.6,3.95
9757,5,0,3.5,4.2
9758,3,3,1.1,6.85
9759,6,0,2.3,4.21
9760,0,0,10.0,6.53
9761,0,2,1.3,4.92
9762,3,1,3.5,5.88
9763,0,0,7.2,5.81
9764,5,4,3.1,3.16
9765,5,3,1.1,4.16
9766,1,0,0.5,6.24
9767,0,2,9.7,2.99
9768,5,2,3.5,5.99
9769,6,3,2.5,6.48
9770,5,3,9.5,4.92
9771,4,3,1.3,5.39
9772,6,0,2.0,6.06
9773,4,4,5.3,4.61
9774,3,2,9.7,6.56
9775,5,3,9.8,6.26
9776,4,1,6.1,6.01
9777,4,4,2.6,6.21
9778,4,2,6.2,2.92
9779,7,4,2.7,4.53
9780,4,2,7.8,4.05
9781,0,3,4.8,5.13
9782,5,0,9.5,5.16
9783,4,4,9.7,5.66
9784,0,3,2.2,4.51
9785,0,1,3.8,4.29
9786,5,4,6.6,5.2
9787,5,2,6.8,6.21
9788,2,0,8.2,6.17
9789,5,1,4.4,5.89
9790,2,2,0.6,4.34
9791,1,0,1.2,4.74
9792,2,2,4.2,5.88
9793,7,4,4.7,6.94
9794,7,1,9.8,2.01
9795,4,2,4.8,5.2
9796,3,1,9.3,4.98
9797,0,4,2.3,2.65
9798,0,2,7.7,4.87
9799,7,2,5.6,5.68
9800,0,2,7.2,3.94
9801,5,0,4.7,6.99
9802,7,3,6.0,4.55
9803,4,0,8.5,3.74
9804,0,0,8.0,6.05
9805,6,4,7.8,4.94
9806,7,2,8.1,6.43
9807,6,3,3.0,3.65
9808,7,2,2.9,4.73
9809,6,1,6.5,5.39
9810,7,0,8.4,6.62
9811,5,2,5.2,7.08
9812,4,0,9.2,4.16
9813,3,0,4.8,6.58
9814,1,4,3.9,4.34
9815,7,2,0.5,6.6
9816,1,4,8.7,4.18
9817,0,2,1.2,3.01
9818,3,3,0.5,5.69
9819,7,2,2.0,4.71
9820,3,0,7.9,6.21
9821,2,4,6.2,5.38
9822,6,3,2.4,2.85
9823,4,3,4.7,3.97
9824,6,3,9.3,4.24
9825,1,1,4.9,3.65
9826,2,1,2.7,6.33
9827,3,3,3.5,5.46
9828,7,1,9.0,5.6
9829,7,2,1.0,5.5
9830,2,2,7.2,5.68
9831,1,2,6.9,5.76
9832,4,4,5.4,4.68
9833,4,4,3.4,4.65
9834,5,2,0.2,4.4
9835,3,2,3.4,4.55
9836,7,1,5.2,4.52
9837,5,4,5.5,7.3
9838,3,3,1.1,1.87
9839,7,3,2.3,3.8
9840,2,1,7.8,4.25
9841,2,2,5.5,4.73
9842,0,2,9.2,4.63
9843,7,0,2.8,6.45
9844,4,4,0.6,4.82
9845,0,4,5.2,4.56
9846,2,2,7.7,5.19
9847,3,3,5.9,6.32
9848,5,0,1.1,6.12
9849,3,2,7.4,5.85
9850,3,1,7.2,5.15
9851,4,1,2.7,4.88
9852,2,0,6.6,5.16
9853,6,3,9.6,4.18
9854,4,2,2.3,6.3
9855,3,2,6.4,4.7
9856,0,3,9.7,6.07
9857,4,2,5.7,5.37
9858,6,4,8.6,3.61
9859,1,3,9.4,5.53
9860,5,3,9.7,4.57
9861,2,0,1.1,4.81
9862,0,1,3.7,6.21
9863,5,1,7.4,4.93
9864,1,0,7.3,4.6
9865,6,4,1.7,5.31
9866,7,3,3.9,4.57
9867,4,1,5.1,5.6
9868,1,0,7.0,4.67
9869,0,1,7.9,5.07
9870,4,2,5.5,5.57
9871,4,1,9.7,6.6
9872,5,2,4.0,4.44
9873,5,2,7.5,2.32
9874,2,3,7.1,4.02
9875,7,4,2.5,6.77
9876,5,3,2.5,5.85
9877,0,3,5.3,6.46
9878,0,4,6.4,5.88
9879,2,2,7.1,5.96
9880,5,1,3.8,4.7
9881,0,1,6.1,4.31
9882,5,4,4.7,4.8
9883,7,2,8.1,4.67
9884,7,2,2.0,5.84
9885,0,4,0.8,5.57
9886,0,3,0.9,5.69
9887,0,2,5.4,3.5
9888,3,3,6.3,5.21
9889,6,1,5.9,6.23
9890,2,4,2.9,5.4
9891,2,1,4.6,2.08
9892,4,3,3.2,5.73
9893,3,2,9.6,3.47
9894,5,3,5.3,6.03
9895,0,1,2.7,6.68
9896,0,3,8.8,6.3
9897,2,3,9.7,5.67
9898,3,2,6.5,6.81
9899,3,2,2.8,5.34
9900,7,4,4.2,5.35
9901,0,3,4.3,4.07
9902,4,2,5.5,5.46
9903,0,2,8.8,4.02
9904,2,1,9.8,7.69
9905,2,1,3.5,2.79
9906,1,2,0.1,5.52
9907,6,0,3.5,3.79
9908,1,1,2.0,3.24
9909,2,4,3.7,4.25
9910,5,4,1.3,4.85
9911,6,2,7.1,5.1
9912,5,0,1.1,5.55
9913,5,4,0.5,3.16
9914,6,0,0.8,4.22
9915,4,2,3.9,5.14
9916,2,1,1.0,5.86
9917,0,2,2.1,5.57
9918,2,1,6.4,1.85
9919,5,0,1.9,3.79
9920,4,3,1.6,3.48
9921,5,2,8.7,4.83
9922,2,0,5.8,4.93
9923,1,1,3.7,4.9
9924,1,4,7.0,6.26
9925,6,2,7.5,3.1
9926,7,0,5.2,4.69
9927,2,1,1.4,3.03
9928,4,3,0.9,5.24
9929,2,4,3.3,4.43
9930,3,2,8.6,3.98
9931,6,2,3.9,5.12
9932,1,0,5.6,5.35
9933,0,4,8.9,5.25
9934,2,1,1.7,4.18
9935,7,2,1.4,5.57
9936,4,2,9.1,6.3
9937,5,1,8.2,7.19
9938,3,1,9.2,5.71
9939,6,4,0.3,5.31
9940,5,0,2.1,7.62
9941,5,3,3.6,6.12
9942,4,4,0.0,7.25
9943,6,3,9.3,6.36
9944,0,3,6.4,2.86
9945,4,0,1.8,2.48
9946,0,3,0.6,4.8
9947,5,2,9.3,2.25
9948,1,3,8.6,4.91
9949,7,3,7.9,4.46
9950,0,4,4.1,3.53
9951,0,1,9.7,5.48
9952,5,4,7.8,4.22
9953,0,4,7.0,5.8
9954,7,0,0.5,6.41
9955,7,3,7.9,5.29
9956,1,1,4.4,1.74
9957,3,3,3.9,4.25
9958,5,3,3.5,3.08
9959,4,3,1.4,3.74
9960,1,3,1.5,3.84
9961,7,1,8.9,3.17
9962,4,1,6.7,5.52
9963,6,1,6.4,4.67
9964,2,4,4.0,5.11
9965,7,0,6.8,5.35
9966,5,3,6.2,3.21
9967,1,0,3.0,4.41
9968,1,0,5.9,4.46
9969,3,1,9.8,2.03
9970,3,3,2.0,3.77
9971,3,3,1.3,4.77
9972,2,4,1.3,5.69
9973,5,2,2.1,4.16
9974,3,0,8.9,4.88
9975,7,4,1.3,3.62
9976,3,4,8.6,3.47
9977,3,1,8.5,3.51
9978,2,1,8.8,4.45
9979,7,4,2.6,4.29
9980,1,1,3.3,6.58
9981,2,0,9.6,6.85
9982,6,3,8.0,3.94
9983,7,0,0.1,4.74
9984,7,0,7.3,4.34
9985,3,0,2.3,4.29
9986,3,3,1.0,4.84
9987,1,2,0.7,4.12
9988,0,0,5.6,3.22
9989,0,1,7.4,5.3
9990,2,1,5.8,6.95
9991,3,3,8.2,3.73
9992,7,4,6.8,7.41
9993,5,2,0.8,2.85
9994,0,0,8.2,6.48
9995,6,3,3.4,5.76
9996,4,2,3.7,5.37
9997,1,3,2.2,4.7
9998,6,3,7.2,3.22
9999,0,2,6.2,6.73
10000,5,2,8.4,3.02
10001,5,3,5.5,8.1
10002,4,0,5.7,4.47
10003,7,1,6.1,3.88
10004,1,1,9.5,5.33
10005,3,1,8.1,5.06
10006,6,1,5.2,4.85
10007,6,0,1.6,7.8
10008,4,3,8.6,7.17
10009,6,2,3.9,4.33
10010,1,4,1.8,7.36
10011,0,1,0.7,3.47
10012,4,4,0.3,4.93
10013,7,1,8.4,5.28
10014,0,0,0.5,4.67
10015,5,2,8.7,4.75
10016,7,0,4.9,4.2
10017,7,2,3.3,4.37
10018,1,3,1.2,3.45
10019,4,4,1.4,3.5
10020,1,4,9.1,6.95
10021,6,0,3.9,5.55
10022,4,3,9.4,5.12
10023,1,4,6.7,3.73
10024,4,3,7.1,5.41
10025,2,2,4.7,4.77
10026,1,1,5.6,5.12
10027,2,0,1.5,3.32
10028,1,4,5.2,4.08
10029,0,2,10.0,4.95
10030,7,3,9.3,3.33
10031,3,2,4.0,5.55
10032,7,4,7.2,4.61
10033,4,3,4.4,6.75
10034,0,4,6.0,3.05
10035,4,2,3.3,5.87
10036,1,4,9.5,6.01
10037,6,2,8.2,6.32
10038,3,4,2.0,4.27
10039,7,2,9.5,3.31
10040,5,2,3.2,8.22
10041,1,0,2.8,4.5
10042,6,1,2.1,5.27
10043,0,2,7.2,4.35
10044,3,4,8.2,3.9
10045,4,1,2.3,3.21
10046,5,1,0.4,4.1
10047,1,3,1.9,6.29
10048,0,4,2.3,5.05
10049,1,1,0.7,4.21
10050,3,0,6.1,5.44
10051,6,2,8.0,5.07
10052,2,2,9.8,5.46
10053,0,3,6.5,5.32
10054,5,1,7.3,3.67
10055,4,4,6.1,5.04
10056,2,1,4.5,5.35
10057,0,2,6.2,5.82
10058,5,2,6.1,5.41
10059,2,4,9.6,5.15
10060,0,0,7.8,4.14
10061,2,1,0.6,5.74
10062,1,4,8.9,4.43
10063,3,2,0.3,6.37
10064,0,3,8.1,7.24
10065,4,2,2.6,4.26
10066,0,2,8.0,2.55
10067,7,3,6.1,6.2
10068,4,0,7.6,5.01
10069,0,2,3.1,4.58
10070,6,3,6.2,4.66
10071,7,3,6.4,3.33
10072,1,4,1.5,3.55
10073,0,1,7.7,5.37
10074,6,3,4.4,7.37
10075,6,3,0.1,4.5
10076,3,2,1.1,4.97
10077,3,0,9.0,5.17
10078,4,4,2.6,4.44
10079,5,4,8.4,3.21
10080,4,1,2.3,5.67
10081,7,0,3.5,6.29
10082,4,3,5.2,4.87
10083,2,4,3.3,4.73
10084,5,0,4.3,4.89
10085,0,1,0.4,6.01
10086,2,3,3.3,3.87
10087,5,2,9.1,6.09
10088,5,0,8.8,4.89
10089,6,4,6.7,6.73
10090,3,1,4.4,3.87
10091,0,0,0.2,4.07
10092,1,3,7.7,6.26
10093,7,1,1.3,4.36
10094,7,0,3.5,5.84
10095,6,3,9.3,4.56
10096,6,0,9.8,2.36
10097,1,2,2.3,5.89
10098,6,4,9.0,6.35
10099,1,4,4.5,5.03
10100,5,1,9.5,5.39
10101,4,0,3.2,3.98
10102,5,2,6.5,4.92
10103,4,3,0.2,4.42
10104,3,1,3.0,4.67
10105,5,1,6.1,3.8
10106,7,4,8.6,5.42
10107,2,0,5.0,4.56
10108,7,2,9.0,2.1
10109,4,3,5.5,6.39
10110,7,3,7.2,3.43
10111,0,1,1.9,4.28
10112,5,4,2.1,6.43
10113,6,4,9.4,7.18
10114,7,3,9.0,5.41
10115,6,3,1.9,6.09
10116,2,1,4.3,2.84
10117,0,1,5.2,4.95
10118,3,2,2.1,4.14
10119,1,0,5.2,5.39
10120,1,1,8.1,5.27
10121,6,2,9.0,5.61
10122,4,4,0.5,4.93
10123,2,3,8.2,4.49
10124,3,1,2.9,5.21
10125,4,3,1.5,5.73
10126,3,1,8.9,3.45
10127,0,0,9.5,5.48
10128,5,4,7.1,6.49
10129,0,4,4.1,4.65
10130,1,4,10.0,5.3
10131,1,4,9.7,6.06
10132,6,4,2.6,4.98
10133,5,1,9.0,6.39
10134,7,0,9.6,4.74
10135,3,2,4.9,6.68
10136,5,3,0.2,5.09
10137,7,2,5.7,4.95
10138,2,1,3.7,6.3
10139,7,3,4.2,6.13
10140,3,2,4.2,4.74
10141,2,4,6.4,4.65
10142,4,2,9.4,5.17
10143,7,2,7.7,3.93
10144,4,3,5.7,4.75
10145,5,2,4.0,4.12
10146,2,1,4.9,5.67
10147,2,0,1.5,5.58
10148,3,1,5.2,4.4
10149,5,3,2.8,4.01
10150,2,4,1.5,3.01
10151,6,0,5.9,5.47
10152,6,0,8.3,5.74
10153,1,3,5.6,5.2
10154,2,4,5.3,3.36
10155,0,0,2.1,3.51
10156,0,3,2.4,7.62
10157,2,1,8.1,4.46
10158,4,1,7.5,3.8
10159,5,1,5.2,4.44
10160,2,0,4.6,4.52
10161,1,4,3.8,6.99
10162,7,1,0.6,3.35
10163,4,3,8.9,6.22
10164,2,0,3.8,5.56
10165,3,4,6.1,5.03
10166,0,1,7.7,5.79
10167,2,4,8.5,5.28
10168,6,2,5.2,4.7
10169,4,3,1.2,5.21
10170,4,2,1.7,4.87
10171,6,3,4.3,3.77
10172,7,1,0.5,2.84
10173,2,0,5.1,6.05
10174,3,1,5.6,4.52
10175,2,1,2.5,7.04
10176,7,3,8.8,5.48
10177,4,1,9.2,4.72
10178,4,2,6.1,4.77
10179,1,3,0.4,5.57
10180,2,3,5.0,4.66
10181,0,3,6.7,6.45
10182,2,4,1.3,3.86
10183,7,4,9.3,3.98
10184,0,2,4.8,5.14
10185,0,4,7.4,5.33
10186,4,4,3.3,5.86
10187,2,1,1.8,5.84
10188,1,2,9.4,3.88
10189,2,3,6.2,5.53
10190,5,3,3.0,5.64
10191,7,0,2.6,5.8
10192,4,4,1.6,5.38
10193,7,1,8.0,5.11
10194,7,3,2.9,3.5
10195,4,0,9.1,5.05
10196,1,0,8.9,6.0
10197,2,1,1.2,8.11
10198,0,1,8.7,7.39
10199,4,4,4.5,6.64
10200,3,1,6.0,7.26
10201,3,2,4.3,7.0
10202,0,0,8.9,4.31
10203,1,2,7.3,5.5
10204,7,4,3.1,4.38
10205,4,1,8.6,5.1
10206,5,0,2.1,5.06
10207,5,3,6.1,3.62
10208,2,1,7.1,5.52
10209,6,3,9.7,3.01
10210,0,3,5.7,5.59
10211,0,2,1.2,5.87
10212,4,1,6.2,6.34
10213,4,2,1.9,4.0
10214,6,3,0.4,6.43
10215,3,4,8.7,6.15
10216,3,4,2.1,5.79
10217,2,1,4.8,3.88
10218,7,3,3.7,5.06
10219,1,2,6.6,5.31
10220,0,3,2.7,6.38
10221,7,3,0.4,4.38
10222,3,3,6.7,3.96
10223,2,3,2.8,4.85
10224,1,1,2.9,4.45
10225,2,1,4.4,8.06
10226,3,3,9.1,6.21
10227,2,4,9.1,5.28
10228,5,1,9.7,6.51
10229,6,0,2.0,6.53
10230,5,2,9.6,5.7
10231,5,4,8.1,3.73
10232,6,4,6.3,3.92
10233,4,2,4.1,4.65
10234,0,2,1.2,6.02
10235,0,0,3.7,5.64
10236,6,2,8.5,5.21
10237,4,2,0.9,4.71
10238,0,2,9.3,3.14
10239,3,1,9.7,3.73
10240,2,0,1.2,3.0
10241,5,1,7.6,4.01
10242,3,2,2.7,4.39
10243,7,0,0.1,3.85
10244,0,2,6.6,8.23
10245,7,0,1.9,5.64
10246,1,0,4.8,4.53
10247,0,4,9.8,5.36
10248,4,4,7.1,5.68
10249,3,0,0.4,3.34
10250,1,4,7.3,4.85
10251,4,1,8.1,6.47
10252,5,0,2.8,6.89
10253,5,3,9.7,5.88
10254,1,2,0.2,5.4
10255,5,4,1.2,4.05
10256,5,0,4.0,4.37
10257,0,4,5.3,6.69
10258,2,2,3.8,5.41
10259,0,2,2.1,5.41
10260,4,0,3.5,6.29
10261,3,2,9.1,5.06
10262,5,0,8.1,6.08
10263,6,0,3.0,6.1
10264,2,4,8.0,5.62
10265,1,0,7.1,5.59
10266,5,4,8.6,3.6
10267,6,0,6.0,4.91
10268,4,1,9.0,4.49
10269,7,0,1.4,4.69
10270,3,3,8.8,2.81
10271,3,0,9.6,3.32
10272,7,4,2.1,4.73
10273,0,4,9.5,2.94
10274,7,1,9.9,5.72
10275,2,3,6.2,5.51
10276,0,3,0.9,5.36
10277,3,3,0.2,5.17
10278,0,4,8.3,4.65
10279,6,0,6.7,4.39
10280,5,2,7.1,4.69
10281,1,2,3.0,4.57
10282,5,2,7.8,2.65
10283,2,0,9.1,5.44
10284,3,1,1.2,5.26
10285,2,1,8.3,5.4
10286,7,4,7.2,3.89
10287,7,2,6.3,5.74
10288,6,0,3.9,5.71
10289,3,2,5.5,4.83
10290,7,4,6.5,3.54
10291,3,3,0.4,3.62
10292,7,3,9.8,8.29
10293,4,0,2.5,5.34
10294,7,3,0.9,4.15
10295,7,1,6.2,4.09
10296,4,0,6.4,5.43
10297,7,0,9.3,4.86
10298,1,4,6.4,4.42
10299,4,2,7.2,4.9
10300,6,3,3.8,6.43
10301,1,0,6.9,2.24
10302,5,0,9.0,6.12
10303,1,3,3.1,3.93
10304,2,2,0.6,4.2
10305,4,0,2.3,5.51
10306,4,2,2.6,6.03
10307,5,2,0.5,5.56
10308,2,3,2.5,5.35
10309,3,2,5.1,2.28
10310,6,2,4.0,3.96
10311,6,3,6.7,3.93
10312,1,4,4.2,5.96
10313,5,1,7.0,3.72
10314,3,1,0.1,4.07
10315,0,3,2.6,2.31
10316,3,0,5.3,5.6
10317,6,1,3.3,6.34
10318,7,4,3.1,3.22
10319,3,1,5.8,4.82
10320,7,0,2.7,3.01
10321,5,1,8.4,4.99
10322,6,2,6.8,7.64
10323,2,1,6.2,4.77
10324,2,4,3.3,3.66
10325,6,4,0.3,6.01
10326,0,1,7.4,5.38
10327,7,2,9.2,3.71
10328,0,0,4.2,2.74
10329,6,4,3.3,4.93
10330,3,2,8.7,7.09
10331,6,2,4.2,4.45
10332,3,3,1.2,7.3
10333,2,2,3.6,4.97
10334,3,3,2.9,7.41
10335,1,3,7.8,4.68
10336,5,4,6.9,4.59
10337,1,2,7.1,7.53
10338,7,2,3.4,3.17
10339,1,1,6.5,3.83
10340,5,4,2.0,6.41
10341,4,2,4.3,3.31
10342,4,0,3.5,5.98
10343,2,1,2.5,3.93
10344,2,2,2.5,5.62
10345,6,2,8.5,4.89
10346,2,0,5.7,6.44
10347,0,4,7.1,3.95
10348,7,3,6.0,3.68
10349,4,3,7.9,4.73
10350,3,1,8.1,5.42
10351,5,0,2.3,3.25
10352,6,0,0.8,3.49
10353,6,4,5.4,4.82
10354,0,2,7.3,3.73
10355,5,2,0.3,4.8
10356,1,0,2.8,3.44
10357,3,0,5.4,5.64
10358,7,3,0.0,4.88
10359,3,0,4.6,6.13
10360,0,0,1.3,3.88
10361,4,1,0.3,6.32
10362,1,1,3.0,4.54
10363,7,0,3.2,3.95
10364,2,0,6.5,6.39
10365,1,3,5.4,5.66
10366,4,0,7.2,4.71
10367,6,0,5.3,4.05
10368,7,4,1.9,4.57
10369,2,1,7.9,4.84
10370,2,3,10.0,6.36
10371,3,4,9.5,5.0
10372,7,2,7.1,2.84
10373,2,0,7.8,5.14
10374,6,3,2.8,3.25
10375,3,3,6.1,2.93
10376,3,3,3.1,4.1
10377,3,4,6.3,3.95
10378,0,0,1.9,4.92
10379,0,1,8.9,5.94
10380,7,1,4.8,5.37
10381,4,2,9.1,3.04
10382,1,1,6.6,5.32
10383,1,4,2.2,7.09
10384,3,1,6.6,6.7
10385,4,0,4.6,2.8
10386,2,4,7.4,3.99
10387,5,4,5.9,5.68
10388,0,2,3.7,5.63
10389,5,4,9.2,6.21
10390,7,4,7.3,7.82
10391,5,0,8.6,6.03
10392,5,3,5.6,6.54
10393,5,3,0.6,4.6
10394,0,2,9.4,4.49
10395,7,3,0.8,5.85
10396,1,1,3.0,3.08
10397,2,3,3.4,5.97
10398,4,0,4.0,4.12
10399,4,3,7.7,5.91
10400,5,3,8.8,5.18
10401,5,2,1.6,6.57
10402,2,4,9.0,4.53
10403,7,3,1.8,5.18
10404,6,4,1.1,4.23
10405,3,1,6.3,4.67
10406,7,2,0.9,5.65
10407,5,0,7.8,6.22
10408,1,0,3.2,6.63
10409,7,3,7.3,4.06
10410,2,3,0.1,4.5
10411,6,3,7.8,4.42
10412,6,3,9.6,5.41
10413,7,2,8.9,3.95
10414,5,3,1.5,7.18
10415,5,0,9.7,7.38
10416,7,0,4.2,6.04
10417,5,1,5.6,5.44
10418,2,3,5.3,3.04
10419,2,0,6.0,6.12
10420,4,0,9.6,4.14
10421,5,3,4.1,6.94
10422,0,2,7.5,5.64
10423,1,4,4.7,6.6
10424,4,1,1.4,6.48
10425,5,4,1.5,3.4
10426,3,0,3.2,3.82
10427,7,2,3.7,3.69
10428,5,3,8.8,3.75
10429,2,3,5.2,5.26
10430,0,2,6.1,5.03
10431,3,4,9.0,3.62
10432,1,4,1.7,3.38
10433,0,1,1.7,5.49
10434,6,2,4.1,5.96
10435,5,0,3.6,6.48
10436,4,1,8.3,4.58
10437,0,3,2.9,3.05
10438,6,3,7.5,6.19
10439,3,3,2.3,4.64
10440,0,2,3.6,2.0
10441,3,4,8.3,4.63
10442,0,0,9.5,6.94
10443,3,2,6.8,7.56
10444,1,1,8.5,4.99
10445,0,2,3.4,4.21
10446,6,4,5.5,5.85
10447,3,4,9.3,4.48
10448,2,1,9.6,3.78
10449,6,3,4.9,5.88
10450,3,0,0.4,6.74
10451,2,2,8.3,6.76
10452,3,2,0.6,4.55
10453,1,4,8.9,4.96
10454,2,2,2.8,8.06
10455,6,0,6.7,7.22
10456,3,2,1.4,5.27
10457,4,2,7.9,6.12
10458,0,4,8.1,7.09
10459,2,2,9.7,5.82
10460,4,3,6.8,5.23
10461,2,4,5.6,5.68
10462,0,0,9.1,6.12
10463,5,2,2.7,6.85
10464,1,1,9.3,6.21
10465,6,0,5.2,6.59
10466,5,4,0.6,5.0
10467,0,3,7.2,3.11
10468,6,3,3.1,3.78
10469,0,3,7.3,6.58
10470,6,2,7.7,5.19
10471,0,0,9.2,5.65
10472,5,3,7.5,6.22
10473,0,4,0.9,5.22
10474,2,2,3.1,5.24
10475,2,0,4.3,3.81
10476,6,3,1.4,5.55
10477,4,4,1.5,4.21
10478,5,0,8.2,6.76
10479,0,3,7.0,4.76
10480,6,4,2.6,5.71
10481,3,4,7.9,3.65
10482,0,2,6.2,5.59
10483,5,0,7.1,6.06
10484,3,4,2.5,3.41
10485,2,3,2.4,7.65
10486,3,2,9.1,5.77
10487,1,2,2.2,5.56
10488,1,0,9.2,2.98
10489,3,4,4.9,4.68
10490,1,2,5.6,4.49
10491,5,2,7.5,4.75
10492,4,2,1.2,5.3
10493,7,3,4.7,5.62
10494,6,0,3.5,3.79
10495,2,4,5.5,5.64
10496,1,2,9.8,5.23
10497,4,3,2.7,4.68
10498,1,0,8.9,4.5
10499,7,3,6.7,4.46
10500,5,1,9.1,5.7
10501,3,0,4.5,6.13
10502,3,1,9.6,5.43
10503,7,3,2.2,5.13
10504,4,1,5.9,6.34
10505,0,2,3.0,4.31
10506,2,3,2.4,3.71
10507,6,2,8.0,3.56
10508,6,3,9.7,3.71
10509,2,1,7.3,3.47
10510,7,2,0.1,5.31
10511,6,1,6.1,5.38
10512,3,1,8.7,3.97
10513,7,2,3.9,3.99
10514,4,2,4.5,4.93
10515,2,1,3.9,2.59
10516,5,4,7.2,3.49
10517,6,4,2.1,4.53
10518,4,1,7.6,7.01
10519,1,0,0.8,4.82
10520,2,4,5.6,4.12
10521,2,4,7.4,4.02
10522,1,4,3.4,5.3
10523,5,2,0.2,4.15
10524,2,0,5.0,3.43
10525,4,1,9.4,5.6
10526,5,0,9.2,3.3
10527,7,0,9.0,5.24
10528,0,4,1.5,6.82
10529,1,2,4.5,7.31
10530,4,1,2.7,5.08
10531,3,1,4.4,4.08
10532,6,2,9.5,3.57
10533,3,0,1.4,5.48
10534,3,4,2.4,5.82
10535,7,3,2.8,5.57
10536,4,3,4.1,2.87
10537,5,2,2.9,5.78
10538,2,0,6.5,6.12
10539,4,3,2.1,7.66
10540,4,0,3.1,5.2
10541,3,2,5.0,5.93
10542,2,4,4.2,6.51
10543,4,3,1.6,4.13
10544,0,2,4.1,4.63
10545,3,1,6.3,3.61
10546,1,0,4.7,4.17
10547,3,4,2.0,5.4
10548,1,0,4.1,3.67
10549,6,4,9.7,5.58
10550,7,4,0.4,5.55
10551,2,3,7.6,2.07
10552,5,2,1.1,3.54
10553,0,2,9.0,5.86
10554,1,1,8.8,3.21
10555,4,0,4.2,2.97
10556,1,1,2.4,5.18
10557,4,2,3.2,7.68
10558,0,4,9.9,4.98
10559,2,0,1.0,7.73
10560,1,4,9.0,4.24
10561,0,1,3.5,4.43
10562,7,2,3.4,2.64
10563,7,4,9.8,4.82
10564,5,2,4.2,3.62
10565,7,4,1.1,4.45
10566,5,1,6.6,6.02
10567,5,1,0.7,6.64
10568,3,0,2.6,5.08
10569,7,2,4.7,8.09
10570,3,1,6.4,2.64
10571,0,2,5.9,4.05
10572,3,0,6.5,5.33
10573,4,0,0.7,5.1
10574,7,4,0.1,4.18
10575,4,4,7.1,6.25
10576,3,4,6.4,6.52
10577,1,4,9.7,5.43
10578,3,2,2.4,6.25
10579,6,3,6.9,4.69
10580,6,2,7.6,7.16
10581,7,4,0.1,3.4
10582,6,1,4.2,5.92
10583,1,3,4.3,4.53
10584,5,0,5.7,6.82
10585,3,4,2.7,6.28
10586,2,2,7.1,4.86
10587,0,0,7.0,5.8
10588,3,2,5.0,3.89
10589,2,3,1.8,4.65
10590,1,4,8.1,2.69
10591,6,4,0.7,4.87
10592,0,0,0.4,7.37
10593,3,1,0.2,3.38
10594,7,0,9.4,5.58
10595,2,1,6.2,5.27
10596,7,2,5.9,4.5
10597,5,3,0.8,7.03
10598,3,2,9.5,7.14
10599,4,0,9.1,7.92
10600,4,4,0.0,3.96
10601,3,0,6.2,6.94
10602,6,0,3.1,5.05
10603,0,1,5.4,5.71
10604,3,4,4.2,5.7
10605,4,0,6.5,6.17
10606,1,3,8.2,5.36
10607,7,4,4.3,4.76
10608,6,2,3.7,5.24
10609,5,3,9.3,5.25
10610,2,2,4.3,1.32
10611,3,0,9.5,4.39
10612,0,2,3.2,4.54
10613,1,1,5.1,3.0
10614,4,2,4.9,5.26
10615,2,2,7.0,5.92
10616,5,4,4.2,5.14
10617,3,2,5.1,4.28
10618,1,3,1.9,7.44
10619,4,1,4.0,6.01
10620,2,0,1.4,5.64
10621,7,3,9.5,6.25
10622,6,3,7.7,4.88
10623,1,0,1.9,5.46
10624,0,0,3.4,3.16
10625,4,2,6.9,6.97
10626,4,2,5.9,3.34
10627,4,2,5.3,2.93
10628,7,1,0.8,5.42
10629,1,1,2.5,4.28
10630,5,2,9.6,3.77
10631,1,4,7.6,5.06
10632,5,1,7.8,5.21
10633,4,4,3.1,5.77
10634,6,1,7.4,4.88
10635,5,1,4.2,7.14
10636,6,3,5.5,5.98
10637,3,1,2.7,6.76
10638,7,4,5.4,6.25
10639,6,0,4.4,4.69
10640,1,4,3.0,5.37
10641,7,2,6.6,3.48
10642,0,3,3.8,4.91
10643,4,0,1.8,5.83
10644,6,3,8.7,6.13
10645,7,2,4.7,3.9
10646,6,1,3.4,3.48
10647,7,2,4.6,7.38
10648,6,4,5.4,4.57
10649,4,4,2.0,6.95
10650,0,1,7.8,1.83
10651,2,4,5.6,6.02
10652,3,3,0.8,4.04
10653,4,4,0.2,4.26
10654,4,4,7.9,7.22
10655,6,0,5.2,5.24
10656,4,1,8.9,3.98
10657,0,0,4.5,4.76
10658,6,1,8.0,5.81
10659,0,4,2.8,5.98
10660,4,3,6.6,4.44
10661,1,3,8.2,6.31
10662,7,4,2.5,4.14
10663,5,3,6.9,6.35
10664,3,4,8.2,6.44
10665,3,2,8.1,3.78
10666,6,4,2.2,4.4
10667,4,4,7.4,4.2
10668,7,2,4.7,5.65
10669,1,0,4.7,6.29
10670,6,1,6.3,4.25
10671,5,0,5.6,6.32
10672,1,4,9.7,5.87
10673,3,3,6.4,4.04
10674,1,2,3.7,4.81
10675,0,3,3.7,4.83
10676,3,1,0.5,5.42
10677,3,0,5.2,4.84
10678,7,4,8.3,3.6
10679,3,0,0.8,3.53
10680,0,2,0.1,5.24
10681,5,0,3.4,2.47
10682,4,1,6.5,4.38
10683,3,4,8.0,5.09
10684,5,1,9.1,4.56
10685,6,4,6.8,5.83
10686,1,3,2.2,3.29
10687,6,4,5.1,6.67
10688,7,2,4.9,3.92
10689,0,0,1.5,3.56
10690,4,3,1.2,3.76
10691,2,3,6.6,4.11
10692,7,2,3.9,5.24
10693,1,4,8.5,6.24
10694,0,1,3.3,6.61
10695,3,1,4.2,6.09
10696,6,3,8.6,4.61
10697,5,4,8.1,4.24
10698,0,3,4.0,3.74
10699,1,1,9.1,6.03
10700,7,3,0.4,5.59
10701,2,2,7.5,4.89
10702,3,1,5.8,5.48
10703,2,3,3.8,3.42
10704,1,3,1.4,6.32
10705,0,4,9.1,5.05
10706,2,4,4.1,6.04
10707,6,0,0.5,2.53
10708,4,4,7.7,4.27
10709,6,2,7.8,3.38
10710,3,3,8.6,4.21
10711,6,4,5.3,6.56
10712,6,2,1.4,4.35
10713,4,4,0.5,7.16
10714,0,4,7.0,4.87
10715,5,0,2.1,3.68
10716,7,1,10.0,3.21
10717,1,3,5.1,4.09
10718,7,0,9.4,4.46
10719,6,2,7.4,4.42
10720,3,1,5.2,4.01
10721,7,2,4.4,4.51
10722,3,4,0.9,7.03
10723,0,4,2.2,6.24
10724,5,3,8.7,3.78
10725,1,0,9.1,4.77
10726,1,4,5.7,3.39
10727,3,1,3.8,4.96
10728,3,1,9.8,5.57
10729,2,2,2.3,3.21
10730,4,2,9.8,4.89
10731,0,4,2.5,5.78
10732,4,1,2.5,3.86
10733,6,4,9.6,3.45
10734,0,0,0.5,3.93
10735,7,0,9.9,4.69
10736,1,0,6.1,4.05
10737,4,4,8.2,5.05
10738,1,3,9.6,5.46
10739,6,1,6.6,3.79
10740,7,2,8.1,5.13
10741,2,4,7.2,3.09
10742,3,2,2.6,5.28
10743,2,1,7.0,5.56
10744,3,4,1.9,4.89
10745,2,4,5.8,5.74
10746,1,2,8.0,6.77
10747,5,0,9.1,4.33
10748,3,3,6.6,2.36
10749,0,4,8.6,3.9
10750,3,4,4.1,4.32
10751,5,2,5.5,4.55
10752,4,2,4.4,4.86
10753,4,2,9.8,5.46
10754,3,0,1.1,6.06
10755,6,1,8.4,5.07
10756,7,3,7.5,2.8
10757,6,3,4.7,6.25
10758,1,1,1.1,5.1
10759,4,2,2.0,7.4
10760,1,3,3.8,6.01
10761,6,3,1.3,3.41
10762,0,1,4.0,5.0
10763,4,3,5.0,5.21
10764,7,4,6.0,3.81
10765,7,1,4.8,4.08
10766,1,0,5.8,3.17
10767,7,2,0.7,3.73
10768,4,2,2.1,5.76
10769,2,1,6.4,5.14
10770,7,3,1.0,4.38
10771,0,0,6.5,5.04
10772,0,1,3.6,4.11
10773,0,0,3.6,3.56
10774,0,0,5.0,2.72
10775,3,1,4.1,5.23
10776,3,2,0.6,3.97
10777,6,1,6.6,5.33
10778,7,2,7.5,2.7
10779,3,3,2.2,5.93
10780,3,3,5.0,7.47
10781,6,1,5.9,6.01
10782,7,1,4.4,5.13
10783,3,4,1.6,6.43
10784,1,4,9.4,4.82
10785,1,4,7.2,4.73
10786,6,0,2.7,4.13
10787,3,2,5.4,5.94
10788,7,3,9.9,4.9
10789,5,4,3.7,8.19
10790,7,1,8.3,3.02
10791,3,3,3.0,4.97
10792,4,4,1.8,5.0
10793,2,0,3.0,4.26
10794,7,3,2.7,3.38
10795,3,3,4.0,4.11
10796,5,0,7.4,5.08
10797,0,0,6.5,4.79
10798,4,4,6.9,5.61
10799,2,2,4.1,6.28
10800,2,1,6.2,4.81
10801,1,2,0.0,6.18
10802,5,2,7.0,3.8
10803,4,4,5.0,5.2
10804,5,2,7.8,3.37
10805,1,0,0.2,6.51
10806,1,1,8.4,7.95
10807,4,3,1.6,6.81
10808,6,4,2.7,3.99
10809,5,2,5.4,4.12
10810,6,4,5.8,4.96
10811,2,0,6.9,4.18
10812,3,2,7.1,5.01
10813,4,1,3.6,4.93
10814,2,1,3.2,4.93
10815,5,2,2.6,5.23
10816,0,4,5.1,7.23
10817,2,1,9.6,6.18
10818,3,0,8.5,5.22
10819,4,0,8.3,7.1
10820,4,1,6.5,5.02
10821,3,2,3.6,6.91
10822,7,1,0.4,6.09
10823,1,4,5.0,4.86
10824,3,4,1.7,4.69
10825,0,1,7.5,3.87
10826,2,1,2.0,5.03
10827,4,3,4.8,5.66
10828,0,1,9.3,4.38
10829,5,1,5.4,4.21
10830,2,0,8.9,3.75
10831,7,1,7.2,6.72
10832,4,0,5.3,6.18
10833,1,2,6.6,4.76
10834,1,3,7.9,5.74
10835,7,2,5.4,6.0
10836,4,1,2.8,4.07
10837,3,4,5.0,3.84
10838,2,4,7.8,3.9
10839,1,4,8.1,4.3
10840,6,3,6.0,4.65
10841,7,3,7.6,5.64
10842,6,4,6.4,5.91
10843,7,0,7.5,3.72
10844,3,4,1.2,5.34
10845,0,4,8.7,2.78
10846,3,2,3.0,3.68
10847,3,3,0.9,3.51
10848,6,1,9.2,4.97
10849,1,0,4.0,6.56
10850,2,0,7.3,5.24
10851,6,3,8.4,5.89
10852,7,4,8.8,3.92
10853,5,4,5.6,3.89
10854,4,2,3.0,5.67
10855,6,4,0.1,4.74
10856,3,3,9.2,7.13
10857,1,1,6.7,5.19
10858,6,1,6.3,4.34
10859,1,2,6.3,7.19
10860,0,4,0.8,5.05
10861,7,3,6.0,4.15
10862,3,2,1.9,5.79
10863,5,2,2.0,4.57
10864,1,2,1.3,7.05
10865,3,1,5.9,4.65
10866,4,1,4.9,3.46
10867,1,2,9.7,3.31
10868,6,1,3.8,3.88
10869,0,1,6.0,4.79
10870,6,3,1.8,4.86
10871,3,3,3.6,6.43
10872,2,0,6.9,4.35
10873,1,1,2.2,6.01
10874,6,2,6.8,5.19
10875,2,0,0.5,4.7
10876,1,4,3.7,1.93
10877,0,3,5.4,4.58
10878,4,0,3.1,5.77
10879,5,3,8.0,6.68
10880,3,1,9.4,6.85
10881,7,2,2.5,5.79
10882,0,4,2.7,7.22
10883,7,3,7.7,2.81
10884,7,2,9.7,4.54
10885,0,3,5.4,3.9
10886,4,1,0.6,3.41
10887,0,1,7.4,6.51
10888,7,4,5.9,4.09
10889,1,1,3.6,5.58
10890,1,4,4.2,3.52
10891,0,0,5.2,5.66
10892,7,4,1.9,7.67
10893,5,0,5.9,6.92
10894,4,2,8.9,6.03
10895,0,2,1.1,4.5
10896,1,0,9.3,6.14
10897,1,1,4.0,6.96
10898,4,3,1.4,4.28
10899,2,3,4.3,5.77
10900,7,0,5.0,4.53
10901,2,1,8.4,4.79
10902,3,1,2.6,6.18
10903,3,2,6.3,4.61
10904,2,1,5.7,5.61
10905,2,1,0.8,5.05
10906,6,4,3.1,4.19
10907,1,2,9.9,5.5
10908,1,4,2.6,4.16
10909,3,1,9.0,4.2
10910,2,0,4.7,4.63
10911,3,0,3.5,4.14
10912,4,3,2.3,4.27
10913,0,2,2.9,3.41
10914,7,2,9.0,4.74
10915,0,3,0.7,5.77
10916,5,0,5.1,3.29
10917,1,3,2.0,5.45
10918,7,3,6.2,4.14
10919,5,2,3.3,4.6
10920,2,2,9.7,6.23
10921,2,0,4.8,4.12
10922,5,4,7.6,6.28
10923,1,1,1.7,4.4
10924,2,3,8.5,5.3
10925,2,0,5.5,4.74
10926,7,0,1.8,5.05
10927,2,2,9.0,4.56
10928,2,2,7.5,3.94
10929,3,4,8.1,4.11
10930,7,3,1.0,4.83
10931,2,3,4.7,4.16
10932,7,0,5.0,2.23
10933,6,3,8.3,4.8
10934,4,4,6.2,4.7
10935,6,0,6.2,7.53
10936,3,1,3.7,3.67
10937,1,0,7.2,7.03
10938,1,1,0.8,4.93
10939,6,2,3.5,6.36
10940,6,0,1.5,5.12
10941,5,3,3.3,5.05
10942,4,1,5.4,4.64
10943,1,4,4.9,4.63
10944,7,4,5.2,6.19
10945,7,4,7.9,6.35
10946,0,0,1.0,5.66
10947,5,4,3.4,2.49
10948,6,2,6.2,3.28
10949,2,1,3.2,3.89
10950,0,0,5.5,3.84
10951,7,2,4.6,7.61
10952,3,1,6.6,4.17
10953,4,3,0.8,4.34
10954,2,1,4.2,4.36
10955,3,2,2.0,2.87
10956,3,4,0.2,3.44
10957,7,4,2.3,8.29
10958,1,4,0.7,6.82
10959,3,1,0.9,5.76
10960,7,1,0.8,4.37
10961,6,2,2.7,5.09
10962,6,1,3.7,5.32
10963,6,3,8.3,2.7
10964,4,1,5.8,4.62
10965,4,4,6.4,7.15
10966,6,1,8.5,5.13
10967,0,1,0.3,5.61
10968,1,4,8.2,1.6
10969,7,2,7.4,3.46
10970,7,1,3.2,6.41
10971,5,1,9.6,7.34
10972,0,2,7.1,4.93
10973,7,1,9.8,4.29
10974,3,3,0.6,4.99
10975,5,2,7.3,4.31
10976,4,2,3.0,3.87
10977,6,2,5.4,4.16
10978,5,1,2.6,5.85
10979,4,0,5.8,4.56
10980,5,0,8.0,5.64
10981,7,1,1.3,4.55
10982,4,4,1.7,6.14
10983,0,4,2.6,6.5
10984,7,3,1.9,6.14
10985,1,4,9.0,4.6
10986,6,4,5.6,7.8
10987,3,2,4.3,7.68
10988,7,4,9.7,4.93
10989,1,1,6.6,3.86
10990,4,3,0.6,6.23
10991,0,0,8.5,4.58
10992,7,1,0.1,5.92
10993,3,2,2.8,5.12
10994,6,1,3.7,4.51
10995,5,1,8.6,4.14
10996,3,1,4.9,5.52
10997,7,3,2.4,5.03
10998,2,3,0.2,4.11
10999,2,4,4.0,4.58
11000,3,3,0.7,5.08
11001,3,0,8.9,4.43
11002,6,4,5.9,4.39
11003,4,3,8.8,4.73
11004,7,2,3.9,3.16
11005,6,0,5.8,5.59
11006,1,0,7.7,6.92
11007,2,3,3.6,4.8
11008,5,3,6.3,5.08
11009,0,0,6.9,6.08
11010,5,1,8.7,5.25
11011,4,1,2.0,3.35
11012,4,2,6.2,3.84
11013,5,3,4.8,4.23
11014,0,3,1.2,5.84
11015,2,1,5.7,4.05
11016,1,1,8.3,3.87
11017,7,2,6.3,3.79
11018,6,0,8.4,3.42
11019,1,4,2.5,3.3
11020,2,3,4.5,5.53
11021,1,2,0.2,5.32
11022,0,2,9.7,6.21
11023,7,3,7.0,6.98
11024,2,1,2.1,5.63
11025,4,0,8.1,4.99
11026,5,1,4.8,4.88
11027,6,4,3.8,4.27
11028,6,3,2.6,4.53
11029,6,3,4.6,5.29
11030,7,1,9.0,4.64
11031,1,1,7.4,4.02
11032,6,2,0.9,5.72
11033,6,3,5.9,5.67
11034,0,0,4.1,4.71
11035,1,3,0.1,3.57
11036,1,3,7.5,4.76
11037,0,0,9.9,7.17
11038,0,4,5.5,4.39
11039,2,2,7.6,4.94
11040,4,1,5.1,4.05
11041,1,0,7.3,5.99
11042,1,0,9.7,4.83
11043,5,4,1.4,6.4
11044,7,0,5.1,4.3
11045,2,2,9.7,4.96
11046,4,1,4.5,4.19
11047,3,0,9.9,3.61
11048,0,1,10.0,2.15
11049,4,1,2.9,4.21
11050,3,3,9.6,4.99
11051,3,2,9.7,3.86
11052,3,3,7.1,3.39
11053,3,4,4.5,3.67
11054,2,3,3.0,4.31
11055,3,3,3.1,4.91
11056,5,0,8.6,4.5
11057,7,2,0.2,5.31
11058,4,4,10.0,7.61
11059,2,3,6.2,4.49
11060,5,2,9.3,5.71
11061,7,2,6.3,4.56
11062,5,3,5.7,4.82
11063,6,3,6.9,5.54
11064,3,4,6.5,5.38
11065,0,3,2.9,5.01
11066,1,2,4.2,4.95
11067,3,2,1.1,5.63
11068,1,0,1.2,5.48
11069,4,1,1.1,3.43
11070,0,2,10.0,4.73
11071,3,3,1.3,4.16
11072,7,2,9.0,5.21
11073,3,4,5.5,2.7
11074,3,1,7.6,1.44
11075,4,1,5.7,3.47
11076,7,1,0.7,3.66
11077,0,3,4.5,4.54
11078,4,4,8.8,5.09
11079,2,4,9.1,6.18
11080,3,3,1.7,5.62
11081,1,4,4.6,7.41
11082,6,3,6.7,4.09
11083,5,1,2.6,5.1
11084,0,1,0.1,4.19
11085,7,3,0.5,4.4
11086,7,0,5.7,3.74
11087,2,0,1.4,7.1
11088,1,3,1.1,4.96
11089,5,4,5.3,5.12
11090,5,1,0.1,4.97
11091,6,0,5.6,6.06
11092,0,4,7.9,5.7
11093,5,1,4.6,4.53
11094,6,1,3.2,5.81
11095,3,2,4.7,2.37
11096,3,3,1.4,5.08
11097,5,3,7.7,4.12
11098,0,0,7.7,1.99
11099,0,1,9.8,3.42
11100,2,0,4.5,5.45
11101,5,2,0.2,5.41
11102,7,3,9.7,7.01
11103,3,4,2.8,5.7
11104,2,3,2.9,6.97
11105,5,1,6.4,5.35
11106,7,3,0.5,5.81
11107,2,2,6.3,6.35
11108,6,4,0.5,3.42
11109,2,3,9.9,4.87
11110,3,0,1.9,6.86
11111,5,0,3.3,4.42
11112,4,4,4.9,4.58
11113,2,0,4.8,3.81
11114,2,1,6.6,5.4
11115,1,1,0.3,4.08
11116,2,1,4.8,4.93
11117,1,2,8.0,4.46
11118,2,2,7.4,4.77
11119,0,2,8.7,1.28
11120,6,1,6.8,4.92
11121,0,4,1.1,5.77
11122,1,2,3.8,6.53
11123,1,3,4.1,4.21
11124,4,2,5.3,3.56
11125,4,1,2.6,6.55
11126,7,4,1.2,5.33
11127,4,0,1.9,5.44
11128,5,3,7.9,5.57
11129,3,2,6.9,4.13
11130,1,4,3.3,4.69
11131,5,4,5.6,5.59
11132,6,1,10.0,5.45
11133,4,1,0.2,7.17
11134,3,0,6.0,7.67
11135,6,4,6.4,4.91
11136,6,1,5.0,4.7
11137,0,0,3.1,4.88
11138,5,2,0.4,5.23
11139,0,4,9.2,6.34
11140,1,0,0.3,7.14
11141,6,0,4.8,3.65
11142,3,2,7.1,6.78
11143,3,3,5.9,4.64
11144,7,4,8.8,6.28
11145,4,4,2.3,3.39
11146,0,3,3.7,5.45
11147,0,1,7.1,6.3
11148,4,4,0.8,6.16
11149,2,1,6.0,7.16
11150,4,2,4.1,5.57
11151,3,1,9.5,3.68
11152,6,2,6.2,8.52
11153,7,0,6.8,5.47
11154,7,0,8.1,4.09
11155,5,2,4.7,2.91
11156,2,1,1.2,5.23
11157,1,4,7.3,3.4
11158,0,4,9.4,4.51
11159,0,2,5.0,4.99
11160,2,3,1.3,6.93
11161,6,1,5.6,4.2
11162,1,0,9.7,4.22
11163,3,1,4.0,5.47
11164,5,2,4.5,5.26
11165,7,4,1.9,3.75
11166,6,1,9.6,4.82
11167,7,1,6.7,2.81
11168,4,1,9.3,6.7
11169,0,3,1.2,6.57
11170,7,2,3.7,4.59
11171,7,2,5.3,4.42
11172,6,4,2.4,5.91
11173,4,3,6.7,4.07
11174,4,4,1.4,4.43
11175,7,3,3.0,4.94
11176,6,2,1.1,5.32
11177,1,1,4.3,4.74
11178,1,4,2.8,5.12
11179,2,0,9.8,4.72
11180,7,3,6.0,5.95
11181,4,4,4.5,4.76
11182,1,2,3.4,4.1
11183,0,1,0.3,6.96
11184,2,0,4.5,3.63
11185,5,2,5.7,6.39
11186,0,1,9.1,4.6
11187,1,4,1.8,5.82
11188,1,4,6.5,3.77
11189,4,2,3.3,5.2
11190,5,0,1.4,5.89
11191,1,2,2.7,5.71
11192,3,2,4.2,3.86
11193,4,2,4.4,5.3
11194,3,2,3.9,4.87
11195,0,3,2.5,3.64
11196,0,1,4.6,3.13
11197,7,1,0.5,6.08
11198,4,1,5.5,5.56
11199,6,0,2.6,3.28
11200,5,4,1.7,6.02
11201,2,1,4.1,5.52
11202,0,4,0.6,4.41
11203,4,4,8.2,4.79
11204,3,0,2.5,6.2
11205,0,2,6.5,4.71
11206,7,4,2.1,5.46
11207,3,2,0.2,3.61
11208,7,3,6.2,6.74
11209,6,1,4.2,6.24
11210,6,1,9.5,5.0
11211,0,2,2.8,7.77
11212,1,3,3.7,6.38
11213,5,2,4.8,4.34
11214,1,2,4.5,6.39
11215,3,4,2.2,4.68
11216,1,1,6.8,6.21
11217,6,2,1.7,6.12
11218,2,2,3.2,5.96
11219,2,1,9.7,4.44
11220,2,0,2.1,5.26
11221,3,1,7.7,5.38
11222,4,3,8.7,5.21
11223,3,4,3.3,6.41
11224,0,4,10.0,5.04
11225,7,4,0.1,5.93
11226,6,0,8.1,4.81
11227,6,0,6.6,6.31
11228,0,2,2.0,4.88
11229,1,3,9.7,5.31
11230,3,3,6.8,5.11
11231,2,3,8.0,5.43
11232,3,3,0.7,3.62
11233,5,2,1.0,4.73
11234,2,0,1.4,6.44
11235,7,0,6.6,5.21
11236,1,0,8.4,3.05
11237,5,4,9.0,5.28
11238,4,4,8.1,3.86
11239,3,4,8.9,5.2
11240,1,4,6.8,4.55
11241,1,3,2.5,5.28
11242,5,1,2.8,3.49
11243,0,3,3.6,4.73
11244,6,1,3.5,5.6
11245,5,3,2.8,4.33
11246,1,2,5.3,5.7
11247,0,0,5.1,4.27
11248,5,2,1.4,4.48
11249,6,3,2.0,2.64
11250,7,2,2.6,5.57
11251,7,1,3.2,5.69
11252,1,2,3.4,4.34
11253,1,3,4.7,4.47
11254,4,3,1.6,7.29
11255,6,3,5.7,2.76
11256,6,0,8.5,3.05
11257,1,2,3.7,6.45
11258,7,4,4.5,6.87
11259,7,1,9.8,4.49
11260,3,2,6.5,3.81
11261,3,4,7.0,5.92
11262,4,2,1.2,5.48
11263,7,2,1.8,4.71
11264,2,0,9.6,8.28
11265,6,1,4.9,6.63
11266,7,0,7.5,4.62
11267,0,4,7.1,6.82
11268,5,0,3.2,5.57
11269,2,4,8.9,4.17
11270,0,4,8.9,2.28
11271,5,4,7.3,5.74
11272,3,4,2.8,4.96
11273,6,1,6.3,3.02
11274,3,2,8.5,5.76
11275,1,1,0.6,4.73
11276,3,1,7.8,4.12
11277,2,3,6.6,5.34
11278,3,3,6.1,4.24
11279,3,4,8.2,5.87
11280,6,0,6.7,4.23
11281,2,3,7.0,5.87
11282,6,0,0.6,3.88
11283,5,3,4.8,4.02
11284,1,1,5.3,5.73
11285,3,4,3.1,4.54
11286,5,2,7.3,4.51
11287,2,1,1.8,6.63
11288,1,0,2.3,3.77
11289,0,0,8.8,6.36
11290,1,4,9.2,4.12
11291,3,1,9.2,5.25
11292,3,1,1.6,6.11
11293,6,0,2.4,4.04
11294,1,0,3.6,5.57
11295,5,0,8.6,5.13
11296,6,2,2.5,3.94
11297,6,3,8.9,4.8
11298,0,4,5.2,4.12
11299,3,0,1.3,5.22
11300,1,3,6.0,3.42
11301,7,0,4.7,5.64
11302,4,1,5.7,5.32
11303,0,4,6.2,4.47
11304,7,4,3.3,6.82
11305,5,1,3.7,4.78
11306,6,2,8.4,4.6
11307,3,3,7.3,4.89
11308,6,2,6.2,5.59
11309,4,4,6.1,3.24
11310,0,0,6.4,3.4
11311,4,0,0.4,4.77
11312,0,1,7.9,4.35
11313,3,4,1.4,4.88
11314,2,3,4.4,4.27
11315,5,1,8.9,4.67
11316,1,2,3.2,3.14
11317,7,0,8.4,2.5
11318,6,3,9.1,6.36
11319,3,4,7.0,3.52
11320,0,0,9.0,5.93
11321,0,4,6.9,7.0
11322,3,2,1.9,6.35
11323,0,3,1.0,4.55
11324,5,0,2.9,5.22
11325,6,3,1.6,6.12
11326,7,4,0.6,3.08
11327,4,2,9.1,5.89
11328,7,2,0.6,3.36
11329,3,0,0.6,5.22
11330,7,4,2.6,3.58
11331,0,0,7.6,5.44
11332,0,0,5.5,5.45
11333,0,1,9.0,6.6
11334,4,3,5.0,5.79
11335,6,1,6.8,5.46
11336,1,0,3.2,4.88
11337,2,0,6.8,4.37
11338,7,4,2.3,6.51
11339,0,2,0.4,4.1
11340,2,4,6.1,5.0
11341,7,4,1.1,4.97
11342,1,4,2.7,5.99
11343,0,3,3.8,5.31
11344,3,3,8.3,7.31
11345,2,3,0.3,2.69
11346,7,1,7.9,6.62
11347,5,0,1.5,4.62
11348,7,1,4.8,6.44
11349,1,4,9.3,5.85
11350,5,0,8.5,4.21
11351,1,2,0.7,3.19
11352,0,1,0.8,5.7
11353,1,0,3.8,6.78
11354,0,1,8.3,4.48
11355,1,3,2.6,4.12
11356,1,3,6.1,2.44
11357,6,2,6.6,4.11
11358,3,1,5.0,6.41
11359,0,1,6.7,3.08
11360,5,1,1.8,4.94
11361,2,4,4.2,5.15
11362,0,0,7.6,5.96
11363,6,4,4.8,3.14
11364,1,0,5.7,4.55
11365,6,4,0.6,2.52
11366,2,2,5.2,3.48
11367,2,4,4.6,3.54
11368,7,0,7.8,5.21
11369,4,3,4.3,4.75
11370,2,3,4.7,4.83
11371,3,1,0.5,4.73
11372,2,0,4.0,4.81
11373,2,0,4.0,5.79
11374,5,0,7.1,5.83
11375,0,2,9.6,7.2
11376,3,1,9.7,5.28
11377,2,3,3.0,5.98
11378,3,2,0.4,3.83
11379,5,2,3.4,7.92
11380,4,1,1.0,2.45
11381,1,2,1.8,4.38
11382,6,1,5.0,4.4
11383,1,1,8.6,5.58
11384,6,3,5.7,4.56
11385,3,3,1.7,5.45
11386,0,3,1.2,3.84
11387,2,2,0.2,5.54
11388,4,0,3.2,5.33
11389,5,2,2.5,6.01
11390,0,4,2.3,5.92
11391,7,0,5.0,6.45
11392,4,2,1.6,4.81
11393,2,0,2.7,6.38
11394,5,3,6.0,5.15
11395,2,0,3.0,6.32
11396,5,2,9.5,7.61
11397,6,1,9.5,4.64
11398,0,2,1.0,3.04
11399,6,0,7.4,4.8
11400,1,4,4.6,4.02
11401,7,2,2.3,3.62
11402,5,4,7.5,3.54
11403,1,1,8.8,3.77
11404,6,3,0.3,5.47
11405,2,3,8.6,2.79
11406,7,1,0.9,4.51
11407,4,3,2.1,5.41
11408,0,3,2.2,3.65
11409,7,4,2.8,4.59
11410,4,2,5.2,6.82
11411,7,3,2.2,3.99
11412,7,1,0.4,5.17
11413,2,0,3.0,4.78
11414,1,2,5.9,5.86
11415,4,3,5.5,6.27
11416,6,0,2.6,5.93
11417,7,1,5.4,4.6
11418,1,4,8.5,5.91
11419,6,1,0.8,4.63
11420,4,4,4.6,3.87
11421,3,4,9.8,4.73
11422,3,2,4.6,5.3
11423,1,3,6.9,3.7
11424,6,0,7.7,5.26
11425,2,0,4.1,4.55
11426,4,2,6.2,5.74
11427,2,0,9.2,5.53
11428,0,4,4.4,4.73
11429,7,3,5.2,4.24
11430,2,3,7.5,4.38
11431,0,4,6.9,5.08
11432,1,3,9.0,3.36
11433,2,1,5.8,6.04
11434,6,0,9.8,5.18
11435,5,2,6.2,5.24
11436,5,2,2.1,4.88
11437,4,4,4.9,4.64
11438,4,4,4.5,4.93
11439,5,2,5.1,6.98
11440,3,0,7.5,6.85
11441,7,2,9.7,5.66
11442,3,2,9.9,6.19
11443,3,2,8.8,5.21
11444,1,1,6.8,3.58
11445,4,4,1.8,5.09
11446,0,1,6.4,5.17
11447,4,0,7.7,4.03
11448,7,3,4.1,4.03
11449,6,4,7.1,4.5
11450,0,3,9.6,3.8
11451,6,0,5.1,4.38
11452,3,3,0.9,3.03
11453,6,3,6.6,4.98
11454,6,0,2.5,7.19
11455,7,0,5.4,4.2
11456,5,0,4.4,6.94
11457,7,1,7.9,3.6
11458,5,2,8.3,5.67
11459,6,0,0.3,6.21
11460,6,0,4.9,4.76
11461,5,3,4.8,3.65
11462,6,2,6.4,3.84
11463,0,1,5.4,6.32
11464,7,0,5.3,5.08
11465,6,2,6.2,4.23
11466,1,3,8.4,5.23
11467,3,3,8.4,4.79
11468,5,0,6.7,7.6
11469,2,1,9.3,5.36
11470,6,4,2.0,5.9
11471,4,4,5.4,5.1
11472,3,2,6.8,6.86
11473,5,0,5.6,5.43
11474,4,4,0.8,2.9
11475,0,1,9.4,6.04
11476,5,2,0.9,3.51
11477,6,1,3.9,6.15
11478,0,2,0.4,5.27
11479,0,2,2.0,5.67
11480,3,2,6.1,6.07
11481,1,1,9.4,6.01
11482,6,3,7.6,3.51
11483,3,3,5.5,4.91
11484,2,1,4.7,4.79
11485,4,1,4.4,6.99
11486,5,2,3.6,5.96
11487,7,4,6.7,5.77
11488,5,0,1.7,3.73
11489,1,4,2.8,6.31
11490,6,1,8.4,4.5
11491,6,1,1.7,5.22
11492,0,4,5.0,3.45
11493,4,1,2.5,6.12
11494,6,4,9.8,2.89
11495,1,3,6.0,3.38
11496,6,1,7.2,4.67
11497,5,0,0.4,7.83
11498,7,2,2.8,3.02
11499,4,4,4.6,5.6
11500,1,0,9.0,6.88
11501,3,4,1.3,2.96
11502,1,0,5.3,5.83
11503,3,0,5.3,4.75
11504,1,1,4.2,4.82
11505,2,1,5.4,4.02
11506,1,3,7.3,5.42
11507,4,3,7.7,3.82
11508,3,3,7.4,5.34
11509,0,1,0.2,5.41
11510,3,4,3.7,4.81
11511,6,0,3.9,4.28
11512,0,0,8.1,6.6
11513,2,3,7.4,6.66
11514,0,3,6.2,4.16
11515,3,3,6.3,5.8
11516,4,2,8.9,6.23
11517,3,2,6.4,4.74
11518,3,0,2.6,4.4
11519,4,3,8.7,4.15
11520,5,0,1.6,7.9
11521,4,4,9.4,4.23
11522,6,4,2.0,4.89
11523,1,0,5.7,4.21
11524,0,4,8.5,4.58
11525,4,3,2.4,3.61
11526,3,1,6.8,4.43
11527,7,3,4.6,3.44
11528,0,2,6.4,3.75
11529,7,2,1.8,3.66
11530,4,4,1.9,4.42
11531,6,4,2.0,4.99
11532,7,2,3.3,4.64
11533,4,1,5.6,3.8
11534,1,4,2.0,5.55
11535,5,1,2.1,4.21
11536,0,0,6.2,4.43
11537,4,4,2.9,5.66
11538,0,2,3.7,5.06
11539,2,2,2.1,6.05
11540,7,3,8.6,3.89
11541,1,3,3.6,6.59
11542,7,4,7.9,5.75
11543,0,0,7.3,4.28
11544,1,0,0.6,4.87
11545,6,4,1.6,4.94
11546,4,4,9.9,6.33
11547,7,3,2.6,5.03
11548,0,2,9.0,6.26
11549,0,4,7.7,6.47
11550,6,3,7.8,7.15
11551,5,2,8.5,3.61
11552,3,1,6.2,5.92
11553,6,3,6.1,6.56
11554,0,3,7.2,5.35
11555,1,2,4.1,5.96
11556,7,0,9.8,3.68
11557,2,2,4.2,4.61
11558,1,3,1.6,4.3
11559,2,2,6.9,5.64
11560,2,1,4.5,5.65
11561,4,0,5.9,3.5
11562,4,3,1.5,4.94
11563,6,1,8.1,5.41
11564,5,4,8.0,5.1
11565,7,3,6.5,4.94
11566,6,3,2.6,3.65
11567,0,0,3.7,2.99
11568,2,0,3.6,7.43
11569,6,2,7.3,3.67
11570,6,3,9.6,4.49
11571,2,2,5.1,2.85
11572,3,0,7.9,3.62
11573,6,0,5.6,4.11
11574,6,3,0.5,4.84
11575,5,2,0.0,3.31
11576,0,1,4.6,7.17
11577,1,0,9.0,6.85
11578,7,3,5.0,6.55
11579,7,0,5.9,4.61
11580,0,3,6.7,2.83
11581,6,2,3.0,4.1
11582,3,1,9.6,4.52
11583,5,1,0.7,4.65
11584,3,1,1.7,4.0
11585,1,0,8.6,3.54
11586,6,1,9.2,5.34
11587,1,0,0.5,3.86
11588,7,4,6.4,4.76
11589,7,2,1.7,3.64
11590,4,4,5.9,5.36
11591,2,3,6.2,6.59
11592,7,2,0.0,7.04
11593,3,4,6.3,2.82
11594,4,0,6.7,4.01
11595,6,1,3.2,4.43
11596,0,2,5.5,6.26
11597,5,2,6.0,4.2
11598,5,3,3.9,4.2
11599,7,4,9.4,5.58
11600,1,2,7.8,5.21
11601,3,3,0.1,5.23
11602,3,0,7.8,4.92
11603,0,3,7.7,4.3
11604,2,0,2.9,5.3
11605,5,1,6.4,4.55
11606,0,1,9.7,5.97
11607,4,3,2.9,6.74
11608,0,3,3.1,4.09
11609,7,2,4.2,4.98
11610,7,0,8.8,6.32
11611,3,3,0.0,4.81
11612,1,2,0.8,6.97
11613,3,4,6.3,5.91
11614,3,4,1.4,6.13
11615,5,0,9.3,5.09
11616,5,4,2.6,2.41
11617,1,2,2.2,6.04
11618,1,3,1.2,5.01
11619,6,2,9.7,3.08
11620,3,1,4.5,5.03
11621,7,2,8.0,4.81
11622,4,0,3.0,4.54
11623,4,0,2.6,4.76
11624,5,1,9.3,3.83
11625,3,3,9.0,5.57
11626,2,0,5.7,4.46
11627,5,1,8.2,5.37
11628,1,3,8.0,5.87
11629,5,1,4.1,4.12
11630,7,4,0.4,4.82
11631,6,3,8.8,4.26
11632,4,0,0.4,4.36
11633,3,0,0.0,2.81
11634,0,3,8.1,5.86
11635,3,3,4.0,5.33
11636,2,1,2.2,4.3
11637,0,0,3.0,5.61
11638,4,1,1.5,5.11
11639,7,0,1.6,2.77
11640,7,3,8.6,5.71
11641,1,2,2.1,3.62
11642,2,2,2.1,5.41
11643,7,3,2.4,3.99
11644,1,2,0.4,3.97
11645,0,2,6.8,4.65
11646,1,2,9.4,4.99
11647,1,0,3.3,4.47
11648,0,2,3.7,4.54
11649,0,1,0.1,5.17
11650,6,0,7.6,4.51
11651,2,3,2.8,4.62
11652,7,4,4.4,7.4
11653,4,1,0.5,4.11
11654,6,3,9.9,3.53
11655,5,4,9.4,5.76
11656,2,0,1.2,5.5
11657,4,4,7.2,4.01
11658,2,4,2.3,3.23
11659,7,2,5.7,4.57
11660,7,0,8.1,5.76
11661,4,4,6.9,5.88
11662,2,1,2.7,3.9
11663,6,0,1.4,3.61
11664,0,1,3.2,6.53
11665,1,4,3.1,5.91
11666,6,3,0.9,3.97
11667,1,0,4.1,3.57
11668,4,3,4.4,2.36
11669,2,3,5.3,5.28
11670,3,0,1.2,4.92
11671,2,2,4.1,6.27
11672,2,2,6.7,5.56
11673,0,1,5.4,3.06
11674,0,0,2.7,4.43
11675,0,3,8.6,4.11
11676,5,4,1.0,3.54
11677,5,2,9.1,4.42
11678,6,4,8.0,4.07
11679,3,0,3.9,6.0
11680,7,3,8.8,8.34
11681,1,2,9.5,3.25
11682,5,1,8.7,8.44
11683,6,4,0.5,4.17
11684,3,3,9.5,6.64
11685,4,3,5.6,6.77
11686,5,0,4.4,5.35
11687,5,2,2.3,3.72
11688,3,3,2.6,4.25
11689,5,1,7.4,2.65
11690,4,3,7.0,5.54
11691,2,3,7.7,5.12
11692,3,4,5.2,5.28
11693,6,0,2.7,4.52
11694,0,2,8.0,5.85
11695,1,0,3.7,5.62
11696,0,2,8.3,7.02
11697,6,3,5.7,7.01
11698,7,2,9.4,3.84
11699,2,0,0.6,4.28
11700,0,2,2.7,2.81
11701,0,3,5.5,5.08
11702,2,3,9.7,5.9
11703,6,0,4.9,5.8
11704,4,2,7.6,4.45
11705,5,0,8.8,3.87
11706,3,1,1.6,6.09
11707,1,1,2.7,3.23
11708,7,1,5.5,5.29
11709,0,3,2.9,3.66
11710,3,3,8.5,4.36
11711,1,1,1.6,5.33
11712,6,0,8.2,5.24
11713,7,0,4.2,5.57
11714,2,1,0.2,6.2
11715,3,3,7.2,3.43
11716,4,0,4.6,4.9
11717,4,2,9.3,4.67
11718,7,1,7.0,5.18
11719,7,1,3.8,3.42
11720,7,3,8.9,6.08
11721,6,1,1.6,4.1
11722,4,1,7.7,4.24
11723,7,0,4.8,5.04
11724,4,2,6.1,5.58
11725,3,3,0.1,5.34
11726,3,4,6.7,4.72
11727,4,3,7.1,4.79
11728,2,4,2.2,4.08
11729,7,1,5.3,5.07
11730,5,1,3.6,5.17
11731,2,3,8.8,5.79
11732,2,1,3.8,4.54
11733,2,4,1.0,5.43
11734,7,3,8.1,6.99
11735,5,1,8.1,4.17
11736,2,4,7.4,2.26
11737,5,2,5.6,4.16
11738,1,3,8.5,5.86
11739,0,0,3.4,6.64
11740,3,3,1.1,5.75
11741,2,3,5.8,5.91
11742,6,2,9.2,4.45
11743,4,1,0.3,2.43
11744,7,4,2.1,5.28
11745,2,1,9.8,4.1
11746,7,2,3.4,4.31
11747,2,1,8.7,6.76
11748,0,0,4.1,5.98
11749,1,3,7.6,3.47
11750,3,1,7.3,3.93
11751,3,1,8.8,3.88
11752,7,0,8.0,3.51
11753,0,1,4.7,4.57
11754,6,2,7.3,3.65
11755,0,3,6.0,4.33
11756,0,0,2.0,5.82
11757,3,3,8.9,6.71
11758,6,4,4.9,5.22
11759,7,3,3.7,4.87
11760,6,3,0.9,5.67
11761,3,4,7.4,6.74
11762,4,4,0.5,5.61
11763,7,3,2.5,2.63
11764,5,3,0.7,1.62
11765,5,2,4.9,4.84
11766,4,2,8.9,4.15
11767,4,3,2.5,4.77
11768,0,1,3.0,6.23
11769,4,1,7.7,4.14
11770,0,2,7.9,5.36
11771,0,1,0.2,4.58
11772,5,1,2.4,4.41
11773,2,2,5.1,5.26
11774,5,3,1.3,2.56
11775,7,3,5.5,5.04
11776,3,1,9.6,5.22
11777,2,3,5.0,4.81
11778,4,1,1.0,5.51
11779,7,3,9.2,7.26
11780,4,3,4.8,5.13
11781,7,3,3.9,1.65
11782,6,1,5.1,5.89
11783,1,1,9.1,3.16
11784,2,2,7.7,5.31
11785,0,2,3.2,5.81
11786,7,2,0.4,4.37
11787,4,2,9.2,7.0
11788,4,1,9.9,4.01
11789,7,1,5.6,4.48
11790,1,2,1.9,4.5
11791,1,4,3.2,5.02
11792,0,2,8.9,3.71
11793,2,1,0.2,4.72
11794,0,2,4.3,4.79
11795,0,2,9.3,4.33
11796,7,2,7.9,4.58
11797,7,2,3.8,5.4
11798,3,0,9.7,6.44
11799,0,2,6.6,7.51
11800,1,1,9.3,3.89
11801,3,2,1.1,7.3
11802,0,4,0.7,5.48
11803,4,2,7.2,4.05
11804,0,4,3.1,5.38
11805,1,2,0.1,4.05
11806,5,1,4.1,5.57
11807,1,1,2.0,5.66
11808,3,0,10.0,5.6
11809,6,3,1.6,6.0
11810,5,2,4.2,5.04
11811,6,2,9.7,5.59
11812,3,4,6.6,4.23
11813,4,1,3.0,3.9
11814,6,1,7.4,4.53
11815,3,4,4.4,5.84
11816,6,3,8.9,3.88
11817,2,0,3.2,5.69
11818,4,2,1.7,4.81
11819,3,0,9.8,5.21
11820,7,3,6.7,5.26
11821,5,1,9.6,3.66
11822,2,4,8.7,4.01
11823,5,4,5.2,3.3
11824,3,3,7.8,3.89
11825,2,1,8.1,5.09
11826,1,2,6.3,4.63
11827,2,3,0.4,4.35
11828,5,2,9.3,5.97
11829,0,3,3.1,6.18
11830,1,0,3.6,5.17
11831,3,0,4.0,3.16
11832,7,0,2.2,5.02
11833,4,2,6.6,3.96
11834,7,1,3.9,4.77
11835,2,3,2.4,3.37
11836,3,4,2.0,5.45
11837,7,0,6.4,5.46
11838,7,4,4.6,4.76
11839,4,1,7.9,5.04
11840,5,3,8.3,5.32
11841,4,0,9.1,5.9
11842,2,4,2.4,6.02
11843,4,0,1.4,4.96
11844,5,0,2.2,3.42
11845,7,0,8.8,4.52
11846,5,2,8.7,3.54
11847,3,0,5.6,6.43
11848,5,0,4.7,4.7
11849,6,2,8.0,4.9
11850,1,3,8.7,6.95
11851,2,3,2.7,5.42
11852,3,2,0.9,6.52
11853,0,4,9.0,6.01
11854,1,4,8.5,5.07
11855,7,0,7.0,6.05
11856,2,3,7.8,4.81
11857,4,0,2.0,2.79
11858,1,0,5.9,3.44
11859,4,4,1.0,7.5
11860,4,2,0.2,6.31
11861,2,0,1.4,4.26
11862,5,2,3.3,4.29
11863,3,4,7.2,6.05
11864,4,1,3.7,5.81
11865,2,4,8.1,6.02
11866,3,0,4.2,5.18
11867,7,4,6.5,5.67
11868,5,1,6.1,5.72
11869,4,4,0.5,6.9
11870,1,4,5.1,5.25
11871,1,1,1.7,3.47
11872,4,4,1.3,7.06
11873,0,4,4.3,5.53
11874,6,0,1.8,6.32
11875,2,3,0.5,7.4
11876,0,4,1.3,4.66
11877,2,2,3.5,4.69
11878,2,1,9.4,5.15
11879,5,3,5.2,6.21
11880,4,0,8.3,6.05
11881,3,0,2.7,7.08
11882,3,0,2.1,7.05
11883,5,3,0.0,3.17
11884,6,0,6.4,6.72
11885,2,3,9.0,4.16
11886,4,4,4.4,4.28
11887,3,4,6.9,7.13
11888,0,2,3.7,6.1
11889,5,4,0.3,4.99
11890,4,1,7.4,4.48
11891,7,1,3.9,5.57
11892,6,4,4.8,5.09
11893,2,2,8.6,5.09
11894,4,3,3.0,5.02
11895,3,1,1.1,4.13
11896,2,0,6.8,4.06
11897,0,1,2.1,5.55
11898,3,0,9.9,4.34
11899,7,0,7.5,7.76
11900,3,1,7.1,4.74
11901,3,4,4.6,6.64
11902,4,1,9.6,5.99
11903,3,2,0.3,5.85
11904,7,0,8.1,6.72
11905,6,2,7.8,3.23
11906,7,4,2.0,4.96
11907,1,3,3.5,3.39
11908,7,4,3.4,4.07
11909,4,1,6.4,4.61
11910,1,4,0.6,4.49
11911,2,4,7.8,5.12
11912,0,3,9.0,5.75
11913,5,1,7.7,4.29
11914,1,1,0.7,4.65
11915,2,1,4.5,2.79
11916,5,2,9.3,3.53
11917,3,3,1.9,7.7
11918,5,2,4.5,3.7
11919,1,1,0.7,4.03
11920,0,2,4.0,5.51
11921,0,1,6.0,4.25
11922,0,3,9.6,5.15
11923,2,3,0.1,6.97
11924,0,1,1.0,4.83
11925,6,4,1.3,4.36
11926,7,4,3.9,5.04
11927,2,3,1.6,6.15
11928,0,0,4.7,4.98
11929,2,0,0.6,4.63
11930,0,2,9.4,5.12
11931,3,4,7.6,5.43
11932,2,0,8.0,5.3
11933,0,4,6.5,4.68
11934,3,3,2.0,3.15
11935,2,0,8.6,6.02
11936,0,2,9.2,3.93
11937,6,2,4.3,4.92
11938,5,3,7.1,5.97
11939,7,3,8.7,6.77
11940,2,3,5.7,4.5
11941,4,4,0.2,4.57
11942,7,4,5.0,6.46
11943,0,4,2.0,6.92
11944,3,0,6.2,5.87
11945,4,3,4.5,6.08
11946,4,0,9.6,4.09
11947,3,2,5.9,4.97
11948,7,4,1.0,4.0
11949,0,4,0.4,3.86
11950,6,3,1.4,5.38
11951,4,2,6.9,7.24
11952,5,0,8.7,4.97
11953,4,0,6.1,2.2
11954,6,0,3.5,4.3
11955,2,0,2.3,5.25
11956,6,3,2.5,3.75
11957,4,0,4.8,5.51
11958,5,4,9.8,3.37
11959,3,2,2.1,4.58
11960,3,2,2.0,4.76
11961,7,0,5.7,2.45
11962,4,0,9.2,5.25
11963,2,0,4.6,4.93
11964,2,4,1.6,4.3
11965,2,0,6.8,4.18
11966,1,1,5.3,5.09
11967,7,2,3.6,5.74
11968,3,4,9.5,5.46
11969,1,3,4.8,5.74
11970,5,3,6.1,5.69
11971,2,3,4.7,2.17
11972,6,0,4.6,6.02
11973,5,0,3.2,3.85
11974,4,2,3.4,3.62
11975,5,0,1.3,4.77
11976,0,0,2.4,3.7
11977,0,0,1.3,4.13
11978,2,3,6.9,4.39
11979,1,4,7.0,3.45
11980,0,3,5.0,3.59
11981,2,4,9.0,5.06
11982,5,4,9.9,4.94
11983,2,2,5.0,5.14
11984,5,4,2.7,3.62
11985,5,0,4.2,4.78
11986,6,3,0.4,5.5
11987,3,2,7.8,5.92
11988,3,4,3.1,5.38
11989,6,2,1.6,4.49
11990,2,3,1.1,4.38
11991,3,0,8.3,3.89
11992,2,1,8.9,5.5
11993,0,3,8.1,5.01
11994,5,4,7.4,6.43
11995,4,0,8.3,6.88
11996,7,0,2.2,4.86
11997,2,0,6.1,5.83
11998,4,2,1.7,6.63
11999,5,4,5.9,6.31
12000,6,1,0.9,5.87
12001,7,4,4.2,4.52
12002,2,3,5.1,5.16
12003,6,3,5.0,5.42
12004,5,1,5.8,6.04
12005,5,3,5.6,4.55
12006,6,4,6.0,4.6
12007,5,4,8.8,5.93
12008,6,0,9.3,4.66
12009,0,1,2.6,2.52
12010,4,3,6.0,4.96
12011,6,4,0.6,3.65
12012,5,2,6.0,5.73
12013,0,1,8.1,2.84
12014,1,2,8.0,5.9
12015,7,1,7.0,4.92
12016,3,0,7.8,4.76
12017,7,3,4.7,5.88
12018,6,2,8.0,4.07
12019,6,1,7.0,5.09
12020,7,4,10.0,5.59
12021,1,1,0.1,6.85
12022,5,3,1.5,5.17
12023,0,2,8.2,5.54
12024,1,0,6.6,4.3
12025,0,4,7.9,4.33
12026,7,1,6.9,6.51
12027,2,4,0.2,5.07
12028,7,1,2.0,5.48
12029,4,1,6.8,5.25
12030,7,3,3.0,3.0
12031,6,4,7.9,3.99
12032,4,1,8.2,6.19
12033,4,2,6.8,6.04
12034,1,2,2.4,5.01
12035,2,2,9.1,6.92
12036,5,1,9.2,2.98
12037,7,4,6.0,3.95
12038,5,4,5.7,4.65
12039,3,2,0.1,3.98
12040,6,2,6.2,5.54
12041,7,0,7.7,3.72
12042,3,1,2.0,5.11
12043,6,0,7.6,5.29
12044,0,4,0.9,7.43
12045,5,4,4.0,1.98
12046,6,2,8.5,5.78
12047,4,0,2.1,2.88
12048,0,4,4.6,5.61
12049,6,4,7.3,4.75
12050,7,3,9.4,4.23
12051,6,0,1.7,5.58
12052,4,1,5.9,3.57
12053,7,2,5.7,6.59
12054,1,4,7.0,6.15
12055,7,4,7.3,3.61
12056,1,1,5.8,4.86
12057,0,3,7.6,4.92
12058,4,1,3.0,4.32
12059,3,4,6.4,5.13
12060,3,1,0.7,4.59
12061,0,1,1.7,5.5
12062,7,2,4.7,5.3
12063,4,1,8.9,2.81
12064,1,2,9.5,7.07
12065,7,1,3.1,5.51
12066,4,0,2.7,4.23
12067,4,4,5.0,3.97
12068,2,0,5.7,2.6
12069,1,3,0.4,6.96
12070,2,1,8.7,4.53
12071,5,1,8.5,6.71
12072,1,0,10.0,3.79
12073,0,3,2.0,3.57
12074,0,0,6.2,4.88
12075,5,2,5.8,4.83
12076,6,1,0.6,3.64
12077,1,4,7.8,4.22
12078,0,0,9.0,5.83
12079,5,4,4.0,7.64
12080,7,2,7.2,3.45
12081,3,0,9.8,4.94
12082,3,2,8.2,6.77
12083,2,0,1.4,4.11
12084,2,4,8.6,3.76
12085,2,4,8.9,4.73
12086,7,2,2.7,5.97
12087,5,2,7.7,4.11
12088,6,3,3.4,3.38
12089,5,0,9.0,4.79
12090,6,3,3.6,4.95
12091,4,0,4.5,4.04
12092,6,2,9.7,5.16
12093,7,2,6.6,5.28
12094,5,4,2.6,2.34
12095,1,3,8.7,4.49
12096,4,2,1.5,6.08
12097,0,2,8.0,4.94
12098,3,2,9.9,4.87
12099,7,2,1.7,5.42
12100,0,2,5.4,3.0
12101,0,3,0.1,6.23
12102,5,1,5.0,4.02
12103,4,2,7.3,4.55
12104,6,3,4.1,2.62
12105,7,3,8.9,4.81
12106,4,2,0.0,5.56
12107,4,0,5.6,3.84
12108,7,2,9.4,3.41
12109,6,3,9.9,3.45
12110,1,0,6.7,7.01
12111,7,0,7.5,5.8
12112,1,1,1.9,5.5
12113,2,4,9.5,2.68
12114,1,4,4.1,4.28
12115,4,3,8.3,5.33
12116,4,4,6.0,5.88
12117,3,4,8.8,3.65
12118,4,0,9.2,5.46
12119,4,1,8.5,3.65
12120,1,4,0.9,6.26
12121,2,4,1.0,6.57
12122,5,2,0.8,6.42
12123,5,1,2.3,3.86
12124,6,4,9.1,3.67
12125,7,1,5.0,3.04
12126,2,2,0.7,6.07
12127,6,4,5.6,5.11
12128,3,3,5.5,4.65
12129,5,3,8.6,7.51
12130,2,1,2.7,4.38
12131,6,1,7.1,6.64
12132,4,2,0.7,5.17
12133,7,2,7.4,2.84
12134,1,3,7.4,3.46
12135,3,4,1.3,3.99
12136,6,3,0.6,3.3
12137,3,0,0.9,4.65
12138,6,1,2.2,3.21
12139,5,2,3.5,4.31
12140,0,1,2.1,3.28
12141,7,0,10.0,6.13
12142,1,1,3.7,5.68
12143,2,2,0.9,3.87
12144,0,2,2.6,6.13
12145,7,1,3.1,6.34
12146,0,4,9.9,6.74
12147,3,3,10.0,5.57
12148,1,4,1.0,4.51
12149,5,4,1.4,3.88
12150,6,0,4.9,5.13
12151,1,0,8.3,3.58
12152,7,0,6.0,6.61
12153,6,0,6.1,5.66
12154,0,0,5.3,6.24
12155,1,1,5.7,5.78
12156,4,3,7.8,4.58
12157,5,4,9.4,4.06
12158,4,1,8.0,3.84
12159,1,0,6.4,4.1
12160,7,0,3.1,5.91
12161,4,4,1.3,5.51
12162,3,0,6.0,4.49
12163,7,4,1.6,4.24
12164,1,0,2.6,4.27
12165,7,4,6.5,5.35
12166,1,0,5.8,5.15
12167,7,0,0.0,2.91
12168,7,4,7.7,4.7
12169,3,0,4.9,5.16
12170,6,2,0.7,4.21
12171,0,0,3.5,4.62
12172,0,1,9.9,5.29
12173,1,0,2.1,3.25
12174,2,1,9.4,5.23
12175,1,2,2.5,2.58
12176,1,0,7.0,6.39
12177,5,2,9.0,4.74
12178,1,1,2.1,5.36
12179,1,2,8.5,3.71
12180,4,4,4.6,4.65
12181,1,0,1.5,6.42
12182,6,3,3.2,6.08
12183,7,1,1.9,3.56
12184,3,0,10.0,6.5
12185,4,4,1.8,6.45
12186,5,4,7.2,5.21
12187,4,1,4.9,5.45
12188,6,4,6.7,5.71
12189,4,1,6.9,6.85
12190,2,2,8.9,5.67
12191,4,3,9.1,4.16
12192,6,2,3.5,2.2
12193,4,1,5.9,5.36
12194,3,2,2.1,4.81
12195,6,2,4.1,4.85
12196,3,4,7.0,4.5
12197,4,4,7.7,5.15
12198,1,2,5.8,4.98
12199,3,3,9.3,3.69
12200,1,4,9.4,3.14
12201,4,0,3.4,5.26
12202,3,3,8.6,4.67
12203,6,4,2.3,5.25
12204,1,2,7.8,3.64
12205,2,3,2.2,7.43
12206,0,1,9.9,6.14
12207,7,2,9.5,5.39
12208,7,2,9.5,5.57
12209,7,0,4.4,6.29
12210,2,1,0.2,4.45
12211,1,0,9.0,6.51
12212,4,0,5.9,3.07
12213,0,4,0.6,4.43
12214,3,0,9.2,3.83
12215,5,4,9.1,6.4
12216,1,2,6.6,5.36
12217,1,3,0.1,4.81
12218,1,2,6.7,3.66
12219,5,3,5.1,6.07
12220,6,4,6.4,4.37
12221,6,3,6.4,4.61
12222,1,0,7.2,7.67
12223,3,3,8.2,4.81
12224,5,4,4.0,4.09
12225,3,1,2.2,4.74
12226,0,4,9.6,6.74
12227,7,3,1.2,4.54
12228,5,1,8.0,6.08
12229,7,1,3.1,6.74
12230,1,2,4.9,3.62
12231,2,2,3.2,5.71
12232,3,3,0.6,5.09
12233,7,2,3.8,2.22
12234,7,4,2.9,4.7
12235,6,3,3.1,4.31
12236,1,4,8.9,4.5
12237,4,3,2.6,5.22
12238,3,4,0.0,5.18
12239,6,0,4.4,3.71
12240,0,0,8.5,4.22
12241,6,3,7.7,5.61
12242,3,4,5.2,2.82
12243,3,4,4.7,5.81
12244,7,3,1.6,5.43
12245,1,4,4.4,5.84
12246,5,4,7.0,5.63
12247,6,2,2.5,3.61
12248,1,4,0.2,5.57
12249,6,1,7.5,5.7
12250,2,4,7.8,6.92
12251,0,0,6.1,5.16
12252,0,4,9.8,5.54
12253,6,3,3.1,3.3
12254,2,2,0.8,6.76
12255,7,1,5.1,5.56
12256,4,2,3.5,4.51
12257,3,1,8.8,3.97
12258,6,4,2.7,2.71
12259,7,4,9.8,4.55
12260,0,3,6.3,4.27
12261,5,3,8.4,4.45
12262,7,3,8.8,5.97
12263,7,1,1.1,5.47
12264,3,2,5.1,6.07
12265,5,0,1.2,5.27
12266,4,2,2.6,4.1
12267,1,1,0.6,5.39
12268,6,3,3.3,2.8
12269,2,0,7.0,4.97
12270,4,1,7.3,3.68
12271,6,1,7.4,7.28
12272,1,4,6.4,4.47
12273,4,1,2.5,4.64
12274,6,3,9.3,6.48
12275,2,1,0.9,5.24
12276,1,4,4.5,6.01
12277,1,4,5.7,5.79
12278,2,4,2.5,4.32
12279,0,1,0.9,4.36
12280,6,3,8.0,4.0
12281,0,2,1.3,2.05
12282,1,1,8.7,3.02
12283,0,4,1.8,3.49
12284,2,1,3.9,4.99
12285,5,4,3.5,4.92
12286,1,3,2.0,4.02
12287,0,4,1.5,6.28
12288,1,3,8.7,2.37
12289,4,4,1.8,3.17
12290,0,3,4.1,6.01
12291,6,4,6.4,5.17
12292,7,1,4.9,7.69
12293,7,1,7.8,3.67
12294,0,1,2.5,2.74
12295,3,1,5.6,4.15
12296,2,1,3.5,6.15
12297,5,0,6.8,4.31
12298,0,0,2.0,4.74
12299,5,3,0.0,5.02
12300,1,1,6.3,3.93
12301,7,4,1.0,6.13
12302,2,1,0.0,2.28
12303,4,2,9.1,4.94
12304,1,1,4.2,5.77
12305,3,0,3.3,5.45
12306,0,2,9.4,5.2
12307,5,4,4.5,3.73
12308,6,4,7.6,4.21
12309,3,2,4.6,6.14
12310,2,0,9.1,2.95
12311,2,0,3.3,6.57
12312,6,3,3.8,3.97
12313,1,4,2.7,5.65
12314,0,1,3.2,6.35
12315,0,4,7.2,4.73
12316,3,0,5.4,3.58
12317,3,3,7.9,4.15
12318,3,0,5.3,4.22
12319,6,1,7.0,3.57
12320,7,0,9.0,4.78
12321,6,0,6.4,5.47
12322,6,0,3.3,4.66
12323,1,3,0.0,5.94
12324,6,0,0.4,6.35
12325,1,2,7.0,5.73
12326,1,4,5.5,2.93
12327,0,4,3.9,3.35
12328,6,2,2.0,3.29
12329,0,1,8.2,5.68
12330,5,2,6.7,5.57
12331,6,1,1.8,5.49
12332,0,3,0.9,6.87
12333,5,1,3.7,5.45
12334,3,2,6.5,5.42
12335,0,2,2.6,5.39
12336,2,2,4.5,5.86
12337,2,0,4.9,4.06
12338,6,0,2.9,5.28
12339,2,2,6.8,5.13
12340,1,3,3.5,5.34
12341,7,1,1.7,3.66
12342,6,4,0.3,4.05
12343,2,1,4.3,3.68
12344,1,3,4.7,5.5
12345,3,3,2.5,4.48
12346,4,1,5.6,6.09
12347,7,0,0.2,5.88
12348,1,1,9.8,5.26
12349,5,3,10.0,4.94
12350,0,1,9.7,6.56
12351,2,0,7.1,6.0
12352,1,2,1.9,5.76
12353,4,4,7.5,4.52
12354,1,0,7.4,2.24
12355,2,4,4.2,5.46
12356,2,0,8.7,2.8
12357,6,2,1.5,3.93
12358,0,1,6.5,4.93
12359,4,3,3.1,5.18
12360,3,0,1.1,4.06
12361,5,4,0.9,4.35
12362,1,3,1.7,5.27
12363,4,1,7.5,7.09
12364,1,1,5.7,6.23
12365,2,0,5.2,4.26
12366,3,2,4.4,5.82
12367,2,0,4.0,5.83
12368,0,1,10.0,5.19
12369,7,4,7.2,4.53
12370,4,2,2.7,1.92
12371,7,1,6.3,4.64
12372,4,2,6.1,3.67
12373,4,3,3.6,5.66
12374,3,0,5.2,3.26
12375,5,3,8.5,5.81
12376,6,3,9.5,5.02
12377,6,2,6.2,5.88
12378,5,2,6.5,6.17
12379,3,2,7.0,4.82
12380,4,2,1.2,4.95
12381,0,2,6.6,6.73
12382,2,2,5.5,4.32
12383,4,2,4.5,5.54
12384,3,4,2.7,4.44
12385,5,2,4.7,4.76
12386,0,3,7.2,4.94
12387,1,4,5.4,5.76
12388,2,3,3.2,6.44
12389,6,0,3.2,6.6
12390,0,2,2.3,4.12
12391,5,1,8.8,5.3
12392,3,0,7.1,4.33
12393,5,1,5.9,3.86
12394,6,3,5.4,4.03
12395,2,3,1.3,5.36
12396,2,4,8.0,4.53
12397,0,2,3.5,6.74
12398,2,0,0.6,4.4
12399,6,3,4.6,7.89
12400,5,0,0.9,5.37
12401,5,3,3.5,6.1
12402,4,0,6.3,6.46
12403,6,1,0.2,6.62
12404,2,1,5.2,5.12
12405,4,0,7.6,3.85
12406,3,0,2.1,4.28
12407,6,3,6.2,4.36
12408,1,2,2.5,4.38
12409,2,0,2.1,4.89
12410,2,4,1.9,5.26
12411,1,1,1.4,3.28
12412,6,4,7.1,4.4
12413,2,2,2.7,6.2
12414,5,3,4.3,5.29
12415,2,1,3.3,4.97
12416,5,1,6.1,6.2
12417,1,3,9.7,4.06
12418,2,1,7.3,5.35
12419,7,3,0.9,4.62
12420,7,4,8.1,5.91
12421,6,2,6.4,1.46
12422,0,1,6.6,5.38
12423,0,2,1.7,8.15
12424,1,4,0.2,6.58
12425,2,4,2.9,7.86
12426,0,0,7.4,4.21
12427,5,0,0.5,4.5
12428,5,2,2.9,5.19
12429,2,0,7.6,3.98
12430,0,4,7.9,5.33
12431,0,2,4.7,4.81
12432,0,3,9.4,5.37
12433,2,2,1.1,4.98
12434,0,1,6.1,4.02
12435,2,2,2.1,2.52
12436,0,2,2.3,4.07
12437,7,4,6.6,4.55
12438,4,4,5.4,4.27
12439,2,3,7.4,3.72
12440,7,2,9.4,3.53
12441,5,3,6.0,4.34
12442,1,0,5.4,6.5
12443,4,1,8.6,3.53
12444,5,3,7.8,4.92
12445,7,4,8.5,4.18
12446,3,4,5.9,4.43
12447,4,0,3.3,4.9
12448,6,2,2.2,6.26
12449,3,2,8.6,2.73
12450,3,0,2.0,5.97
12451,0,4,5.5,5.25
12452,5,1,0.1,3.8
12453,0,2,8.6,5.68
12454,2,4,4.6,5.14
12455,0,0,6.6,6.57
12456,0,2,9.0,5.62
12457,1,4,1.6,3.62
12458,0,4,5.1,5.08
12459,1,3,1.7,4.97
12460,3,0,4.9,6.29
12461,7,3,2.3,5.55
12462,1,2,4.8,3.76
12463,3,0,3.7,6.27
12464,0,0,4.1,7.03
12465,7,2,3.4,5.87
12466,7,1,7.0,2.67
12467,7,0,6.5,4.03
12468,6,2,5.0,3.04
12469,4,3,9.2,4.08
12470,7,0,6.5,5.63
12471,1,3,8.6,5.71
12472,0,0,2.1,3.19
12473,6,3,0.6,4.91
12474,6,3,2.1,4.28
12475,2,4,1.3,2.25
12476,4,0,1.5,5.13
12477,0,0,6.8,4.18
12478,4,0,2.1,4.04
12479,5,1,4.3,4.25
12480,2,2,0.5,2.72
12481,1,4,6.0,5.33
12482,3,4,0.6,4.19
12483,5,4,0.1,6.58
12484,2,4,5.3,4.48
12485,6,2,4.6,3.26
12486,7,3,7.9,6.16
12487,7,3,3.9,2.24
12488,0,2,0.6,5.06
12489,0,0,4.6,4.57
12490,7,2,8.6,5.67
12491,3,3,9.6,6.64
12492,2,2,7.5,5.57
12493,2,1,2.7,6.17
12494,2,2,2.8,4.8
12495,3,2,3.9,5.86
12496,7,2,4.0,3.38
12497,2,0,2.6,3.57
12498,2,0,4.6,4.26
12499,1,3,5.2,5.95
12500,7,3,0.7,3.15
12501,6,4,3.8,2.96
12502,4,3,7.2,7.13
12503,6,3,8.4,6.04
12504,2,2,7.8,5.01
12505,7,3,8.3,5.73
12506,0,2,1.2,6.15
12507,1,4,7.4,5.92
12508,4,3,7.7,6.55
12509,1,3,8.9,8.5
12510,6,3,8.7,6.53
12511,0,0,3.4,5.68
12512,4,0,7.2,7.37
12513,2,1,3.9,4.72
12514,6,0,0.9,7.29
12515,7,3,4.5,5.77
12516,3,0,8.1,3.5
12517,1,1,6.1,6.78
12518,1,1,7.7,3.27
12519,6,4,8.8,3.63
12520,2,4,4.7,4.33
12521,0,3,9.7,6.55
12522,3,0,9.9,4.37
12523,3,4,4.4,5.01
12524,2,0,8.7,3.39
12525,2,0,3.3,4.69
12526,0,4,1.6,6.19
12527,1,3,0.5,5.34
12528,2,0,8.1,4.79
12529,1,4,1.0,6.09
12530,6,4,5.9,4.73
12531,0,3,9.7,4.81
12532,4,1,9.0,5.74
12533,6,1,0.3,5.65
12534,4,4,6.5,2.59
12535,5,3,7.6,3.96
12536,2,4,4.3,4.44
12537,0,3,0.2,4.72
12538,7,2,9.9,4.04
12539,5,0,6.7,3.81
12540,0,4,2.9,5.72
12541,6,1,4.2,5.03
12542,0,0,7.4,4.37
12543,1,1,6.3,3.45
12544,1,1,0.8,3.76
12545,0,0,9.7,4.93
12546,3,1,5.8,4.3
12547,4,4,5.7,5.75
12548,1,2,0.5,3.28
12549,2,4,3.4,6.4
12550,4,2,8.0,3.7
12551,3,0,0.3,3.86
12552,6,4,7.0,4.85
12553,0,0,6.2,3.47
12554,0,2,8.8,5.74
12555,6,0,9.2,5.52
12556,6,1,1.8,6.58
12557,6,0,4.8,4.51
12558,1,1,8.4,6.4
12559,6,2,8.0,3.39
12560,0,3,9.8,4.53
12561,4,3,8.3,5.18
12562,5,0,3.4,7.25
12563,4,3,8.8,4.93
12564,3,0,9.3,3.71
12565,3,2,5.4,5.31
12566,4,1,7.6,3.95
12567,4,0,1.6,3.84
12568,3,1,7.1,5.8
12569,6,0,4.9,5.94
12570,5,2,7.5,5.91
12571,2,0,8.1,4.88
12572,0,4,6.0,5.95
12573,2,2,3.0,4.87
12574,6,2,6.2,3.76
12575,2,0,7.0,5.16
12576,1,4,3.4,4.53
12577,4,1,2.9,3.17
12578,3,0,5.7,2.95
12579,2,0,6.0,4.48
12580,6,4,9.9,5.56
12581,2,2,9.1,6.11
12582,0,0,5.1,3.9
12583,4,2,9.0,4.63
12584,7,4,9.5,7.25
12585,6,0,1.0,4.29
12586,4,1,4.2,3.77
12587,5,0,2.2,3.97
12588,4,2,4.7,6.92
12589,0,2,8.7,5.43
12590,3,2,9.9,5.92
12591,5,3,5.8,4.88
12592,5,2,2.1,6.03
12593,7,1,7.1,4.93
12594,0,2,0.1,5.12
12595,4,4,3.5,7.02
12596,6,3,5.7,4.3
12597,0,3,8.9,4.31
12598,2,0,9.2,6.42
12599,4,2,7.7,3.31
12600,7,4,0.6,4.97
12601,4,3,9.3,4.53
12602,4,0,0.6,5.82
12603,0,1,8.9,4.78
12604,3,1,7.3,6.46
12605,5,0,8.9,5.02
12606,3,0,7.0,6.49
12607,6,2,0.2,7.57
12608,3,0,1.6,5.7
12609,0,1,0.7,5.63
12610,4,2,0.4,6.51
12611,7,0,7.6,4.83
12612,6,2,6.1,5.38
12613,5,4,3.1,5.09
12614,4,3,5.8,5.77
12615,6,0,3.4,5.13
12616,6,3,7.6,5.01
12617,5,4,7.7,6.41
12618,7,4,1.7,7.07
12619,4,1,3.3,5.11
12620,2,0,7.5,3.26
12621,6,3,0.7,4.14
12622,3,3,5.8,4.99
12623,7,2,4.8,1.74
12624,5,2,1.3,5.6
12625,5,2,7.3,6.07
12626,5,4,1.3,4.9
12627,4,2,5.4,6.75
12628,2,1,7.7,4.93
12629,2,2,7.9,4.95
12630,7,0,2.0,5.91
12631,3,1,1.2,6.54
12632,0,2,6.0,6.07
12633,2,2,9.9,4.89
12634,5,2,2.7,7.29
12635,6,3,7.3,3.57
12636,6,4,7.0,3.62
12637,7,1,5.4,3.57
12638,4,3,4.5,5.69
12639,7,1,8.5,3.05
12640,0,3,2.3,4.83
12641,3,1,9.3,3.93
12642,7,1,3.9,5.87
12643,4,0,9.1,6.33
12644,4,2,5.7,4.52
12645,2,4,4.1,4.76
12646,6,3,3.8,3.96
12647,1,1,6.7,5.58
12648,5,0,7.8,4.15
12649,2,3,7.4,3.95
12650,6,1,8.4,5.43
12651,2,4,1.7,4.73
12652,2,0,0.2,4.22
12653,3,3,3.1,3.54
12654,2,1,7.5,6.82
12655,4,0,9.9,5.92
12656,6,1,3.6,6.15
12657,1,1,4.2,4.38
12658,6,4,6.4,5.12
12659,4,4,2.3,5.16
12660,0,4,7.5,5.79
12661,7,1,2.0,7.15
12662,0,2,2.2,5.23
12663,5,3,6.7,3.63
12664,0,3,7.6,4.49
12665,7,1,8.8,3.03
12666,0,1,3.1,5.2
12667,1,2,4.3,3.74
12668,3,3,0.9,5.24
12669,3,3,0.1,5.75
12670,4,3,9.1,7.19
12671,3,0,7.1,4.14
12672,1,2,0.5,5.29
12673,5,0,0.8,5.87
12674,5,3,8.2,4.26
12675,1,3,2.1,3.72
12676,2,2,4.0,5.83
12677,5,2,5.5,6.49
12678,4,4,9.2,6.92
12679,3,4,1.5,4.98
12680,4,0,3.3,5.0
12681,6,4,6.5,3.98
12682,5,1,2.6,5.26
12683,4,1,6.2,4.54
12684,3,4,9.1,4.84
12685,4,3,8.5,4.44
12686,5,2,2.2,4.09
12687,2,3,2.7,5.0
12688,1,0,9.8,4.27
12689,5,3,8.8,4.93
12690,2,1,3.7,7.18
12691,5,1,3.2,4.57
12692,7,1,2.9,4.99
12693,1,0,5.6,4.63
12694,2,0,9.0,3.78
12695,6,3,6.0,4.96
12696,4,1,6.3,6.44
12697,0,2,2.9,4.62
12698,5,3,8.1,5.31
12699,5,4,4.5,6.02
12700,0,1,8.7,4.89
12701,2,0,5.8,4.81
12702,6,4,9.7,4.64
12703,2,3,3.4,5.4
12704,6,4,6.4,6.72
12705,2,4,4.0,6.53
12706,1,4,2.3,6.45
12707,5,0,3.1,5.33
12708,5,3,5.1,5.59
12709,4,1,2.3,3.72
12710,6,3,9.2,6.91
12711,1,3,3.0,4.76
12712,3,4,2.8,5.6
12713,5,1,2.4,4.88
12714,6,0,1.4,5.26
12715,3,4,5.9,4.7
12716,4,3,8.8,3.89
12717,3,0,6.0,6.74
12718,3,3,8.6,5.78
12719,3,0,10.0,5.12
12720,0,0,8.7,3.82
12721,5,1,8.5,7.19
12722,2,2,4.6,7.78
12723,6,2,9.9,3.45
12724,4,2,3.0,5.06
12725,0,1,6.1,5.22
12726,0,3,1.5,4.16
12727,1,1,8.0,5.97
12728,2,1,6.9,3.81
12729,2,2,8.1,4.27
12730,7,0,1.9,5.98
12731,3,4,3.4,6.57
12732,5,4,8.0,4.85
12733,7,4,6.8,4.54
12734,0,4,1.4,6.08
12735,2,2,6.5,4.39
12736,2,3,9.8,5.87
12737,0,1,2.0,5.38
12738,3,0,0.9,6.32
12739,0,2,3.5,5.03
12740,4,2,8.0,4.14
12741,1,3,5.7,4.02
12742,0,1,0.5,5.96
12743,7,1,2.2,4.54
12744,7,0,1.4,6.38
12745,5,4,6.0,5.76
12746,7,0,5.1,3.16
12747,5,2,3.1,3.91
12748,6,4,8.7,4.28
12749,4,1,9.4,3.99
12750,4,3,8.9,5.2
12751,7,1,6.2,5.61
12752,6,2,5.0,6.78
12753,2,3,0.6,4.47
12754,3,4,0.8,4.53
12755,0,1,5.0,5.41
12756,2,1,9.7,4.78
12757,1,3,5.4,3.84
12758,5,4,4.6,5.78
12759,7,0,1.5,4.07
12760,2,4,4.3,4.43
12761,5,2,6.8,6.09
12762,4,2,3.2,5.34
12763,1,2,2.6,5.18
12764,3,3,2.0,5.05
12765,7,0,2.8,5.1
12766,7,1,3.0,4.21
12767,0,1,6.8,4.8
12768,3,1,8.4,4.49
12769,6,2,2.6,3.0
12770,1,0,5.3,5.0
12771,3,2,5.5,3.86
12772,0,0,3.4,4.86
12773,5,2,6.2,5.26
12774,0,4,1.1,6.87
12775,5,1,2.4,7.36
12776,0,0,1.4,6.25
12777,2,1,8.1,4.13
12778,0,4,0.9,4.83
12779,1,4,0.4,2.97
12780,6,1,2.8,3.5
12781,7,1,0.5,3.23
12782,5,0,9.2,5.56
12783,7,4,5.3,6.76
12784,5,2,3.7,5.79
12785,7,1,3.8,5.36
12786,6,3,4.7,6.34
12787,7,3,1.5,6.01
12788,6,3,7.3,5.28
12789,6,3,1.7,7.6
12790,4,1,9.9,5.76
12791,7,4,3.4,3.17
12792,7,0,0.5,4.3
12793,0,0,9.8,5.53
12794,2,1,7.9,5.87
12795,2,1,4.6,6.8
12796,1,4,3.7,4.0
12797,0,3,7.6,7.31
12798,3,1,8.7,6.84
12799,6,2,5.1,2.84
12800,7,4,4.3,3.9
12801,4,1,3.2,2.92
12802,3,3,5.0,2.03
12803,2,0,8.5,3.88
12804,5,3,8.1,3.62
12805,2,4,1.0,6.46
12806,0,2,5.1,4.67
12807,3,3,4.0,5.09
12808,1,1,8.2,3.14
12809,6,1,8.3,4.86
12810,2,0,6.1,3.43
12811,4,1,3.6,5.51
12812,6,3,2.2,3.63
12813,7,2,1.7,5.06
12814,4,2,3.3,5.26
12815,4,4,2.9,3.84
12816,7,1,5.4,3.84
12817,3,2,5.0,5.27
12818,2,2,8.7,5.24
12819,6,0,3.5,2.97
12820,7,2,1.0,4.59
12821,1,2,2.8,4.16
12822,1,3,6.1,6.46
12823,0,2,5.0,4.17
12824,3,0,4.6,5.23
12825,3,0,3.6,4.06
12826,4,4,5.0,3.6
12827,4,0,9.7,5.91
12828,7,1,4.6,5.25
12829,3,2,4.2,4.31
12830,4,2,8.2,5.11
12831,4,0,6.4,3.43
12832,2,0,6.3,4.55
12833,4,2,5.3,3.71
12834,4,2,2.9,5.18
12835,5,0,7.9,6.02
12836,3,0,1.1,2.52
12837,5,3,4.9,7.0
12838,3,0,0.7,4.87
12839,3,2,2.5,4.74
12840,0,2,9.4,6.71
12841,1,4,8.7,6.3
12842,5,1,5.9,4.91
12843,4,3,0.3,6.1
12844,0,0,6.0,7.64
12845,6,0,6.4,5.47
12846,3,3,6.7,4.16
12847,4,0,5.0,5.73
12848,1,1,0.2,6.01
12849,4,1,7.5,6.79
12850,1,2,2.1,5.84
12851,5,2,0.8,3.71
12852,0,2,0.3,5.87
12853,3,4,2.4,5.67
12854,5,0,7.8,5.14
12855,7,4,6.2,4.61
12856,4,3,8.9,5.38
12857,2,2,8.5,3.39
12858,6,1,5.8,4.1
12859,0,3,9.3,6.69
12860,4,2,9.4,5.8
12861,5,1,4.2,3.51
12862,1,1,5.2,5.19
12863,0,1,1.2,4.16
12864,1,0,9.0,4.98
12865,4,0,3.9,4.46
12866,1,1,9.5,3.16
12867,1,3,1.7,5.02
12868,2,3,7.2,3.17
12869,2,2,9.8,5.6
12870,2,2,4.4,3.7
12871,3,3,8.8,4.76
12872,0,4,9.6,1.89
12873,1,3,6.6,5.37
12874,1,4,4.8,5.98
12875,3,4,8.6,3.86
12876,1,1,9.4,4.66
12877,3,4,1.5,5.15
12878,3,0,3.1,4.86
12879,1,3,9.1,5.11
12880,7,3,4.8,2.76
12881,0,4,6.6,7.81
12882,4,4,9.4,4.78
12883,5,3,8.9,6.34
12884,4,3,8.8,4.22
12885,7,2,0.8,2.8
12886,0,2,4.0,6.59
12887,0,4,5.0,3.73
12888,1,0,2.5,5.68
12889,6,2,9.3,5.64
12890,5,2,9.0,7.0
12891,3,1,3.6,3.29
12892,3,3,3.0,6.17
12893,6,1,7.6,5.72
12894,6,4,5.9,4.44
12895,5,3,0.3,5.26
12896,4,0,8.8,4.0
12897,3,2,1.5,7.63
12898,4,2,0.8,4.14
12899,0,3,0.9,7.05
12900,3,2,0.1,5.49
12901,3,0,5.3,5.51
12902,4,0,8.5,4.7
12903,3,0,6.3,6.36
12904,7,4,4.4,5.74
12905,5,0,2.5,5.18
12906,0,3,0.6,3.61
12907,3,3,3.9,4.57
12908,7,2,6.7,4.98
12909,4,0,0.9,3.68
12910,2,4,3.5,7.84
12911,1,2,4.6,5.83
12912,1,0,1.8,2.85
12913,2,1,6.6,6.61
12914,1,0,1.5,3.7
12915,7,1,3.4,6.55
12916,2,0,1.4,4.91
12917,6,3,9.3,4.81
12918,1,4,1.5,5.28
12919,1,4,3.9,3.58
12920,4,4,1.7,5.3
12921,7,4,0.5,5.39
12922,1,0,2.1,4.03
12923,5,0,3.8,3.75
12924,7,2,0.8,5.98
12925,0,3,4.7,3.56
12926,0,2,7.4,2.4
12927,7,1,6.3,6.4
12928,1,3,0.8,6.31
12929,2,2,0.3,4.64
12930,0,3,9.4,4.65
12931,2,2,0.9,3.94
12932,7,4,8.7,5.61
12933,0,3,9.8,4.91
12934,6,4,9.3,7.57
12935,1,3,2.9,2.64
12936,7,4,0.5,5.35
12937,0,3,1.7,5.19
12938,4,1,5.1,5.84
12939,7,4,0.7,5.89
12940,3,0,7.4,4.72
12941,0,1,9.2,5.29
12942,0,1,5.4,8.6
12943,7,0,3.3,4.16
12944,6,1,4.3,6.15
12945,6,1,2.9,4.08
12946,2,1,5.1,6.99
12947,4,4,9.8,4.79
12948,7,2,7.0,5.06
12949,5,2,3.9,2.93
12950,5,3,2.9,4.28
12951,2,1,0.4,3.63
12952,5,1,2.6,5.61
12953,1,2,5.4,5.76
12954,0,0,6.8,6.21
12955,6,2,0.9,2.19
12956,5,0,0.9,3.99
12957,3,2,3.8,4.76
12958,5,2,5.1,3.93
12959,3,2,2.0,4.23
12960,5,1,0.5,4.02
12961,1,4,9.9,5.06
12962,7,1,0.4,4.4
12963,5,2,1.5,3.33
12964,3,4,4.7,5.05
12965,2,0,1.5,4.69
12966,0,3,6.4,8.46
12967,6,1,6.9,3.83
12968,2,0,1.7,4.77
12969,7,4,1.3,2.95
12970,0,3,4.4,2.92
12971,0,2,6.0,5.05
12972,0,2,2.6,3.69
12973,1,1,8.0,4.65
12974,0,0,7.7,5.67
12975,5,1,3.0,5.13
12976,0,3,0.9,4.82
12977,0,2,9.5,5.61
12978,5,3,4.6,4.3
12979,0,1,4.7,6.27
12980,0,2,4.7,3.07
12981,0,3,3.5,2.13
12982,3,4,8.5,4.76
12983,0,1,1.7,4.77
12984,3,3,8.4,3.1
12985,5,4,8.2,6.94
12986,2,0,0.4,2.97
12987,7,2,5.4,7.29
12988,4,4,0.5,6.32
12989,6,2,5.5,5.05
12990,2,0,2.9,4.4
12991,0,0,6.0,5.08
12992,6,2,3.9,5.01
12993,1,2,5.0,2.93
12994,0,2,4.7,6.39
12995,4,1,9.0,4.87
12996,6,3,9.5,5.47
12997,7,2,4.0,3.96
12998,7,4,7.2,4.69
12999,5,1,4.7,3.85
13000,6,4,6.6,2.72
13001,3,3,6.8,2.38
13002,3,3,0.3,4.75
13003,1,0,0.2,5.26
13004,1,3,1.0,4.06
13005,7,0,9.3,3.52
13006,1,2,1.1,6.68
13007,4,0,1.1,5.33
13008,7,3,1.8,3.76
13009,2,2,5.7,4.26
13010,3,0,5.1,4.25
13011,0,4,2.5,3.52
13012,0,3,5.2,4.48
13013,1,1,9.6,4.73
13014,5,2,7.4,2.88
13015,2,0,3.9,3.86
13016,0,2,7.2,2.64
13017,2,0,8.0,5.36
13018,5,3,4.4,4.41
13019,7,4,8.2,3.91
13020,5,4,0.8,4.34
13021,6,4,3.9,5.71
13022,1,1,0.3,6.22
13023,4,2,1.9,4.38
13024,4,3,3.4,4.53
13025,4,0,7.6,4.33
13026,3,1,6.8,5.71
13027,6,4,8.1,4.59
13028,0,1,2.3,6.23
13029,6,4,2.2,3.7
13030,0,4,7.4,5.32
13031,5,2,1.4,3.73
13032,0,1,0.1,2.97
13033,6,4,0.9,4.71
13034,0,2,6.8,6.01
13035,0,1,8.3,5.12
13036,1,1,1.9,4.97
13037,4,4,5.8,5.59
13038,0,3,1.7,5.65
13039,4,1,2.7,4.99
13040,3,1,8.8,4.8
13041,5,1,9.6,3.51
13042,4,2,2.2,5.83
13043,5,2,4.1,2.97
13044,4,4,6.3,5.51
13045,1,0,0.5,4.65
13046,3,4,4.7,5.87
13047,0,4,9.7,5.86
13048,2,2,5.5,4.44
13049,5,0,7.6,4.89
13050,5,4,2.4,2.95
13051,2,3,1.2,6.38
13052,6,2,5.5,5.47
13053,3,0,9.5,3.75
13054,6,3,7.2,4.62
13055,7,3,0.0,5.37
13056,0,1,4.8,5.3
13057,7,4,7.7,6.97
13058,2,2,2.2,6.06
13059,2,2,2.2,5.49
13060,3,1,3.4,5.74
13061,3,2,4.7,6.08
13062,0,3,4.4,4.96
13063,5,3,1.1,4.63
13064,3,3,6.7,7.11
13065,3,2,4.9,4.63
13066,6,4,2.2,5.57
13067,2,4,3.4,4.39
13068,6,2,3.6,4.46
13069,4,2,8.1,4.31
13070,0,3,1.6,5.3
13071,5,1,4.6,6.62
13072,7,1,1.2,4.67
13073,4,2,1.1,4.7
13074,2,2,6.4,2.82
13075,2,4,8.4,5.77
13076,1,3,7.7,5.29
13077,1,4,0.8,4.11
13078,6,3,5.8,5.15
13079,5,1,7.4,5.7
13080,6,1,1.4,2.77
13081,4,2,1.1,3.83
13082,5,4,5.2,4.74
13083,6,2,0.4,3.87
13084,5,3,4.2,5.17
13085,1,2,4.4,6.97
13086,2,4,9.9,5.91
13087,3,4,7.1,5.62
13088,1,1,4.6,2.45
13089,5,3,7.3,5.79
13090,6,2,7.8,7.14
13091,4,3,7.2,6.76
13092,6,0,6.3,6.65
13093,0,4,5.5,4.15
13094,1,4,0.2,5.81
13095,1,0,0.2,5.63
13096,4,2,5.5,4.96
13097,5,3,4.1,5.3
13098,7,2,8.8,4.84
13099,5,1,4.3,3.87
13100,6,1,9.5,3.39
13101,7,3,9.5,5.61
13102,3,3,2.0,5.53
13103,1,4,2.7,4.73
13104,5,0,0.4,3.69
13105,3,2,4.3,6.19
13106,0,2,1.8,5.4
13107,4,4,6.6,3.43
13108,2,1,6.8,3.79
13109,5,2,6.5,4.18
13110,1,0,8.8,5.62
13111,7,3,2.7,4.38
13112,6,0,9.0,2.41
13113,3,3,5.6,5.4
13114,5,3,6.7,5.93
13115,3,3,8.2,6.05
13116,6,2,4.1,4.72
13117,1,3,1.4,3.9
13118,6,1,8.6,5.63
13119,5,0,0.7,4.63
13120,2,4,9.8,5.19
13121,3,4,0.5,4.12
13122,5,4,7.6,4.3
13123,2,3,0.6,6.83
13124,6,1,9.4,6.02
13125,6,1,2.5,7.03
13126,4,3,9.1,4.48
13127,2,4,5.7,4.54
13128,7,0,2.3,5.31
13129,2,0,3.9,5.3
13130,5,0,5.5,3.55
13131,5,0,2.0,4.89
13132,6,1,1.8,5.34
13133,4,1,8.3,4.16
13134,7,4,2.4,4.33
13135,2,1,1.6,4.63
13136,4,3,5.7,5.68
13137,5,3,3.1,7.19
13138,6,3,6.0,4.95
13139,5,1,4.6,4.39
13140,7,4,6.1,4.97
13141,6,3,7.9,5.0
13142,0,4,4.5,6.11
13143,5,0,7.7,3.75
13144,3,4,8.0,5.48
13145,3,2,5.8,2.79
13146,3,3,9.7,3.75
13147,7,1,1.9,2.06
13148,2,2,1.5,4.72
13149,6,2,3.5,4.72
13150,0,0,4.7,3.99
13151,2,4,2.4,4.23
13152,7,2,7.9,3.14
13153,1,3,7.1,4.5
13154,1,1,8.8,6.99
13155,7,4,8.9,3.22
13156,2,4,2.3,4.64
13157,7,2,1.9,4.96
13158,3,3,2.6,4.04
13159,2,0,7.8,5.36
13160,4,2,3.2,5.57
13161,1,3,2.7,5.97
13162,0,2,7.0,4.83
13163,7,1,0.0,4.85
13164,4,3,5.7,3.04
13165,3,1,5.1,4.88
13166,2,0,1.8,6.16
13167,6,1,5.3,3.49
13168,1,0,8.5,3.96
13169,1,3,0.3,5.39
13170,1,2,3.3,7.29
13171,6,1,0.5,5.55
13172,3,3,0.7,5.33
13173,2,3,9.9,5.13
13174,7,0,9.8,5.92
13175,0,1,2.2,3.88
13176,2,2,9.5,5.38
13177,2,1,9.0,6.17
13178,0,0,1.6,5.34
13179,3,4,3.9,4.85
13180,4,1,2.1,4.84
13181,4,2,9.4,5.51
13182,5,1,9.3,5.89
13183,3,0,6.7,5.88
13184,3,3,9.1,4.0
13185,5,1,1.5,2.96
13186,1,4,7.5,4.48
13187,5,3,3.0,6.56
13188,4,2,4.1,6.58
13189,0,0,4.8,3.26
13190,4,1,9.3,3.67
13191,2,1,4.1,3.08
13192,5,4,4.2,7.64
13193,4,4,7.2,2.34
13194,4,2,5.7,4.74
13195,6,3,4.5,4.5
13196,5,0,9.9,4.54
13197,6,1,1.6,5.93
13198,4,0,5.7,4.61
13199,5,2,8.2,4.51
13200,2,3,9.3,5.58
13201,2,4,4.4,4.68
13202,6,2,1.7,4.95
13203,5,2,7.9,4.03
13204,3,2,1.3,5.68
13205,0,0,6.1,5.56
13206,6,3,9.6,4.29
13207,7,3,4.8,7.01
13208,2,4,4.3,4.86
13209,6,2,7.4,3.49
13210,7,2,7.7,5.89
13211,0,2,8.1,4.24
13212,4,2,3.4,3.42
13213,2,4,8.6,4.14
13214,1,4,2.7,4.42
13215,7,4,3.4,2.86
13216,5,1,7.2,7.06
13217,4,1,4.1,3.83
13218,5,4,9.6,6.45
13219,5,2,2.8,4.92
13220,5,0,1.7,5.15
13221,1,2,2.1,3.8
13222,6,1,1.0,6.07
13223,7,3,8.8,6.79
13224,0,4,6.6,3.28
13225,3,0,4.6,3.51
13226,0,3,3.0,4.78
13227,7,2,2.4,3.92
13228,2,2,6.0,4.43
13229,1,1,8.6,7.26
13230,7,2,0.6,7.13
13231,7,1,8.1,7.16
13232,2,1,2.8,6.2
13233,1,1,9.6,4.42
13234,6,2,1.4,4.82
13235,5,1,5.8,4.82
13236,7,0,3.0,5.64
13237,2,0,2.5,4.5
13238,7,4,3.5,4.11
13239,4,4,4.9,2.19
13240,5,2,1.3,4.71
13241,5,3,7.4,5.52
13242,2,4,3.4,6.78
13243,0,3,1.3,3.33
13244,4,0,4.8,7.24
13245,7,0,8.0,3.06
13246,2,0,5.6,4.35
13247,0,0,8.2,4.11
13248,4,0,8.7,3.2
13249,3,3,6.1,4.09
13250,3,0,7.8,7.42
13251,3,3,0.1,3.94
13252,7,1,8.1,4.11
13253,7,4,0.2,3.18
13254,2,3,5.1,2.29
13255,1,1,4.3,5.94
13256,6,2,4.1,4.56
13257,0,1,6.6,6.8
13258,6,3,4.6,5.71
13259,4,0,0.2,4.08
13260,0,1,0.3,5.03
13261,3,0,9.4,6.53
13262,2,2,3.6,5.01
13263,1,2,7.6,6.6
13264,0,4,1.7,1.78
13265,6,3,7.2,6.21
13266,1,3,8.3,3.39
13267,1,0,5.6,4.92
13268,4,2,2.1,4.66
13269,7,4,3.1,6.57
13270,5,2,7.7,4.14
13271,5,3,2.6,4.49
13272,1,4,3.3,4.63
13273,3,1,9.2,6.28
13274,4,3,0.1,6.84
13275,2,1,3.6,5.89
13276,5,4,4.5,6.74
13277,7,3,10.0,4.57
13278,7,3,0.7,5.18
13279,4,4,9.7,3.06
13280,4,1,3.7,3.65
13281,4,2,5.3,7.16
13282,5,3,1.9,5.17
13283,2,2,7.7,5.61
13284,7,2,6.6,4.08
13285,6,3,1.9,5.49
13286,5,3,8.2,4.64
13287,5,2,4.1,5.02
13288,1,0,2.0,6.51
13289,7,0,0.1,5.47
13290,6,1,8.5,3.23
13291,0,1,3.2,5.96
13292,3,3,4.8,5.31
13293,6,4,4.3,5.97
13294,1,2,8.6,6.3
13295,6,2,1.6,4.94
13296,3,0,8.9,5.07
13297,1,2,5.8,4.21
13298,3,4,10.0,4.95
13299,4,1,6.8,7.3
13300,7,3,2.2,5.47
13301,3,0,9.7,3.6
13302,2,3,9.5,5.87
13303,6,0,6.9,4.72
13304,6,0,0.9,6.32
13305,3,3,7.3,4.58
13306,6,2,8.1,3.85
13307,3,4,6.3,3.6
13308,6,4,1.3,6.83
13309,2,1,1.7,6.22
13310,1,2,3.5,4.87
13311,1,0,4.9,3.99
13312,0,1,2.2,6.21
13313,6,1,7.0,7.36
13314,3,4,4.1,5.29
13315,6,3,7.3,3.35
13316,4,2,5.4,5.27
13317,1,3,0.1,5.3
13318,6,0,7.2,4.47
13319,7,4,2.7,4.77
13320,6,2,7.9,6.29
13321,2,2,0.1,3.3
13322,1,1,5.7,6.06
13323,7,0,8.7,6.72
13324,0,4,3.6,6.65
13325,0,2,9.9,3.55
13326,0,4,7.8,5.88
13327,6,0,4.7,6.35
13328,2,3,6.5,5.74
13329,4,4,7.0,4.01
13330,2,1,0.5,5.57
13331,3,4,7.7,4.42
13332,1,0,6.6,3.42
13333,3,0,0.9,3.69
13334,7,0,5.2,5.74
13335,5,3,5.1,4.09
13336,5,3,8.2,4.12
13337,3,2,8.0,4.9
13338,7,1,0.1,4.47
13339,3,0,3.5,4.83
13340,3,4,6.3,2.82
13341,7,2,4.1,5.18
13342,2,0,6.7,3.43
13343,6,2,1.0,4.08
13344,4,4,6.5,3.02
13345,5,3,7.3,5.93
13346,6,2,5.6,5.6
13347,7,2,5.9,5.62
13348,4,0,0.2,4.99
13349,5,2,8.5,5.13
13350,4,0,4.6,3.44
13351,7,4,6.9,5.36
13352,2,0,1.5,3.09
13353,6,2,7.2,5.99
13354,5,0,5.3,5.97
13355,2,1,7.0,7.25
13356,7,3,6.2,6.54
13357,7,1,4.5,3.32
13358,0,4,2.0,4.4
13359,6,2,2.9,5.41
13360,7,3,4.6,3.71
13361,4,0,6.0,5.27
13362,2,4,4.9,4.87
13363,7,4,7.0,5.9
13364,7,1,7.6,5.61
13365,4,2,1.2,4.55
13366,7,1,7.0,5.91
13367,1,3,9.8,5.08
13368,7,4,6.7,5.8
13369,3,4,5.7,4.06
13370,7,2,4.4,5.23
13371,0,1,4.4,4.98
13372,3,3,7.2,5.3
13373,7,2,4.2,3.99
13374,3,1,6.8,6.68
13375,1,0,6.5,5.21
13376,7,4,8.1,5.02
13377,4,3,8.5,4.9
13378,7,1,4.2,4.32
13379,0,4,0.9,5.25
13380,1,0,5.1,4.65
13381,6,3,3.0,4.88
13382,6,3,8.7,6.16
13383,2,0,6.0,2.66
13384,1,1,0.8,5.88
13385,4,0,0.7,6.17
13386,1,3,5.1,4.49
13387,1,3,4.6,5.94
13388,0,4,5.1,5.02
13389,0,1,8.6,3.02
13390,1,1,0.3,6.24
13391,2,1,2.7,6.39
13392,7,0,3.9,4.01
13393,7,0,4.2,3.91
13394,6,3,4.7,4.7
13395,3,1,8.9,6.53
13396,4,2,6.7,5.76
13397,7,4,2.6,3.72
13398,2,1,8.7,4.92
13399,2,0,2.4,5.55
13400,2,4,2.8,5.81
13401,1,3,9.3,4.72
13402,1,3,4.7,5.11
13403,3,2,0.7,4.94
13404,4,2,3.4,4.19
13405,2,2,5.2,6.01
13406,7,0,3.7,6.18
13407,4,3,2.6,3.52
13408,5,2,0.4,5.62
13409,7,1,4.9,4.01
13410,4,3,0.7,3.47
13411,5,1,8.7,3.91
13412,6,0,3.6,3.78
13413,3,1,0.8,5.76
13414,7,2,0.6,6.36
13415,2,2,0.6,4.07
13416,0,3,6.7,3.24
13417,3,3,0.7,4.22
13418,1,2,2.9,3.88
13419,1,2,1.7,4.4
13420,1,1,2.1,7.39
13421,6,3,5.8,6.25
13422,4,2,9.7,5.82
13423,1,4,8.5,4.1
13424,3,0,7.9,5.12
13425,3,3,1.7,2.3
13426,7,3,2.6,4.28
13427,6,1,2.5,5.49
13428,6,2,8.6,7.5
13429,5,3,5.7,2.29
13430,7,1,0.6,5.94
13431,2,3,7.3,6.62
13432,5,1,0.0,5.57
13433,1,3,10.0,5.18
13434,3,0,1.1,3.31
13435,3,4,8.0,5.55
13436,5,0,1.4,3.37
13437,7,3,5.8,6.65
13438,5,1,4.6,4.7
13439,7,0,0.9,3.32
13440,2,2,6.6,3.81
13441,6,3,8.5,3.36
13442,3,0,10.0,5.2
13443,3,2,4.6,4.03
13444,1,4,4.2,4.51
13445,5,2,2.6,3.43
13446,3,0,0.7,2.51
13447,1,3,0.8,5.64
13448,7,0,8.6,4.92
13449,7,2,4.8,4.35
13450,6,4,9.0,5.25
13451,0,0,6.9,5.51
13452,0,0,4.6,6.67
13453,5,0,3.4,3.51
13454,6,0,8.7,6.71
13455,1,2,8.0,4.58
13456,1,2,0.1,4.73
13457,2,4,6.9,5.52
13458,5,3,7.2,6.54
13459,2,2,4.0,4.04
13460,5,2,0.9,5.93
13461,4,3,6.5,5.97
13462,7,2,9.9,3.34
13463,1,4,4.6,3.49
13464,5,2,4.9,2.53
13465,7,0,0.5,4.38
13466,2,3,3.1,4.16
13467,1,0,2.5,7.09
13468,6,0,8.9,5.48
13469,1,0,5.8,3.2
13470,1,4,7.0,5.87
13471,7,2,9.0,4.89
13472,7,2,1.5,5.38
13473,4,0,8.9,2.26
13474,7,2,9.0,5.18
13475,4,1,7.7,4.66
13476,7,3,2.8,5.15
13477,7,1,2.2,3.47
13478,6,2,9.3,5.02
13479,4,2,1.1,6.91
13480,5,3,3.4,6.64
13481,1,1,9.0,5.51
13482,7,0,2.8,5.5
13483,1,4,3.8,4.64
13484,2,4,2.5,2.07
13485,7,0,0.3,3.83
13486,6,4,2.3,4.84
13487,0,2,9.2,1.8
13488,0,1,7.0,6.7
13489,2,3,1.9,4.08
13490,0,3,8.5,7.84
13491,4,0,1.0,6.3
13492,0,4,4.9,6.36
13493,4,2,0.9,4.42
13494,7,1,0.3,3.74
13495,3,3,5.7,5.69
13496,0,3,9.6,5.86
13497,6,2,0.7,4.88
13498,1,4,7.1,3.88
13499,4,2,2.3,3.22
13500,0,3,1.7,5.16
13501,5,0,8.6,3.56
13502,0,0,9.6,7.33
13503,4,3,7.2,3.85
13504,1,0,4.0,3.18
13505,0,2,9.6,5.54
13506,0,0,4.2,2.32
13507,1,0,0.3,6.23
13508,7,4,7.3,6.91
13509,1,0,4.8,4.44
13510,0,0,2.7,4.83
13511,2,1,7.9,5.35
13512,5,3,1.8,6.65
13513,1,3,9.9,7.14
13514,1,3,1.3,4.56
13515,4,4,4.2,5.82
13516,7,2,8.3,5.79
13517,0,3,5.9,4.47
13518,2,2,2.7,4.5
13519,3,1,5.6,4.68
13520,6,4,5.4,5.27
13521,0,2,1.1,4.2
13522,3,0,1.5,3.74
13523,0,0,7.7,4.13
13524,5,1,1.8,4.4
13525,1,3,1.1,4.53
13526,6,3,9.7,4.4
13527,0,3,0.8,4.62
13528,2,0,4.9,4.19
13529,0,4,9.4,3.3
13530,5,3,8.7,5.89
13531,6,1,0.8,4.92
13532,6,4,4.8,5.56
13533,2,3,9.5,2.5
13534,7,0,7.0,5.38
13535,2,2,3.5,3.47
13536,2,3,9.1,5.76
13537,0,2,5.1,6.9
13538,1,0,10.0,4.39
13539,2,1,5.1,4.77
13540,3,1,8.5,6.96
13541,1,4,10.0,6.25
13542,6,0,6.4,5.17
13543,2,2,0.7,5.01
13544,0,1,3.3,3.82
13545,4,0,4.7,4.36
13546,6,2,1.5,5.77
13547,3,1,6.9,5.06
13548,7,3,7.0,6.36
13549,5,3,9.5,5.23
13550,3,0,8.0,3.78
13551,6,1,1.4,6.96
13552,0,2,0.2,6.29
13553,0,1,0.1,4.28
13554,5,0,1.8,3.37
13555,4,1,6.8,4.14
13556,6,1,7.2,4.63
13557,2,0,7.2,3.95
13558,1,4,2.2,4.46
13559,6,2,7.1,4.24
13560,5,0,3.6,6.47
13561,2,0,2.5,4.46
13562,7,4,1.2,5.43
13563,4,4,2.4,5.9
13564,1,3,5.6,5.17
13565,7,1,2.4,4.91
13566,3,0,7.3,5.93
13567,7,4,9.6,4.8
13568,4,3,8.1,5.21
13569,2,3,6.9,5.24
13570,4,4,2.0,4.36
13571,0,3,0.5,5.26
13572,4,2,8.6,3.7
13573,6,0,0.5,6.75
13574,3,0,5.9,4.46
13575,6,2,9.8,5.12
13576,6,3,6.3,5.83
13577,0,1,3.2,5.33
13578,4,1,6.0,5.34
13579,7,3,5.6,7.21
13580,0,0,9.3,6.39
13581,4,1,7.4,7.06
13582,7,0,1.1,7.25
13583,4,4,3.4,3.66
13584,4,0,9.8,4.96
13585,2,3,5.2,5.16
13586,7,2,5.8,5.02
13587,6,1,8.6,6.0
13588,3,2,5.9,6.66
13589,5,0,0.8,5.78
13590,1,0,6.2,6.05
13591,5,1,7.7,4.07
13592,0,0,5.9,4.0
13593,5,0,5.1,5.92
13594,6,2,4.1,5.76
13595,6,1,5.5,5.06
13596,4,2,9.6,1.9
13597,6,2,3.6,5.17
13598,5,4,2.7,5.34
13599,5,0,6.0,3.74
13600,5,0,5.4,4.84
13601,6,0,4.7,5.59
13602,5,4,2.9,3.96
13603,2,4,2.9,5.04
13604,5,0,3.7,6.47
13605,0,0,2.2,6.43
13606,2,1,3.1,3.13
13607,3,3,3.1,7.3
13608,7,0,4.2,4.71
13609,5,3,9.3,3.34
13610,2,3,8.2,3.71
13611,1,4,5.0,4.52
13612,6,1,4.8,4.42
13613,5,4,1.8,4.2
13614,3,4,2.4,5.06
13615,3,4,8.5,5.19
13616,2,4,3.9,5.28
13617,6,3,3.3,5.27
13618,2,1,0.1,4.11
13619,5,2,1.8,5.15
13620,3,4,3.1,3.62
13621,6,4,5.4,2.49
13622,2,1,7.3,4.27
13623,7,4,2.4,4.4
13624,5,4,7.0,5.44
13625,3,2,0.8,4.36
13626,7,4,9.0,5.36
13627,0,1,2.4,5.29
13628,6,1,1.4,6.22
13629,6,2,7.1,2.98
13630,5,3,9.2,3.93
13631,3,4,5.9,5.22
13632,0,2,7.1,6.33
13633,3,4,9.2,5.88
13634,7,0,4.1,4.44
13635,6,4,4.9,3.45
13636,7,2,5.9,5.08
13637,0,1,4.6,3.44
13638,0,2,3.4,2.71
13639,7,3,3.9,4.45
13640,7,0,2.2,5.97
13641,3,2,1.6,6.96
13642,5,3,1.1,5.12
13643,1,0,1.9,5.35
13644,7,2,3.4,4.63
13645,4,4,3.3,4.17
13646,0,1,6.8,3.95
13647,1,1,6.4,5.25
13648,3,2,2.3,5.84
13649,4,1,9.8,5.23
13650,3,3,3.7,4.22
13651,3,3,5.4,4.36
13652,7,1,3.1,6.6
13653,0,2,9.9,5.65
13654,4,3,2.5,5.37
13655,1,0,5.5,4.26
13656,7,4,8.9,3.61
13657,2,2,5.0,4.83
13658,5,0,1.9,5.43
13659,0,3,0.8,5.06
13660,3,1,1.2,3.47
13661,6,0,7.0,6.08
13662,1,3,2.9,4.12
13663,3,0,3.4,5.16
13664,3,1,4.8,5.07
13665,7,4,4.7,5.96
13666,1,0,2.6,4.44
13667,5,1,4.8,4.29
13668,6,3,8.1,4.7
13669,3,1,2.7,6.35
13670,1,4,1.8,3.42
13671,1,4,6.2,4.08
13672,2,1,1.4,5.99
13673,3,4,8.1,6.89
13674,2,0,8.3,6.53
13675,1,4,3.1,6.14
13676,1,0,6.1,6.7
13677,1,2,8.3,5.14
13678,3,4,8.4,5.2
13679,3,0,4.8,5.54
13680,6,2,6.3,6.76
13681,5,2,9.6,4.97
13682,7,2,7.7,4.98
13683,4,3,1.0,5.02
13684,3,4,0.4,5.22
13685,1,0,2.9,3.35
13686,0,3,3.1,5.44
13687,2,3,6.9,5.59
13688,5,0,5.8,6.41
13689,7,1,8.2,6.24
13690,1,0,9.2,4.66
13691,0,2,6.3,7.23
13692,3,2,2.7,6.4
13693,2,3,5.5,5.08
13694,0,2,6.6,6.77
13695,5,0,7.3,4.0
13696,6,1,9.5,5.0
13697,0,2,7.8,4.49
13698,4,4,9.6,6.08
13699,2,1,4.8,6.66
13700,1,0,9.8,5.59
13701,4,4,6.0,7.72
13702,1,3,5.7,3.33
13703,5,1,4.2,3.73
13704,4,3,9.3,6.12
13705,5,0,4.4,6.06
13706,0,2,0.2,4.63
13707,5,4,4.4,5.82
13708,6,1,5.7,3.21
13709,2,1,2.1,6.08
13710,3,0,6.9,6.41
13711,0,0,2.5,4.31
13712,5,4,8.8,4.03
13713,7,0,0.7,5.5
13714,4,1,0.2,4.94
13715,3,0,6.3,3.63
13716,6,0,3.6,4.28
13717,6,3,5.6,1.86
13718,5,2,0.8,2.42
13719,3,3,3.7,5.05
13720,2,2,0.8,5.81
13721,0,3,2.3,3.8
13722,6,1,5.3,6.73
13723,3,3,9.4,7.06
13724,6,2,4.4,5.68
13725,4,2,0.7,6.1
13726,3,3,4.6,4.35
13727,4,3,1.9,3.57
13728,6,3,5.0,4.27
13729,3,4,0.2,4.17
13730,1,1,5.6,2.72
13731,2,3,7.0,6.52
13732,4,0,9.2,4.73
13733,4,0,8.7,5.48
13734,1,3,3.1,6.25
13735,6,1,1.1,4.15
13736,1,2,2.2,5.0
13737,5,0,8.5,5.41
13738,4,1,1.1,3.6
13739,2,0,8.3,3.58
13740,2,4,5.4,5.91
13741,4,1,1.3,5.6
13742,3,1,1.5,5.75
13743,0,2,8.2,3.35
13744,3,1,2.8,4.1
13745,4,1,9.2,3.99
13746,3,0,8.5,5.04
13747,7,0,1.0,4.95
13748,7,1,9.8,4.94
13749,4,2,9.5,3.78
13750,6,0,2.4,5.52
13751,3,0,9.1,4.37
13752,7,0,5.5,7.37
13753,0,2,6.1,5.92
13754,0,3,7.1,4.97
13755,1,3,4.4,4.7
13756,4,1,8.1,4.51
13757,2,1,8.8,5.85
13758,3,1,0.3,5.14
13759,7,1,4.1,3.56
13760,6,1,3.5,5.1
13761,3,3,3.8,5.67
13762,2,2,7.1,4.25
13763,4,4,2.8,5.42
13764,3,3,4.5,6.81
13765,5,4,3.5,7.21
13766,6,2,9.8,4.37
13767,3,1,8.1,5.24
13768,7,2,9.2,3.52
13769,6,0,9.7,6.99
13770,6,3,6.4,5.73
13771,6,2,5.0,4.87
13772,0,3,0.7,4.5
13773,0,4,3.8,6.39
13774,2,4,0.9,5.25
13775,2,2,5.7,3.66
13776,0,3,9.0,4.81
13777,1,4,7.8,5.06
13778,3,3,5.0,5.3
13779,3,4,1.0,4.73
13780,4,1,6.5,4.22
13781,7,0,4.5,3.68
13782,2,3,7.9,4.86
13783,3,2,9.6,4.32
13784,7,0,1.8,6.85
13785,6,1,9.0,7.12
13786,6,0,9.7,3.78
13787,7,2,8.3,5.76
13788,6,4,7.6,8.45
13789,6,0,5.0,2.61
13790,6,0,2.1,4.79
13791,5,0,6.6,5.93
13792,7,2,6.1,3.01
13793,0,1,3.7,3.92
13794,5,4,5.7,4.78
13795,2,4,6.6,6.66
13796,0,3,8.4,3.94
13797,7,1,9.7,6.09
13798,6,3,7.4,4.05
13799,0,3,7.9,3.97
13800,6,1,7.0,6.58
13801,2,4,0.3,4.01
13802,0,3,0.0,5.22
13803,4,3,9.5,5.07
13804,3,0,2.3,5.61
13805,7,1,5.8,5.34
13806,4,3,3.2,4.69
13807,3,4,1.5,5.2
13808,0,1,3.5,2.84
13809,1,3,1.5,5.1
13810,6,4,1.4,4.27
13811,5,3,7.2,3.76
13812,0,1,4.2,5.17
13813,3,3,0.8,6.9
13814,7,4,5.2,4.12
13815,2,4,8.7,5.56
13816,2,1,2.1,4.25
13817,7,4,2.4,6.03
13818,6,4,5.4,5.94
13819,7,3,8.1,4.67
13820,4,2,1.2,5.44
13821,2,2,5.9,5.12
13822,3,3,2.3,5.3
13823,1,1,3.1,5.69
13824,1,3,2.6,6.54
13825,3,0,6.2,3.04
13826,4,3,8.6,7.15
13827,3,0,3.9,5.65
13828,2,2,7.5,5.85
13829,0,0,4.9,2.59
13830,6,0,2.2,4.35
13831,3,1,9.2,3.93
13832,0,0,1.8,6.86
13833,7,4,2.7,5.61
13834,0,3,4.0,5.01
13835,3,3,7.1,7.86
13836,0,0,3.3,5.15
13837,7,4,4.8,4.13
13838,0,4,0.0,5.0
13839,7,4,3.4,3.67
13840,6,0,2.8,3.47
13841,3,1,3.2,5.06
13842,5,2,9.2,5.03
13843,4,3,2.1,5.67
13844,2,1,7.4,5.37
13845,1,4,0.6,7.66
13846,0,0,6.3,4.23
13847,7,1,8.1,4.38
13848,7,4,6.6,4.58
13849,6,3,6.8,2.67
13850,3,4,8.1,4.87
13851,0,4,4.3,6.9
13852,5,1,5.6,4.42
13853,1,0,6.2,6.11
13854,5,4,4.1,7.06
13855,1,1,0.2,4.97
13856,1,2,6.1,3.13
13857,6,2,1.6,5.89
13858,7,1,0.5,5.07
13859,5,0,7.5,5.05
13860,5,1,8.5,5.81
13861,2,3,8.1,4.32
13862,1,3,9.3,4.04
13863,0,1,8.4,5.36
13864,5,2,9.5,5.18
13865,7,1,3.2,5.7
13866,3,1,8.1,3.96
13867,7,1,3.7,3.79
13868,2,2,6.5,4.34
13869,1,3,4.4,5.0
13870,3,4,8.8,5.89
13871,5,4,4.1,3.82
13872,1,2,7.0,4.53
13873,1,2,0.9,4.68
13874,2,1,3.7,4.11
13875,1,1,3.8,3.83
13876,4,0,5.1,5.77
13877,1,1,9.7,6.05
13878,5,2,6.7,5.11
13879,3,3,6.0,6.61
13880,1,0,9.1,5.28
13881,6,0,5.6,4.84
13882,7,0,4.7,4.59
13883,4,2,8.0,6.41
13884,2,0,7.0,4.17
13885,3,4,4.5,5.27
13886,3,4,1.1,6.08
13887,4,3,3.6,5.07
13888,2,2,6.5,6.65
13889,0,1,8.3,4.32
13890,2,4,3.8,4.41
13891,6,3,3.9,1.96
13892,6,0,6.6,7.04
13893,4,0,5.4,7.16
13894,7,2,9.4,4.24
13895,6,1,9.5,3.51
13896,2,4,7.8,5.48
13897,0,2,5.4,3.62
13898,7,1,9.3,6.56
13899,6,4,10.0,5.32
13900,2,2,2.1,5.49
13901,6,4,6.9,5.14
13902,7,0,9.3,5.99
13903,4,4,4.4,4.37
13904,0,2,6.4,5.58
13905,2,4,8.1,5.73
13906,0,2,2.9,3.83
13907,2,3,4.5,3.22
13908,3,1,3.7,5.84
13909,4,3,9.4,5.36
13910,0,0,2.3,5.64
13911,0,4,3.5,4.77
13912,4,2,1.9,6.29
13913,2,4,7.9,6.56
13914,7,3,6.2,4.94
13915,2,3,0.2,6.04
13916,6,4,5.4,4.34
13917,0,1,5.3,5.88
13918,3,0,6.9,3.51
13919,6,1,3.6,4.72
13920,4,3,3.0,6.93
13921,2,4,2.2,2.83
13922,5,4,7.4,5.14
13923,3,1,5.6,3.09
13924,0,1,3.5,4.31
13925,7,1,6.2,6.61
13926,4,0,6.3,4.24
13927,5,3,5.7,4.03
13928,0,2,3.9,4.31
13929,1,1,5.5,5.87
13930,0,1,3.6,4.65
13931,2,3,0.2,5.02
13932,2,2,5.8,5.86
13933,1,2,7.9,3.88
13934,5,2,2.5,4.24
13935,4,3,5.2,3.84
13936,7,1,4.8,3.73
13937,0,1,8.4,3.53
13938,0,2,0.7,3.07
13939,1,0,6.3,6.37
13940,7,1,7.4,4.2
13941,6,2,1.8,3.89
13942,4,4,9.0,4.25
13943,6,2,7.7,4.94
13944,2,0,9.6,4.89
13945,5,2,1.3,5.58
13946,4,2,5.6,5.43
13947,2,1,4.5,3.27
13948,1,3,5.9,5.74
13949,6,3,7.9,3.8
13950,0,3,2.6,6.17
13951,2,4,4.0,3.13
13952,0,2,3.3,6.95
13953,2,1,1.1,5.28
13954,1,3,7.9,5.23
13955,3,4,8.8,6.14
13956,2,0,0.6,3.22
13957,3,4,8.2,5.84
13958,0,0,2.3,4.42
13959,1,0,2.2,3.88
13960,1,4,4.7,4.96
13961,5,1,6.2,4.43
13962,2,3,2.1,5.4
13963,1,0,6.5,3.55
13964,6,0,2.5,3.91
13965,6,1,2.3,3.68
13966,2,3,3.6,5.03
13967,2,1,6.7,4.59
13968,7,2,5.3,7.24
13969,0,1,0.0,4.33
13970,4,3,3.1,5.03
13971,4,1,7.2,5.86
13972,3,4,3.6,4.64
13973,2,1,9.7,6.87
13974,3,4,5.6,3.08
13975,7,2,8.6,4.43
13976,2,4,5.6,6.31
13977,2,4,5.0,7.01
13978,0,4,8.7,4.18
13979,5,4,0.1,5.63
13980,5,0,9.0,4.98
13981,1,2,9.9,3.14
13982,5,2,2.9,5.3
13983,0,0,9.7,4.01
13984,5,0,5.9,6.18
13985,2,1,3.7,4.71
13986,1,2,4.7,4.6
13987,1,0,2.7,5.84
13988,5,0,9.5,5.57
13989,0,2,8.1,4.33
13990,6,3,0.4,7.04
13991,0,4,0.5,5.83
13992,7,4,1.1,4.85
13993,5,0,3.2,4.61
13994,7,3,4.1,4.21
13995,3,2,1.5,7.07
13996,3,3,0.6,7.58
13997,3,1,4.8,4.87
13998,5,0,3.9,7.39
13999,5,4,0.2,4.03
14000,3,2,9.6,6.0
14001,5,3,4.0,6.58
14002,5,3,7.4,6.23
14003,3,0,0.9,6.39
14004,7,3,8.1,7.53
14005,7,4,6.6,4.87
14006,2,4,5.5,4.32
14007,2,3,0.1,7.38
14008,5,2,5.8,6.14
14009,5,2,6.5,6.35
14010,6,1,3.9,4.93
14011,1,1,4.0,2.55
14012,6,1,3.2,3.6
14013,6,0,3.3,5.85
14014,2,2,1.0,6.55
14015,2,2,6.1,4.56
14016,4,0,0.4,6.69
14017,2,0,9.3,4.6
14018,6,2,4.6,5.3
14019,1,2,7.6,5.11
14020,0,0,3.4,4.93
14021,0,2,2.3,4.54
14022,5,3,3.2,5.33
14023,3,3,0.4,5.69
14024,7,2,5.0,5.05
14025,4,1,3.3,6.26
14026,5,2,3.5,4.65
14027,7,4,4.8,4.16
14028,4,3,6.6,4.75
14029,6,2,6.0,6.45
14030,6,0,2.9,5.8
14031,7,0,2.7,4.33
14032,0,2,9.9,5.0
14033,0,2,0.9,5.88
14034,3,4,4.1,4.14
14035,3,1,8.9,5.08
14036,5,1,4.0,5.53
14037,0,4,6.9,6.03
14038,0,3,5.1,3.22
14039,1,0,0.2,6.04
14040,2,2,8.0,5.22
14041,7,0,4.3,2.23
14042,0,1,3.9,5.87
14043,7,0,3.9,4.6
14044,1,1,3.5,4.15
14045,1,2,4.7,3.45
14046,4,2,7.5,4.41
14047,7,1,8.8,5.65
14048,7,0,2.8,7.18
14049,2,1,0.7,6.96
14050,4,2,0.5,3.51
14051,1,2,6.7,3.82
14052,5,3,2.4,4.78
14053,3,2,4.1,5.33
14054,1,2,6.4,6.72
14055,1,0,4.0,5.37
14056,1,2,8.2,4.17
14057,7,1,1.4,3.29
14058,6,4,4.3,3.17
14059,1,1,0.2,6.21
14060,1,2,5.4,7.12
14061,1,3,5.0,1.59
14062,6,1,8.4,5.75
14063,6,1,3.4,5.21
14064,5,0,5.2,5.81
14065,2,2,6.6,5.86
14066,7,0,0.3,3.95
14067,5,2,8.5,4.68
14068,6,0,0.3,5.59
14069,2,0,9.9,7.53
14070,6,1,0.1,3.19
14071,4,1,8.8,4.33
14072,3,1,5.4,5.6
14073,3,0,8.9,3.47
14074,2,0,5.0,4.61
14075,7,0,6.0,4.8
14076,7,2,8.1,5.17
14077,0,0,2.1,4.95
14078,6,4,6.1,7.03
14079,6,0,5.2,3.77
14080,7,1,8.9,3.52
14081,1,4,0.1,4.77
14082,6,3,8.0,3.33
14083,7,2,0.3,3.98
14084,0,4,4.8,3.72
14085,7,1,9.7,3.74
14086,6,0,5.4,3.45
14087,4,3,4.5,6.88
14088,2,0,5.1,4.68
14089,6,3,7.3,3.68
14090,1,0,5.3,4.36
14091,3,2,0.0,3.63
14092,7,1,5.9,3.57
14093,0,0,6.5,5.26
14094,6,4,6.5,4.95
14095,0,2,5.1,4.68
14096,5,3,5.8,4.04
14097,1,1,8.2,4.12
14098,0,2,5.4,5.95
14099,5,3,9.2,3.91
14100,3,0,6.0,3.85
14101,1,1,6.6,5.07
14102,3,0,0.2,4.61
14103,6,1,7.0,4.14
14104,2,1,1.4,6.51
14105,3,4,9.5,5.64
14106,0,3,3.7,5.85
14107,4,1,2.6,4.79
14108,2,4,9.9,5.78
14109,4,4,9.4,6.4
14110,7,1,4.4,5.83
14111,4,0,8.8,3.43
14112,2,2,2.6,5.32
14113,4,1,0.1,5.56
14114,2,1,7.1,5.53
14115,0,1,1.7,5.87
14116,1,3,0.5,5.8
14117,1,4,4.9,4.99
14118,0,4,6.5,3.21
14119,3,3,5.7,5.98
14120,2,4,7.1,2.02
14121,0,1,8.8,1.95
14122,6,1,7.5,3.56
14123,0,0,3.9,5.22
14124,3,2,6.5,4.45
14125,7,3,8.2,4.6
14126,0,1,9.0,6.01
14127,6,2,2.4,5.18
14128,2,4,1.0,5.47
14129,0,0,8.1,7.61
14130,1,2,4.9,6.92
14131,3,3,7.2,5.2
14132,6,1,6.6,7.08
14133,2,0,4.2,5.22
14134,2,0,4.7,5.51
14135,6,2,9.7,4.85
14136,2,3,5.2,5.2
14137,0,0,0.8,6.15
14138,0,0,6.2,4.59
14139,5,1,4.6,4.36
14140,0,3,7.5,5.22
14141,2,1,5.8,6.4
14142,4,1,5.9,6.08
14143,5,3,0.1,3.45
14144,4,0,3.7,5.9
14145,2,3,7.3,4.44
14146,0,1,6.1,4.28
14147,7,0,5.1,4.62
14148,5,4,8.4,4.01
14149,5,1,1.4,4.47
14150,4,3,2.6,5.29
14151,0,0,8.3,4.21
14152,0,1,8.4,6.35
14153,7,2,1.7,3.31
14154,7,3,5.5,5.19
14155,0,0,10.0,4.55
14156,0,2,5.4,5.79
14157,7,0,8.7,5.35
14158,4,3,8.2,6.76
14159,5,3,4.9,4.94
14160,4,3,9.3,2.98
14161,2,0,6.2,4.7
14162,1,4,1.3,5.34
14163,6,0,5.9,3.64
14164,3,3,0.4,5.77
14165,4,2,4.5,5.99
14166,3,2,5.4,4.13
14167,3,0,4.1,5.02
14168,3,1,8.8,5.73
14169,0,3,0.8,2.55
14170,6,3,7.4,6.61
14171,0,0,8.6,6.4
14172,5,2,7.3,6.87
14173,0,0,4.1,2.99
14174,3,4,2.4,4.87
14175,2,1,5.7,5.3
14176,3,3,0.5,4.05
14177,2,1,6.7,5.32
14178,1,4,1.5,4.2
14179,1,0,6.5,5.96
14180,1,0,7.6,6.68
14181,6,1,2.6,5.12
14182,7,1,5.2,4.88
14183,4,3,2.2,5.34
14184,6,3,3.3,4.45
14185,3,1,7.7,4.8
14186,1,4,8.0,4.87
14187,1,1,9.8,5.01
14188,3,0,6.3,5.47
14189,7,1,4.3,4.78
14190,2,0,6.8,5.9
14191,2,3,2.5,5.4
14192,7,0,2.8,4.87
14193,2,0,1.2,4.51
14194,5,4,7.0,3.87
14195,3,4,0.1,3.63
14196,3,4,9.0,7.86
14197,4,2,1.3,7.22
14198,4,2,7.0,4.65
14199,0,0,10.0,5.97
14200,4,3,3.2,4.7
14201,6,3,1.7,3.59
14202,6,2,0.4,3.19
14203,1,0,1.9,6.21
14204,0,4,5.0,4.13
14205,0,4,2.2,4.79
14206,5,2,9.5,3.73
14207,4,0,1.9,7.13
14208,3,2,4.9,3.66
14209,3,0,5.5,1.4
14210,4,2,1.0,4.92
14211,3,4,4.4,5.08
14212,2,0,0.3,6.11
14213,6,2,2.6,5.14
14214,6,0,1.0,4.32
14215,1,4,3.6,2.26
14216,2,3,2.1,7.2
14217,5,1,9.1,6.34
14218,4,2,0.2,4.21
14219,0,4,2.4,4.18
14220,1,4,4.4,4.91
14221,1,3,3.8,5.06
14222,7,1,7.0,5.29
14223,1,2,2.2,6.61
14224,4,4,5.6,4.6
14225,0,2,0.5,3.74
14226,7,0,8.6,4.42
14227,0,3,8.5,5.4
14228,3,0,2.2,2.89
14229,6,0,2.6,6.67
14230,4,1,4.9,3.16
14231,7,1,6.8,6.06
14232,3,3,7.8,4.85
14233,0,3,5.9,6.0
14234,4,2,9.1,5.74
14235,4,2,7.1,6.03
14236,2,0,9.4,6.48
14237,0,0,7.7,6.42
14238,7,3,10.0,7.24
14239,4,3,7.2,4.91
14240,3,3,0.4,3.15
14241,7,1,9.0,6.59
14242,6,4,2.9,5.54
14243,3,0,4.4,5.6
14244,5,1,4.9,6.88
14245,2,3,5.5,3.66
14246,0,4,5.5,4.84
14247,1,3,6.4,6.48
14248,2,4,5.0,5.78
14249,1,3,4.6,4.12
14250,7,0,6.8,4.17
14251,4,1,8.2,3.99
14252,6,2,5.8,5.32
14253,5,0,2.5,3.74
14254,4,2,0.6,4.73
14255,5,4,7.1,3.14
14256,4,2,9.5,3.94
14257,7,2,7.2,6.13
14258,5,0,2.1,3.41
14259,4,3,6.0,7.16
14260,5,4,4.9,5.04
14261,7,2,1.6,4.07
14262,1,1,9.3,2.46
14263,1,1,1.5,5.59
14264,2,0,0.4,3.76
14265,0,3,2.7,4.1
14266,6,1,1.6,5.43
14267,4,2,8.2,5.48
14268,6,0,2.1,4.97
14269,7,0,9.7,4.26
14270,4,1,2.8,5.21
14271,5,2,8.5,4.03
14272,1,0,7.5,5.61
14273,5,4,5.6,3.8
14274,6,2,9.0,4.56
14275,1,4,4.2,4.55
14276,0,1,8.3,4.72
14277,4,4,9.6,4.12
14278,2,1,1.3,4.33
14279,6,1,7.8,3.35
14280,1,4,3.1,5.9
14281,1,0,4.6,2.38
14282,3,0,5.3,5.14
14283,5,0,1.7,5.23
14284,7,0,8.4,4.25
14285,0,4,5.0,3.51
14286,5,1,7.9,5.73
14287,7,1,2.2,5.56
14288,5,4,1.4,5.07
14289,7,2,2.0,3.9
14290,4,2,7.0,5.53
14291,7,4,9.9,4.55
14292,3,0,0.4,5.51
14293,1,2,5.0,6.81
14294,3,1,4.0,5.55
14295,3,0,2.1,5.55
14296,0,2,8.4,4.17
14297,3,3,1.2,4.29
14298,7,3,8.1,4.01
14299,4,2,8.7,4.62
14300,2,3,7.5,5.97
14301,3,2,7.0,5.45
14302,5,2,2.2,3.8
14303,2,1,0.8,4.88
14304,6,4,7.0,5.62
14305,1,2,3.2,4.08
14306,0,1,9.7,5.16
14307,4,4,7.8,5.2
14308,4,3,0.1,6.26
14309,5,0,0.4,4.55
14310,6,3,1.3,4.96
14311,2,3,9.2,5.48
14312,5,4,9.2,4.92
14313,6,0,6.6,7.66
14314,3,3,7.1,4.79
14315,7,4,2.2,5.62
14316,1,1,6.7,5.0
14317,5,2,2.9,3.14
14318,5,3,9.0,4.58
14319,3,2,7.8,1.94
14320,0,3,1.1,5.53
14321,1,4,1.0,3.35
14322,0,2,7.2,3.56
14323,4,0,7.8,3.69
14324,1,4,6.3,6.3
14325,0,2,8.1,5.36
14326,2,3,5.3,5.51
14327,6,0,8.0,4.68
14328,2,2,0.4,3.66
14329,6,2,3.8,6.63
14330,5,4,8.3,7.3
14331,7,1,3.0,4.03
14332,1,1,6.1,3.82
14333,4,1,2.1,5.92
14334,1,1,1.0,4.68
14335,6,0,6.0,6.64
14336,2,2,0.4,4.94
14337,6,4,8.3,4.2
14338,2,3,3.0,4.1
14339,5,0,7.2,3.23
14340,1,0,3.0,4.94
14341,0,3,7.9,5.87
14342,5,4,8.1,5.21
14343,3,1,1.7,6.71
14344,6,2,8.1,5.27
14345,0,2,1.7,4.95
14346,6,4,4.0,5.05
14347,4,2,9.5,3.41
14348,1,0,6.0,3.25
14349,0,2,6.6,4.29
14350,0,3,7.3,4.02
14351,6,2,2.8,5.96
14352,5,0,0.9,5.48
14353,4,0,3.5,4.0
14354,3,2,8.7,5.19
14355,6,1,0.5,4.52
14356,1,3,7.2,7.25
14357,6,0,2.5,7.41
14358,1,1,3.1,5.51
14359,4,4,0.4,5.22
14360,4,1,2.6,4.37
14361,0,1,1.0,4.68
14362,3,0,9.0,3.59
14363,6,2,8.2,4.74
14364,2,4,9.8,6.26
14365,4,0,3.6,4.4
14366,3,4,4.9,6.59
14367,0,1,6.2,3.71
14368,7,4,3.3,4.96
14369,2,3,5.1,4.83
14370,6,4,3.6,4.46
14371,4,0,4.4,4.71
14372,2,3,9.0,6.13
14373,7,2,1.1,3.77
14374,1,4,5.6,6.8
14375,2,3,5.4,4.03
14376,4,4,5.9,7.2
14377,3,2,9.8,7.57
14378,4,4,7.6,5.27
14379,3,4,7.3,3.6
14380,1,4,8.2,5.25
14381,7,1,0.4,5.34
14382,6,0,9.0,4.19
14383,4,0,0.8,3.88
14384,5,0,5.1,3.45
14385,0,3,4.1,5.48
14386,0,1,6.0,4.68
14387,6,4,8.4,5.81
14388,3,1,4.4,5.73
14389,1,4,2.1,5.21
14390,2,4,4.4,5.42
14391,1,4,1.4,3.46
14392,1,1,3.6,4.09
14393,7,1,4.3,4.11
14394,5,1,4.5,6.37
14395,5,2,6.2,6.82
14396,5,1,7.9,3.51
14397,7,0,8.4,4.08
14398,3,3,3.4,5.32
14399,0,0,6.4,6.74
14400,1,2,4.8,4.35
14401,6,1,0.3,5.15
14402,1,3,5.0,4.8
14403,6,4,6.0,4.03
14404,6,0,0.2,4.32
14405,4,4,8.7,4.68
14406,6,2,6.2,5.53
14407,4,4,6.1,5.31
14408,5,1,8.1,4.33
14409,7,4,4.6,7.44
14410,7,4,8.9,6.33
14411,6,0,8.9,5.92
14412,4,1,0.2,6.82
14413,3,4,1.4,5.12
14414,2,2,1.0,6.05
14415,1,4,0.1,4.55
14416,7,2,2.1,6.51
14417,5,4,5.1,3.64
14418,2,4,9.1,5.61
14419,5,4,5.2,5.28
14420,5,3,2.6,4.93
14421,5,1,9.5,3.55
14422,5,4,6.4,3.91
14423,0,0,0.1,5.86
14424,1,4,2.4,5.79
14425,2,4,5.7,4.94
14426,3,3,2.6,4.41
14427,6,3,7.0,4.13
14428,3,3,2.7,3.78
14429,3,4,8.1,6.29
14430,2,4,0.9,6.2
14431,6,1,1.4,2.99
14432,6,2,4.2,5.5
14433,4,2,7.2,5.22
14434,1,0,6.6,2.76
14435,6,3,10.0,5.11
14436,3,4,2.8,4.9
14437,0,1,5.7,3.21
14438,0,3,6.4,5.52
14439,3,2,5.7,6.49
14440,2,1,5.0,6.06
14441,7,2,2.1,4.27
14442,0,4,0.9,7.43
14443,6,3,0.7,5.08
14444,3,3,1.7,4.45
14445,3,0,9.4,5.39
14446,6,3,4.3,5.91
14447,6,0,6.3,4.85
14448,2,2,6.5,4.8
14449,5,2,2.8,4.9
14450,1,0,1.8,4.11
14451,2,2,7.6,3.68
14452,1,4,3.3,5.11
14453,4,3,6.6,5.88
14454,5,0,4.2,4.02
14455,5,3,8.2,3.2
14456,3,4,7.3,4.77
14457,6,1,6.8,5.27
14458,3,2,5.1,2.62
14459,3,1,0.3,4.35
14460,2,3,5.6,4.93
14461,1,1,7.0,6.91
14462,7,2,8.5,6.28
14463,1,1,9.1,5.1
14464,3,1,4.4,4.92
14465,7,3,6.3,5.7
14466,2,3,0.5,3.64
14467,2,1,1.2,4.74
14468,3,4,8.9,4.35
14469,4,1,0.9,4.66
14470,3,2,1.8,4.46
14471,2,2,0.3,4.95
14472,1,3,4.3,3.85
14473,0,4,2.5,4.27
14474,3,1,8.7,3.95
14475,3,0,2.9,6.96
14476,7,4,5.4,7.32
14477,5,1,5.6,3.84
14478,2,0,2.7,3.33
14479,6,2,9.7,6.29
14480,1,3,0.7,5.41
14481,2,1,0.6,7.82
14482,6,1,6.8,4.98
14483,4,0,6.6,3.48
14484,2,4,1.7,4.34
14485,0,1,1.8,5.05
14486,5,1,8.0,5.21
14487,2,2,1.0,5.18
14488,0,4,4.6,4.9
14489,6,1,7.0,7.87
14490,2,0,5.8,4.79
14491,4,1,1.1,5.52
14492,4,0,2.6,7.52
14493,2,1,2.3,4.16
14494,6,2,9.4,6.84
14495,2,2,0.9,5.47
14496,3,1,7.2,5.0
14497,4,2,3.2,4.66
14498,2,1,9.9,5.7
14499,7,3,8.7,5.66
14500,5,4,6.1,4.06
14501,0,1,7.1,5.45
14502,0,1,3.3,6.05
14503,3,0,0.9,4.05
14504,0,4,8.8,4.25
14505,4,3,9.3,5.41
14506,1,2,4.8,6.17
14507,6,3,8.7,7.81
14508,2,1,9.1,4.89
14509,2,4,1.0,6.99
14510,2,3,0.2,4.14
14511,1,2,5.4,5.72
14512,6,4,5.8,3.33
14513,3,4,1.5,6.71
14514,4,1,1.4,5.04
14515,2,1,6.6,4.69
14516,7,3,6.3,5.13
14517,1,0,6.9,4.44
14518,0,1,3.2,2.51
14519,1,3,6.3,6.15
14520,5,3,9.3,3.34
14521,0,1,1.5,5.91
14522,4,1,2.5,5.53
14523,3,4,9.6,7.72
14524,5,1,1.2,4.86
14525,6,1,1.8,5.19
14526,4,0,7.0,5.89
14527,5,2,5.7,6.08
14528,3,3,3.4,3.48
14529,4,3,6.1,5.81
14530,5,1,6.9,4.55
14531,3,2,7.8,3.65
14532,3,2,4.1,6.04
14533,5,0,6.1,4.17
14534,1,2,1.0,5.1
14535,7,3,7.1,5.85
14536,2,3,7.5,4.85
14537,7,1,9.5,4.41
14538,0,4,1.2,3.64
14539,6,1,5.6,3.8
14540,0,0,1.6,5.87
14541,4,2,5.1,3.23
14542,7,4,0.1,5.01
14543,0,4,3.6,4.65
14544,2,4,6.6,5.5
14545,7,2,4.0,5.01
14546,3,3,3.8,3.91
14547,0,0,7.6,4.99
14548,7,2,6.3,5.0
14549,6,3,3.0,6.14
14550,1,1,4.8,4.64
14551,0,1,3.6,6.9
14552,2,1,3.1,8.25
14553,2,4,6.1,6.5
14554,7,0,3.4,4.27
14555,5,3,7.6,4.74
14556,6,0,9.4,4.52
14557,3,2,7.5,4.24
14558,0,4,6.8,6.09
14559,2,2,2.2,7.78
14560,0,3,4.3,5.46
14561,6,4,4.7,8.21
14562,1,2,3.6,4.84
14563,1,2,3.3,4.38
14564,2,0,5.9,3.87
14565,0,3,9.2,4.75
14566,7,0,7.0,5.83
14567,1,1,5.1,4.87
14568,4,0,9.9,4.72
14569,0,0,4.0,5.12
14570,3,3,8.4,3.89
14571,4,4,9.5,4.69
14572,7,4,3.1,4.13
14573,7,1,9.3,4.53
14574,3,4,3.0,6.13
14575,7,0,5.7,4.35
14576,0,0,7.6,5.26
14577,4,0,4.4,2.55
14578,1,1,8.4,5.83
14579,6,2,0.6,5.17
14580,6,3,3.9,5.76
14581,5,0,4.6,3.76
14582,0,3,4.1,6.69
14583,2,4,4.7,2.95
14584,3,2,6.0,5.44
14585,1,2,8.7,4.2
14586,0,2,0.5,5.42
14587,4,2,6.8,3.2
14588,7,1,4.8,4.39
14589,1,2,0.4,4.85
14590,6,1,6.6,6.71
14591,6,4,9.4,4.53
14592,0,2,2.5,6.25
14593,7,2,3.4,5.27
14594,5,0,6.7,5.72
14595,3,0,1.5,5.81
14596,2,0,9.3,4.45
14597,0,1,1.7,4.74
14598,1,3,8.5,4.03
14599,5,1,1.4,4.3
14600,3,1,5.1,5.47
14601,3,2,4.7,5.45
14602,1,2,6.8,4.67
14603,6,3,8.2,4.7
14604,4,4,9.5,4.35
14605,7,2,2.7,6.06
14606,0,2,0.5,6.32
14607,7,1,4.1,5.38
14608,0,2,8.2,4.19
14609,4,3,7.6,5.74
14610,2,1,2.4,4.14
14611,7,2,1.8,5.26
14612,3,2,7.7,4.75
14613,7,1,8.3,4.4
14614,4,1,3.1,6.44
14615,5,0,2.8,4.89
14616,4,1,6.3,5.33
14617,7,2,2.3,2.27
14618,3,1,0.4,4.77
14619,7,2,6.0,4.78
14620,2,1,8.6,3.19
14621,5,1,8.6,5.38
14622,0,1,5.2,4.28
14623,0,2,1.0,5.55
14624,4,0,4.6,4.69
14625,3,4,5.2,7.02
14626,0,0,6.8,2.9
14627,5,2,1.9,4.51
14628,2,4,6.0,3.87
14629,6,4,3.4,5.5
14630,5,2,2.1,5.76
14631,1,3,8.0,4.39
14632,5,3,3.4,5.01
14633,5,3,8.2,2.64
14634,0,1,1.3,6.64
14635,3,2,8.1,3.33
14636,6,3,5.8,3.18
14637,3,0,5.5,5.88
14638,3,4,5.1,3.41
14639,1,2,6.3,5.43
14640,6,3,1.6,4.84
14641,3,2,3.7,2.79
14642,2,4,6.0,4.53
14643,4,4,7.9,4.53
14644,2,3,4.3,4.37
14645,7,3,5.2,3.27
14646,0,1,8.8,6.16
14647,5,0,1.1,5.53
14648,2,0,8.8,5.23
14649,4,1,0.2,5.92
14650,0,1,4.6,3.22
14651,4,2,3.5,3.05
14652,6,3,1.5,5.57
14653,7,2,0.6,3.51
14654,4,3,7.0,5.67
14655,6,0,4.9,5.4
14656,6,4,6.3,3.38
14657,6,2,8.3,5.99
14658,4,0,3.7,4.1
14659,5,4,7.7,5.37
14660,7,4,3.7,4.9
14661,4,4,9.8,7.03
14662,4,0,9.8,6.94
14663,0,2,0.1,7.14
14664,4,4,5.1,6.01
14665,2,0,3.0,5.59
14666,1,0,6.8,4.29
14667,4,2,4.4,4.26
14668,7,4,0.6,4.66
14669,4,1,0.9,6.9
14670,2,3,9.0,4.44
14671,0,4,9.8,3.93
14672,7,3,3.4,4.47
14673,2,4,2.6,6.14
14674,2,4,6.0,7.26
14675,5,3,1.8,7.14
14676,6,3,0.4,5.19
14677,4,0,9.8,3.99
14678,1,3,2.0,4.14
14679,2,4,8.7,5.83
14680,4,2,0.3,5.05
14681,6,4,7.4,4.8
14682,3,0,10.0,4.38
14683,3,4,4.4,3.6
14684,2,2,4.1,4.96
14685,6,2,8.1,3.19
14686,1,0,0.7,3.82
14687,2,1,6.6,5.38
14688,4,2,6.1,5.29
14689,3,1,2.5,4.93
14690,3,4,8.5,5.74
14691,4,2,1.4,6.67
14692,4,3,4.7,4.92
14693,3,2,3.8,3.82
14694,1,3,6.7,5.28
14695,4,1,9.7,4.32
14696,0,2,3.3,4.06
14697,3,0,4.7,5.03
14698,3,1,8.7,6.15
14699,6,1,5.6,6.16
14700,6,3,1.2,6.19
14701,0,2,9.5,7.3
14702,6,4,8.6,6.06
14703,0,3,9.8,3.88
14704,4,1,2.7,3.82
14705,1,3,9.2,5.94
14706,2,0,5.3,5.41
14707,2,0,8.9,4.59
14708,2,0,5.2,4.57
14709,0,3,7.5,4.84
14710,5,3,0.2,6.6
14711,7,0,7.9,5.93
14712,0,1,0.5,4.3
14713,6,1,6.6,4.8
14714,7,0,2.6,6.87
14715,7,1,2.6,5.25
14716,2,3,8.6,5.71
14717,2,3,4.9,5.14
14718,5,3,1.3,6.17
14719,1,0,2.8,6.96
14720,3,3,6.9,4.16
14721,5,1,0.5,6.13
14722,1,2,8.9,7.36
14723,0,2,6.8,4.0
14724,4,1,10.0,4.41
14725,5,0,1.2,4.93
14726,5,0,3.8,3.79
14727,1,2,6.3,5.19
14728,3,1,2.9,3.76
14729,2,0,7.9,5.75
14730,7,2,2.5,2.94
14731,5,0,8.8,6.22
14732,6,4,9.2,6.34
14733,3,0,2.5,6.22
14734,4,3,6.5,5.93
14735,4,0,4.9,4.99
14736,3,2,4.6,5.98
14737,4,2,2.8,4.75
14738,0,0,4.7,7.2
14739,1,2,8.3,6.05
14740,3,2,2.4,7.39
14741,7,1,3.7,3.91
14742,1,0,6.6,6.02
14743,7,3,0.3,7.09
14744,3,0,9.8,5.68
14745,2,3,6.0,5.66
14746,6,2,3.9,7.42
14747,2,3,9.1,5.26
14748,0,4,1.0,4.74
14749,5,1,1.7,2.45
14750,5,2,0.6,6.13
14751,6,2,6.9,5.83
14752,0,0,8.9,7.31
14753,4,0,6.9,6.08
14754,5,3,6.3,5.0
14755,4,0,3.2,4.92
14756,7,1,4.1,5.01
14757,5,2,9.0,3.92
14758,1,1,2.7,4.14
14759,7,1,9.5,7.16
14760,0,2,1.2,6.22
14761,6,0,3.8,4.48
14762,5,1,6.8,3.18
14763,2,1,5.0,5.2
14764,0,3,3.3,4.42
14765,6,4,2.7,4.36
14766,5,1,0.9,5.61
14767,4,0,6.0,3.42
14768,0,1,2.4,4.87
14769,2,0,4.2,6.43
14770,6,1,2.5,4.83
14771,4,0,1.3,4.0
14772,6,3,3.1,4.56
14773,6,3,7.4,6.36
14774,5,2,4.8,5.79
14775,2,1,1.9,5.1
14776,0,0,1.8,6.19
14777,4,2,2.5,6.33
14778,6,2,4.9,3.81
14779,6,3,2.0,6.66
14780,7,0,6.0,5.66
14781,1,1,0.5,6.83
14782,4,2,4.9,3.89
14783,4,1,2.1,3.94
14784,1,2,5.1,7.21
14785,1,4,6.7,4.77
14786,2,4,1.2,4.25
14787,4,1,2.6,5.74
14788,1,0,7.4,5.39
14789,6,4,0.9,4.65
14790,3,1,1.4,6.44
14791,5,3,9.9,5.36
14792,4,0,0.3,5.83
14793,5,3,6.6,4.63
14794,2,3,3.7,6.64
14795,7,2,8.1,5.97
14796,6,3,9.2,4.59
14797,1,3,8.8,4.94
14798,6,1,6.0,5.63
14799,2,2,9.2,4.95
14800,5,3,8.6,5.32
14801,1,1,10.0,2.78
14802,3,3,2.2,4.0
14803,2,3,1.5,5.72
14804,1,1,8.1,4.72
14805,0,1,8.7,5.51
14806,1,1,7.1,6.12
14807,5,1,5.0,3.34
14808,3,1,0.5,6.13
14809,7,2,9.6,3.59
14810,6,4,1.4,2.54
14811,0,0,4.1,5.82
14812,2,3,8.0,2.92
14813,2,0,4.8,3.58
14814,7,2,7.8,4.52
14815,2,3,7.2,4.31
14816,5,0,7.7,4.91
14817,6,1,3.7,4.58
14818,5,0,2.0,4.35
14819,2,0,3.8,5.36
14820,1,0,6.9,5.1
14821,4,1,4.0,4.46
14822,5,2,2.8,4.94
14823,6,0,1.9,5.14
14824,7,2,0.1,5.23
14825,7,0,1.8,7.48
14826,5,4,6.1,6.85
14827,2,0,4.8,5.58
14828,1,2,8.8,4.51
14829,4,4,2.9,6.61
14830,5,2,9.0,6.8
14831,4,2,6.9,4.62
14832,5,3,9.4,3.31
14833,3,4,9.6,4.72
14834,1,1,7.6,5.5
14835,7,4,4.9,4.51
14836,0,3,9.1,5.35
14837,5,1,7.5,5.05
14838,3,1,4.3,4.36
14839,4,0,6.1,5.48
14840,1,4,5.6,4.32
14841,7,2,5.8,6.32
14842,1,3,0.3,4.51
14843,6,2,5.2,6.94
14844,2,0,9.1,5.44
14845,3,3,8.9,5.29
14846,0,2,6.0,4.26
14847,6,3,6.4,4.97
14848,6,3,5.7,4.38
14849,6,3,9.1,5.87
14850,1,2,6.0,4.78
14851,4,3,3.5,5.7
14852,5,3,5.5,4.9
14853,3,2,1.2,3.78
14854,3,0,3.9,7.27
14855,2,1,9.1,4.52
14856,6,4,0.5,4.18
14857,7,1,9.4,5.21
14858,1,1,4.5,6.75
14859,7,2,9.6,5.61
14860,1,1,7.1,5.77
14861,4,2,0.3,5.71
14862,3,1,7.5,5.24
14863,6,4,2.9,4.6
14864,6,0,5.8,5.37
14865,5,2,2.1,3.49
14866,2,3,10.0,4.38
14867,1,1,0.6,3.54
14868,5,2,8.0,3.24
14869,2,1,8.8,5.82
14870,7,4,2.9,4.66
14871,1,2,4.0,2.35
14872,6,0,3.6,4.38
14873,2,1,3.2,5.61
14874,2,1,1.6,3.18
14875,0,4,7.0,5.98
14876,6,3,2.6,6.34
14877,5,2,6.6,6.65
14878,2,2,0.8,5.24
14879,3,2,6.6,5.92
14880,5,0,1.0,6.53
14881,2,1,7.2,5.74
14882,7,3,3.3,5.86
14883,7,1,4.7,3.8
14884,7,2,4.1,4.92
14885,1,3,7.2,4.66
14886,3,4,3.6,5.04
14887,1,3,9.8,3.9
14888,6,1,9.1,1.76
14889,5,1,4.8,5.34
14890,0,3,4.6,5.37
14891,1,1,0.2,6.94
14892,5,3,6.1,4.36
14893,4,2,1.5,7.29
14894,5,0,9.3,3.96
14895,1,3,8.9,5.2
14896,3,1,9.4,6.5
14897,0,0,5.6,3.71
14898,0,0,1.1,6.11
14899,5,0,10.0,5.31
14900,3,4,8.7,5.85
14901,6,4,5.5,5.25
14902,4,4,9.9,7.0
14903,3,4,8.9,5.84
14904,7,2,6.0,3.99
14905,3,3,9.0,3.29
14906,5,3,2.3,4.13
14907,0,0,3.2,4.34
14908,3,0,5.1,2.93
14909,6,0,9.0,7.13
14910,0,2,5.2,3.85
14911,0,4,2.6,3.89
14912,4,1,8.9,5.43
14913,4,1,3.1,4.0
14914,6,0,8.0,4.12
14915,0,3,2.2,5.19
14916,1,0,8.1,3.46
14917,7,0,0.4,4.87
14918,1,2,8.3,2.18
14919,7,2,4.1,4.02
14920,0,4,8.4,4.29
14921,5,3,8.9,2.43
14922,2,4,0.1,5.56
14923,1,0,5.9,6.59
14924,3,1,9.2,2.8
14925,7,3,6.2,4.28
14926,4,3,0.1,3.11
14927,0,1,5.7,4.76
14928,1,4,6.5,5.93
14929,4,4,0.4,1.51
14930,5,3,7.8,6.65
14931,3,0,9.6,3.34
14932,3,1,7.5,4.23
14933,7,4,5.3,6.45
14934,1,2,4.1,3.47
14935,3,4,2.5,4.16
14936,1,3,9.7,4.78
14937,0,1,4.6,4.37
14938,5,1,2.0,6.26
14939,4,2,8.3,4.31
14940,0,0,0.1,4.79
14941,7,4,4.9,5.59
14942,7,2,3.5,3.44
14943,3,0,1.2,5.42
14944,2,2,0.6,3.75
14945,2,4,5.9,4.66
14946,7,0,7.0,5.59
14947,3,4,6.6,4.83
14948,0,4,0.2,6.69
14949,1,1,6.8,5.12
14950,2,4,9.7,6.0
14951,0,0,7.9,3.07
14952,4,1,4.8,4.63
14953,0,2,3.3,4.95
14954,5,4,1.2,4.29
14955,1,3,8.4,7.11
14956,4,2,6.8,4.08
14957,0,3,1.3,3.64
14958,1,1,6.8,4.76
14959,3,2,9.1,5.38
14960,3,0,5.3,5.01
14961,5,4,4.4,4.71
14962,5,2,7.1,5.71
14963,2,4,0.0,5.35
14964,5,3,2.7,1.45
14965,6,0,0.6,4.92
14966,2,1,6.8,7.13
14967,4,2,8.1,3.69
14968,7,1,8.7,5.61
14969,4,3,9.3,5.76
14970,7,4,2.2,3.67
14971,4,1,3.8,6.01
14972,3,0,5.5,5.38
14973,5,1,4.9,3.31
14974,7,3,4.2,6.39
14975,4,0,6.9,3.4
14976,1,1,2.1,5.65
14977,7,4,8.7,4.93
14978,3,3,9.1,5.67
14979,1,4,8.8,7.22
14980,4,1,0.8,5.91
14981,7,0,5.6,5.24
14982,4,2,10.0,6.55
14983,0,2,0.3,5.78
14984,6,0,2.3,5.82
14985,3,4,8.9,5.66
14986,3,4,9.8,5.1
14987,4,1,9.2,4.45
14988,6,4,2.3,3.92
14989,5,3,2.7,3.26
14990,4,2,2.2,3.91
14991,6,4,1.3,3.73
14992,4,3,2.1,5.6
14993,7,1,0.9,4.24
14994,3,4,0.4,3.82
14995,0,4,2.0,4.62
14996,4,0,6.6,4.16
14997,1,2,9.1,6.21
14998,5,2,3.5,5.49
14999,6,0,5.4,4.87
15000,0,0,6.2,5.13
15001,6,3,9.5,3.56
15002,5,0,2.1,5.64
15003,5,3,7.9,6.51
15004,7,0,9.0,5.73
15005,6,2,7.9,5.36
15006,5,4,5.9,4.07
15007,5,1,4.6,5.23
15008,6,2,6.1,3.5
15009,6,0,3.6,4.17
15010,6,0,8.6,4.29
15011,4,2,0.5,6.67
15012,1,2,8.6,4.2
15013,7,1,2.0,4.89
15014,5,4,1.1,4.82
15015,5,4,4.1,6.47
15016,0,0,9.4,6.11
15017,6,3,9.3,5.57
15018,4,2,4.3,6.25
15019,0,0,2.4,3.54
15020,0,0,5.5,4.92
15021,5,0,2.3,3.93
15022,7,3,3.1,5.97
15023,3,3,2.2,4.57
15024,5,4,8.1,4.79
15025,4,1,7.0,5.97
15026,1,0,5.3,4.75
15027,0,2,8.1,5.68
15028,6,2,4.0,5.11
15029,6,1,8.3,4.02
15030,2,0,8.0,3.48
15031,7,2,0.2,2.13
15032,0,3,8.2,4.93
15033,5,1,0.6,6.47
15034,7,3,7.5,3.78
15035,5,2,9.5,7.04
15036,7,4,2.5,5.0
15037,7,1,9.4,5.17
15038,3,1,0.2,5.91
15039,0,0,5.5,5.92
15040,1,2,6.7,3.81
15041,2,4,0.3,4.3
15042,3,1,6.2,4.52
15043,2,3,3.7,5.82
15044,2,4,3.7,5.23
15045,7,3,0.3,6.53
15046,2,0,5.4,3.78
15047,2,0,0.3,5.53
15048,3,3,2.4,7.55
15049,2,4,0.6,4.63
15050,5,1,2.8,4.26
15051,5,3,2.4,4.49
15052,7,2,6.4,5.63
15053,0,2,6.7,5.02
15054,2,4,6.3,3.55
15055,2,3,4.0,4.37
15056,3,2,5.1,3.02
15057,7,4,5.8,3.92
15058,6,4,6.5,4.8
15059,5,3,5.7,4.83
15060,7,1,0.3,4.82
15061,5,3,1.5,4.26
15062,0,0,6.1,4.66
15063,0,1,8.1,5.13
15064,1,4,7.3,4.59
15065,0,3,0.0,4.59
15066,1,4,6.3,7.5
15067,4,0,8.0,7.0
15068,7,0,5.2,3.63
15069,1,0,5.3,5.58
15070,6,0,2.0,4.67
15071,0,3,0.4,3.95
15072,7,2,9.8,3.62
15073,6,1,2.5,5.42
15074,0,0,9.4,2.09
15075,2,4,1.2,4.68
15076,3,0,2.2,4.11
15077,7,1,7.8,5.28
15078,1,1,8.3,4.31
15079,0,2,4.3,5.59
15080,0,2,3.7,5.16
15081,1,1,3.8,4.63
15082,0,3,7.6,5.94
15083,6,4,3.4,5.4
15084,5,0,6.6,4.04
15085,4,2,1.9,3.33
15086,4,2,5.0,3.93
15087,7,4,1.2,5.07
15088,6,1,3.8,4.04
15089,3,1,7.3,4.75
15090,6,2,7.0,4.05
15091,5,3,1.5,5.92
15092,2,3,5.2,4.2
15093,2,0,6.1,2.52
15094,1,0,3.3,5.19
15095,4,1,0.3,4.37
15096,5,4,3.9,4.39
15097,6,2,4.3,6.92
15098,1,3,5.1,5.97
15099,4,0,3.5,3.95
15100,4,0,4.1,4.89
15101,6,0,6.0,3.05
15102,3,2,0.2,4.81
15103,3,0,4.6,5.55
15104,4,0,3.7,3.54
15105,6,1,9.0,7.68
15106,0,0,6.2,5.27
15107,4,3,8.7,5.96
15108,4,1,4.4,4.1
15109,1,3,0.5,4.38
15110,2,4,1.1,5.33
15111,7,4,10.0,6.71
15112,1,1,1.2,4.1
15113,2,1,9.9,3.66
15114,2,4,0.6,3.7
15115,4,1,2.8,5.13
15116,2,4,9.0,1.89
15117,7,1,1.0,5.03
15118,6,1,1.3,5.49
15119,0,1,8.7,4.93
15120,5,1,8.6,3.63
15121,5,4,6.6,4.12
15122,0,0,7.0,4.65
15123,4,2,7.2,3.95
15124,6,4,9.0,6.21
15125,6,2,7.4,5.59
15126,4,0,4.4,4.65
15127,3,4,2.1,3.24
15128,6,2,5.9,5.65
15129,4,0,9.9,5.16
15130,6,4,9.4,2.77
15131,3,2,7.8,6.39
15132,0,3,2.6,5.95
15133,6,4,3.4,5.72
15134,6,0,4.5,3.75
15135,2,0,5.8,5.41
15136,2,1,2.9,5.94
15137,0,4,0.1,4.72
15138,3,4,3.4,5.24
15139,0,2,6.9,6.2
15140,3,1,5.4,5.32
15141,4,0,2.0,4.3
15142,5,0,1.1,3.91
15143,4,4,6.9,3.21
15144,0,1,0.7,3.75
15145,1,3,2.7,5.95
15146,5,3,6.3,5.07
15147,1,4,3.5,4.55
15148,4,3,4.2,5.88
15149,6,4,1.3,3.75
15150,3,1,6.5,4.34
15151,6,3,1.2,4.78
15152,0,2,3.2,5.54
15153,4,3,8.4,4.37
15154,5,2,1.7,4.86
15155,7,1,1.0,4.29
15156,6,1,0.5,4.39
15157,3,4,1.7,4.13
15158,3,3,8.2,3.55
15159,7,3,2.2,5.04
15160,5,1,6.4,4.57
15161,7,2,5.1,4.79
15162,2,1,5.6,5.86
15163,7,1,2.2,5.14
15164,2,0,0.5,4.37
15165,4,2,4.7,3.83
15166,2,3,8.0,5.93
15167,6,3,3.5,6.38
15168,0,4,1.0,5.48
15169,3,4,5.4,5.96
15170,2,3,6.4,4.42
15171,6,2,2.6,3.11
15172,6,4,4.6,3.6
15173,3,3,5.7,2.58
15174,7,2,4.8,3.87
15175,5,2,8.3,4.52
15176,6,0,1.4,6.59
15177,4,4,6.2,4.43
15178,0,3,2.3,5.44
15179,6,4,4.5,6.87
15180,4,0,1.3,3.38
15181,2,0,6.6,5.22
15182,3,3,2.7,4.42
15183,6,3,9.6,5.84
15184,3,2,5.8,4.12
15185,0,2,6.7,4.7
15186,0,4,6.8,5.49
15187,5,0,2.1,5.75
15188,4,1,5.8,4.55
15189,2,1,8.8,6.12
15190,1,1,9.4,6.05
15191,3,0,1.0,3.85
15192,5,2,9.2,4.97
15193,5,0,2.0,4.52
15194,5,1,0.7,2.19
15195,0,3,5.1,6.44
15196,0,1,2.9,3.99
15197,0,0,9.7,5.45
15198,7,3,3.3,6.47
15199,0,0,8.0,6.59
15200,0,2,0.9,3.3
15201,2,4,1.8,5.1
15202,2,3,1.2,4.22
15203,5,2,3.7,2.79
15204,4,1,4.3,7.23
15205,6,3,8.1,5.5
15206,3,1,0.1,4.72
15207,4,0,8.1,4.37
15208,4,0,7.6,4.17
15209,2,4,5.3,1.67
15210,5,0,5.0,5.92
15211,6,3,5.8,6.65
15212,5,3,7.0,5.02
15213,7,2,1.6,5.97
15214,2,1,9.2,5.89
15215,5,2,4.7,7.24
15216,4,1,8.2,5.22
15217,3,4,0.4,4.11
15218,3,3,7.0,4.65
15219,1,2,9.1,6.24
15220,5,0,9.6,4.18
15221,5,3,9.6,3.43
15222,1,1,4.5,7.13
15223,5,1,8.7,5.78
15224,3,4,6.8,5.22
15225,4,2,1.4,3.31
15226,7,1,4.6,3.68
15227,6,0,6.0,3.95
15228,5,3,4.5,4.27
15229,6,4,1.3,6.71
15230,5,3,7.2,4.57
15231,6,0,6.8,5.43
15232,7,3,7.5,4.57
15233,7,3,4.3,7.65
15234,0,2,3.0,5.51
15235,0,3,6.6,8.33
15236,4,0,6.3,4.11
15237,6,3,7.1,3.88
15238,2,0,7.1,6.29
15239,0,3,5.4,4.54
15240,2,1,2.6,6.32
15241,5,2,6.9,5.88
15242,3,0,5.1,5.59
15243,3,1,2.5,6.52
15244,4,4,9.9,5.37
15245,3,4,5.5,4.71
15246,7,3,0.3,4.53
15247,0,1,0.2,3.13
15248,6,1,5.9,5.59
15249,0,3,4.0,3.15
15250,4,1,8.9,7.02
15251,3,4,0.7,3.65
15252,3,2,1.8,4.93
15253,6,0,7.8,5.87
15254,4,3,9.2,5.28
15255,2,0,2.2,4.57
15256,4,2,3.4,3.75
15257,7,4,2.5,5.0
15258,1,3,2.0,4.24
15259,0,4,6.5,4.33
15260,4,0,8.5,5.12
15261,4,4,3.4,5.5
15262,0,1,0.6,5.87
15263,7,2,6.8,3.49
15264,1,2,4.7,5.25
15265,1,4,6.0,5.5
15266,3,1,8.9,5.12
15267,4,2,7.3,6.47
15268,1,2,2.3,5.35
15269,5,4,1.5,6.38
15270,6,2,1.6,6.55
15271,1,2,4.5,5.29
15272,2,2,4.2,5.66
15273,0,2,2.9,5.63
15274,1,2,8.4,5.2
15275,0,3,7.9,1.97
15276,4,1,9.2,7.38
15277,3,1,6.8,6.18
15278,1,2,0.0,5.67
15279,3,3,0.5,5.28
15280,0,3,2.8,5.25
15281,3,3,6.9,6.46
15282,6,2,1.9,5.36
15283,0,3,6.9,4.37
15284,2,1,5.8,5.0
15285,4,4,9.9,7.74
15286,3,2,1.0,5.18
15287,2,3,4.5,4.25
15288,5,1,4.3,5.61
15289,2,4,2.2,4.33
15290,0,0,0.3,4.67
15291,3,1,1.0,3.42
15292,5,1,6.0,4.06
15293,5,0,6.8,5.03
15294,4,2,5.6,3.62
15295,0,1,6.3,4.81
15296,6,1,0.4,4.76
15297,4,0,6.3,5.21
15298,0,1,2.3,4.88
15299,0,2,7.6,3.48
15300,0,2,8.0,4.0
15301,4,1,8.5,5.24
15302,5,2,1.2,6.03
15303,3,0,3.7,4.3
15304,1,2,3.7,4.77
15305,3,4,0.7,4.57
15306,4,3,0.7,5.79
15307,5,0,4.4,6.31
15308,2,3,6.3,4.73
15309,0,2,3.8,5.45
15310,3,1,9.1,4.02
15311,5,1,3.2,5.69
15312,5,1,6.5,4.58
15313,6,1,8.4,5.4
15314,0,1,1.0,6.76
15315,2,0,2.6,4.92
15316,7,2,2.0,4.23
15317,5,3,5.4,3.42
15318,1,3,6.8,5.98
15319,1,0,5.8,5.53
15320,3,1,7.2,3.73
15321,6,4,2.2,4.72
15322,7,1,1.0,4.89
15323,7,4,9.4,5.43
15324,2,2,2.1,1.82
15325,5,2,5.9,4.13
15326,7,1,8.2,3.45
15327,7,1,7.6,5.48
15328,3,3,0.8,6.19
15329,5,2,0.3,5.88
15330,1,4,6.2,5.22
15331,3,4,9.3,5.9
15332,4,4,5.7,5.87
15333,6,4,3.9,5.81
15334,2,1,7.7,7.66
15335,3,2,9.1,7.1
15336,7,1,0.3,4.69
15337,5,0,1.0,2.13
15338,6,1,0.6,3.65
15339,0,0,8.0,4.71
15340,4,0,2.8,2.94
15341,0,1,8.1,5.52
15342,2,1,2.1,4.4
15343,2,2,2.1,6.74
15344,3,3,9.8,8.46
15345,7,4,5.0,6.02
15346,0,1,3.6,2.98
15347,7,0,1.2,5.45
15348,4,1,4.0,4.81
15349,7,3,6.0,4.71
15350,6,3,9.4,4.56
15351,6,4,9.4,6.11
15352,7,2,8.5,5.31
15353,5,1,3.8,4.22
15354,1,1,8.6,5.18
15355,2,4,4.6,4.66
15356,6,3,9.8,6.25
15357,5,3,1.0,2.82
15358,7,3,7.6,5.71
15359,0,0,5.5,5.65
15360,1,4,4.4,4.99
15361,0,0,9.3,5.85
15362,1,3,2.4,6.4
15363,0,2,6.9,6.71
15364,1,3,4.2,5.29
15365,0,3,8.3,4.73
15366,5,2,6.7,6.87
15367,2,3,6.3,6.76
15368,0,2,5.1,2.94
15369,4,4,2.2,2.08
15370,3,2,3.8,5.91
15371,5,0,1.6,6.69
15372,1,0,4.8,3.82
15373,3,0,7.2,4.04
15374,5,2,5.8,3.52
15375,4,3,2.4,3.99
15376,7,1,7.4,4.49
15377,0,3,8.4,2.9
15378,4,3,6.0,5.91
15379,4,2,6.4,5.27
15380,4,2,6.6,7.93
15381,0,2,4.5,7.15
15382,6,4,5.0,5.05
15383,7,3,4.2,6.56
15384,0,4,2.5,5.3
15385,7,0,3.4,5.81
15386,7,2,6.0,3.18
15387,7,2,7.9,6.27
15388,4,2,6.6,6.18
15389,0,0,9.9,5.35
15390,5,2,8.2,6.47
15391,4,0,8.5,3.54
15392,4,2,3.0,7.39
15393,3,1,5.5,2.9
15394,6,4,1.0,2.07
15395,6,0,7.6,4.63
15396,3,4,6.3,4.0
15397,4,0,4.6,4.93
15398,2,4,7.0,5.82
15399,2,3,1.2,3.51
15400,1,3,7.3,5.35
15401,0,3,7.2,4.91
15402,4,3,3.7,5.06
15403,5,3,1.3,5.05
15404,1,0,1.7,4.82
15405,7,0,5.6,3.71
15406,6,4,1.9,4.56
15407,5,1,5.6,4.81
15408,0,0,6.9,5.42
15409,2,0,5.1,4.51
15410,5,4,6.9,4.99
15411,6,2,2.2,5.03
15412,7,3,1.2,5.38
15413,4,0,4.4,3.32
15414,7,2,6.2,3.79
15415,1,1,5.6,3.21
15416,6,3,5.1,6.01
15417,2,2,7.3,3.98
15418,7,1,5.6,6.68
15419,1,0,4.1,5.04
15420,7,2,1.1,6.29
15421,4,0,3.5,5.91
15422,4,1,2.4,3.99
15423,6,3,5.4,3.78
15424,6,0,9.6,6.39
15425,3,0,3.4,4.66
15426,6,0,3.9,3.03
15427,0,4,3.9,4.51
15428,7,2,2.3,4.47
15429,2,0,1.5,2.53
15430,2,0,6.4,4.92
15431,6,2,2.8,6.09
15432,1,3,9.8,3.63
15433,3,3,2.2,4.65
15434,2,1,5.9,4.57
15435,2,4,3.2,4.81
15436,0,4,3.3,4.84
15437,1,4,7.6,4.11
15438,4,2,2.6,3.02
15439,0,3,4.6,6.68
15440,4,1,3.3,4.05
15441,6,1,7.5,4.49
15442,4,1,5.4,6.6
15443,3,1,1.4,7.25
15444,7,2,6.0,4.97
15445,2,4,4.6,4.22
15446,2,4,1.0,6.04
15447,1,1,9.9,3.21
15448,4,2,8.5,4.96
15449,3,2,7.0,5.73
15450,7,1,6.2,3.88
15451,1,2,0.1,4.35
15452,3,1,1.4,3.44
15453,0,2,9.8,4.89
15454,6,1,2.2,5.47
15455,0,4,2.6,7.06
15456,6,4,4.8,4.59
15457,4,0,8.4,7.47
15458,0,1,6.7,4.26
15459,5,3,9.5,5.16
15460,0,4,7.0,4.52
15461,2,3,3.8,5.59
15462,0,1,3.5,5.26
15463,3,4,5.8,6.6
15464,2,1,0.2,5.75
15465,3,4,9.9,3.8
15466,1,3,1.5,6.17
15467,0,4,8.9,3.96
15468,6,2,0.9,3.33
15469,3,2,3.8,6.21
15470,3,4,3.3,5.22
15471,4,3,2.2,3.35
15472,6,3,2.0,4.31
15473,4,2,7.4,5.59
15474,6,0,6.9,6.46
15475,7,2,2.8,5.44
15476,2,0,4.5,6.46
15477,0,3,3.4,5.42
15478,7,3,5.4,4.51
15479,0,0,8.0,6.66
15480,4,4,1.0,4.83
15481,5,0,7.1,4.08
15482,3,4,7.5,5.6
15483,2,2,9.7,5.8
15484,2,0,0.2,4.71
15485,7,1,8.5,6.76
15486,1,4,2.1,5.03
15487,4,2,6.2,3.12
15488,5,2,3.7,5.13
15489,5,0,6.3,5.82
15490,0,1,1.5,3.87
15491,6,1,0.5,5.48
15492,5,2,6.1,3.85
15493,5,1,4.6,6.62
15494,1,2,6.5,6.13
15495,4,2,3.4,3.61
15496,6,1,8.9,3.66
15497,1,0,8.7,4.87
15498,6,3,8.1,3.22
15499,0,0,6.6,3.24
15500,6,1,8.9,4.95
15501,5,3,0.7,5.73
15502,6,4,1.4,6.13
15503,6,0,9.2,6.61
15504,6,2,5.4,4.16
15505,5,4,10.0,3.19
15506,2,1,6.6,3.64
15507,7,4,2.0,3.0
15508,5,0,9.6,3.16
15509,7,1,9.9,3.26
15510,3,1,5.1,6.07
15511,1,0,8.0,3.51
15512,2,4,9.3,4.9
15513,6,4,0.9,3.84
15514,5,2,3.9,3.76
15515,4,2,9.9,5.26
15516,2,1,6.4,4.27
15517,0,0,9.2,6.06
15518,6,0,0.9,3.97
15519,1,1,4.2,5.71
15520,2,1,4.6,4.14
15521,2,0,1.6,5.97
15522,2,2,8.8,5.48
15523,3,0,4.2,5.26
15524,4,3,5.4,4.43
15525,0,4,8.5,4.79
15526,6,4,6.6,3.49
15527,1,0,1.7,6.44
15528,7,2,5.2,5.49
15529,6,3,7.3,5.29
15530,2,3,4.0,2.92
15531,7,3,1.9,4.59
15532,3,2,8.9,3.69
15533,5,1,3.2,4.49
15534,6,2,0.1,5.08
15535,4,1,9.8,3.66
15536,2,2,4.5,5.51
15537,5,0,2.3,5.21
15538,2,1,4.8,5.33
15539,2,2,9.7,4.53
15540,1,3,8.4,4.66
15541,7,2,7.1,6.55
15542,2,1,7.2,7.92
15543,4,4,0.5,3.97
15544,6,3,1.9,5.03
15545,6,0,5.9,6.94
15546,6,0,1.3,5.95
15547,4,4,6.6,6.57
15548,3,4,5.1,3.44
15549,2,4,1.8,7.48
15550,4,1,4.0,5.19
15551,7,2,0.1,5.61
15552,7,0,9.3,4.7
15553,1,0,3.6,5.14
15554,4,2,8.4,4.66
15555,1,2,9.2,4.55
15556,4,1,4.5,5.35
15557,0,4,0.5,3.35
15558,0,2,6.1,5.14
15559,3,0,6.5,6.02
15560,4,3,6.0,3.37
15561,0,0,1.0,4.69
15562,2,1,8.9,5.37
15563,6,0,0.2,4.16
15564,1,0,7.3,3.26
15565,4,0,9.7,6.61
15566,3,1,0.8,4.83
15567,2,3,1.5,3.84
15568,1,2,6.9,5.64
15569,4,0,0.3,4.17
15570,3,3,3.2,4.17
15571,4,4,5.1,3.97
15572,4,2,6.2,3.39
15573,0,4,6.2,5.32
15574,2,4,4.4,6.23
15575,7,3,9.2,6.57
15576,3,0,7.0,7.51
15577,2,2,3.6,5.24
15578,5,1,8.2,6.44
15579,5,1,5.9,3.17
15580,2,0,2.4,6.34
15581,2,4,9.4,5.98
15582,1,3,3.1,5.11
15583,7,3,8.9,2.22
15584,7,3,7.7,4.56
15585,4,3,8.8,6.02
15586,3,1,3.0,5.26
15587,1,3,4.6,5.65
15588,4,1,9.4,5.75
15589,3,1,7.5,6.55
15590,5,3,3.3,4.38
15591,2,4,4.7,4.87
15592,7,4,7.6,5.94
15593,1,4,2.2,2.3
15594,1,1,8.9,4.62
15595,1,4,3.2,3.94
15596,0,4,0.5,5.02
15597,5,1,5.0,3.43
15598,6,4,9.3,5.3
15599,7,4,1.2,3.03
15600,5,0,1.0,6.02
15601,6,3,5.0,4.97
15602,4,0,7.1,4.23
15603,0,3,5.3,7.0
15604,7,2,6.2,6.01
15605,1,4,4.9,4.69
15606,2,4,4.6,5.61
15607,4,4,9.6,6.6
15608,2,1,3.0,5.5
15609,7,1,7.8,4.0
15610,0,0,8.1,5.16
15611,5,0,7.3,4.62
15612,3,2,0.8,6.37
15613,7,1,5.7,6.06
15614,1,2,1.8,4.59
15615,1,0,9.1,5.61
15616,3,0,5.2,5.05
15617,1,0,9.1,3.57
15618,1,0,6.6,5.05
15619,2,1,9.8,5.57
15620,1,0,7.3,4.47
15621,3,1,7.6,5.69
15622,2,0,1.2,6.77
15623,4,4,6.7,4.81
15624,5,4,3.6,4.15
15625,0,3,4.9,2.63
15626,0,2,1.0,6.18
15627,6,3,9.8,4.81
15628,2,2,7.1,6.81
15629,0,1,4.1,4.27
15630,7,1,5.2,4.79
15631,2,4,9.2,2.86
15632,1,4,2.1,4.04
15633,0,0,8.7,5.42
15634,3,2,7.0,5.26
15635,2,1,5.3,4.92
15636,6,4,4.7,4.78
15637,4,4,6.9,5.17
15638,7,4,0.7,5.75
15639,3,1,5.1,4.54
15640,4,1,7.4,4.97
15641,0,3,2.0,5.03
15642,6,3,6.9,4.58
15643,7,1,1.8,7.01
15644,7,0,3.9,3.86
15645,5,2,1.1,5.74
15646,5,4,7.9,2.72
15647,2,3,3.0,6.66
15648,4,1,7.4,3.46
15649,3,4,7.9,3.86
15650,7,3,3.3,5.13
15651,1,0,9.9,3.95
15652,6,0,6.5,7.33
15653,1,4,2.6,4.49
15654,0,3,4.9,4.9
15655,6,2,8.4,5.77
15656,3,1,9.6,3.19
15657,0,2,5.6,5.87
15658,3,3,9.8,6.09
15659,7,3,5.7,3.61
15660,6,1,4.1,3.65
15661,6,4,1.0,5.83
15662,2,1,8.5,5.59
15663,0,2,9.0,4.78
15664,0,0,6.9,5.24
15665,3,0,2.3,5.13
15666,2,4,5.8,4.59
15667,5,1,4.7,3.89
15668,2,2,0.6,5.54
15669,4,0,8.7,7.4
15670,7,2,4.8,5.41
15671,0,1,5.3,4.82
15672,6,3,8.9,4.77
15673,3,4,2.0,4.14
15674,5,0,0.3,5.3
15675,6,3,8.7,4.61
15676,2,1,7.9,5.81
15677,3,0,4.6,5.4
15678,4,4,1.0,5.58
15679,5,1,3.8,6.07
15680,4,0,7.6,4.61
15681,4,1,5.5,6.09
15682,6,0,4.3,5.19
15683,0,0,9.5,5.17
15684,0,3,8.3,4.42
15685,2,4,4.4,6.02
15686,4,1,7.2,5.06
15687,7,0,9.4,4.76
15688,3,2,3.0,5.24
15689,4,4,3.7,3.39
15690,6,1,1.0,4.1
15691,6,4,3.3,3.59
15692,2,1,9.7,4.44
15693,3,3,5.1,3.98
15694,2,2,7.0,4.18
15695,1,4,4.2,5.86
15696,1,1,5.7,4.92
15697,2,3,5.4,5.05
15698,3,1,6.0,4.65
15699,4,2,0.2,4.98
15700,4,4,7.0,5.84
15701,3,2,8.7,5.31
15702,3,3,0.3,4.81
15703,4,3,7.8,5.91
15704,7,0,1.1,7.05
15705,3,1,2.6,3.78
15706,7,1,2.3,4.05
15707,3,4,5.7,5.63
15708,4,0,2.8,4.91
15709,2,2,4.9,4.03
15710,6,2,9.3,5.52
15711,4,3,9.3,4.21
15712,4,0,0.2,5.56
15713,2,2,5.7,5.27
15714,2,0,3.3,4.24
15715,1,1,7.1,4.55
15716,7,2,8.3,5.37
15717,3,3,3.8,6.28
15718,3,0,3.9,5.03
15719,7,3,4.9,3.22
15720,5,0,8.7,4.47
15721,2,1,7.6,5.53
15722,4,4,4.1,5.23
15723,4,3,7.0,4.28
15724,4,2,6.5,4.9
15725,0,3,5.0,4.47
15726,6,4,1.9,4.58
15727,2,0,9.3,5.14
15728,2,3,1.3,4.52
15729,1,0,3.7,4.32
15730,3,2,6.3,7.27
15731,2,0,6.3,5.56
15732,7,0,0.9,5.52
15733,0,1,8.0,5.72
15734,1,2,5.6,5.51
15735,4,3,1.5,6.04
15736,1,3,6.7,4.75
15737,2,2,3.4,5.84
15738,6,0,0.5,3.48
15739,3,1,7.7,5.57
15740,7,2,3.5,4.14
15741,7,4,1.4,5.44
15742,4,4,2.4,5.36
15743,0,0,4.2,4.35
15744,4,3,6.0,3.03
15745,6,0,9.7,4.38
15746,6,4,4.8,4.5
15747,6,3,8.5,4.87
15748,0,4,4.6,3.6
15749,6,1,9.3,4.33
15750,2,0,8.5,3.96
15751,7,4,0.2,5.4
15752,7,0,5.1,3.0
15753,2,4,7.1,5.04
15754,5,1,7.1,4.34
15755,1,2,6.8,4.19
15756,3,2,1.0,5.28
15757,0,0,8.5,5.55
15758,4,1,9.1,7.09
15759,1,2,3.7,7.05
15760,6,4,1.0,4.91
15761,4,4,4.7,5.45
15762,2,3,7.5,6.57
15763,6,0,1.1,4.24
15764,5,2,6.7,5.01
15765,0,4,5.5,4.42
15766,2,2,0.2,5.83
15767,4,0,6.2,4.44
15768,3,2,2.4,4.9
15769,3,4,6.1,5.93
15770,1,3,2.5,4.39
15771,6,3,0.5,5.43
15772,7,0,3.4,5.06
15773,5,3,9.6,2.56
15774,5,1,4.4,5.54
15775,7,0,4.4,4.58
15776,5,4,4.9,5.97
15777,5,1,0.2,4.65
15778,4,2,4.0,3.61
15779,7,3,3.9,7.71
15780,4,4,9.0,6.73
15781,1,2,3.5,4.6
15782,3,0,7.3,6.91
15783,7,4,2.6,4.26
15784,2,4,5.3,5.88
15785,0,1,9.3,5.53
15786,7,0,1.1,6.33
15787,1,2,5.3,6.16
15788,1,2,5.3,4.29
15789,0,4,5.7,5.19
15790,6,1,0.7,4.94
15791,5,0,2.0,5.35
15792,3,1,5.8,5.4
15793,7,1,1.8,3.15
15794,7,4,3.9,4.92
15795,6,1,9.7,4.45
15796,7,4,1.3,4.29
15797,5,3,0.7,3.3
15798,7,1,1.2,5.62
15799,1,2,7.7,5.02
15800,4,1,5.1,5.52
15801,5,3,5.3,4.81
15802,4,1,4.4,3.71
15803,1,3,4.9,3.86
15804,5,3,9.3,4.49
15805,1,0,0.1,4.38
15806,4,1,1.4,4.75
15807,4,2,0.1,5.61
15808,5,3,3.1,6.93
15809,2,0,5.3,3.83
15810,0,2,8.2,3.64
15811,6,2,7.1,6.62
15812,6,0,2.3,5.51
15813,0,0,4.4,4.57
15814,4,1,9.2,5.16
15815,2,2,6.4,5.26
15816,2,3,6.2,5.27
15817,5,4,6.0,5.43
15818,0,3,3.1,2.0
15819,4,2,9.8,6.8
15820,4,0,7.7,7.0
15821,2,3,8.1,3.68
15822,6,3,6.3,4.35
15823,5,3,0.1,6.11
15824,4,3,4.8,6.13
15825,2,3,6.8,2.85
15826,1,1,7.5,4.92
15827,4,4,6.7,6.33
15828,2,0,3.6,4.33
15829,3,2,3.3,4.89
15830,0,0,3.0,3.98
15831,6,2,0.3,3.86
15832,5,4,8.5,3.96
15833,5,0,8.8,6.59
15834,7,1,5.7,3.29
15835,3,1,4.2,6.23
15836,1,1,3.2,3.75
15837,4,1,6.9,5.07
15838,4,2,0.5,4.29
15839,5,3,1.6,4.19
15840,3,4,9.4,4.95
15841,3,4,5.2,4.24
15842,6,3,4.3,5.2
15843,6,3,3.5,3.78
15844,1,4,2.8,4.92
15845,2,4,5.0,6.16
15846,0,0,4.9,5.12
15847,0,4,5.8,8.21
15848,2,3,8.7,3.17
15849,4,3,4.3,6.18
15850,3,0,4.7,5.34
15851,7,3,9.6,6.75
15852,6,0,3.2,6.9
15853,5,3,6.1,5.61
15854,1,3,3.0,3.36
15855,6,1,7.2,6.03
15856,3,3,8.0,3.12
15857,4,2,9.4,4.57
15858,6,3,1.8,4.59
15859,2,2,6.1,7.64
15860,1,0,6.5,5.63
15861,5,4,9.6,4.74
15862,6,2,0.6,5.15
15863,3,3,6.3,5.85
15864,0,3,6.3,4.44
15865,3,4,5.0,5.02
15866,0,4,0.7,5.94
15867,6,3,9.2,4.3
15868,5,4,2.5,3.53
15869,7,2,3.1,5.06
15870,5,2,8.2,4.79
15871,2,0,8.0,2.43
15872,3,2,0.8,4.74
15873,0,1,9.4,4.92
15874,3,4,5.8,4.47
15875,7,0,2.1,6.66
15876,0,3,1.4,7.01
15877,3,3,4.8,6.59
15878,4,1,2.8,3.3
15879,3,4,1.2,4.86
15880,0,2,4.9,3.86
15881,4,3,5.2,6.67
15882,1,1,4.8,4.35
15883,5,4,2.9,6.09
15884,4,3,9.6,5.11
15885,4,1,4.8,4.99
15886,4,0,6.8,5.39
15887,7,1,2.1,3.72
15888,1,2,4.3,5.74
15889,0,1,4.9,4.79
15890,5,2,3.1,4.67
15891,1,3,6.5,3.85
15892,6,0,2.5,6.18
15893,3,0,1.8,5.16
15894,4,3,8.9,5.76
15895,5,0,10.0,7.79
15896,6,4,9.0,2.67
15897,5,0,7.5,4.77
15898,7,1,2.4,3.08
15899,4,4,1.0,3.6
15900,5,0,8.6,6.15
15901,6,4,0.1,6.36
15902,0,1,4.5,3.93
15903,4,0,0.4,5.24
15904,5,2,0.1,2.26
15905,6,4,5.6,6.17
15906,2,2,3.5,4.38
15907,1,3,7.3,4.95
15908,5,2,8.0,5.22
15909,6,4,9.3,5.81
15910,5,0,6.3,7.01
15911,6,0,8.1,6.92
15912,7,2,1.4,4.04
15913,3,3,4.3,4.44
15914,7,1,3.7,2.43
15915,5,2,6.6,4.58
15916,4,0,3.6,4.29
15917,0,2,3.6,4.21
15918,5,2,1.4,4.49
15919,7,0,8.6,3.97
15920,3,4,8.9,4.82
15921,4,1,6.4,4.65
15922,5,2,9.5,4.55
15923,3,3,1.4,6.33
15924,1,4,4.3,4.31
15925,3,4,6.1,6.39
15926,3,3,6.6,4.21
15927,2,1,1.2,6.72
15928,7,0,1.7,5.25
15929,5,3,2.6,6.39
15930,0,3,1.2,3.91
15931,5,3,5.0,5.5
15932,0,3,1.3,5.22
15933,5,4,4.4,4.19
15934,1,1,6.0,3.72
15935,2,4,3.9,5.67
15936,6,0,0.4,6.76
15937,7,1,7.6,5.22
15938,5,3,7.6,6.12
15939,5,3,8.7,2.57
15940,1,3,5.1,3.81
15941,4,1,0.7,3.95
15942,4,4,8.9,3.96
15943,3,3,6.9,4.06
15944,1,2,6.8,4.19
15945,5,4,0.7,3.24
15946,5,3,1.5,5.37
15947,0,4,6.9,2.37
15948,7,4,9.7,5.92
15949,6,2,2.1,4.56
15950,4,4,1.6,3.97
15951,3,0,2.2,5.93
15952,3,0,3.7,5.65
15953,5,0,6.5,4.13
15954,0,2,3.2,6.14
15955,5,4,8.4,6.16
15956,5,4,4.9,4.84
15957,3,4,4.5,5.8
15958,1,2,0.6,4.86
15959,6,4,9.1,4.29
15960,0,4,8.8,3.55
15961,2,0,3.1,3.24
15962,0,1,8.8,5.3
15963,1,1,9.5,7.36
15964,6,4,8.6,4.91
15965,1,1,1.6,5.28
15966,7,0,8.2,3.96
15967,5,3,1.6,4.56
15968,7,3,9.1,4.41
15969,5,3,8.2,6.19
15970,6,1,8.8,4.37
15971,6,0,6.9,6.76
15972,0,2,6.3,5.64
15973,2,0,0.3,4.97
15974,3,4,3.1,5.81
15975,4,4,9.0,3.03
15976,5,1,5.8,3.6
15977,6,3,9.2,6.89
15978,0,1,1.2,5.18
15979,2,2,0.3,3.82
15980,0,0,9.8,3.09
15981,4,3,8.2,3.69
15982,7,2,7.0,3.64
15983,4,4,7.5,3.79
15984,7,3,1.3,3.29
15985,3,0,1.5,4.42
15986,5,1,8.4,4.61
15987,7,1,1.5,3.95
15988,3,2,2.9,5.15
15989,0,4,1.5,4.59
15990,4,4,1.7,5.94
15991,2,4,2.9,3.89
15992,5,4,5.6,5.74
15993,4,1,6.9,7.77
15994,1,3,4.7,3.98
15995,3,1,0.9,3.09
15996,4,3,1.3,5.13
15997,4,2,0.2,4.17
15998,4,2,5.2,2.42
15999,5,1,4.5,2.81
16000,6,3,4.6,3.93
16001,4,1,1.4,3.89
16002,6,3,5.2,5.71
16003,4,3,9.8,4.6
16004,2,4,7.8,4.93
16005,1,1,5.6,4.44
16006,2,1,0.6,4.24
16007,7,0,9.1,5.4
16008,3,4,5.5,4.86
16009,3,3,9.3,5.34
16010,5,3,6.4,4.08
16011,2,3,7.9,6.39
16012,4,1,3.4,5.83
16013,1,3,8.4,5.22
16014,0,0,5.6,5.07
16015,4,0,3.9,7.45
16016,4,3,3.3,4.0
16017,2,3,3.7,4.61
16018,7,1,5.8,4.3
16019,1,1,0.9,4.78
16020,5,2,7.3,4.29
16021,5,2,6.1,5.36
16022,5,2,1.3,5.19
16023,0,0,3.2,2.74
16024,0,4,6.4,4.17
16025,7,3,4.8,3.37
16026,5,1,2.9,3.66
16027,7,3,9.1,3.82
16028,4,0,3.8,6.73
16029,6,0,0.3,4.91
16030,3,3,0.3,7.56
16031,0,2,7.7,5.07
16032,6,4,2.8,5.62
16033,0,0,0.2,3.4
16034,3,0,3.7,4.47
16035,1,1,6.8,5.64
16036,7,2,9.2,6.64
16037,6,2,6.8,3.83
16038,6,3,4.5,5.53
16039,5,4,5.9,4.85
16040,2,3,5.8,7.05
16041,6,1,1.4,6.75
16042,1,4,0.9,4.52
16043,2,0,0.8,3.89
16044,6,1,2.1,4.47
16045,5,4,7.4,4.62
16046,5,2,1.5,4.59
16047,0,0,5.8,2.49
16048,5,2,0.5,4.68
16049,2,1,6.6,4.29
16050,0,2,8.4,6.64
16051,1,1,6.5,3.75
16052,2,3,6.2,6.99
16053,3,4,6.1,5.75
16054,7,0,4.9,4.3
16055,2,3,6.8,6.01
16056,1,2,0.2,6.05
16057,4,1,9.3,3.52
16058,3,3,1.2,6.04
16059,1,0,2.5,6.29
16060,4,3,3.1,5.03
16061,6,3,2.5,4.06
16062,4,1,9.6,6.99
16063,6,4,2.2,4.19
16064,1,0,9.3,6.47
16065,1,2,8.0,5.56
16066,4,3,9.8,4.24
16067,0,4,5.0,4.32
16068,4,0,3.5,4.32
16069,1,1,7.9,5.63
16070,5,4,4.8,4.68
16071,3,2,1.0,5.86
16072,7,3,1.0,3.75
16073,4,4,8.1,6.52
16074,1,3,5.1,1.95
16075,0,0,5.4,4.79
16076,0,1,9.3,5.01
16077,4,2,9.2,7.1
16078,5,0,8.6,5.84
16079,0,2,6.6,5.07
16080,7,2,4.2,3.49
16081,3,3,6.7,3.4
16082,2,2,1.3,4.46
16083,0,2,3.8,4.18
16084,5,0,5.5,3.83
16085,7,0,4.8,6.13
16086,5,4,3.3,6.78
16087,7,2,8.3,6.9
16088,3,4,2.1,3.67
16089,2,2,2.6,3.01
16090,4,4,9.4,3.26
16091,7,4,0.4,4.62
16092,7,1,2.6,6.43
16093,6,4,3.6,4.67
16094,5,2,3.1,4.85
16095,5,0,9.9,6.36
16096,5,1,3.4,4.01
16097,2,1,1.5,6.58
16098,5,2,7.9,4.47
16099,0,2,8.8,6.69
16100,6,1,1.0,4.65
16101,4,1,7.0,4.66
16102,3,2,6.8,2.51
16103,5,2,5.5,3.82
16104,1,4,3.2,5.77
16105,2,2,0.1,5.63
16106,1,2,3.4,4.41
16107,7,1,6.1,5.86
16108,5,2,6.7,4.93
16109,3,4,1.2,5.16
16110,4,3,3.0,5.02
16111,0,2,4.7,7.68
16112,5,4,6.4,5.29
16113,2,4,7.7,4.42
16114,3,4,3.6,2.44
16115,4,3,8.1,5.89
16116,4,2,3.1,5.38
16117,0,1,7.8,7.24
16118,7,0,4.1,5.74
16119,1,4,3.7,7.33
16120,5,4,2.9,3.71
16121,7,1,9.8,5.05
16122,4,4,3.5,5.83
16123,5,4,9.0,4.91
16124,0,2,1.4,4.12
16125,7,4,3.6,3.57
16126,0,0,4.2,4.75
16127,4,4,9.8,4.6
16128,2,0,3.9,5.2
16129,5,0,8.3,4.96
16130,6,0,1.6,5.35
16131,3,4,3.6,3.68
16132,0,1,5.3,6.09
16133,6,1,3.7,5.48
16134,5,0,9.9,3.3
16135,3,3,7.5,6.38
16136,5,4,4.8,4.82
16137,0,2,4.5,6.54
16138,6,4,9.7,5.8
16139,7,2,8.7,3.43
16140,4,4,0.1,5.67
16141,5,2,5.9,6.32
16142,4,1,4.0,3.18
16143,0,3,7.9,4.08
16144,0,4,4.2,4.12
16145,3,2,4.6,5.7
16146,7,0,1.9,3.58
16147,5,0,2.8,5.69
16148,7,1,9.8,5.78
16149,5,0,0.3,6.2
16150,0,4,6.8,6.05
16151,4,0,2.0,6.98
16152,3,0,1.4,7.43
16153,5,0,9.9,6.27
16154,0,3,7.6,6.28
16155,5,4,3.2,5.57
16156,4,4,5.6,4.75
16157,5,1,8.5,5.08
16158,1,4,1.4,6.6
16159,2,4,1.7,5.12
16160,5,1,2.0,5.77
16161,3,0,8.6,5.11
16162,7,1,4.1,3.13
16163,6,3,2.3,3.32
16164,4,0,4.9,4.64
16165,6,2,8.0,3.25
16166,0,0,8.6,4.56
16167,0,4,4.7,2.06
16168,7,0,5.4,5.49
16169,2,0,7.0,4.77
16170,7,2,3.9,4.91
16171,0,3,3.1,4.56
16172,2,0,1.3,4.92
16173,2,4,4.2,5.67
16174,6,3,0.5,4.83
16175,1,4,9.8,6.73
16176,6,2,3.7,4.6
16177,0,4,7.8,6.36
16178,4,3,1.7,4.85
16179,0,1,5.7,4.21
16180,3,0,7.7,4.87
16181,5,1,6.7,2.29
16182,2,0,8.5,5.55
16183,1,0,7.2,4.7
16184,4,4,5.1,4.83
16185,2,3,0.6,5.24
16186,0,2,2.5,3.29
16187,5,2,6.9,5.37
16188,5,0,2.2,6.98
16189,6,2,0.7,5.45
16190,0,0,8.9,5.06
16191,0,3,8.5,5.78
16192,3,1,0.6,5.78
16193,3,1,0.7,4.99
16194,2,0,3.7,7.06
16195,2,4,6.5,4.43
16196,0,3,1.0,5.66
16197,5,0,2.2,5.86
16198,5,3,8.3,8.16
16199,6,3,8.8,2.66
16200,4,4,2.4,5.21
16201,7,1,9.9,5.59
16202,3,3,7.8,5.29
16203,4,0,3.4,6.88
16204,2,1,9.1,6.08
16205,1,0,8.8,2.35
16206,4,1,6.3,3.4
16207,1,3,4.3,5.83
16208,4,4,1.0,5.47
16209,7,0,3.7,5.06
16210,3,2,3.3,6.88
16211,7,0,5.1,3.83
16212,2,0,4.6,4.93
16213,2,3,0.4,4.8
16214,3,0,7.1,2.71
16215,4,0,4.3,6.22
16216,1,4,9.8,5.31
16217,0,4,3.1,3.41
16218,2,2,8.6,3.66
16219,3,0,4.2,3.78
16220,5,0,5.8,4.58
16221,2,2,8.8,5.49
16222,3,1,9.1,4.88
16223,5,0,7.3,4.57
16224,7,4,1.7,2.85
16225,4,1,8.9,4.49
16226,0,4,7.5,3.25
16227,4,2,4.5,4.86
16228,0,0,8.1,3.63
16229,4,4,1.8,5.07
16230,3,4,1.6,4.95
16231,0,3,9.8,4.33
16232,0,3,9.1,5.13
16233,7,0,4.6,4.94
16234,3,1,1.1,5.83
16235,2,1,7.9,3.25
16236,1,0,3.7,6.45
16237,0,3,6.8,5.26
16238,4,2,5.6,7.53
16239,3,2,9.7,4.02
16240,6,1,2.6,5.91
16241,3,3,2.5,4.88
16242,4,4,7.4,6.41
16243,7,2,7.2,6.49
16244,4,0,6.1,5.32
16245,4,2,1.1,6.89
16246,4,3,6.6,5.44
16247,5,0,1.9,3.05
16248,4,0,3.1,5.62
16249,2,4,5.6,3.08
16250,7,4,7.6,4.14
16251,2,4,5.1,2.62
16252,2,0,4.6,4.72
16253,4,1,2.8,5.04
16254,1,2,8.5,5.73
16255,2,0,6.3,2.57
16256,5,2,1.1,3.41
16257,1,1,1.6,4.38
16258,4,0,6.9,3.11
16259,7,0,3.1,5.92
16260,0,2,8.6,4.19
16261,7,2,1.7,5.01
16262,4,1,0.1,5.56
16263,0,4,1.5,5.39
16264,7,3,9.2,3.85
16265,2,4,1.9,3.99
16266,6,3,5.5,6.15
16267,1,4,2.7,4.37
16268,7,2,9.6,6.62
16269,7,1,3.5,6.13
16270,1,3,8.7,5.3
16271,5,0,8.7,3.62
16272,6,2,2.0,5.03
16273,0,1,6.3,4.31
16274,2,1,7.0,5.93
16275,7,0,8.6,5.35
16276,6,0,5.8,5.81
16277,1,2,6.5,4.06
16278,2,3,9.0,2.57
16279,2,1,5.2,5.02
16280,1,2,0.5,4.06
16281,1,2,8.9,5.29
16282,4,2,0.5,5.7
16283,2,0,6.4,3.71
16284,3,0,8.1,4.93
16285,0,2,0.7,7.98
16286,2,1,4.0,2.82
16287,6,4,5.7,4.24
16288,7,3,2.8,4.35
16289,5,1,0.8,4.39
16290,2,3,0.1,5.03
16291,1,4,8.3,5.97
16292,1,2,4.3,3.86
16293,7,2,1.3,4.02
16294,4,3,8.2,5.61
16295,1,3,9.3,6.34
16296,5,4,3.0,5.49
16297,1,3,6.8,7.01
16298,3,2,4.4,5.01
16299,6,3,8.6,3.74
16300,7,4,6.5,7.21
16301,4,1,8.3,6.22
16302,3,1,4.9,3.25
16303,1,2,2.0,4.46
16304,0,0,0.9,4.39
16305,0,3,6.3,6.32
16306,4,4,2.4,4.6
16307,7,3,4.6,6.21
16308,4,4,6.1,3.7
16309,5,2,5.2,5.04
16310,7,0,7.8,7.5
16311,5,4,5.7,6.11
16312,2,0,8.6,5.53
16313,6,2,0.9,5.22
16314,5,4,2.0,6.3
16315,5,1,2.7,6.11
16316,0,2,7.7,4.34
16317,4,4,6.5,3.43
16318,4,4,3.3,5.2
16319,6,0,2.3,5.79
16320,4,3,2.4,3.21
16321,4,4,2.3,4.71
16322,4,0,6.4,6.29
16323,0,2,1.1,6.23
16324,7,4,2.2,3.87
16325,0,0,1.7,4.46
16326,1,0,7.1,4.37
16327,0,2,3.6,6.69
16328,3,3,0.6,4.24
16329,4,1,0.7,4.56
16330,5,4,3.1,5.24
16331,4,2,3.0,5.77
16332,4,4,1.6,5.06
16333,1,1,3.2,4.94
16334,4,0,9.8,3.81
16335,4,1,1.9,5.72
16336,4,4,2.1,7.0
16337,1,3,6.1,2.88
16338,2,4,5.2,4.37
16339,5,0,5.0,3.96
16340,7,4,7.8,5.48
16341,2,4,4.4,3.35
16342,5,2,3.2,5.71
16343,4,3,7.9,5.6
16344,4,1,7.7,4.3
16345,6,1,0.3,4.12
16346,6,4,7.3,5.52
16347,1,0,7.9,5.91
16348,7,3,1.4,6.99
16349,0,1,8.0,6.32
16350,2,4,7.7,4.98
16351,4,0,5.9,5.29
16352,4,2,7.3,5.66
16353,1,2,4.3,4.43
16354,1,0,9.3,5.94
16355,2,0,7.3,2.63
16356,3,2,7.6,2.88
16357,7,1,4.6,5.11
16358,6,1,8.4,5.52
16359,7,0,1.9,4.4
16360,0,4,1.9,6.56
16361,1,4,3.8,4.99
16362,4,0,5.4,5.75
16363,6,4,4.9,4.49
16364,4,0,3.4,4.67
16365,2,4,3.4,5.87
16366,5,2,8.0,6.18
16367,7,3,5.3,4.74
16368,4,1,0.0,3.75
16369,4,0,4.8,4.7
16370,3,1,5.2,5.62
16371,6,2,3.4,6.48
16372,5,4,0.5,4.46
16373,4,2,9.0,4.27
16374,2,3,1.1,4.06
16375,2,1,4.8,6.35
16376,4,1,0.3,2.59
16377,1,3,7.8,2.67
16378,0,0,6.8,5.57
16379,7,2,1.4,5.71
16380,5,1,3.9,4.55
16381,6,1,6.7,4.36
16382,0,1,3.1,4.2
16383,2,1,7.0,6.87
16384,6,0,6.5,4.42
16385,2,1,4.3,5.79
16386,3,1,1.5,2.8
16387,1,4,8.7,4.31
16388,3,2,4.5,4.99
16389,5,2,3.4,6.09
16390,5,0,8.5,6.04
16391,1,0,8.4,5.72
16392,5,4,3.0,5.78
16393,2,3,6.3,6.27
16394,2,4,3.6,5.7
16395,5,1,3.0,4.96
16396,6,3,5.3,4.46
16397,1,4,7.8,6.45
16398,5,3,2.3,4.94
16399,5,2,3.5,6.04
16400,5,1,9.0,4.21
16401,3,0,1.6,5.32
16402,2,2,4.6,5.01
16403,5,1,9.2,4.14
16404,1,1,9.6,3.72
16405,4,3,8.0,5.29
16406,4,3,8.7,4.29
16407,3,4,8.6,2.33
16408,3,4,5.4,4.3
16409,4,3,8.2,5.3
16410,3,3,8.9,6.76
16411,6,3,5.0,6.7
16412,7,1,4.7,4.88
16413,5,4,2.9,3.13
16414,2,3,2.5,2.36
16415,0,1,8.7,7.43
16416,3,3,0.9,5.48
16417,4,4,9.2,3.49
16418,0,3,7.6,7.28
16419,4,3,2.7,3.95
16420,2,0,1.6,7.3
16421,5,1,4.2,3.05
16422,6,2,4.3,5.21
16423,7,3,3.1,5.45
16424,7,1,0.6,3.63
16425,2,1,6.4,5.25
16426,3,0,5.0,5.58
16427,3,2,5.5,6.91
16428,7,1,6.8,5.32
16429,5,0,9.5,6.55
16430,5,3,7.8,4.45
16431,4,2,5.5,6.68
16432,4,1,9.9,6.17
16433,0,1,6.5,5.12
16434,7,2,5.9,4.76
16435,6,0,9.1,7.11
16436,1,1,2.8,5.56
16437,5,3,7.6,2.67
16438,3,3,6.5,4.7
16439,5,1,4.0,4.36
16440,7,4,1.2,5.42
16441,1,4,7.8,3.75
16442,0,2,9.5,4.03
16443,1,1,2.2,4.98
16444,5,2,2.0,3.26
16445,3,2,1.4,7.3
16446,0,3,5.4,4.76
16447,4,0,3.7,5.75
16448,5,1,6.9,4.06
16449,0,3,2.9,4.95
16450,3,3,8.5,4.87
16451,6,1,2.8,4.95
16452,0,1,6.2,2.37
16453,3,2,8.1,4.23
16454,6,0,6.1,2.14
16455,6,0,5.8,3.36
16456,2,0,4.1,4.57
16457,7,4,8.2,4.34
16458,0,3,8.9,5.4
16459,0,1,4.1,4.6
16460,7,0,1.8,3.78
16461,6,2,8.1,4.06
16462,1,2,2.4,5.21
16463,4,1,9.3,3.66
16464,2,0,7.8,2.69
16465,1,1,1.8,5.72
16466,6,4,1.2,6.24
16467,6,2,1.6,5.46
16468,0,4,5.1,6.35
16469,7,3,3.2,5.7
16470,1,2,8.1,3.5
16471,5,3,2.4,4.49
16472,3,4,6.4,3.74
16473,1,0,5.3,6.66
16474,3,1,8.5,5.28
16475,3,3,6.8,3.49
16476,5,1,4.9,3.07
16477,1,1,9.6,4.24
16478,2,3,5.5,6.04
16479,4,0,0.1,6.3
16480,5,4,7.1,5.29
16481,1,1,2.8,3.46
16482,7,3,8.0,4.65
16483,7,4,9.0,4.84
16484,7,4,4.7,3.65
16485,4,4,4.6,5.88
16486,3,3,9.7,5.63
16487,2,2,9.5,5.7
16488,2,1,4.7,5.07
16489,6,3,2.7,3.28
16490,1,2,6.6,5.48
16491,3,2,8.4,4.93
16492,4,1,4.1,6.4
16493,2,0,3.0,3.81
16494,6,1,0.4,5.51
16495,3,3,9.0,4.43
16496,2,4,9.4,6.59
16497,2,4,3.1,5.09
16498,1,3,5.9,3.83
16499,1,4,5.5,4.25
16500,6,0,5.8,5.81
16501,7,2,2.1,4.9
16502,4,4,4.9,5.25
16503,4,2,1.2,4.79
16504,1,0,2.7,2.91
16505,7,0,2.1,4.05
16506,5,0,6.8,2.13
16507,4,2,6.0,5.7
16508,2,2,2.3,3.77
16509,5,4,4.1,2.94
16510,7,2,4.6,4.51
16511,3,2,9.3,5.19
16512,3,0,9.7,6.71
16513,4,0,3.6,6.47
16514,2,0,1.1,2.91
16515,6,3,4.7,4.5
16516,2,3,9.8,4.67
16517,4,2,0.5,4.59
16518,1,0,1.1,4.49
16519,4,2,1.4,5.17
16520,3,4,9.2,3.88
16521,4,2,6.0,4.91
16522,5,2,4.7,6.86
16523,0,3,5.0,7.26
16524,6,3,8.9,4.36
16525,4,3,0.6,4.43
16526,3,2,0.5,3.31
16527,3,4,3.5,3.13
16528,2,0,4.8,1.94
16529,5,0,2.6,2.39
16530,5,0,1.5,5.32
16531,1,4,2.5,4.7
16532,7,0,4.7,3.93
16533,7,1,1.5,5.36
16534,6,1,5.9,6.24
16535,0,3,5.6,4.35
16536,7,2,3.8,3.26
16537,2,3,1.0,5.24
16538,0,4,7.3,5.16
16539,0,2,6.0,5.58
16540,7,4,3.6,4.29
16541,4,1,7.6,5.91
16542,7,3,7.4,5.08
16543,0,3,3.8,4.45
16544,7,2,0.7,4.64
16545,2,3,5.5,3.32
16546,5,4,0.4,4.45
16547,3,1,0.0,4.66
16548,6,3,4.3,4.42
16549,6,4,6.1,6.17
16550,7,3,5.2,5.03
16551,4,2,1.0,2.56
16552,2,2,3.0,6.76
16553,5,3,8.9,4.31
16554,7,2,4.1,4.88
16555,3,3,3.9,4.9
16556,1,4,7.7,7.21
16557,5,4,9.7,4.15
16558,4,2,5.6,4.62
16559,4,4,3.9,5.01
16560,7,0,5.0,6.82
16561,5,2,0.7,4.24
16562,1,0,9.4,7.43
16563,0,1,8.0,5.63
16564,1,4,7.8,3.23
16565,6,1,5.4,5.88
16566,6,4,7.3,6.06
16567,0,3,1.4,4.54
16568,3,3,8.7,6.17
16569,5,0,6.4,6.04
16570,6,0,9.4,4.71
16571,2,2,7.4,2.94
16572,1,2,9.1,6.09
16573,2,0,3.5,4.14
16574,3,1,3.7,4.77
16575,1,0,6.4,5.18
16576,7,4,4.5,5.35
16577,1,4,5.6,4.19
16578,0,3,6.6,5.99
16579,3,0,8.5,4.97
16580,7,3,5.6,6.61
16581,6,0,6.0,3.56
16582,6,0,8.0,3.44
16583,6,4,7.6,7.16
16584,4,3,2.1,5.88
16585,6,3,6.4,4.85
16586,3,1,5.0,5.98
16587,2,3,4.7,5.83
16588,6,0,1.0,5.56
16589,6,3,1.6,3.96
16590,4,0,4.9,5.39
16591,2,4,7.7,4.29
16592,7,0,7.3,5.26
16593,2,2,10.0,4.85
16594,1,1,8.1,5.46
16595,2,2,3.2,5.61
16596,6,4,0.2,6.96
16597,6,3,0.4,4.34
16598,2,0,9.7,3.0
16599,4,2,8.0,5.38
16600,7,4,7.6,5.25
16601,0,4,5.6,4.55
16602,2,0,9.9,5.58
16603,2,0,9.5,3.37
16604,0,0,0.8,7.05
16605,6,2,2.7,4.38
16606,2,2,8.6,4.85
16607,0,3,5.6,2.89
16608,3,1,8.0,6.63
16609,3,0,3.8,6.46
16610,0,4,3.4,4.79
16611,5,2,3.7,4.82
16612,2,1,2.2,6.7
16613,1,2,7.2,4.91
16614,2,1,8.0,4.79
16615,4,3,3.6,7.79
16616,6,3,0.3,7.04
16617,5,1,6.7,7.57
16618,5,0,4.7,6.05
16619,0,3,9.2,5.92
16620,0,2,4.6,4.67
16621,5,0,4.2,5.28
16622,5,2,6.7,5.56
16623,4,0,2.3,3.83
16624,6,3,7.5,4.54
16625,1,2,9.0,4.65
16626,0,3,7.4,4.9
16627,1,2,6.8,5.15
16628,6,3,8.9,5.06
16629,5,1,2.7,6.13
16630,4,2,2.5,4.87
16631,0,0,9.4,6.83
16632,6,2,0.6,3.25
16633,1,4,1.7,4.03
16634,7,3,0.9,5.55
16635,7,1,3.4,4.94
16636,2,4,0.2,4.3
16637,7,0,1.9,2.45
16638,7,4,1.4,3.47
16639,3,1,3.1,6.81
16640,6,2,5.5,6.01
16641,5,2,5.3,4.98
16642,3,0,5.9,4.99
16643,0,2,6.3,6.31
16644,1,2,8.8,6.83
16645,6,2,7.9,2.43
16646,4,1,9.1,4.89
16647,6,1,2.2,4.43
16648,3,1,7.6,5.29
16649,3,2,1.0,4.26
16650,7,2,7.5,8.73
16651,1,2,5.1,5.39
16652,7,2,6.0,5.05
16653,7,4,7.2,5.04
16654,0,3,5.9,3.56
16655,4,1,2.5,4.11
16656,7,4,0.4,5.82
16657,2,4,8.1,5.62
16658,2,2,8.3,3.9
16659,6,1,2.2,5.66
16660,6,4,6.8,5.05
16661,0,0,3.8,3.63
16662,5,2,2.9,6.78
16663,3,2,1.0,4.03
16664,6,3,7.5,2.78
16665,7,1,4.2,3.99
16666,6,0,3.4,4.84
16667,2,1,6.7,5.94
16668,5,2,5.3,5.06
16669,0,1,9.3,4.38
16670,0,4,7.8,5.27
16671,7,2,8.8,5.38
16672,2,3,2.3,5.53
16673,3,0,6.4,4.99
16674,2,1,2.6,3.56
16675,6,4,1.4,5.49
16676,6,3,2.9,3.84
16677,2,3,1.6,5.08
16678,7,0,2.4,5.57
16679,0,2,8.6,3.35
16680,4,2,5.3,5.63
16681,4,0,1.2,5.45
16682,5,1,0.2,8.01
16683,0,2,0.5,5.99
16684,0,1,5.5,5.0
16685,3,4,6.1,5.93
16686,3,4,2.5,4.53
16687,4,2,3.7,3.57
16688,0,1,6.9,4.53
16689,5,1,7.0,4.36
16690,5,1,6.4,4.7
16691,1,1,8.7,6.79
16692,2,1,0.5,4.4
16693,0,2,4.8,5.24
16694,6,2,5.2,5.16
16695,1,1,3.7,6.68
16696,4,2,7.4,3.92
16697,2,3,8.9,4.36
16698,3,2,4.2,3.37
16699,4,4,0.2,4.98
16700,2,2,0.8,4.1
16701,6,3,9.1,5.76
16702,4,1,5.6,5.23
16703,5,3,7.5,6.59
16704,1,4,9.8,3.15
16705,3,1,0.2,3.92
16706,4,4,5.6,5.0
16707,1,1,1.0,6.93
16708,2,3,4.0,3.92
16709,3,2,8.1,4.24
16710,4,0,7.3,5.94
16711,4,2,2.3,2.63
16712,0,2,8.9,4.75
16713,5,3,5.1,3.9
16714,0,1,0.1,4.56
16715,6,1,7.2,4.06
16716,2,1,0.3,6.04
16717,4,1,7.7,3.97
16718,6,1,6.7,5.21
16719,7,0,6.9,5.28
16720,5,3,5.4,4.59
16721,7,1,6.7,6.02
16722,1,1,8.7,6.27
16723,7,0,1.3,5.58
16724,6,2,5.0,6.2
16725,3,3,8.2,3.94
16726,1,3,0.4,4.81
16727,1,2,1.2,6.65
16728,2,2,2.6,5.83
16729,6,1,6.7,7.03
16730,7,0,9.8,4.93
16731,5,3,2.3,4.36
16732,7,0,2.7,3.49
16733,1,3,8.7,4.79
16734,4,3,4.2,6.3
16735,0,2,9.4,7.61
16736,3,0,0.9,4.2
16737,4,3,3.7,2.4
16738,1,3,8.0,5.66
16739,0,1,1.1,4.0
16740,1,0,6.2,4.43
16741,2,3,2.7,6.79
16742,3,1,6.8,6.1
16743,1,2,2.7,2.98
16744,4,1,6.8,4.2
16745,1,3,4.0,4.44
16746,2,0,1.4,2.58
16747,3,3,8.6,3.34
16748,6,1,1.0,5.99
16749,7,4,1.1,4.64
16750,2,2,6.7,6.77
16751,7,3,3.4,3.95
16752,1,2,5.9,4.86
16753,6,0,7.4,5.89
16754,4,3,2.6,5.44
16755,5,4,5.3,6.83
16756,5,4,8.4,2.71
16757,1,2,0.3,4.08
16758,6,2,6.0,5.01
16759,4,0,2.4,4.67
16760,4,1,5.3,3.8
16761,1,2,5.0,5.37
16762,4,4,6.3,4.82
16763,3,0,3.4,4.21
16764,2,0,0.6,4.79
16765,1,1,8.8,4.9
16766,5,3,6.3,2.41
16767,0,1,4.9,6.6
16768,3,1,1.3,6.94
16769,3,1,4.3,7.41
16770,4,0,5.5,4.31
16771,6,4,0.3,4.6
16772,2,3,6.2,4.94
16773,3,0,2.1,5.25
16774,6,4,9.7,6.02
16775,4,4,5.4,7.94
16776,6,0,9.6,5.09
16777,5,0,8.0,5.79
16778,6,2,7.4,3.02
16779,0,3,5.7,4.04
16780,7,0,8.7,5.64
16781,0,4,2.4,4.56
16782,5,3,4.1,2.33
16783,7,4,8.1,4.09
16784,6,1,4.8,6.73
16785,3,1,6.6,3.12
16786,5,2,7.5,5.43
16787,3,0,5.9,2.65
16788,6,0,1.4,4.53
16789,5,4,6.6,4.43
16790,7,4,8.8,5.8
16791,4,1,2.9,4.85
16792,4,4,1.0,2.93
16793,3,2,3.0,3.09
16794,3,4,6.2,5.17
16795,4,3,8.0,3.96
16796,2,3,6.8,3.46
16797,5,2,7.2,3.46
16798,2,2,7.3,5.45
16799,5,0,9.0,4.53
16800,2,3,2.5,6.1
16801,2,4,3.0,4.32
16802,7,2,1.0,5.56
16803,5,3,6.7,5.51
16804,3,0,1.6,5.6
16805,5,1,3.2,4.09
16806,5,3,1.6,4.34
16807,7,2,9.7,4.29
16808,4,2,7.0,6.47
16809,1,4,3.6,4.92
16810,5,1,0.7,4.32
16811,0,0,1.0,3.8
16812,2,0,8.1,5.06
16813,4,3,1.5,4.46
16814,1,4,7.0,3.93
16815,6,4,9.6,6.52
16816,7,1,1.1,6.24
16817,6,0,0.6,4.4
16818,3,2,4.3,4.99
16819,6,3,8.7,6.58
16820,6,3,8.8,5.86
16821,5,0,2.5,3.22
16822,6,3,2.1,5.03
16823,1,3,2.7,6.96
16824,7,1,0.9,5.07
16825,6,0,10.0,5.39
16826,3,4,2.7,4.82
16827,6,0,8.6,4.75
16828,0,4,0.4,4.25
16829,6,4,3.9,4.37
16830,6,0,7.7,5.98
16831,6,4,8.3,5.8
16832,4,3,5.0,3.02
16833,2,3,7.2,6.6
16834,4,1,2.5,4.11
16835,1,1,4.4,4.39
16836,0,0,7.6,5.11
16837,0,2,5.7,4.41
16838,3,2,0.4,5.16
16839,4,2,4.4,5.43
16840,4,0,2.3,4.02
16841,7,3,6.1,6.95
16842,6,3,8.3,6.14
16843,7,0,4.6,4.11
16844,4,3,6.9,5.12
16845,4,2,2.3,5.11
16846,5,4,6.2,5.96
16847,5,2,4.1,5.34
16848,2,4,3.7,5.58
16849,2,3,4.6,4.28
16850,4,4,6.8,4.38
16851,5,0,3.6,5.15
16852,3,1,1.7,5.2
16853,1,0,9.2,6.66
16854,6,3,0.2,5.37
16855,2,3,7.6,5.28
16856,2,4,7.1,4.32
16857,0,4,7.6,7.05
16858,3,2,9.9,4.82
16859,4,1,4.0,3.07
16860,6,4,6.8,4.34
16861,6,0,6.7,3.81
16862,2,3,6.2,6.05
16863,5,2,2.5,7.5
16864,5,4,0.0,3.59
16865,4,1,7.5,5.76
16866,7,3,7.1,3.95
16867,3,4,5.3,5.66
16868,2,1,5.7,6.35
16869,2,4,8.4,4.02
16870,4,2,9.7,4.87
16871,1,1,5.2,3.93
16872,0,0,0.5,4.83
16873,0,4,6.7,3.98
16874,0,0,4.1,5.39
16875,6,2,8.6,4.42
16876,4,3,2.2,2.21
16877,2,3,4.8,4.18
16878,7,0,9.2,4.97
16879,1,1,8.6,5.7
16880,1,1,6.2,4.8
16881,2,3,4.0,5.8
16882,0,1,4.7,4.4
16883,6,0,9.6,4.86
16884,3,2,8.0,5.34
16885,4,3,8.4,5.89
16886,0,0,4.8,4.27
16887,3,0,2.0,5.16
16888,3,3,9.5,5.89
16889,1,3,1.1,4.58
16890,1,1,3.6,8.12
16891,4,3,1.2,4.65
16892,0,2,5.5,4.36
16893,3,3,3.9,5.42
16894,4,4,6.1,8.77
16895,2,1,0.2,5.4
16896,0,2,8.0,3.34
16897,3,1,0.0,3.07
16898,5,0,8.1,5.14
16899,1,3,6.6,6.08
16900,7,4,2.3,1.94
16901,4,4,6.0,6.08
16902,0,3,2.9,4.85
16903,7,0,5.4,4.08
16904,2,1,8.8,4.65
16905,3,0,5.6,6.45
16906,2,3,6.9,5.43
16907,2,4,6.8,3.82
16908,6,4,2.2,5.78
16909,5,3,2.5,5.63
16910,6,3,3.9,4.99
16911,6,2,4.5,6.1
16912,3,0,8.4,5.79
16913,3,1,8.3,5.89
16914,1,0,0.9,3.76
16915,4,0,7.2,6.04
16916,6,0,8.2,5.24
16917,4,0,9.5,4.31
16918,7,3,6.8,4.61
16919,3,1,2.8,6.3
16920,5,1,3.8,6.77
16921,5,3,0.7,5.72
16922,1,0,1.0,4.08
16923,2,2,9.7,4.72
16924,4,1,3.2,5.43
16925,7,4,1.9,4.99
16926,2,3,2.3,4.45
16927,6,4,6.7,5.65
16928,5,3,3.6,3.31
16929,3,0,3.5,4.99
16930,7,4,1.0,7.54
16931,0,3,9.5,5.11
16932,4,4,5.8,5.36
16933,1,0,7.6,4.25
16934,7,2,5.2,4.43
16935,4,0,0.3,3.02
16936,0,2,3.4,1.78
16937,7,0,1.9,3.22
16938,5,2,2.3,7.3
16939,7,4,0.7,6.47
16940,3,2,7.4,4.52
16941,0,1,4.7,6.09
16942,3,0,1.0,5.02
16943,0,0,1.6,6.33
16944,6,4,4.0,2.84
16945,0,0,1.1,4.93
16946,5,4,1.0,4.52
16947,5,1,1.3,5.95
16948,4,2,7.2,5.92
16949,3,1,5.3,5.06
16950,4,1,5.6,4.53
16951,0,4,2.6,5.73
16952,7,3,2.1,3.04
16953,2,1,4.0,2.31
16954,6,0,2.7,6.85
16955,2,4,4.9,3.91
16956,6,0,7.5,5.12
16957,1,4,4.8,4.37
16958,1,0,3.8,7.15
16959,4,2,9.8,4.0
16960,0,2,0.0,4.54
16961,4,4,2.1,4.47
16962,5,4,2.0,3.18
16963,3,3,5.5,3.0
16964,5,2,4.6,3.9
16965,4,4,0.8,5.22
16966,1,2,8.4,5.98
16967,1,4,5.1,3.96
16968,7,0,4.9,5.5
16969,3,0,2.1,7.75
16970,1,1,9.3,5.08
16971,1,0,7.8,4.89
16972,0,3,4.8,4.3
16973,2,0,7.6,6.1
16974,5,0,3.0,3.09
16975,6,0,6.7,2.76
16976,0,2,8.7,5.59
16977,2,0,3.2,4.07
16978,3,2,9.3,3.73
16979,1,0,6.2,5.85
16980,7,4,9.5,4.26
16981,7,2,3.6,2.58
16982,2,1,4.4,4.98
16983,5,3,4.3,5.0
16984,3,3,9.4,4.47
16985,1,0,7.3,3.71
16986,2,1,3.6,5.84
16987,3,1,6.3,4.3
16988,0,0,2.6,6.85
16989,6,1,9.8,3.63
16990,4,0,7.8,7.44
16991,1,3,8.8,4.22
16992,4,1,1.2,5.24
16993,4,4,3.1,0.9
16994,2,2,1.2,4.76
16995,4,4,1.2,4.31
16996,1,4,3.0,5.85
16997,7,2,3.0,5.22
16998,1,1,2.0,5.1
16999,6,2,0.4,4.77
17000,1,1,4.8,6.4
17001,4,1,8.7,4.67
17002,0,3,1.7,6.48
17003,3,0,4.0,3.11
17004,2,2,7.2,6.81
17005,2,3,1.0,7.33
17006,3,3,7.4,5.3
17007,5,1,0.4,3.8
17008,0,2,3.6,4.77
17009,4,1,2.4,3.71
17010,2,4,7.8,2.62
17011,1,0,6.0,4.57
17012,3,0,4.8,3.55
17013,3,2,7.4,5.09
17014,7,4,2.5,5.47
17015,5,4,3.2,3.45
17016,6,4,5.1,4.22
17017,3,0,4.7,2.9
17018,5,3,2.2,5.67
17019,5,3,6.8,6.27
17020,0,1,5.6,4.84
17021,0,0,6.4,5.56
17022,0,2,8.3,6.11
17023,0,3,2.1,4.44
17024,4,1,2.9,5.77
17025,0,4,8.0,4.24
17026,7,1,6.7,6.41
17027,7,3,6.7,4.82
17028,3,3,5.3,5.49
17029,5,0,4.0,3.93
17030,1,0,4.6,5.76
17031,1,2,6.0,6.42
17032,3,2,5.4,4.93
17033,4,0,4.5,6.49
17034,0,0,1.8,5.5
17035,3,2,9.3,5.44
17036,4,4,1.8,4.1
17037,0,4,7.7,4.14
17038,4,4,7.8,4.05
17039,6,4,5.6,4.08
17040,0,0,4.2,5.04
17041,2,1,8.0,6.28
17042,7,0,1.1,6.7
17043,0,4,9.6,3.56
17044,6,3,4.2,3.25
17045,3,0,8.9,4.67
17046,2,4,5.5,3.5
17047,3,0,5.8,7.09
17048,2,3,6.9,2.62
17049,6,2,0.3,4.15
17050,7,2,7.8,6.61
17051,5,3,9.6,5.49
17052,6,1,5.1,5.19
17053,0,0,5.0,5.71
17054,4,1,6.8,2.66
17055,1,2,2.4,4.89
17056,6,3,4.4,4.95
17057,6,3,6.1,3.71
17058,4,0,7.2,5.59
17059,4,0,7.1,7.32
17060,4,4,7.7,6.74
17061,2,4,9.1,5.26
17062,5,3,8.2,6.53
17063,6,1,8.3,5.08
17064,1,0,5.5,5.42
17065,3,4,9.5,4.62
17066,6,3,5.3,3.93
17067,2,0,6.6,4.65
17068,5,0,1.6,6.22
17069,6,3,9.3,3.17
17070,6,0,0.2,2.7
17071,4,4,9.9,5.05
17072,6,2,3.8,4.06
17073,4,3,6.1,3.79
17074,4,2,0.1,3.65
17075,1,3,5.0,5.08
17076,2,4,9.1,3.43
17077,7,1,6.8,6.02
17078,2,3,1.5,4.35
17079,2,2,0.4,6.48
17080,6,0,2.5,4.29
17081,1,4,8.5,5.26
17082,2,2,1.9,4.98
17083,7,3,9.2,4.24
17084,4,4,4.8,4.58
17085,7,2,2.8,5.03
17086,4,1,7.6,5.6
17087,4,1,4.9,3.65
17088,3,1,8.1,6.41
17089,0,1,0.9,6.05
17090,1,4,3.7,3.98
17091,6,3,4.2,5.86
17092,5,2,9.8,4.39
17093,1,1,5.2,2.91
17094,4,1,6.1,3.57
17095,7,3,4.5,1.55
17096,0,0,7.3,2.12
17097,6,4,3.1,4.1
17098,2,3,2.2,4.05
17099,3,1,8.8,6.56
17100,6,4,6.1,4.27
17101,3,1,5.1,6.41
17102,0,3,5.4,6.88
17103,7,0,2.2,4.36
17104,2,1,7.7,4.47
17105,5,3,1.0,4.87
17106,0,0,7.1,4.41
17107,5,1,1.8,5.92
17108,4,0,0.5,3.74
17109,1,2,9.1,6.01
17110,2,0,0.3,3.73
17111,7,0,0.7,2.85
17112,7,1,8.9,4.07
17113,4,4,6.0,2.53
17114,4,3,2.2,6.08
17115,2,1,4.7,6.49
17116,3,4,2.6,5.86
17117,4,4,7.2,4.53
17118,6,0,4.7,5.4
17119,5,2,4.2,6.74
17120,0,2,0.0,3.96
17121,6,1,8.8,3.16
17122,3,1,5.5,4.27
17123,6,3,5.3,4.53
17124,4,0,3.4,6.02
17125,6,3,3.4,6.37
17126,0,0,2.4,6.02
17127,1,4,2.3,5.11
17128,0,4,3.3,5.53
17129,3,2,5.1,3.24
17130,0,2,4.3,3.85
17131,2,4,1.1,5.42
17132,0,3,7.7,3.24
17133,2,2,2.4,2.94
17134,3,4,7.4,3.33
17135,4,1,6.6,2.1
17136,1,4,7.8,4.83
17137,6,4,3.0,4.32
17138,0,3,1.4,4.55
17139,7,0,0.5,5.02
17140,0,0,7.1,6.44
17141,4,2,1.7,5.3
17142,0,2,6.7,3.71
17143,4,3,6.3,2.46
17144,6,0,8.2,8.13
17145,4,0,6.8,4.46
17146,6,2,3.4,5.78
17147,5,3,7.2,4.85
17148,6,3,10.0,6.5
17149,1,2,5.2,5.39
17150,1,4,8.2,4.37
17151,7,3,0.2,5.97
17152,5,0,3.9,6.41
17153,7,0,9.1,3.7
17154,6,2,8.6,6.04
17155,2,3,5.9,6.12
17156,5,2,4.4,4.36
17157,7,4,5.5,4.76
17158,4,1,1.8,4.92
17159,7,4,7.5,4.71
17160,7,1,5.0,7.21
17161,1,1,9.1,4.94
17162,3,2,1.2,4.75
17163,6,3,3.5,5.27
17164,6,0,9.2,7.26
17165,1,0,7.6,3.1
17166,3,3,2.5,3.75
17167,0,1,7.4,6.51
17168,3,2,0.3,4.55
17169,2,0,2.6,8.08
17170,2,4,3.0,5.38
17171,4,4,1.2,6.97
17172,1,2,2.0,5.19
17173,3,2,6.8,3.98
17174,2,1,3.6,3.78
17175,2,0,1.3,4.05
17176,2,1,6.9,5.37
17177,5,0,8.7,6.25
17178,6,3,8.4,4.63
17179,2,4,9.6,3.87
17180,6,3,1.0,3.87
17181,7,4,3.8,5.81
17182,0,3,7.4,3.21
17183,5,3,5.6,7.12
17184,3,4,9.7,5.04
17185,7,3,2.9,6.01
17186,0,1,3.4,6.58
17187,7,4,5.4,5.47
17188,2,3,0.3,5.2
17189,3,0,2.4,5.92
17190,6,0,3.7,4.57
17191,1,0,7.8,5.67
17192,4,3,4.0,5.24
17193,0,1,0.3,5.66
17194,4,3,2.4,5.64
17195,4,4,8.0,4.44
17196,6,4,3.9,5.35
17197,4,3,2.3,4.63
17198,0,1,3.8,3.92
17199,3,1,8.6,4.57
17200,1,4,1.5,5.26
17201,4,1,6.3,4.16
17202,2,1,7.4,2.03
17203,7,3,4.2,4.11
17204,6,4,0.7,6.5
17205,2,1,8.8,5.03
17206,4,2,2.6,7.02
17207,7,2,9.7,2.73
17208,1,1,2.3,6.17
17209,0,0,4.1,6.17
17210,5,4,6.1,5.38
17211,6,1,7.7,2.94
17212,1,1,9.2,3.94
17213,3,1,4.0,4.73
17214,2,3,8.9,4.58
17215,5,0,1.8,4.4
17216,3,3,7.5,6.31
17217,7,2,7.0,5.81
17218,2,1,8.1,7.17
17219,0,1,8.6,6.0
17220,1,4,4.0,7.15
17221,6,0,6.1,2.33
17222,4,0,7.6,5.81
17223,3,3,8.2,3.67
17224,4,4,3.6,4.27
17225,6,3,5.6,1.93
17226,7,4,5.9,6.3
17227,4,2,3.7,4.13
17228,1,0,9.4,3.98
17229,1,4,2.0,3.46
17230,7,1,7.1,7.11
17231,1,3,6.6,6.24
17232,4,3,8.0,4.84
17233,2,0,9.7,4.75
17234,4,4,9.0,2.03
17235,3,0,8.5,5.32
17236,4,3,7.4,6.35
17237,3,3,2.5,4.75
17238,6,2,9.0,3.84
17239,4,4,5.0,5.5
17240,3,4,5.0,3.45
17241,4,4,3.3,6.6
17242,4,3,3.4,4.63
17243,1,3,5.5,3.64
17244,2,4,8.2,6.0
17245,1,3,7.4,4.43
17246,7,0,6.8,6.95
17247,2,1,9.5,4.86
17248,1,2,2.0,6.12
17249,2,0,9.5,4.54
17250,0,4,4.7,3.89
17251,5,1,0.0,5.52
17252,6,4,0.3,4.62
17253,3,1,0.5,5.02
17254,1,2,5.9,5.5
17255,0,0,4.4,4.81
17256,7,2,7.4,4.25
17257,3,0,7.9,5.26
17258,2,3,5.8,6.03
17259,0,4,7.8,5.32
17260,3,2,6.4,6.11
17261,7,1,7.0,5.15
17262,4,1,7.7,5.18
17263,5,4,5.6,3.86
17264,6,0,7.1,3.82
17265,6,0,1.4,2.04
17266,6,4,8.4,5.9
17267,1,2,9.8,5.34
17268,3,3,4.8,5.75
17269,5,1,8.8,3.02
17270,5,2,3.1,6.24
17271,3,1,2.7,5.58
17272,4,2,1.5,4.71
17273,2,3,5.0,4.74
17274,0,2,9.4,5.66
17275,5,3,0.3,5.45
17276,5,2,4.0,3.05
17277,7,1,5.6,4.37
17278,0,4,9.9,5.47
17279,6,0,9.2,4.41
17280,0,1,3.0,6.49
17281,7,3,3.0,6.02
17282,5,0,7.7,3.91
17283,2,4,5.9,6.11
17284,5,2,7.6,8.09
17285,2,4,9.3,4.93
17286,5,4,1.0,2.91
17287,1,3,0.5,6.54
17288,7,3,7.1,5.26
17289,4,4,2.8,4.71
17290,2,0,8.7,4.88
17291,0,3,1.5,5.49
17292,1,0,1.9,3.61
17293,0,3,1.3,4.86
17294,4,3,9.4,5.3
17295,0,0,4.4,4.99
17296,2,4,9.9,5.07
17297,1,4,1.9,5.99
17298,1,4,4.9,4.14
17299,6,0,7.4,7.37
17300,2,4,5.1,6.67
17301,7,1,7.7,6.92
17302,5,2,4.7,4.09
17303,7,2,5.3,6.61
17304,5,3,1.7,4.45
17305,4,1,9.2,3.24
17306,2,4,1.6,5.76
17307,1,3,7.5,5.0
17308,1,2,7.9,4.48
17309,0,4,7.1,4.28
17310,2,0,3.2,4.06
17311,0,3,5.1,5.77
17312,7,0,6.8,4.61
17313,7,2,1.5,4.06
17314,6,4,1.9,4.37
17315,5,1,7.3,4.69
17316,6,4,10.0,3.35
17317,6,4,1.4,3.42
17318,1,2,1.2,4.42
17319,2,1,2.3,5.07
17320,3,2,6.9,3.59
17321,1,3,7.1,3.91
17322,7,2,7.5,4.19
17323,0,2,3.9,7.12
17324,3,1,2.5,4.33
17325,4,4,4.0,4.14
17326,4,3,9.3,4.81
17327,6,4,9.3,6.33
17328,4,4,5.9,5.86
17329,5,2,9.8,4.86
17330,7,1,9.3,5.98
17331,0,4,2.5,3.24
17332,7,2,0.1,5.93
17333,3,3,5.0,3.86
17334,7,2,5.7,4.63
17335,5,3,1.7,6.51
17336,0,3,0.6,3.09
17337,5,3,4.8,2.66
17338,6,0,2.8,6.33
17339,0,1,1.2,5.71
17340,2,3,4.9,5.15
17341,4,0,6.8,4.65
17342,2,3,9.9,3.89
17343,1,0,2.3,5.05
17344,5,1,1.1,5.32
17345,0,3,8.7,6.41
17346,0,1,6.6,5.59
17347,7,2,1.2,6.48
17348,1,3,9.2,2.94
17349,7,1,6.6,5.19
17350,3,0,8.8,4.22
17351,4,4,6.3,4.51
17352,4,2,6.8,2.8
17353,3,3,6.8,4.77
17354,3,4,5.3,6.66
17355,2,0,8.2,3.52
17356,7,4,7.6,4.08
17357,5,4,9.6,6.03
17358,6,3,6.7,4.55
17359,3,1,6.9,3.5
17360,7,0,3.5,4.15
17361,6,3,4.3,5.04
17362,2,3,0.2,4.74
17363,3,4,7.8,5.45
17364,4,3,2.5,5.9
17365,4,1,8.8,3.78
17366,6,1,6.0,5.65
17367,4,4,9.9,2.37
17368,6,3,2.9,6.6
17369,6,3,3.2,3.66
17370,0,4,2.7,5.49
17371,6,0,4.2,4.63
17372,1,0,2.9,7.13
17373,0,4,8.5,5.54
17374,0,1,6.0,5.17
17375,6,2,2.8,5.41
17376,7,3,5.7,4.1
17377,1,0,3.1,7.77
17378,3,1,1.2,5.57
17379,5,3,6.8,3.0
17380,5,3,9.9,2.8
17381,5,0,4.0,6.59
17382,1,1,7.1,4.13
17383,2,4,3.1,5.21
17384,2,1,0.5,5.91
17385,6,0,6.3,4.3
17386,0,1,3.7,6.43
17387,7,2,5.5,4.98
17388,6,0,7.4,4.48
17389,3,3,4.7,7.1
17390,2,4,6.4,4.84
17391,4,3,3.0,6.51
17392,5,2,5.6,6.34
17393,7,2,3.2,4.44
17394,5,2,8.0,4.97
17395,2,2,6.3,3.39
17396,1,4,5.8,5.99
17397,7,3,9.6,3.37
17398,1,3,0.1,6.42
17399,4,2,7.2,6.47
17400,2,0,7.5,3.3
17401,4,0,1.3,5.72
17402,1,3,6.9,6.3
17403,4,2,8.4,6.81
17404,6,4,7.3,4.81
17405,5,1,3.5,4.19
17406,2,3,3.3,4.22
17407,4,4,3.1,3.66
17408,5,4,2.6,3.73
17409,5,3,5.1,3.46
17410,0,2,6.1,5.44
17411,3,3,3.4,3.62
17412,6,3,5.0,5.1
17413,5,2,5.2,5.24
17414,3,4,0.8,5.44
17415,0,0,7.8,8.37
17416,6,3,4.1,4.08
17417,3,4,0.4,4.5
17418,2,2,8.6,3.52
17419,1,3,8.1,5.2
17420,1,3,2.8,5.11
17421,0,4,4.5,4.23
17422,3,3,6.0,6.39
17423,5,1,4.6,3.58
17424,6,1,1.6,4.18
17425,1,0,2.2,5.32
17426,6,2,6.6,5.14
17427,5,1,6.9,3.52
17428,5,4,7.9,4.74
17429,4,0,8.5,3.92
17430,2,1,2.9,5.27
17431,5,1,7.6,4.07
17432,1,4,6.3,4.44
17433,7,4,8.5,6.81
17434,7,3,4.8,3.7
17435,3,2,6.2,2.78
17436,5,2,9.6,5.31
17437,2,1,3.1,6.9
17438,3,2,4.2,5.42
17439,2,3,9.2,6.27
17440,0,2,6.3,4.81
17441,6,0,7.4,5.62
17442,6,3,6.7,6.69
17443,4,2,3.6,2.57
17444,2,2,6.0,5.51
17445,4,1,4.4,3.22
17446,3,1,9.1,5.14
17447,1,3,5.2,3.67
17448,6,1,5.2,2.6
17449,5,3,4.7,3.84
17450,3,3,9.6,4.14
17451,0,2,6.2,6.71
17452,4,3,3.6,5.2
17453,3,3,5.7,4.28
17454,2,2,4.8,5.47
17455,4,2,7.9,4.82
17456,3,4,9.5,5.88
17457,0,1,1.9,6.61
17458,4,2,8.4,5.9
17459,6,1,8.0,5.52
17460,5,0,1.8,4.19
17461,7,2,9.8,3.38
17462,6,1,5.0,3.39
17463,5,1,0.0,5.15
17464,7,3,5.0,6.25
17465,4,3,2.5,7.17
17466,4,4,8.5,5.53
17467,6,0,5.3,5.46
17468,0,0,8.8,4.81
17469,4,4,4.7,5.68
17470,6,3,8.2,5.86
17471,3,1,4.5,5.35
17472,1,2,0.4,5.28
17473,4,2,3.8,6.51
17474,6,3,1.4,7.51
17475,5,3,8.3,6.62
17476,1,2,9.5,5.44
17477,6,3,1.5,4.51
17478,2,1,8.0,4.09
17479,2,1,0.2,5.31
17480,4,0,2.3,3.12
17481,1,4,6.8,3.37
17482,0,1,5.0,7.43
17483,0,1,5.4,7.67
17484,4,3,4.6,5.27
17485,3,2,4.2,3.38
17486,6,1,9.3,4.17
17487,5,3,6.6,6.43
17488,6,0,8.5,5.24
17489,0,1,5.3,3.23
17490,2,2,3.6,6.81
17491,5,1,9.4,3.97
17492,0,4,8.9,3.55
17493,3,0,6.7,4.54
17494,5,1,7.0,4.8
17495,3,2,8.3,3.66
17496,2,0,3.0,5.01
17497,1,2,7.4,3.48
17498,0,1,5.2,3.31
17499,5,4,8.3,3.58
17500,2,2,2.1,4.83
17501,5,0,1.1,3.83
17502,6,2,8.5,5.51
17503,4,3,3.4,4.52
17504,1,2,9.5,4.6
17505,6,1,9.7,5.99
17506,7,4,4.1,4.57
17507,5,2,0.3,3.78
17508,3,3,1.5,2.97
17509,7,3,7.3,2.83
17510,6,0,0.5,6.23
17511,1,4,4.9,3.21
17512,1,1,6.7,4.6
17513,3,0,8.4,1.96
17514,1,2,0.1,3.95
17515,0,1,5.3,4.33
17516,2,4,7.5,5.03
17517,5,2,7.4,4.96
17518,4,0,8.6,4.22
17519,2,1,6.8,6.78
17520,7,0,8.8,5.28
17521,4,4,7.5,5.05
17522,7,2,9.8,3.58
17523,4,2,0.9,5.3
17524,5,3,4.2,5.29
17525,2,0,9.2,5.49
17526,0,0,3.2,4.99
17527,4,4,7.4,4.12
17528,5,2,8.6,5.75
17529,1,3,8.9,5.91
17530,6,4,6.1,3.0
17531,5,3,7.3,5.26
17532,6,2,4.3,6.37
17533,4,2,9.7,2.89
17534,1,3,3.7,7.04
17535,3,3,9.0,2.98
17536,4,1,4.7,5.41
17537,1,1,0.5,6.2
17538,5,2,3.5,4.52
17539,5,0,1.3,5.26
17540,5,2,9.5,6.08
17541,1,1,1.4,4.28
17542,4,0,9.7,4.41
17543,3,3,9.3,6.15
17544,3,1,1.6,4.69
17545,3,3,9.8,4.53
17546,0,4,2.9,5.26
17547,2,3,7.2,7.23
17548,3,0,5.3,2.21
17549,4,0,5.2,3.82
17550,7,0,1.5,5.92
17551,1,4,9.5,4.26
17552,4,4,4.9,4.78
17553,6,2,5.1,6.13
17554,5,0,0.1,5.01
17555,2,0,3.6,3.44
17556,3,2,7.1,5.24
17557,3,4,0.0,5.34
17558,7,3,7.5,5.19
17559,1,3,3.7,3.55
17560,4,1,6.5,4.5
17561,1,0,1.8,2.6
17562,4,2,5.0,3.86
17563,2,0,1.0,4.88
17564,7,3,5.9,4.82
17565,0,2,4.9,4.14
17566,0,3,8.2,5.05
17567,1,4,6.4,4.52
17568,3,1,8.3,6.29
17569,1,1,1.7,3.18
17570,1,4,7.3,5.28
17571,4,3,7.3,3.16
17572,5,4,9.1,4.97
17573,1,1,4.7,2.85
17574,4,3,2.3,4.28
17575,7,1,9.0,4.96
17576,6,1,3.7,5.0
17577,1,2,5.9,5.29
17578,2,0,0.7,4.27
17579,2,2,5.9,5.36
17580,7,1,1.1,4.01
17581,1,4,4.3,5.67
17582,5,2,5.0,6.48
17583,3,4,8.8,5.53
17584,3,2,0.6,3.8
17585,0,4,7.4,5.34
17586,0,0,9.6,5.62
17587,6,2,2.4,4.49
17588,1,2,3.8,4.97
17589,7,3,9.7,5.38
17590,4,4,1.0,6.96
17591,7,0,3.9,5.73
17592,6,2,7.1,5.41
17593,1,0,5.8,4.4
17594,4,2,9.6,4.87
17595,2,3,3.9,5.93
17596,1,1,6.8,5.46
17597,3,4,5.8,5.22
17598,0,0,0.3,4.2
17599,1,1,6.2,4.16
17600,6,2,2.4,3.77
17601,5,2,4.4,7.38
17602,6,4,1.5,3.54
17603,2,3,4.8,5.07
17604,3,4,5.0,5.83
17605,6,1,6.4,3.61
17606,4,4,4.6,5.3
17607,5,1,3.7,6.94
17608,1,0,7.9,6.12
17609,7,2,9.5,6.25
17610,7,0,9.8,5.06
17611,2,2,5.5,6.58
17612,3,0,5.0,4.68
17613,7,0,3.3,3.18
17614,5,0,4.4,4.29
17615,4,3,7.9,8.12
17616,0,4,8.7,6.3
17617,0,3,5.8,6.14
17618,7,1,0.9,4.57
17619,7,0,1.4,5.39
17620,3,1,5.0,5.57
17621,1,3,1.1,6.0
17622,3,3,9.3,2.14
17623,7,3,3.4,4.41
17624,2,1,4.1,2.3
17625,5,4,10.0,5.91
17626,1,4,9.7,6.98
17627,2,2,0.1,3.66
17628,5,4,8.1,4.85
17629,4,0,3.6,5.46
17630,0,3,7.1,6.14
17631,7,1,8.2,5.07
17632,1,2,2.4,4.76
17633,4,3,6.2,7.5
17634,7,2,9.1,2.85
17635,7,2,4.4,6.02
17636,2,1,6.6,4.65
17637,5,1,6.2,5.58
17638,2,2,9.8,4.94
17639,5,4,7.3,2.19
17640,5,4,3.4,3.0
17641,4,1,2.7,5.09
17642,0,1,1.1,5.18
17643,2,3,1.1,4.71
17644,0,4,3.6,5.76
17645,0,0,2.9,3.96
17646,5,2,8.0,3.92
17647,6,4,9.0,6.64
17648,5,2,7.7,5.24
17649,0,4,3.4,4.26
17650,0,1,8.1,5.78
17651,7,3,4.9,5.03
17652,1,2,7.5,4.6
17653,4,2,0.8,5.89
17654,0,3,7.1,2.53
17655,0,0,0.8,6.64
17656,1,4,7.8,5.55
17657,1,1,5.5,6.88
17658,3,0,3.8,5.53
17659,3,4,4.6,5.33
17660,1,2,9.5,3.44
17661,5,1,2.7,4.94
17662,4,2,1.3,3.88
17663,3,3,6.8,3.97
17664,1,2,0.7,4.27
17665,3,2,3.4,4.56
17666,5,2,2.4,4.92
17667,5,0,1.5,4.93
17668,5,2,2.8,6.44
17669,6,3,5.1,6.18
17670,3,3,2.2,3.96
17671,7,3,0.5,3.74
17672,4,1,3.9,5.48
17673,4,3,3.9,1.93
17674,4,2,8.6,5.04
17675,7,1,8.0,5.06
17676,4,3,9.9,5.6
17677,3,4,9.7,4.49
17678,5,0,5.0,2.59
17679,0,1,3.1,8.27
17680,7,0,7.2,4.65
17681,0,2,7.4,2.71
17682,6,2,4.8,4.87
17683,1,4,1.4,7.63
17684,2,4,8.3,5.77
17685,4,2,1.4,5.68
17686,1,3,5.0,4.68
17687,1,1,6.9,4.16
17688,1,1,6.2,7.15
17689,2,3,6.6,5.19
17690,7,1,1.4,6.05
17691,1,2,4.9,5.01
17692,3,1,3.0,4.61
17693,5,0,4.4,5.82
17694,2,1,7.8,4.28
17695,7,3,2.7,5.95
17696,5,2,8.6,2.49
17697,2,1,2.1,3.37
17698,5,1,1.5,6.12
17699,5,0,4.1,8.13
17700,0,3,3.3,3.93
17701,0,2,8.2,2.61
17702,7,0,5.6,6.35
17703,1,4,9.9,5.14
17704,6,3,7.8,3.61
17705,4,3,7.1,3.85
17706,3,4,0.3,5.91
17707,5,1,8.0,4.79
17708,3,1,2.3,5.35
17709,5,0,4.2,4.6
17710,0,3,5.5,5.75
17711,3,1,3.0,3.88
17712,6,1,2.6,7.06
17713,1,3,3.8,4.74
17714,6,2,4.6,5.23
17715,2,4,2.8,6.06
17716,7,2,6.1,6.28
17717,0,4,5.6,3.85
17718,0,1,6.5,3.96
17719,3,2,3.2,3.91
17720,6,3,4.5,4.49
17721,1,1,9.4,6.72
17722,7,3,8.1,4.0
17723,2,0,4.6,4.26
17724,4,1,7.0,6.88
17725,0,0,3.9,3.44
17726,4,4,7.5,4.67
17727,7,2,1.3,3.25
17728,1,3,4.0,6.08
17729,3,0,3.5,6.33
17730,1,0,6.1,3.96
17731,5,1,6.9,4.82
17732,3,4,8.4,5.43
17733,1,3,5.7,2.23
17734,5,2,5.9,4.02
17735,6,4,0.5,5.48
17736,5,3,5.3,2.79
17737,1,2,9.1,5.45
17738,6,0,2.5,4.82
17739,5,3,7.3,4.32
17740,3,2,5.3,4.01
17741,5,2,0.7,6.4
17742,3,1,6.2,4.63
17743,4,4,6.2,4.0
17744,0,4,7.1,6.29
17745,5,0,10.0,5.53
17746,5,2,5.7,3.33
17747,3,2,7.8,6.54
17748,0,2,6.2,4.68
17749,4,4,0.2,4.4
17750,0,2,1.8,6.16
17751,7,0,9.2,3.26
17752,3,3,2.9,6.89
17753,2,2,4.2,4.51
17754,7,4,2.1,4.63
17755,2,4,7.9,6.73
17756,3,3,6.2,3.87
17757,7,3,9.8,4.3
17758,4,1,1.7,5.17
17759,5,4,3.7,4.44
17760,2,3,1.3,6.36
17761,1,0,3.4,4.98
17762,5,3,4.7,7.78
17763,3,4,0.9,5.48
17764,2,3,5.4,5.55
17765,6,0,8.4,5.36
17766,0,3,8.2,5.89
17767,7,2,6.9,5.13
17768,4,1,6.5,5.42
17769,6,3,5.8,5.2
17770,3,4,2.8,6.52
17771,3,3,0.8,5.99
17772,3,1,0.5,4.12
17773,0,3,2.6,4.44
17774,6,2,6.0,4.45
17775,5,3,8.0,3.62
17776,6,3,7.8,4.07
17777,5,1,6.2,3.87
17778,1,1,1.8,4.81
17779,2,4,4.8,4.64
17780,2,3,3.1,4.27
17781,7,4,0.2,3.97
17782,0,2,0.1,3.42
17783,4,1,0.3,5.81
17784,6,4,1.3,5.9
17785,3,1,1.2,4.86
17786,5,4,1.3,5.45
17787,5,2,1.7,4.45
17788,4,1,5.8,4.9
17789,1,0,10.0,4.26
17790,7,4,9.1,3.83
17791,0,0,0.2,5.86
17792,0,4,8.9,4.82
17793,4,3,0.1,4.97
17794,3,4,4.0,6.22
17795,5,4,4.5,2.56
17796,5,4,4.3,4.83
17797,0,4,8.5,4.36
17798,2,4,5.8,3.12
17799,5,0,2.6,4.89
17800,2,3,1.6,4.93
17801,7,2,1.5,5.93
17802,5,2,10.0,5.3
17803,1,0,0.6,3.08
17804,0,0,7.0,3.69
17805,3,1,0.9,6.51
17806,7,0,9.7,5.29
17807,0,3,0.8,7.17
17808,4,0,8.1,5.51
17809,6,4,7.4,4.57
17810,1,1,3.1,5.17
17811,0,3,2.3,3.35
17812,2,0,0.6,6.35
17813,2,4,2.5,5.02
17814,6,4,7.3,6.25
17815,2,3,6.8,4.15
17816,0,0,6.1,5.03
17817,7,4,1.7,8.13
17818,1,0,7.0,4.38
17819,6,4,3.1,4.59
17820,4,1,2.1,4.78
17821,5,4,7.2,4.8
17822,2,1,0.4,3.81
17823,6,1,5.6,4.33
17824,6,0,2.7,4.72
17825,2,1,2.3,5.0
17826,0,4,9.6,3.04
17827,2,0,6.1,4.0
17828,2,4,9.0,4.94
17829,1,2,1.7,3.59
17830,6,3,3.6,4.01
17831,0,0,3.0,4.72
17832,3,1,3.3,4.82
17833,6,4,6.4,4.3
17834,7,2,4.7,6.8
17835,2,1,2.3,4.62
17836,1,3,5.1,5.57
17837,3,4,4.7,5.36
17838,6,2,7.9,3.6
17839,0,2,3.9,4.32
17840,5,3,1.0,2.68
17841,4,4,5.6,6.28
17842,0,0,3.2,5.54
17843,2,3,3.7,5.76
17844,1,3,9.9,6.01
17845,6,4,2.6,3.18
17846,5,1,9.2,5.85
17847,4,0,5.3,4.93
17848,5,0,3.5,5.11
17849,4,3,8.3,5.92
17850,3,2,0.7,5.4
17851,1,0,7.9,4.74
17852,0,4,3.6,6.38
17853,0,0,6.0,4.54
17854,1,4,5.5,6.05
17855,6,2,6.6,4.48
17856,4,4,8.0,5.48
17857,0,4,2.8,4.26
17858,7,1,6.6,4.17
17859,6,3,9.1,4.11
17860,2,3,7.7,6.39
17861,3,0,8.6,6.81
17862,6,2,0.7,4.95
17863,1,3,6.1,4.28
17864,3,1,2.0,4.05
17865,7,1,7.8,1.91
17866,7,4,4.4,4.37
17867,3,0,3.4,5.79
17868,4,1,2.4,5.36
17869,0,4,8.1,3.27
17870,4,2,5.0,6.41
17871,5,1,7.2,5.34
17872,6,1,1.9,5.5
17873,2,3,4.3,5.19
17874,1,3,0.2,6.52
17875,0,1,7.3,5.15
17876,2,2,8.7,6.15
17877,7,2,7.0,4.09
17878,0,0,6.3,5.74
17879,3,3,0.5,1.75
17880,5,2,0.2,4.33
17881,0,2,2.2,5.86
17882,4,2,1.4,2.88
17883,4,3,7.0,3.49
17884,2,3,5.7,5.79
17885,7,4,9.1,4.39
17886,6,0,2.2,5.2
17887,5,1,9.9,5.4
17888,3,1,6.1,3.67
17889,1,0,8.6,5.04
17890,6,1,0.7,4.04
17891,2,1,8.1,4.82
17892,4,2,5.4,5.3
17893,2,4,4.2,5.41
17894,2,3,0.7,5.68
17895,7,4,8.6,5.68
17896,5,0,1.8,6.61
17897,2,0,6.2,5.43
17898,2,0,3.3,3.99
17899,4,2,6.9,3.32
17900,3,0,7.2,6.02
17901,6,1,6.1,5.99
17902,2,2,6.6,2.71
17903,2,2,3.4,3.71
17904,6,0,5.6,5.47
17905,6,2,1.5,5.77
17906,5,1,7.3,2.36
17907,4,0,3.4,3.06
17908,4,3,2.6,2.82
17909,7,1,0.8,4.25
17910,3,2,9.5,4.65
17911,3,3,5.3,5.85
17912,4,4,5.9,5.75
17913,7,0,1.5,6.29
17914,3,3,9.1,4.04
17915,2,3,4.0,4.94
17916,5,2,4.6,5.17
17917,1,3,7.4,6.91
17918,1,2,9.8,5.38
17919,6,3,0.3,4.34
17920,1,3,9.6,2.15
17921,6,0,9.1,4.02
17922,1,2,0.5,4.81
17923,3,2,7.5,5.09
17924,6,4,3.0,3.44
17925,4,2,9.0,3.64
17926,6,0,2.4,6.2
17927,3,2,7.5,3.73
17928,3,2,3.5,5.36
17929,2,1,3.0,5.23
17930,6,2,6.9,4.26
17931,3,0,0.5,2.66
17932,7,1,4.3,3.29
17933,0,2,0.3,4.05
17934,0,3,3.9,5.36
17935,7,2,2.0,7.21
17936,1,4,0.2,4.05
17937,5,2,4.0,5.92
17938,7,1,5.2,3.7
17939,6,2,6.6,4.18
17940,4,2,7.0,5.09
17941,0,0,9.6,1.91
17942,6,4,1.1,6.3
17943,7,4,1.4,3.75
17944,7,3,9.4,5.05
17945,4,0,4.3,5.31
17946,7,3,6.3,4.54
17947,7,1,3.1,4.81
17948,4,2,8.3,4.95
17949,7,2,2.6,5.23
17950,5,1,5.0,4.23
17951,3,2,2.3,3.93
17952,6,0,2.0,5.34
17953,0,2,2.1,6.79
17954,5,0,8.6,4.08
17955,4,4,8.7,5.34
17956,1,0,3.4,3.75
17957,5,1,5.1,5.44
17958,7,1,0.0,4.74
17959,1,3,6.0,6.14
17960,4,2,10.0,6.09
17961,5,1,7.8,3.4
17962,6,0,2.7,2.95
17963,1,2,2.9,5.3
17964,5,1,9.6,5.49
17965,4,0,3.3,5.01
17966,5,4,9.8,3.32
17967,6,2,4.6,2.41
17968,4,0,2.2,3.43
17969,7,2,7.8,3.43
17970,2,0,0.7,3.27
17971,7,0,9.0,6.02
17972,6,4,6.3,6.29
17973,5,2,4.0,5.18
17974,3,3,9.5,5.08
17975,3,4,6.5,4.42
17976,7,0,5.6,5.16
17977,0,1,3.5,2.98
17978,2,4,9.8,5.96
17979,3,3,3.3,6.29
17980,4,0,2.6,5.98
17981,5,0,2.7,7.58
17982,2,0,9.9,3.24
17983,0,0,2.2,3.88
17984,7,0,8.9,6.36
17985,6,4,5.2,4.88
17986,2,1,7.7,4.78
17987,0,3,4.8,3.35
17988,7,3,0.4,3.95
17989,5,0,4.2,4.99
17990,7,3,7.3,5.28
17991,7,0,7.7,4.03
17992,6,4,1.0,4.96
17993,6,4,3.2,4.19
17994,2,4,4.8,3.19
17995,3,3,6.2,3.04
17996,0,2,6.1,5.24
17997,6,1,6.6,5.59
17998,6,0,6.1,5.12
17999,3,2,3.4,3.85
18000,3,0,6.2,3.02
18001,4,2,7.8,4.41
18002,0,1,0.7,6.51
18003,3,3,5.4,5.2
18004,0,0,5.7,2.46
18005,1,3,9.1,4.31
18006,7,0,3.6,5.11
18007,5,2,2.0,5.49
18008,2,2,2.6,6.43
18009,6,2,3.2,6.06
18010,0,3,4.3,2.37
18011,3,4,0.4,5.05
18012,1,4,5.8,4.41
18013,7,1,5.0,4.88
18014,0,2,6.0,4.65
18015,7,3,9.3,4.18
18016,6,0,2.2,3.2
18017,3,4,7.2,7.32
18018,0,3,2.3,4.42
18019,0,3,6.7,3.83
18020,7,2,0.9,5.62
18021,2,3,2.0,3.63
18022,2,4,1.5,3.53
18023,5,0,7.6,8.0
18024,1,2,2.0,6.5
18025,0,0,2.6,4.76
18026,1,0,8.6,5.43
18027,5,4,7.0,4.2
18028,4,4,10.0,6.67
18029,3,0,1.6,4.82
18030,7,2,4.8,2.79
18031,1,3,6.2,4.6
18032,5,2,6.0,3.96
18033,5,1,6.6,4.01
18034,2,2,3.8,5.71
18035,3,3,5.7,4.61
18036,0,0,1.9,4.67
18037,5,3,0.3,4.14
18038,1,2,6.6,4.79
18039,0,3,9.4,3.9
18040,4,3,1.7,5.25
18041,5,4,9.8,3.61
18042,7,0,3.2,5.67
18043,7,2,8.7,4.43
18044,6,2,9.5,4.65
18045,2,2,5.5,5.72
18046,7,3,0.2,5.21
18047,6,2,0.4,5.61
18048,0,3,2.6,6.19
18049,1,1,6.5,4.49
18050,0,3,5.3,5.79
18051,3,4,3.4,3.34
18052,1,4,2.2,4.36
18053,3,3,9.9,5.08
18054,4,2,3.0,4.44
18055,3,4,1.5,3.13
18056,7,2,6.0,7.25
18057,0,3,5.1,6.35
18058,7,2,4.9,4.67
18059,5,0,4.5,6.59
18060,7,0,6.7,4.28
18061,6,3,4.5,3.08
18062,0,1,4.4,5.23
18063,2,1,9.6,4.93
18064,4,1,9.3,4.54
18065,3,4,1.6,5.38
18066,4,2,4.8,5.99
18067,5,2,9.8,4.36
18068,5,0,5.1,4.95
18069,4,3,3.6,6.1
18070,2,1,8.1,6.61
18071,1,3,0.8,5.67
18072,3,3,3.6,5.26
18073,5,3,5.1,5.15
18074,1,2,2.8,6.19
18075,3,3,4.1,6.82
18076,6,3,2.6,5.97
18077,3,4,1.2,2.94
18078,7,1,1.5,6.64
18079,0,2,5.2,5.46
18080,6,1,9.8,4.76
18081,5,0,3.0,6.14
18082,3,3,9.5,4.04
18083,1,3,2.5,5.92
18084,7,4,4.5,5.48
18085,2,2,2.9,5.14
18086,3,3,6.2,6.27
18087,2,4,4.5,4.53
18088,4,2,5.0,4.3
18089,4,3,0.7,4.79
18090,5,2,9.0,2.63
18091,7,4,8.9,4.77
18092,0,2,1.5,5.12
18093,3,4,4.6,5.12
18094,0,1,7.0,4.39
18095,1,4,0.0,5.87
18096,6,3,2.9,5.31
18097,4,2,7.0,6.02
18098,4,4,1.4,3.57
18099,7,1,6.5,4.27
18100,0,2,9.0,7.44
18101,0,1,4.0,4.96
18102,1,2,8.5,6.44
18103,6,3,3.0,5.02
18104,1,1,0.7,3.88
18105,7,4,1.9,5.16
18106,5,1,6.3,4.37
18107,4,4,0.4,3.46
18108,4,2,8.2,3.75
18109,1,4,5.6,4.61
18110,0,3,4.7,6.48
18111,6,1,5.5,6.13
18112,7,2,9.4,2.54
18113,3,0,3.7,3.75
18114,6,3,9.5,3.69
18115,1,2,1.5,4.92
18116,3,3,9.6,5.08
18117,4,2,5.1,4.97
18118,2,2,9.3,2.15
18119,1,3,7.4,3.31
18120,4,4,9.6,6.16
18121,4,1,1.3,5.69
18122,1,1,3.4,5.99
18123,6,1,3.9,5.28
18124,7,1,6.6,2.64
18125,7,2,6.7,6.11
18126,4,4,2.6,5.81
18127,7,3,3.4,6.97
18128,4,4,7.6,4.03
18129,5,0,1.9,4.22
18130,5,4,1.9,4.55
18131,7,4,2.8,7.35
18132,3,3,2.7,3.89
18133,4,2,9.9,5.95
18134,5,1,5.6,6.55
18135,2,3,5.3,5.95
18136,1,2,8.9,6.17
18137,2,2,0.3,6.32
18138,3,1,3.0,3.81
18139,1,0,8.1,3.08
18140,5,4,5.4,6.08
18141,3,2,0.9,5.07
18142,7,0,9.2,5.21
18143,5,0,1.6,5.55
18144,3,4,5.7,6.69
18145,2,0,2.1,5.68
18146,7,2,0.8,6.35
18147,2,2,1.8,4.98
18148,6,1,8.6,3.58
18149,6,4,2.5,5.97
18150,2,3,7.4,3.95
18151,5,2,7.3,4.36
18152,0,1,0.6,3.09
18153,7,1,8.5,5.85
18154,1,1,4.1,4.14
18155,2,4,8.0,6.59
18156,5,2,7.7,5.57
18157,7,3,4.9,4.36
18158,7,4,3.7,5.6
18159,5,4,3.0,5.12
18160,2,0,7.3,3.86
18161,3,1,4.7,4.35
18162,2,2,3.6,3.59
18163,6,1,5.8,5.4
18164,0,2,5.3,7.21
18165,0,3,7.9,5.32
18166,4,2,6.5,5.0
18167,0,1,1.7,4.55
18168,6,4,4.4,6.31
18169,2,2,7.8,4.33
18170,3,1,6.8,6.72
18171,7,2,1.3,3.65
18172,3,4,0.0,6.53
18173,3,1,6.5,3.25
18174,1,3,0.1,6.98
18175,0,0,1.5,4.61
18176,6,0,4.8,2.26
18177,1,0,6.3,3.97
18178,4,2,3.2,6.75
18179,2,0,2.9,4.27
18180,2,3,7.9,4.31
18181,0,1,7.8,4.6
18182,7,4,7.7,5.99
18183,7,2,7.3,5.82
18184,7,0,6.9,5.84
18185,1,4,3.5,6.43
18186,5,2,5.6,3.99
18187,7,1,4.0,6.29
18188,1,2,5.5,6.2
18189,0,2,7.5,6.4
18190,1,4,7.7,4.98
18191,4,3,7.6,5.53
18192,1,4,8.4,4.82
18193,3,1,5.1,4.84
18194,6,1,8.2,3.11
18195,1,2,7.2,5.33
18196,7,2,1.5,2.58
18197,1,1,5.7,4.7
18198,5,4,4.0,4.73
18199,0,3,7.7,3.96
18200,1,1,6.2,5.41
18201,0,4,4.6,3.7
18202,5,4,9.0,4.49
18203,0,4,2.8,4.07
18204,6,0,1.4,5.79
18205,0,3,8.0,5.51
18206,5,4,9.2,4.78
18207,2,1,6.7,5.84
18208,1,1,4.1,7.23
18209,7,2,2.2,5.3
18210,1,3,3.1,3.89
18211,7,3,4.6,5.16
18212,3,3,8.0,3.62
18213,2,1,5.8,4.14
18214,6,0,2.8,3.33
18215,5,2,0.3,4.66
18216,1,3,2.1,5.11
18217,3,0,6.5,3.72
18218,6,0,7.5,3.97
18219,6,1,5.9,5.94
18220,1,0,7.7,7.06
18221,7,0,1.3,3.16
18222,1,2,0.3,3.9
18223,5,4,6.9,4.1
18224,1,1,5.2,3.05
18225,3,3,7.4,4.77
18226,5,1,9.2,3.56
18227,3,0,0.6,4.06
18228,6,0,0.9,4.11
18229,6,1,1.5,4.92
18230,5,3,1.9,3.55
18231,1,2,4.0,4.36
18232,2,3,0.9,6.6
18233,4,3,5.6,5.76
18234,0,0,8.2,2.64
18235,5,0,5.3,2.99
18236,6,0,4.6,5.86
18237,2,3,7.2,6.01
18238,5,1,4.0,4.49
18239,0,4,6.9,5.7
18240,5,2,8.2,5.74
18241,1,4,2.0,6.12
18242,2,1,7.6,5.27
18243,5,2,4.4,3.38
18244,3,4,8.7,5.05
18245,4,3,0.5,4.38
18246,2,4,3.1,6.74
18247,5,2,5.5,5.71
18248,5,1,6.9,5.32
18249,4,3,3.5,3.74
18250,2,2,3.9,5.99
18251,3,2,7.4,6.07
18252,5,4,0.3,5.74
18253,4,1,4.0,4.98
18254,3,0,1.2,5.36
18255,4,2,2.7,1.65
18256,2,2,7.7,5.4
18257,5,4,1.4,5.7
18258,4,3,3.3,4.32
18259,5,0,2.7,5.59
18260,1,4,8.2,5.69
18261,3,0,5.7,5.35
18262,7,1,5.3,6.34
18263,0,1,9.0,6.19
18264,4,2,0.1,3.59
18265,4,0,7.0,4.36
18266,7,3,7.1,4.29
18267,1,2,3.9,4.23
18268,6,3,6.2,5.91
18269,5,0,5.1,2.68
18270,7,1,4.5,5.45
18271,6,2,7.5,5.8
18272,6,2,5.6,5.12
18273,7,0,6.3,5.22
18274,2,0,2.1,4.54
18275,3,0,3.5,3.39
18276,1,3,3.6,4.59
18277,2,1,9.8,6.15
18278,5,4,6.9,4.51
18279,4,0,6.1,4.46
18280,3,2,1.1,5.13
18281,5,3,7.2,3.24
18282,5,4,5.6,4.36
18283,3,2,7.7,4.32
18284,6,3,5.0,6.46
18285,3,3,7.3,5.95
18286,7,4,6.3,3.9
18287,1,3,1.5,4.67
18288,5,2,3.2,2.98
18289,4,4,6.7,5.03
18290,7,0,7.9,5.71
18291,2,4,7.3,6.22
18292,5,3,3.4,7.27
18293,5,0,0.4,5.98
18294,6,2,9.7,8.04
18295,1,1,5.1,6.33
18296,2,2,8.6,3.75
18297,6,0,1.3,5.57
18298,4,0,8.7,5.36
18299,4,3,0.8,6.79
18300,5,0,1.8,5.3
18301,2,4,2.3,4.65
18302,4,2,3.2,5.24
18303,5,0,5.2,6.25
18304,4,4,6.7,5.53
18305,1,3,8.5,4.75
18306,7,3,7.8,5.17
18307,1,0,7.6,7.06
18308,5,3,9.3,5.2
18309,3,0,6.8,3.44
18310,3,4,8.9,4.08
18311,7,2,3.7,5.74
18312,2,3,9.7,4.73
18313,6,2,7.3,6.1
18314,7,2,5.9,4.33
18315,7,4,5.0,3.92
18316,3,0,6.5,5.65
18317,4,0,1.8,6.47
18318,2,0,7.7,5.54
18319,0,0,1.3,5.86
18320,6,3,6.9,4.45
18321,2,2,8.6,4.74
18322,7,4,5.2,5.63
18323,3,0,5.4,4.88
18324,5,1,3.8,5.7
18325,0,3,4.3,4.96
18326,3,3,7.3,4.65
18327,6,3,1.1,6.08
18328,3,3,1.8,2.66
18329,3,1,9.3,4.5
18330,7,4,8.9,4.84
18331,3,4,6.6,4.64
18332,1,0,3.2,4.42
18333,1,4,2.1,4.53
18334,3,0,9.9,4.85
18335,5,2,1.8,4.37
18336,2,2,6.6,3.72
18337,6,2,3.4,6.97
18338,4,2,7.9,3.19
18339,1,0,7.9,2.25
18340,7,1,7.3,4.66
18341,6,3,5.6,4.4
18342,4,4,8.7,4.64
18343,0,3,0.4,4.72
18344,5,1,7.1,4.52
18345,2,4,1.9,6.29
18346,3,3,0.9,5.74
18347,2,2,4.1,5.0
18348,6,2,3.5,4.46
18349,7,2,1.5,4.41
18350,7,0,3.5,6.08
18351,3,4,4.5,7.49
18352,0,0,7.8,5.92
18353,0,2,4.7,4.47
18354,3,2,0.3,4.53
18355,4,4,5.1,6.43
18356,5,4,3.6,3.86
18357,6,2,2.7,4.08
18358,2,1,3.6,3.83
18359,1,1,7.2,4.98
18360,7,1,4.0,6.25
18361,0,4,2.1,3.77
18362,3,2,7.8,5.27
18363,5,4,7.6,5.43
18364,3,2,1.9,3.89
18365,5,2,2.2,4.38
18366,2,1,8.8,4.91
18367,0,2,0.0,5.5
18368,3,3,0.7,6.33
18369,6,1,0.0,6.83
18370,4,2,8.4,4.44
18371,5,0,7.9,5.71
18372,2,3,5.9,2.89
18373,7,3,1.8,8.58
18374,3,3,9.7,5.55
18375,5,2,4.6,4.13
18376,3,2,5.1,5.71
18377,5,4,8.8,5.12
18378,4,0,3.9,7.46
18379,7,4,6.3,2.17
18380,4,4,7.5,7.68
18381,6,2,2.1,6.72
18382,6,1,7.9,6.53
18383,6,2,9.4,5.43
18384,4,4,5.8,3.6
18385,3,0,1.0,3.35
18386,1,3,8.7,3.62
18387,6,1,9.9,5.1
18388,6,0,9.3,5.64
18389,1,3,6.5,2.5
18390,4,3,7.3,4.03
18391,0,3,4.6,3.02
18392,0,1,3.9,6.55
18393,7,4,7.8,5.2
18394,1,1,2.9,4.78
18395,1,1,2.9,4.82
18396,1,4,6.7,2.58
18397,1,1,7.0,5.39
18398,0,2,4.0,3.92
18399,3,3,1.4,7.84
18400,0,3,5.6,7.28
18401,5,4,9.2,2.76
18402,5,4,2.6,5.1
18403,0,3,9.7,4.22
18404,4,4,5.9,3.22
18405,3,0,1.4,3.91
18406,0,3,5.8,4.41
18407,5,4,5.6,3.84
18408,3,0,1.3,6.09
18409,7,1,4.7,4.92
18410,5,3,8.1,3.83
18411,2,3,3.2,6.19
18412,4,4,1.0,4.6
18413,7,1,0.9,3.72
18414,6,1,3.0,4.09
18415,5,1,6.6,6.2
18416,5,2,3.0,5.88
18417,5,1,4.1,3.28
18418,1,1,6.5,3.86
18419,6,1,5.6,4.53
18420,1,2,2.9,4.8
18421,6,1,2.5,6.0
18422,4,1,5.1,5.11
18423,6,0,3.7,6.14
18424,0,2,6.5,4.75
18425,4,2,3.7,5.67
18426,3,3,6.5,6.2
18427,6,3,3.6,5.4
18428,6,4,4.6,6.06
18429,6,4,6.0,4.33
18430,6,2,0.7,5.77
18431,0,1,8.2,5.14
18432,1,2,6.5,7.16
18433,4,0,3.6,5.13
18434,0,2,1.9,4.36
18435,0,4,8.5,5.77
18436,6,4,7.7,4.4
18437,6,1,0.1,5.45
18438,2,4,5.9,5.7
18439,3,0,4.1,3.93
18440,1,3,7.6,3.6
18441,1,4,2.2,6.65
18442,4,3,3.2,5.04
18443,3,0,7.3,1.52
18444,6,0,8.9,4.6
18445,2,2,6.0,5.39
18446,5,4,4.1,4.0
18447,7,0,9.9,5.23
18448,4,3,5.4,5.56
18449,7,0,9.1,5.61
18450,5,0,9.3,2.68
18451,0,0,0.6,5.79
18452,0,2,5.5,6.14
18453,1,2,9.9,4.8
18454,1,3,4.6,5.1
18455,0,3,4.0,5.73
18456,2,2,8.9,4.24
18457,3,3,7.1,3.05
18458,6,2,5.3,3.93
18459,7,0,7.9,3.21
18460,6,2,0.1,6.39
18461,3,0,7.8,5.61
18462,6,3,1.9,6.07
18463,1,4,0.9,6.21
18464,7,0,8.5,4.75
18465,2,1,2.6,4.6
18466,7,3,7.4,5.23
18467,2,1,4.7,4.29
18468,6,3,0.3,6.09
18469,2,3,9.7,4.69
18470,1,2,1.7,3.15
18471,4,3,5.5,3.93
18472,4,4,9.8,5.96
18473,0,3,7.5,3.47
18474,0,0,2.9,4.27
18475,7,3,7.0,4.31
18476,0,1,3.0,4.12
18477,5,2,0.1,5.23
18478,3,2,9.8,6.45
18479,1,4,9.1,2.8
18480,5,3,9.0,3.81
18481,5,1,5.2,4.96
18482,0,3,1.1,6.94
18483,2,0,6.8,4.44
18484,3,1,4.9,5.72
18485,1,2,1.6,4.81
18486,4,0,5.1,5.79
18487,1,2,4.8,6.3
18488,3,1,4.4,6.3
18489,3,3,2.6,3.9
18490,0,4,2.4,4.74
18491,2,3,6.5,5.98
18492,7,2,4.0,4.95
18493,1,0,1.0,4.79
18494,2,3,7.9,3.6
18495,3,3,7.9,6.8
18496,3,2,9.5,5.69
18497,3,2,4.6,5.41
18498,6,4,9.1,3.31
18499,3,1,6.6,5.91
18500,7,1,0.3,3.89
18501,5,3,2.7,7.24
18502,7,2,2.6,3.55
18503,3,2,3.3,4.04
18504,3,0,9.1,5.71
18505,7,4,9.8,6.61
18506,0,3,2.4,5.04
18507,4,3,1.3,5.99
18508,2,1,3.1,5.06
18509,0,0,4.7,4.42
18510,3,1,5.4,5.94
18511,1,1,2.2,5.88
18512,3,3,4.9,4.52
18513,0,0,0.5,3.8
18514,7,4,2.7,5.52
18515,1,0,1.0,4.85
18516,3,1,8.5,3.3
18517,0,2,5.2,5.75
18518,7,3,8.7,4.51
18519,7,2,2.1,6.17
18520,4,1,2.4,6.55
18521,6,4,4.9,4.73
18522,3,3,7.8,5.1
18523,2,3,8.0,5.47
18524,6,3,8.6,5.11
18525,1,0,9.3,5.22
18526,7,2,6.8,4.85
18527,4,2,6.6,4.13
18528,7,2,3.6,4.94
18529,1,4,2.1,6.16
18530,6,3,5.4,6.47
18531,6,0,4.6,5.54
18532,6,4,4.1,3.91
18533,4,3,8.4,3.82
18534,0,4,3.8,4.06
18535,4,4,8.9,3.55
18536,2,0,1.2,7.0
18537,6,0,3.5,5.26
18538,3,3,3.7,4.76
18539,2,2,7.1,4.85
18540,7,0,1.8,3.91
18541,1,0,5.8,8.25
18542,1,3,5.4,6.13
18543,3,4,0.8,5.6
18544,5,0,8.2,4.45
18545,2,2,9.3,4.36
18546,0,1,6.1,5.09
18547,6,4,3.7,5.46
18548,7,2,2.8,5.86
18549,2,2,0.3,3.04
18550,3,4,4.6,6.09
18551,3,3,7.2,6.23
18552,7,3,9.4,5.16
18553,6,0,3.2,4.87
18554,3,4,8.7,6.58
18555,7,3,9.7,5.59
18556,0,3,7.9,7.02
18557,3,4,1.7,4.52
18558,5,0,0.6,7.02
18559,3,0,4.1,6.12
18560,5,4,9.6,4.44
18561,7,2,8.8,4.64
18562,1,2,4.8,4.9
18563,7,1,6.9,4.28
18564,2,4,5.0,5.33
18565,1,4,0.3,3.7
18566,7,1,3.6,4.17
18567,5,0,3.7,5.4
18568,1,3,8.1,2.75
18569,7,2,9.7,4.61
18570,1,3,3.1,3.7
18571,1,3,9.3,5.72
18572,3,4,2.6,5.42
18573,3,2,2.8,4.72
18574,1,4,1.9,4.26
18575,0,0,1.7,4.4
18576,3,0,1.7,3.73
18577,1,2,5.1,5.65
18578,4,3,6.5,3.21
18579,5,0,3.8,5.21
18580,5,4,7.6,5.87
18581,0,2,4.3,6.04
18582,0,1,8.1,4.53
18583,1,0,8.4,3.36
18584,5,0,6.2,6.25
18585,4,0,2.0,3.54
18586,2,2,2.4,5.34
18587,6,1,0.6,4.63
18588,1,4,3.3,5.49
18589,2,2,0.3,6.11
18590,2,3,1.2,3.33
18591,5,2,4.3,5.8
18592,1,0,0.4,5.75
18593,5,2,3.4,4.51
18594,1,2,7.7,6.18
18595,1,3,3.0,4.91
18596,5,3,7.7,3.14
18597,3,2,9.5,4.95
18598,3,0,4.0,5.27
18599,4,3,1.4,4.17
18600,0,2,7.4,4.28
18601,5,3,5.0,3.92
18602,4,2,7.8,5.29
18603,4,3,5.3,6.3
18604,3,2,8.5,4.95
18605,2,0,2.4,3.35
18606,5,1,4.6,5.21
18607,7,1,2.1,4.1
18608,3,1,1.9,5.33
18609,0,0,2.5,5.92
18610,5,0,7.6,4.4
18611,5,1,6.9,4.85
18612,1,1,7.7,4.61
18613,1,0,7.9,3.61
18614,3,4,1.9,6.94
18615,3,3,8.8,6.75
18616,1,4,5.8,5.47
18617,3,3,6.0,7.38
18618,5,1,8.0,3.81
18619,0,1,7.3,4.17
18620,1,0,6.1,7.32
18621,6,2,4.8,6.83
18622,1,0,2.1,6.94
18623,7,4,8.8,6.7
18624,1,3,8.6,3.69
18625,4,3,7.5,4.68
18626,3,1,3.0,3.06
18627,3,3,4.8,5.77
18628,0,2,9.6,4.7
18629,2,1,8.8,6.61
18630,4,0,1.9,3.89
18631,4,1,0.1,4.29
18632,3,2,5.1,4.21
18633,4,1,5.9,3.95
18634,5,4,6.4,4.91
18635,0,2,9.4,1.46
18636,7,0,6.3,4.63
18637,3,3,5.2,3.64
18638,1,0,0.7,4.1
18639,0,1,9.9,7.2
18640,1,4,1.9,4.43
18641,1,3,2.9,3.23
18642,3,2,2.5,4.31
18643,2,1,2.7,3.02
18644,4,2,8.2,1.97
18645,3,4,6.3,5.91
18646,6,4,4.3,3.66
18647,1,0,3.2,6.15
18648,4,4,1.1,3.87
18649,6,3,8.7,5.63
18650,7,2,1.3,4.2
18651,7,1,2.4,4.94
18652,6,3,7.7,4.33
18653,0,1,1.7,5.84
18654,5,4,4.4,6.43
18655,4,4,2.3,4.75
18656,7,3,2.9,4.4
18657,3,4,5.7,6.03
18658,6,4,3.3,5.53
18659,7,1,4.5,5.39
18660,2,1,0.4,3.71
18661,2,4,9.1,6.53
18662,2,3,6.8,4.91
18663,3,4,4.9,7.04
18664,7,4,7.4,4.19
18665,2,0,2.2,7.51
18666,4,1,4.6,4.99
18667,7,4,4.4,4.61
18668,3,0,9.3,6.54
18669,3,3,2.9,2.93
18670,2,0,3.5,4.45
18671,0,4,9.2,5.7
18672,7,1,7.3,6.21
18673,0,3,4.2,4.64
18674,0,3,0.4,7.12
18675,6,4,2.0,2.08
18676,5,1,9.5,5.23
18677,4,2,3.8,5.38
18678,6,3,7.8,5.4
18679,6,4,1.3,4.09
18680,0,3,3.6,3.81
18681,2,1,6.3,4.03
18682,1,3,7.4,4.78
18683,1,3,7.5,3.41
18684,4,1,6.0,4.64
18685,5,2,8.5,5.16
18686,4,1,9.7,6.15
18687,6,2,9.8,4.07
18688,3,1,6.4,3.58
18689,3,2,7.0,3.05
18690,2,3,6.9,4.57
18691,1,0,4.1,4.32
18692,4,0,5.2,4.16
18693,2,1,4.0,6.94
18694,1,3,2.5,3.87
18695,3,3,7.0,5.11
18696,1,1,5.7,2.0
18697,7,3,3.7,4.88
18698,2,3,1.1,3.91
18699,6,2,10.0,3.89
18700,3,4,1.7,5.32
18701,4,4,8.8,5.19
18702,3,1,5.4,5.36
18703,3,3,2.3,4.98
18704,3,2,6.2,4.65
18705,0,4,6.4,4.78
18706,1,4,4.9,4.38
18707,4,0,5.1,3.26
18708,3,1,2.0,4.45
18709,1,0,2.8,4.92
18710,4,2,6.7,6.92
18711,4,3,8.8,6.26
18712,5,1,0.6,5.12
18713,7,1,8.6,5.8
18714,3,0,6.8,5.06
18715,6,2,5.3,5.17
18716,6,4,2.5,4.4
18717,7,1,2.2,5.5
18718,1,0,4.9,2.16
18719,1,1,0.8,4.4
18720,4,0,0.3,3.46
18721,3,2,1.6,5.56
18722,5,0,7.2,5.8
18723,5,2,9.6,6.08
18724,7,0,1.2,4.6
18725,6,4,5.3,5.72
18726,7,2,4.9,3.51
18727,2,1,9.7,3.5
18728,6,2,1.7,3.41
18729,1,2,1.7,5.3
18730,4,4,2.1,5.75
18731,2,4,5.6,4.96
18732,0,3,8.4,4.07
18733,5,4,1.1,6.26
18734,5,3,8.7,5.6
18735,2,4,8.0,4.06
18736,4,3,2.3,5.8
18737,6,1,9.5,3.45
18738,3,4,4.3,1.92
18739,0,4,4.8,3.99
18740,5,1,2.2,7.4
18741,4,1,6.4,5.26
18742,1,2,1.6,5.49
18743,6,4,4.9,5.25
18744,4,3,1.8,6.49
18745,1,4,5.3,4.36
18746,5,3,6.0,6.19
18747,1,1,4.6,5.48
18748,2,3,0.3,4.28
18749,4,1,0.9,1.44
18750,6,1,6.9,5.82
18751,1,4,8.3,4.3
18752,5,0,8.2,6.71
18753,6,3,9.6,5.46
18754,3,0,5.1,3.86
18755,0,4,9.4,5.53
18756,5,4,5.6,6.0
18757,2,2,1.4,4.7
18758,4,1,5.0,5.88
18759,3,2,10.0,5.29
18760,2,4,9.0,4.31
18761,7,4,8.1,4.11
18762,0,3,6.3,4.85
18763,6,1,4.2,3.24
18764,0,3,8.3,3.85
18765,3,2,9.3,3.3
18766,7,0,4.0,5.88
18767,4,3,9.1,4.74
18768,7,3,1.4,6.64
18769,2,4,6.2,3.41
18770,2,4,4.0,4.11
18771,7,2,4.3,1.29
18772,4,0,0.8,3.37
18773,1,3,1.4,3.89
18774,2,1,8.5,6.17
18775,2,4,6.2,3.45
18776,0,0,5.8,6.81
18777,7,4,9.6,4.97
18778,3,2,4.7,4.29
18779,7,3,3.5,4.25
18780,3,3,1.6,1.64
18781,4,3,4.0,6.64
18782,5,3,3.8,4.83
18783,1,4,1.3,4.41
18784,2,2,1.8,3.54
18785,4,3,2.1,5.06
18786,3,2,5.8,5.97
18787,2,4,3.9,4.43
18788,5,0,6.5,5.25
18789,2,4,0.5,5.46
18790,4,0,6.5,5.44
18791,7,4,1.5,2.99
18792,4,3,1.7,5.57
18793,3,2,2.0,2.93
18794,0,1,4.6,7.07
18795,3,3,5.0,4.21
18796,7,3,9.6,4.3
18797,0,2,8.5,3.59
18798,5,2,10.0,5.96
18799,1,0,0.3,6.09
18800,4,1,5.4,3.07
18801,1,4,9.5,5.24
18802,4,3,1.8,6.51
18803,0,3,1.2,6.33
18804,6,3,0.1,5.22
18805,3,3,5.4,4.02
18806,1,2,3.0,5.15
18807,2,1,8.0,2.52
18808,6,2,3.6,4.65
18809,6,3,5.4,5.03
18810,6,2,4.7,5.99
18811,4,4,7.4,3.83
18812,5,3,9.1,3.94
18813,1,1,0.8,2.77
18814,3,4,8.4,5.49
18815,6,2,8.2,4.4
18816,4,1,6.6,5.39
18817,6,2,3.4,2.73
18818,5,4,9.1,4.07
18819,5,1,3.5,4.11
18820,2,1,5.4,4.44
18821,2,4,4.8,5.36
18822,0,1,0.4,4.93
18823,2,0,4.4,6.38
18824,3,3,6.8,6.35
18825,2,4,5.6,3.89
18826,4,3,2.1,5.29
18827,2,2,2.4,3.33
18828,0,2,0.1,3.19
18829,5,4,9.4,4.68
18830,6,1,2.7,5.68
18831,6,4,0.4,7.02
18832,3,2,8.8,6.35
18833,3,4,1.6,6.38
18834,2,0,10.0,4.31
18835,0,1,8.3,4.38
18836,6,4,3.3,4.07
18837,5,0,2.9,6.8
18838,2,0,4.6,3.74
18839,1,3,8.7,3.89
18840,2,2,8.8,4.94
18841,4,3,8.2,5.91
18842,5,4,6.1,4.84
18843,4,0,6.6,7.04
18844,5,0,2.2,7.28
18845,4,2,8.2,5.39
18846,2,2,6.9,5.91
18847,4,2,1.1,4.9
18848,0,2,4.6,4.15
18849,5,2,1.9,5.39
18850,7,1,7.3,4.67
18851,6,0,7.4,4.37
18852,3,0,1.2,5.19
18853,6,3,7.9,4.05
18854,5,0,7.1,5.47
18855,1,0,7.4,6.37
18856,7,4,0.9,3.92
18857,0,2,7.9,4.29
18858,6,3,0.6,3.15
18859,3,2,1.9,5.42
18860,4,1,1.7,4.13
18861,5,3,0.5,3.19
18862,6,0,8.2,4.74
18863,5,0,5.8,3.66
18864,2,2,5.3,3.84
18865,6,1,2.2,3.32
18866,1,1,2.7,3.65
18867,0,4,9.3,7.18
18868,1,0,2.8,5.32
18869,0,3,2.9,3.19
18870,3,2,9.9,5.21
18871,7,4,6.5,6.45
18872,3,3,1.7,4.09
18873,6,0,7.8,5.93
18874,0,2,9.3,2.79
18875,6,2,7.5,3.69
18876,0,1,6.3,5.34
18877,5,4,2.8,4.85
18878,4,4,0.4,5.07
18879,6,1,8.6,5.78
18880,5,2,6.4,6.48
18881,5,1,9.4,2.62
18882,1,1,5.4,6.31
18883,7,0,3.1,6.36
18884,4,0,6.5,3.86
18885,4,2,7.0,6.23
18886,0,3,6.7,5.37
18887,4,2,4.8,6.01
18888,0,2,6.1,5.96
18889,5,0,0.0,5.11
18890,1,4,4.9,5.28
18891,4,2,5.9,6.45
18892,5,0,10.0,6.72
18893,7,2,4.0,6.37
18894,1,1,7.1,4.08
18895,1,1,9.8,3.54
18896,3,4,5.1,6.15
18897,1,2,3.3,4.65
18898,0,3,9.3,5.85
18899,1,3,8.8,4.72
18900,6,3,6.4,5.87
18901,0,1,1.1,4.53
18902,3,1,7.0,8.81
18903,2,1,1.8,4.54
18904,0,0,6.0,3.74
18905,1,0,8.2,2.92
18906,1,1,8.1,6.18
18907,7,4,1.8,5.9
18908,3,0,6.7,3.42
18909,3,2,4.1,2.66
18910,0,0,3.4,3.79
18911,6,4,1.1,5.41
18912,2,2,3.5,5.3
18913,1,4,6.7,6.48
18914,4,4,0.6,3.98
18915,1,4,8.4,5.25
18916,3,3,6.4,5.81
18917,2,1,8.7,4.64
18918,1,3,8.9,6.09
18919,6,0,9.3,4.63
18920,7,4,6.7,7.17
18921,0,4,2.6,7.34
18922,6,3,4.8,8.19
18923,7,3,0.4,4.68
18924,7,4,7.9,5.25
18925,7,0,3.4,5.82
18926,3,2,3.5,3.12
18927,4,2,4.6,3.54
18928,1,2,1.8,4.13
18929,4,2,1.3,6.36
18930,7,1,7.4,6.69
18931,3,2,2.0,6.21
18932,7,2,9.1,3.19
18933,1,2,0.8,3.44
18934,2,4,6.0,4.26
18935,5,1,8.9,6.93
18936,6,2,1.9,6.02
18937,0,0,2.5,5.85
18938,7,0,9.4,4.28
18939,7,2,6.6,3.27
18940,0,1,1.1,5.98
18941,0,3,5.5,5.78
18942,5,0,7.1,5.18
18943,1,1,6.6,6.35
18944,2,0,5.6,4.9
18945,5,4,5.0,5.33
18946,0,3,8.3,5.27
18947,7,1,4.8,4.87
18948,7,0,7.5,4.69
18949,7,2,8.2,4.11
18950,2,0,1.3,5.44
18951,3,1,9.5,7.91
18952,3,2,8.9,6.31
18953,0,2,1.5,4.08
18954,5,2,3.0,7.91
18955,3,3,4.3,5.57
18956,7,2,9.9,4.58
18957,3,4,0.8,2.79
18958,0,4,0.0,3.81
18959,1,3,2.0,3.56
18960,3,1,3.7,6.24
18961,6,3,9.4,4.94
18962,4,1,1.2,6.03
18963,0,2,5.3,5.78
18964,1,3,9.5,5.87
18965,5,4,8.9,5.99
18966,6,1,8.3,5.14
18967,4,2,4.2,7.21
18968,4,1,5.6,4.26
18969,1,0,9.3,5.04
18970,5,0,5.7,4.13
18971,6,0,10.0,4.88
18972,7,3,2.9,5.93
18973,1,3,4.6,5.82
18974,0,4,3.3,5.16
18975,1,1,1.6,4.15
18976,0,1,6.1,4.93
18977,3,0,5.2,3.45
18978,3,2,5.6,3.06
18979,0,2,0.1,4.07
18980,5,4,5.1,5.66
18981,5,4,4.9,6.24
18982,7,4,0.5,5.37
18983,0,2,0.9,5.42
18984,6,0,9.0,5.51
18985,5,4,3.4,3.66
18986,3,2,1.4,4.8
18987,5,0,7.3,4.77
18988,2,0,4.4,6.17
18989,1,0,6.4,4.53
18990,2,0,3.6,6.48
18991,5,1,4.0,5.73
18992,5,1,8.7,4.39
18993,7,1,6.8,3.14
18994,5,3,1.6,3.19
18995,4,0,5.6,3.91
18996,7,4,7.8,5.84
18997,4,3,4.8,3.24
18998,6,2,7.5,5.58
18999,6,2,7.8,3.87
19000,6,2,0.8,6.34
19001,2,3,9.8,3.44
19002,2,3,1.1,4.24
19003,3,1,3.8,5.94
19004,1,1,5.9,6.39
19005,7,0,0.8,5.87
19006,0,2,8.1,6.33
19007,5,2,9.9,3.26
19008,7,1,0.4,4.62
19009,5,4,1.9,3.54
19010,5,0,1.3,6.0
19011,5,3,2.2,5.78
19012,6,3,2.0,5.72
19013,4,3,7.1,7.54
19014,1,3,8.6,4.86
19015,0,2,8.3,4.74
19016,4,1,1.0,3.53
19017,5,4,0.3,6.87
19018,1,0,7.6,5.72
19019,1,1,4.7,5.87
19020,4,3,4.4,4.13
19021,0,0,3.7,5.3
19022,0,0,9.1,4.99
19023,5,1,0.2,6.03
19024,0,1,3.3,1.83
19025,5,4,4.1,4.7
19026,0,3,9.5,5.77
19027,6,4,1.8,5.1
19028,6,4,8.7,5.51
19029,6,4,0.8,4.12
19030,6,2,0.2,7.12
19031,6,2,2.2,5.03
19032,5,2,4.2,2.77
19033,4,0,9.6,4.23
19034,4,1,0.7,6.25
19035,1,3,7.6,5.94
19036,1,2,1.5,5.02
19037,1,2,3.7,3.24
19038,7,4,2.3,3.09
19039,6,0,2.3,3.8
19040,0,0,10.0,4.32
19041,1,0,4.7,4.26
19042,6,1,1.7,1.69
19043,5,1,4.8,2.82
19044,4,0,0.6,5.51
19045,1,1,2.3,5.03
19046,1,4,3.4,5.0
19047,3,1,9.5,2.62
19048,2,4,4.4,5.61
19049,1,1,7.2,3.98
19050,5,4,8.8,3.56
19051,4,4,9.3,6.4
19052,0,4,4.3,7.13
19053,0,1,3.3,5.47
19054,5,1,0.8,6.26
19055,0,4,5.8,5.86
19056,4,4,9.9,6.69
19057,7,0,6.2,5.76
19058,6,4,1.5,4.69
19059,6,0,1.0,4.1
19060,6,3,3.8,3.82
19061,0,0,5.6,3.47
19062,3,0,3.0,4.63
19063,3,2,4.8,6.34
19064,0,4,7.6,4.51
19065,0,0,4.0,4.91
19066,3,0,4.5,6.4
19067,0,1,0.5,6.17
19068,2,4,1.5,4.64
19069,4,4,9.4,3.96
19070,6,4,8.4,6.77
19071,6,2,0.1,5.49
19072,6,1,5.1,4.93
19073,4,2,1.0,4.78
19074,3,2,8.8,3.92
19075,6,4,0.8,5.14
19076,6,2,9.8,4.12
19077,4,2,9.8,3.74
19078,7,4,3.8,4.07
19079,7,1,8.7,6.52
19080,1,4,7.2,4.74
19081,5,3,0.5,3.68
19082,0,1,3.7,6.35
19083,5,3,3.9,5.39
19084,3,2,2.0,5.56
19085,3,0,2.7,6.01
19086,2,0,2.9,5.9
19087,1,2,7.4,6.04
19088,0,1,6.5,5.65
19089,2,1,1.4,3.98
19090,0,4,7.6,4.71
19091,5,0,0.6,5.43
19092,0,3,0.1,6.7
19093,2,4,6.2,4.58
19094,7,2,1.7,5.15
19095,5,3,2.7,3.97
19096,0,2,6.2,6.05
19097,0,1,5.0,5.1
19098,0,2,5.9,4.3
19099,5,1,1.8,6.73
19100,0,3,8.6,5.19
19101,6,0,1.4,4.44
19102,4,3,6.9,4.47
19103,3,0,5.3,5.35
19104,1,4,6.8,4.84
19105,1,0,5.9,6.03
19106,2,0,8.9,6.37
19107,1,0,5.8,3.67
19108,2,0,9.4,5.67
19109,3,0,4.8,6.28
19110,0,0,4.5,6.06
19111,4,2,3.9,6.11
19112,7,0,7.5,4.25
19113,2,4,0.8,6.66
19114,0,1,1.3,4.52
19115,6,1,7.3,4.63
19116,1,3,5.0,5.09
19117,7,0,7.8,4.37
19118,5,4,1.9,3.92
19119,0,4,1.8,6.03
19120,0,2,4.8,6.01
19121,2,1,0.3,6.88
19122,7,3,2.9,3.76
19123,3,0,8.1,5.28
19124,2,0,3.8,3.61
19125,7,4,1.0,6.59
19126,0,1,7.0,4.58
19127,5,4,9.0,5.79
19128,6,0,7.4,5.38
19129,7,4,4.1,2.33
19130,2,4,2.9,3.94
19131,4,0,9.2,4.78
19132,6,2,1.7,6.09
19133,7,0,1.2,5.13
19134,4,3,0.2,4.73
19135,0,2,7.1,4.25
19136,2,4,3.7,5.83
19137,4,4,3.0,5.64
19138,4,2,3.8,4.18
19139,6,3,1.7,5.33
19140,2,2,3.9,4.66
19141,2,2,7.7,4.22
19142,2,0,1.4,3.75
19143,2,4,5.2,5.9
19144,3,2,3.2,3.68
19145,4,3,3.1,3.32
19146,5,4,6.7,5.63
19147,6,1,0.5,4.82
19148,3,1,8.1,3.2
19149,4,2,7.9,4.52
19150,1,0,4.0,5.7
19151,1,1,5.7,5.36
19152,6,1,2.9,5.06
19153,3,1,4.7,3.95
19154,1,1,3.9,6.49
19155,7,1,8.5,4.82
19156,7,2,8.9,5.56
19157,1,4,4.4,5.44
19158,0,3,9.0,5.17
19159,0,4,5.6,3.97
19160,1,4,9.5,3.92
19161,4,4,2.3,4.38
19162,2,2,6.3,4.52
19163,7,1,2.3,2.0
19164,0,2,2.8,4.97
19165,0,1,1.8,5.27
19166,5,2,8.0,6.85
19167,6,4,9.1,6.8
19168,5,0,1.2,5.59
19169,4,1,5.1,5.58
19170,1,4,4.2,4.49
19171,4,0,1.5,4.99
19172,1,0,1.8,5.36
19173,3,2,3.5,5.56
19174,1,2,3.3,4.45
19175,2,1,4.6,2.61
19176,2,2,5.7,6.19
19177,5,1,5.8,4.09
19178,4,1,7.4,4.96
19179,0,4,3.5,5.71
19180,3,1,5.9,6.46
19181,2,2,3.1,5.65
19182,5,0,6.4,6.34
19183,7,1,1.8,4.94
19184,1,1,6.1,4.18
19185,4,1,9.2,7.18
19186,2,0,5.6,4.16
19187,0,1,0.5,6.59
19188,1,1,6.5,7.43
19189,2,2,6.5,5.38
19190,7,3,1.6,4.49
19191,3,1,9.2,3.39
19192,1,2,4.9,5.55
19193,4,2,5.9,4.27
19194,3,2,4.5,5.43
19195,6,0,1.1,4.99
19196,6,2,4.9,4.39
19197,7,1,2.3,2.81
19198,0,3,1.3,2.67
19199,3,2,7.8,5.13
19200,5,3,8.6,3.62
19201,2,2,2.5,5.21
19202,4,2,2.6,4.35
19203,7,1,4.8,3.4
19204,3,1,7.2,6.94
19205,2,2,0.0,5.24
19206,2,3,3.7,4.41
19207,0,0,5.5,3.65
19208,2,3,3.2,3.62
19209,6,2,4.3,4.04
19210,6,4,2.0,4.26
19211,2,2,2.0,6.42
19212,5,0,2.9,5.81
19213,1,1,6.9,5.27
19214,6,3,0.5,4.61
19215,3,1,5.4,2.91
19216,7,0,9.5,3.92
19217,2,1,8.8,5.53
19218,6,4,6.9,6.12
19219,2,4,5.3,5.21
19220,1,0,5.0,3.82
19221,3,0,9.5,3.42
19222,7,4,5.6,4.21
19223,6,0,2.0,5.01
19224,7,1,4.2,4.14
19225,7,0,5.2,4.66
19226,5,1,2.0,4.14
19227,0,0,3.0,2.91
19228,5,1,9.7,3.89
19229,6,1,4.8,6.19
19230,6,0,3.1,6.28
19231,4,3,8.5,4.78
19232,4,0,10.0,5.8
19233,7,3,7.6,4.62
19234,3,3,3.7,5.24
19235,0,3,8.5,6.65
19236,4,0,0.8,4.61
19237,3,1,8.5,4.61
19238,2,4,1.0,4.94
19239,3,0,1.7,2.34
19240,4,0,4.0,6.13
19241,4,2,3.9,6.88
19242,2,1,2.1,5.25
19243,1,0,6.8,4.26
19244,7,2,1.6,5.94
19245,3,4,8.3,5.74
19246,1,0,8.4,4.92
19247,5,1,0.8,7.41
19248,0,4,6.5,5.54
19249,2,0,2.3,4.4
19250,1,0,6.3,6.67
19251,0,3,5.6,6.4
19252,5,3,9.6,6.97
19253,7,3,2.9,3.97
19254,4,4,8.8,6.91
19255,1,3,9.9,4.9
19256,3,0,0.7,3.62
19257,5,0,1.4,5.13
19258,2,3,2.4,6.93
19259,6,3,8.7,5.1
19260,7,2,2.3,4.82
19261,6,3,4.9,3.93
19262,1,3,0.6,4.52
19263,5,0,7.1,5.13
19264,3,2,4.1,4.07
19265,2,0,6.0,6.05
19266,2,3,4.8,7.67
19267,6,0,7.2,4.16
19268,3,1,7.0,3.59
19269,7,0,7.3,5.37
19270,1,2,2.9,5.02
19271,7,3,6.1,3.33
19272,3,3,0.9,5.54
19273,5,4,9.0,4.86
19274,4,0,6.6,3.45
19275,4,0,4.9,4.73
19276,1,2,9.0,4.27
19277,1,4,8.3,6.32
19278,1,0,4.4,6.86
19279,1,4,7.2,4.05
19280,2,2,1.9,5.29
19281,1,3,3.3,3.86
19282,5,1,0.4,4.25
19283,3,0,1.5,5.07
19284,0,2,7.3,4.45
19285,3,1,8.2,5.78
19286,7,1,9.5,4.9
19287,3,4,9.6,6.78
19288,6,0,9.7,6.65
19289,7,2,3.0,5.44
19290,4,1,6.7,3.82
19291,4,1,6.1,7.09
19292,2,4,7.0,3.22
19293,2,4,1.5,6.68
19294,7,1,5.5,4.21
19295,3,2,9.5,5.12
19296,1,0,5.9,6.87
19297,3,1,4.6,4.6
19298,6,3,0.9,1.49
19299,3,4,7.9,6.33
19300,0,0,7.9,4.54
19301,1,0,1.5,4.71
19302,7,1,5.5,4.76
19303,7,2,3.4,5.1
19304,6,1,3.4,6.0
19305,1,1,5.0,7.96
19306,5,3,7.3,3.62
19307,6,3,6.3,6.48
19308,7,1,0.4,5.68
19309,3,2,2.7,3.59
19310,4,1,0.6,5.54
19311,3,0,0.0,5.05
19312,7,1,9.3,6.02
19313,5,3,2.8,4.7
19314,0,0,7.3,5.2
19315,6,4,2.3,5.15
19316,7,3,7.9,4.93
19317,0,0,2.3,5.44
19318,0,4,6.5,3.17
19319,7,0,6.5,3.06
19320,3,1,9.8,5.41
19321,4,4,3.2,3.49
19322,4,2,4.0,4.5
19323,6,3,9.8,5.67
19324,4,1,1.3,5.6
19325,7,1,6.2,6.04
19326,6,4,7.7,5.89
19327,3,4,8.3,4.71
19328,5,0,7.2,3.52
19329,7,3,8.7,4.81
19330,4,2,0.3,4.57
19331,5,1,9.0,3.74
19332,6,4,0.5,4.78
19333,5,4,1.2,5.13
19334,5,1,9.2,6.59
19335,0,1,8.7,7.21
19336,0,0,0.1,4.27
19337,6,3,8.6,3.96
19338,0,4,2.6,3.87
19339,5,3,3.5,3.63
19340,6,1,7.2,3.35
19341,4,4,6.9,4.69
19342,0,2,6.4,4.76
19343,2,0,4.9,2.78
19344,2,4,9.9,3.23
19345,6,1,3.2,6.27
19346,1,1,9.3,4.55
19347,7,1,8.0,4.99
19348,3,1,8.5,7.67
19349,4,3,2.6,6.57
19350,1,0,7.8,6.4
19351,7,3,8.7,5.09
19352,5,0,2.5,5.21
19353,1,1,5.4,4.22
19354,5,0,5.0,2.79
19355,3,3,9.2,6.28
19356,5,2,9.3,4.5
19357,4,4,6.6,4.78
19358,6,1,0.9,4.5
19359,7,2,0.6,5.57
19360,0,1,8.4,4.63
19361,5,0,8.6,3.36
19362,5,3,2.1,4.93
19363,7,4,2.2,5.82
19364,2,3,2.8,4.39
19365,2,4,4.9,4.12
19366,7,0,8.7,2.53
19367,0,0,8.9,3.39
19368,0,3,5.7,3.24
19369,0,0,4.0,6.72
19370,6,4,7.0,4.88
19371,3,3,0.1,4.25
19372,0,2,1.7,3.51
19373,2,3,3.7,5.58
19374,5,2,6.2,3.86
19375,5,0,6.4,7.8
19376,1,4,1.1,3.79
19377,7,2,4.9,3.83
19378,7,0,4.6,4.01
19379,2,3,9.5,5.18
19380,3,1,6.4,7.2
19381,5,0,3.1,3.96
19382,5,3,2.2,4.7
19383,0,0,5.0,3.38
19384,3,4,3.8,6.22
19385,4,1,6.8,4.97
19386,6,4,8.7,5.8
19387,3,3,0.7,5.2
19388,6,2,2.4,4.96
19389,7,4,5.0,4.53
19390,4,2,4.3,4.97
19391,5,4,5.8,6.92
19392,2,1,2.1,3.38
19393,7,0,5.3,5.2
19394,4,1,5.5,6.75
19395,1,3,3.1,5.24
19396,3,0,9.2,6.86
19397,3,4,0.9,4.91
19398,0,2,2.4,5.46
19399,3,3,6.1,5.79
19400,0,2,3.9,3.75
19401,4,3,3.4,6.91
19402,2,1,5.6,5.48
19403,3,3,9.7,5.51
19404,5,0,3.6,6.12
19405,5,1,4.8,4.5
19406,2,4,7.3,4.09
19407,1,4,3.8,4.93
19408,2,1,6.6,4.3
19409,6,4,9.7,6.45
19410,3,0,2.1,3.12
19411,2,1,4.7,5.52
19412,4,3,5.3,3.29
19413,2,3,7.8,4.96
19414,7,2,0.9,3.76
19415,2,2,2.4,4.32
19416,2,4,1.3,5.63
19417,0,3,4.8,6.11
19418,1,2,3.5,5.75
19419,6,0,5.9,6.16
19420,2,0,7.0,4.84
19421,2,0,1.2,2.72
19422,5,3,3.4,5.43
19423,0,2,5.9,3.21
19424,6,1,1.3,5.21
19425,1,1,7.4,3.99
19426,5,0,0.2,5.36
19427,4,0,0.8,4.34
19428,2,1,5.6,4.82
19429,0,1,4.3,4.77
19430,4,1,9.4,4.98
19431,6,1,3.8,4.81
19432,5,0,8.6,2.56
19433,5,0,5.5,4.3
19434,6,4,1.5,5.17
19435,3,1,9.4,4.27
19436,0,2,5.9,3.51
19437,6,4,1.2,6.32
19438,7,0,0.6,4.49
19439,0,3,0.6,4.27
19440,0,0,5.8,6.85
19441,7,1,1.0,3.94
19442,3,4,4.8,6.97
19443,3,4,8.2,3.22
19444,1,4,2.7,5.51
19445,1,4,7.6,6.29
19446,7,1,7.7,6.31
19447,5,1,7.8,4.88
19448,0,1,2.7,4.55
19449,6,0,9.6,6.18
19450,5,4,2.4,5.81
19451,0,3,4.2,7.51
19452,7,0,3.0,4.83
19453,5,0,7.4,5.13
19454,2,1,7.1,6.0
19455,2,3,6.1,4.93
19456,3,4,5.0,5.3
19457,7,0,0.9,5.91
19458,0,3,6.6,4.51
19459,7,3,4.6,6.49
19460,1,0,1.6,5.0
19461,5,1,4.6,4.22
19462,5,0,0.0,7.17
19463,6,1,8.6,5.39
19464,3,4,1.7,5.7
19465,2,4,7.0,4.14
19466,6,0,5.5,6.93
19467,0,3,9.5,5.96
19468,1,1,7.5,5.37
19469,2,2,3.0,5.6
19470,7,2,1.7,3.53
19471,3,4,5.8,2.64
19472,7,0,2.0,3.35
19473,3,2,1.2,4.45
19474,2,3,1.0,4.01
19475,2,2,5.7,5.28
19476,1,3,0.8,5.18
19477,2,2,2.4,4.91
19478,3,2,1.5,5.53
19479,0,3,8.6,4.66
19480,6,1,2.8,4.37
19481,1,1,4.1,6.13
19482,1,2,6.8,2.73
19483,0,0,7.1,5.97
19484,3,4,1.9,7.05
19485,4,3,3.2,5.51
19486,6,1,2.8,6.99
19487,0,2,9.5,5.97
19488,2,2,0.5,5.32
19489,5,4,2.3,6.61
19490,2,1,4.1,4.87
19491,3,1,8.6,4.55
19492,5,2,8.4,4.35
19493,3,3,3.2,5.85
19494,6,4,4.4,2.77
19495,4,1,6.9,6.78
19496,4,2,2.8,3.86
19497,4,4,4.3,4.87
19498,2,4,1.1,4.42
19499,1,0,4.6,3.69
19500,1,1,2.5,6.34
19501,2,0,6.9,4.66
19502,4,1,6.7,6.59
19503,6,0,2.1,5.07
19504,7,1,6.2,3.64
19505,6,0,1.2,5.12
19506,6,1,7.7,5.24
19507,0,2,1.2,4.32
19508,3,4,2.7,5.84
19509,0,3,3.0,3.91
19510,4,3,8.0,4.16
19511,3,0,4.2,4.73
19512,6,4,4.1,2.88
19513,1,1,8.2,6.31
19514,3,1,3.2,5.03
19515,6,0,4.3,5.82
19516,0,4,4.1,4.25
19517,1,4,8.5,5.51
19518,7,3,9.0,4.97
19519,1,0,7.1,4.26
19520,3,0,6.3,5.66
19521,3,0,8.9,5.23
19522,7,1,7.6,3.2
19523,2,2,8.3,7.79
19524,2,2,2.5,7.29
19525,7,2,4.4,4.38
19526,2,2,0.1,5.0
19527,4,3,3.5,3.57
19528,7,2,0.7,4.56
19529,1,3,3.7,3.65
19530,4,0,2.9,3.21
19531,1,1,1.7,5.1
19532,7,4,3.8,3.07
19533,7,2,3.7,7.25
19534,1,1,3.5,4.09
19535,4,2,6.9,5.49
19536,0,2,1.4,5.79
19537,3,1,5.4,5.1
19538,2,1,2.8,5.02
19539,0,1,4.9,3.27
19540,7,1,6.3,5.86
19541,5,2,8.3,6.43
19542,2,2,1.3,4.59
19543,5,2,3.4,6.1
19544,2,2,6.7,5.84
19545,7,2,1.7,3.86
19546,1,4,1.9,5.74
19547,7,1,1.3,3.07
19548,1,4,9.6,6.2
19549,7,2,5.6,5.39
19550,5,1,5.1,3.18
19551,0,2,6.8,5.47
19552,2,3,9.6,7.75
19553,0,4,4.8,3.86
19554,3,0,0.1,1.7
19555,1,3,6.5,5.42
19556,2,3,1.0,4.04
19557,1,0,3.9,5.42
19558,5,4,3.4,6.88
19559,1,3,0.1,3.81
19560,4,2,1.1,4.85
19561,5,0,7.3,5.11
19562,3,1,3.1,4.62
19563,6,0,4.7,4.65
19564,0,1,7.6,7.9
19565,4,2,4.8,4.84
19566,0,0,4.4,2.89
19567,0,2,7.4,6.12
19568,0,2,8.8,4.84
19569,2,1,9.2,3.5
19570,4,0,0.3,4.59
19571,1,2,9.9,2.92
19572,3,2,0.6,4.43
19573,0,2,0.4,4.95
19574,3,3,7.4,3.41
19575,4,3,4.4,5.72
19576,2,3,3.4,4.54
19577,4,2,2.5,5.97
19578,6,2,8.0,4.63
19579,2,0,8.2,6.71
19580,5,2,9.7,6.39
19581,3,2,7.9,6.24
19582,3,1,0.6,6.46
19583,2,4,6.0,4.48
19584,6,3,8.5,4.53
19585,0,2,5.0,4.31
19586,5,0,3.9,4.17
19587,3,2,4.8,3.79
19588,4,1,3.7,3.28
19589,4,2,7.1,4.85
19590,2,1,9.4,2.67
19591,0,3,0.5,5.81
19592,7,0,7.4,4.6
19593,6,0,6.7,4.3
19594,0,1,4.4,5.46
19595,7,2,4.6,5.33
19596,6,1,3.3,3.4
19597,6,0,9.9,3.25
19598,2,1,8.3,5.29
19599,5,0,4.7,4.29
19600,3,4,7.5,5.41
19601,3,3,5.0,6.58
19602,1,2,1.5,4.3
19603,7,2,3.9,5.82
19604,3,3,3.4,4.89
19605,6,3,5.4,5.33
19606,2,1,0.2,7.23
19607,5,1,3.6,4.75
19608,6,1,0.9,4.99
19609,2,1,7.2,3.94
19610,7,4,3.8,4.29
19611,2,0,7.6,6.38
19612,3,3,4.5,5.38
19613,7,3,2.8,6.26
19614,1,4,3.0,5.3
19615,6,2,9.4,5.29
19616,0,1,2.0,5.91
19617,2,2,8.5,8.36
19618,4,2,7.8,7.83
19619,6,1,8.5,3.85
19620,3,3,0.7,4.0
19621,3,1,4.1,4.1
19622,0,1,4.2,7.42
19623,0,2,2.2,5.18
19624,7,1,9.3,4.65
19625,6,3,6.9,4.94
19626,5,1,2.9,3.18
19627,5,0,1.2,5.51
19628,2,0,0.3,6.43
19629,2,3,1.5,4.07
19630,6,4,2.6,4.86
19631,7,2,9.0,6.19
19632,2,2,10.0,3.98
19633,3,3,8.6,4.94
19634,0,0,4.4,7.09
19635,5,1,2.4,5.66
19636,3,0,5.8,6.66
19637,1,4,5.4,2.03
19638,7,1,8.6,3.97
19639,3,3,1.1,4.95
19640,3,0,7.7,5.91
19641,5,2,5.8,5.56
19642,7,0,6.9,6.33
19643,0,4,8.3,7.32
19644,5,1,2.3,6.92
19645,7,1,9.2,7.04
19646,0,2,8.8,5.08
19647,6,1,4.6,4.67
19648,5,1,4.6,3.27
19649,7,3,7.1,4.66
19650,5,4,7.0,6.47
19651,0,0,1.0,6.58
19652,3,4,2.7,5.13
19653,1,2,4.6,4.86
19654,5,0,8.6,6.1
19655,5,4,1.2,5.61
19656,1,1,0.6,4.57
19657,0,2,2.9,5.23
19658,5,1,2.2,6.73
19659,4,3,7.1,5.55
19660,0,2,7.0,3.49
19661,1,3,1.8,6.04
19662,0,0,4.1,4.15
19663,2,1,4.4,3.59
19664,3,1,2.2,4.76
19665,5,1,7.1,6.4
19666,2,4,9.9,6.09
19667,5,3,6.2,4.96
19668,2,4,3.0,4.35
19669,7,4,8.0,6.15
19670,6,4,0.6,3.94
19671,6,1,2.6,5.45
19672,4,4,0.3,5.5
19673,1,2,7.0,3.29
19674,5,2,6.0,7.36
19675,7,0,3.3,5.0
19676,4,1,2.1,4.03
19677,0,1,5.3,5.34
19678,6,3,3.7,5.27
19679,2,2,9.2,4.27
19680,2,2,6.6,2.53
19681,7,4,7.1,5.19
19682,2,0,1.4,3.22
19683,4,0,0.2,2.73
19684,6,4,6.1,7.21
19685,0,3,2.5,5.71
19686,7,3,9.3,4.88
19687,3,0,8.7,4.24
19688,5,4,2.8,6.59
19689,3,3,4.5,4.59
19690,1,1,4.6,4.31
19691,5,2,5.4,5.15
19692,3,3,3.9,4.63
19693,3,3,3.4,5.58
19694,0,2,8.0,4.28
19695,5,4,7.6,5.82
19696,5,4,2.5,4.27
19697,0,1,2.1,5.6
19698,2,2,4.5,5.36
19699,7,2,1.3,5.16
19700,0,4,1.3,6.46
19701,3,0,8.2,3.92
19702,0,3,7.1,5.04
19703,4,1,3.0,6.21
19704,3,2,8.8,4.93
19705,7,0,4.1,2.92
19706,6,2,1.7,4.12
19707,0,2,7.5,4.44
19708,7,0,4.5,4.54
19709,5,0,1.7,5.72
19710,6,4,0.4,5.82
19711,1,3,4.9,5.75
19712,2,4,3.1,6.81
19713,7,4,4.6,5.83
19714,0,1,3.1,5.69
19715,0,3,3.5,2.39
19716,4,2,8.8,4.45
19717,4,0,8.4,5.23
19718,1,4,1.5,5.39
19719,3,0,2.3,6.53
19720,0,1,4.6,5.64
19721,1,0,5.8,6.26
19722,7,2,6.6,5.44
19723,3,1,1.3,5.85
19724,5,2,6.1,4.94
19725,7,2,8.8,5.24
19726,7,0,0.5,5.41
19727,4,2,5.8,5.45
19728,7,2,8.6,3.61
19729,3,1,5.1,4.66
19730,1,2,3.1,5.32
19731,6,2,6.4,3.6
19732,4,0,5.6,5.58
19733,2,3,1.1,6.1
19734,6,3,0.7,7.01
19735,6,2,3.5,5.67
19736,1,2,3.1,3.27
19737,5,3,4.6,4.25
19738,6,4,7.6,2.75
19739,7,1,8.4,3.83
19740,0,4,2.8,3.11
19741,0,4,6.4,7.42
19742,1,0,3.9,6.05
19743,6,1,0.4,5.51
19744,1,3,9.0,4.1
19745,3,4,4.7,7.07
19746,4,0,6.2,7.42
19747,4,0,2.4,4.25
19748,2,4,7.8,4.81
19749,4,1,3.0,2.86
19750,1,1,3.6,4.04
19751,6,2,0.4,6.77
19752,4,1,6.7,2.99
19753,3,1,5.3,5.4
19754,4,4,3.6,2.72
19755,2,4,9.1,7.27
19756,4,3,3.8,5.13
19757,0,4,4.4,7.32
19758,0,0,0.3,5.19
19759,5,2,6.5,5.27
19760,1,4,2.7,6.43
19761,0,2,7.7,4.64
19762,6,2,4.0,4.25
19763,4,3,5.0,4.21
19764,4,0,0.3,5.89
19765,1,0,5.7,4.42
19766,4,0,0.5,4.72
19767,0,3,2.0,5.07
19768,5,4,10.0,3.92
19769,6,4,1.9,3.66
19770,3,2,8.1,4.3
19771,6,3,8.6,6.17
19772,5,2,7.2,5.81
19773,5,1,7.4,3.82
19774,7,2,6.4,4.71
19775,5,0,1.5,4.74
19776,2,2,0.2,3.02
19777,2,1,2.2,6.2
19778,7,3,2.8,6.98
19779,0,3,9.3,4.62
19780,1,2,7.3,4.14
19781,6,3,6.5,7.67
19782,4,3,7.4,2.93
19783,4,2,1.4,4.92
19784,1,0,1.6,5.06
19785,1,2,7.8,7.31
19786,7,2,5.4,6.54
19787,0,2,6.4,6.59
19788,7,1,7.5,5.14
19789,2,4,3.9,5.19
19790,4,0,5.0,2.53
19791,0,4,7.4,4.54
19792,6,4,4.9,7.05
19793,0,0,6.9,5.6
19794,1,3,8.7,8.3
19795,3,2,5.5,7.44
19796,7,1,6.6,5.61
19797,3,1,8.5,4.22
19798,3,2,2.4,4.66
19799,1,0,3.1,6.57
19800,2,2,9.9,5.36
19801,7,1,10.0,6.28
19802,1,2,1.4,3.26
19803,6,1,2.8,3.31
19804,1,1,2.2,3.97
19805,1,0,7.1,3.65
19806,1,0,3.6,5.82
19807,1,0,4.5,4.59
19808,1,3,6.2,5.51
19809,0,2,7.1,6.14
19810,0,2,7.9,2.3
19811,2,3,8.8,6.1
19812,3,4,1.4,4.41
19813,1,1,2.2,3.14
19814,1,4,2.5,3.1
19815,1,4,7.9,5.43
19816,0,2,7.1,5.87
19817,4,0,2.4,4.65
19818,0,4,2.9,6.01
19819,2,0,4.0,6.5
19820,1,3,2.2,8.24
19821,4,2,7.8,4.92
19822,0,0,5.0,2.39
19823,4,0,0.3,2.05
19824,2,2,5.4,3.58
19825,6,1,0.3,4.7
19826,4,0,2.3,5.66
19827,1,2,2.1,6.46
19828,7,0,7.3,7.11
19829,0,3,4.6,4.71
19830,2,3,9.9,4.45
19831,5,0,0.9,4.84
19832,3,3,3.5,6.16
19833,3,3,7.7,6.28
19834,2,0,5.9,4.94
19835,2,3,7.9,5.22
19836,1,4,2.9,6.83
19837,1,1,3.5,5.69
19838,4,0,2.0,5.87
19839,3,0,8.7,4.89
19840,5,2,7.4,4.83
19841,4,3,5.1,2.43
19842,4,1,6.4,4.46
19843,1,3,0.1,3.04
19844,4,4,5.5,5.5
19845,5,3,5.1,4.5
19846,0,2,5.9,3.89
19847,6,0,3.8,4.52
19848,3,1,6.1,5.91
19849,3,0,1.7,2.7
19850,1,4,4.4,4.04
19851,5,4,2.3,5.53
19852,4,0,8.3,4.12
19853,2,1,2.4,5.59
19854,0,0,2.5,3.65
19855,3,3,6.3,2.37
19856,7,2,9.7,6.95
19857,7,1,1.4,6.72
19858,1,2,8.1,3.55
19859,3,2,5.4,6.65
19860,5,3,7.7,3.63
19861,7,2,4.8,5.98
19862,4,4,7.7,6.07
19863,7,3,1.4,3.02
19864,1,1,4.6,6.24
19865,5,1,2.9,3.8
19866,4,4,9.0,6.16
19867,0,1,2.6,3.35
19868,6,4,8.8,4.84
19869,6,1,1.2,3.91
19870,2,2,7.3,3.34
19871,5,2,8.5,3.43
19872,2,3,3.3,5.44
19873,1,0,10.0,6.24
19874,0,0,3.4,5.05
19875,0,4,6.4,5.5
19876,4,3,6.8,3.54
19877,4,3,1.2,4.62
19878,1,4,2.8,5.72
19879,2,3,6.0,5.51
19880,7,0,3.9,6.49
19881,4,2,2.6,5.76
19882,0,1,0.2,3.15
19883,0,1,8.5,6.75
19884,3,3,5.4,4.78
19885,0,0,6.4,4.66
19886,4,0,7.8,4.76
19887,5,0,7.1,5.24
19888,2,3,6.2,3.45
19889,3,1,0.3,3.51
19890,6,4,9.2,3.94
19891,7,1,1.3,3.75
19892,2,1,7.2,3.67
19893,4,0,7.4,5.85
19894,5,3,8.5,5.92
19895,1,3,2.9,4.06
19896,7,3,9.0,3.24
19897,7,2,6.6,3.68
19898,1,1,2.8,2.65
19899,3,2,0.1,4.28
19900,1,4,7.5,3.83
19901,0,2,3.2,6.69
19902,1,1,6.5,7.15
19903,4,2,5.1,6.88
19904,1,4,7.1,4.88
19905,4,1,9.3,5.02
19906,1,4,9.0,3.81
19907,1,3,1.9,3.34
19908,6,1,3.1,4.55
19909,3,4,6.8,3.6
19910,4,1,4.5,4.99
19911,7,0,9.6,6.13
19912,6,4,5.6,5.04
19913,4,1,6.7,5.72
19914,1,0,5.5,5.53
19915,0,0,3.1,6.02
19916,2,1,8.7,6.2
19917,7,0,1.6,3.23
19918,6,2,9.7,4.51
19919,4,1,1.6,5.65
19920,6,0,4.1,4.73
19921,6,2,1.5,4.22
19922,5,1,9.5,8.15
19923,3,0,1.5,3.98
19924,0,3,5.6,4.63
19925,6,0,4.7,5.7
19926,3,0,9.2,7.2
19927,3,2,9.8,5.61
19928,2,2,5.2,4.87
19929,7,3,6.7,4.93
19930,5,4,9.9,4.53
19931,5,1,4.7,3.57
19932,0,2,5.2,5.32
19933,5,3,9.2,5.31
19934,3,3,4.3,4.88
19935,6,3,1.4,6.7
19936,5,4,2.3,6.09
19937,0,0,0.7,5.43
19938,1,0,9.7,5.11
19939,1,1,3.0,4.15
19940,4,3,2.9,4.82
19941,6,4,5.7,4.72
19942,0,3,6.7,5.35
19943,4,1,9.6,5.73
19944,7,0,2.8,5.67
19945,1,2,0.9,5.19
19946,7,1,0.3,5.43
19947,5,4,0.1,5.36
19948,1,1,7.1,5.14
19949,0,4,8.2,5.39
19950,2,3,3.7,7.1
19951,4,4,0.5,4.02
19952,4,2,1.5,4.64
19953,0,2,9.5,4.85
19954,6,1,5.5,4.35
19955,2,1,0.3,5.15
19956,1,1,8.9,5.62
19957,4,2,8.0,5.07
19958,5,4,4.6,5.23
19959,0,0,2.3,4.41
19960,4,1,7.4,4.27
19961,5,1,0.7,5.44
19962,1,2,1.0,3.38
19963,7,4,5.5,6.56
19964,0,2,3.6,4.5
19965,2,3,7.6,2.78
19966,5,0,7.1,4.75
19967,1,1,3.7,2.95
19968,3,0,7.7,4.38
19969,4,4,6.9,5.1
19970,4,0,8.1,4.07
19971,3,3,3.1,5.66
19972,5,3,0.9,4.49
19973,0,2,1.1,4.87
19974,6,1,6.2,4.13
19975,6,3,4.0,6.46
19976,2,1,1.1,4.35
19977,7,2,5.0,5.07
19978,1,0,1.0,4.05
19979,3,2,6.6,5.04
19980,6,3,9.4,3.86
19981,1,0,5.4,4.23
19982,0,0,3.2,5.13
19983,6,4,2.2,4.65
19984,4,0,8.2,4.66
19985,4,3,1.9,4.5
19986,3,1,4.0,6.07
19987,2,1,4.8,4.83
19988,0,2,9.4,2.96
19989,3,3,3.4,6.14
19990,4,3,0.5,4.43
19991,1,2,3.0,2.91
19992,0,3,3.9,6.06
19993,0,4,4.0,4.67
19994,6,0,3.1,5.99
19995,0,4,7.1,5.2
19996,4,3,6.6,5.44
19997,0,2,8.6,4.61
19998,6,4,9.4,4.34
19999,6,2,5.0,3.93
20000,7,4,1.5,5.73
20001,5,1,7.5,6.06
20002,7,1,4.9,6.46
20003,4,2,3.0,5.98
20004,6,2,5.6,6.43
20005,3,4,4.5,4.32
20006,7,3,4.5,5.49
20007,3,1,9.6,4.45
20008,3,0,9.3,4.91
20009,6,2,0.5,6.67
20010,3,0,0.1,4.41
20011,5,0,0.4,4.4
20012,2,0,10.0,4.15
20013,4,2,9.8,5.27
20014,2,2,5.8,3.22
20015,4,2,7.4,5.99
20016,3,0,8.1,4.24
20017,4,2,6.3,3.84
20018,0,0,5.1,3.69
20019,6,2,7.7,4.94
20020,6,0,7.6,3.69
20021,5,3,7.5,4.45
20022,4,3,8.3,6.89
20023,5,3,2.8,3.06
20024,6,2,2.8,4.45
20025,3,2,9.5,6.08
20026,1,0,9.3,6.11
20027,7,3,9.6,6.19
20028,6,2,0.7,5.86
20029,6,2,5.6,5.14
20030,1,3,2.1,5.66
20031,4,0,4.7,6.15
20032,6,1,8.3,5.35
20033,1,0,4.8,5.45
20034,0,4,9.7,5.0
20035,6,4,4.0,6.01
20036,5,1,0.0,4.03
20037,5,4,3.1,5.91
20038,7,1,1.9,3.41
20039,0,0,8.8,3.4
20040,0,4,1.3,7.29
20041,4,3,6.6,5.8
20042,4,4,4.6,5.57
20043,6,2,3.0,4.33
20044,4,3,7.4,5.2
20045,0,3,1.1,4.77
20046,1,0,7.6,5.94
20047,1,2,5.8,4.44
20048,1,2,4.5,6.95
20049,3,1,5.5,5.49
20050,7,2,8.0,7.6
20051,7,2,3.5,6.77
20052,2,2,7.4,5.9
20053,2,4,7.3,7.19
20054,1,0,2.2,6.43
20055,3,4,7.6,3.4
20056,0,2,1.9,4.89
20057,2,1,8.6,4.97
20058,6,4,0.2,5.42
20059,5,3,8.5,5.65
20060,6,4,0.1,4.76
20061,0,1,0.5,6.16
20062,4,3,9.3,3.21
20063,4,2,2.2,6.38
20064,5,2,5.0,3.52
20065,3,0,4.8,5.65
20066,1,2,3.7,4.44
20067,5,1,1.8,5.72
20068,0,2,1.3,3.97
20069,6,1,2.4,5.6
20070,6,0,9.3,3.38
20071,7,2,6.5,4.79
20072,2,0,1.5,1.63
20073,4,0,2.3,2.69
20074,6,4,6.1,3.05
20075,7,1,2.2,2.57
20076,5,4,9.2,4.02
20077,7,4,1.9,6.08
20078,3,3,8.9,5.99
20079,1,4,1.3,5.43
20080,2,3,6.5,3.49
20081,6,4,5.3,5.35
20082,4,0,3.3,5.1
20083,2,2,2.0,4.86
20084,6,1,4.8,4.11
20085,4,4,6.8,5.03
20086,0,4,0.1,4.95
20087,7,3,5.8,5.87
20088,4,3,5.0,4.28
20089,2,0,5.8,4.78
20090,7,1,0.4,4.45
20091,0,3,3.0,3.87
20092,2,2,9.5,4.77
20093,3,2,7.2,4.38
20094,1,3,6.8,4.19
20095,4,0,5.1,6.7
20096,4,4,2.6,4.54
20097,2,2,5.3,4.03
20098,6,3,3.2,3.39
20099,1,1,4.6,3.42
20100,5,0,0.6,4.98
20101,0,4,9.7,6.9
20102,4,2,0.7,4.82
20103,0,3,1.5,2.54
20104,1,4,8.8,5.19
20105,0,4,4.7,4.78
20106,5,0,5.7,3.84
20107,2,1,7.3,2.34
20108,1,3,9.8,3.22
20109,2,0,4.6,5.74
20110,6,0,4.7,5.47
20111,0,4,9.8,5.08
20112,3,4,6.5,2.28
20113,2,0,0.7,1.96
20114,7,3,1.8,3.25
20115,5,2,3.4,3.15
20116,3,3,5.5,4.64
20117,2,1,2.2,5.55
20118,6,4,2.5,4.73
20119,5,2,2.1,4.92
20120,5,1,7.7,5.16
20121,3,3,0.1,5.41
20122,0,4,4.3,3.46
20123,1,2,2.6,4.35
20124,4,0,4.7,6.59
20125,1,4,3.3,5.44
20126,5,2,5.2,4.35
20127,5,2,3.9,6.06
20128,5,0,9.1,4.45
20129,3,2,5.4,6.7
20130,4,1,7.4,2.01
20131,2,4,3.7,3.36
20132,5,1,1.4,6.62
20133,5,4,8.0,6.53
20134,5,3,7.6,5.0
20135,3,0,3.1,6.11
20136,5,4,4.3,4.42
20137,3,1,9.0,5.82
20138,2,2,6.7,5.82
20139,7,4,8.5,5.54
20140,2,0,6.7,5.12
20141,2,2,3.4,5.63
20142,7,3,4.8,4.65
20143,0,1,0.9,5.93
20144,4,0,7.1,4.55
20145,3,4,6.6,4.15
20146,1,3,1.8,4.34
20147,0,0,1.9,5.73
20148,7,3,9.1,6.06
20149,3,4,6.1,3.7
20150,6,0,9.5,2.24
20151,2,0,4.1,4.71
20152,4,2,0.2,5.14
20153,3,0,0.8,5.15
20154,5,0,6.5,3.78
20155,7,0,6.5,4.97
20156,6,0,9.8,6.03
20157,7,0,7.4,6.66
20158,5,4,6.8,4.27
20159,5,1,2.0,5.78
20160,3,2,8.8,5.71
20161,7,3,7.0,4.11
20162,4,3,6.9,6.52
20163,6,0,5.2,5.15
20164,5,0,8.0,4.73
20165,0,1,0.5,5.52
20166,0,3,6.0,3.81
20167,0,4,7.0,6.03
20168,6,4,8.9,5.38
20169,3,0,3.3,5.77
20170,3,2,5.5,4.96
20171,1,0,2.1,5.52
20172,6,0,2.2,4.48
20173,5,0,1.1,4.35
20174,7,1,2.8,3.69
20175,5,3,1.3,4.89
20176,5,1,4.5,5.72
20177,4,2,3.5,5.14
20178,7,3,6.0,5.98
20179,7,2,3.8,6.03
20180,4,3,5.8,6.18
20181,2,3,1.3,5.8
20182,1,1,5.5,3.9
20183,5,2,6.1,2.93
20184,7,0,7.7,5.5
20185,6,1,10.0,4.66
20186,2,2,7.5,6.81
20187,3,4,7.2,5.73
20188,4,4,5.9,5.13
20189,0,2,0.6,5.51
20190,3,1,1.7,5.48
20191,5,2,5.0,7.13
20192,7,2,2.3,5.85
20193,7,4,1.8,6.48
20194,5,1,1.5,6.68
20195,5,1,7.3,3.43
20196,3,3,8.5,4.97
20197,2,3,9.8,3.68
20198,4,3,2.8,6.87
20199,5,4,5.1,5.35
20200,7,3,0.3,3.08
20201,4,3,1.1,5.9
20202,0,0,8.2,3.03
20203,7,3,3.4,6.12
20204,7,3,1.2,4.44
20205,4,0,4.2,3.29
20206,1,1,9.4,5.88
20207,0,4,9.2,6.0
20208,1,3,4.9,3.12
20209,1,3,4.8,6.3
20210,6,2,4.5,3.48
20211,0,2,1.7,5.18
20212,5,1,2.2,5.25
20213,3,4,2.5,6.79
20214,0,1,6.9,4.1
20215,6,1,4.7,4.7
20216,3,4,4.8,3.18
20217,4,2,5.7,6.12
20218,2,1,7.5,5.79
20219,5,1,7.8,4.86
20220,7,3,5.1,4.74
20221,7,3,9.2,5.79
20222,4,1,0.3,4.66
20223,1,1,8.9,4.45
20224,2,2,3.8,5.73
20225,3,3,9.7,4.86
20226,6,4,9.8,3.68
20227,5,3,3.6,6.04
20228,3,2,5.5,5.41
20229,3,1,4.3,4.78
20230,6,4,7.6,7.57
20231,6,3,7.5,3.66
20232,6,2,9.1,6.39
20233,7,3,2.6,5.62
20234,7,0,6.5,4.06
20235,5,2,1.6,3.46
20236,7,0,4.7,5.82
20237,2,0,6.9,5.36
20238,1,4,4.3,3.61
20239,1,1,7.6,5.3
20240,2,1,3.9,4.13
20241,2,0,5.9,6.2
20242,4,0,3.8,6.05
20243,7,1,5.1,5.64
20244,3,3,9.8,4.47
20245,4,0,7.6,4.7
20246,0,2,7.7,5.71
20247,3,0,8.7,4.97
20248,3,2,5.5,5.43
20249,1,3,2.0,5.75
20250,6,4,7.4,4.06
20251,2,2,5.7,5.78
20252,4,3,9.5,6.38
20253,1,2,2.3,5.73
20254,4,2,1.6,3.53
20255,6,0,4.6,6.95
20256,3,2,7.4,5.16
20257,6,0,4.9,6.92
20258,3,1,1.2,5.46
20259,2,2,4.7,3.98
20260,3,4,0.1,3.6
20261,1,2,1.2,5.41
20262,2,4,7.7,4.95
20263,5,0,5.4,5.35
20264,4,0,9.0,4.97
20265,5,4,7.8,2.41
20266,3,3,6.9,6.88
20267,1,0,3.5,6.12
20268,7,3,0.5,4.29
20269,3,4,3.6,4.91
20270,7,0,8.6,5.14
20271,3,3,3.9,4.63
20272,7,2,4.4,4.41
20273,3,2,6.9,6.24
20274,5,3,0.9,6.63
20275,5,1,4.7,3.95
20276,4,3,7.8,6.62
20277,4,4,0.5,4.98
20278,6,4,5.6,5.7
20279,1,2,9.5,4.21
20280,3,1,3.6,6.22
20281,3,1,7.2,4.58
20282,6,0,9.1,4.29
20283,3,2,3.0,5.44
20284,7,2,9.5,6.8
20285,6,4,9.1,4.15
20286,5,2,2.3,4.9
20287,3,2,5.1,6.43
20288,0,4,7.6,5.11
20289,4,1,8.0,5.12
20290,4,4,3.4,5.72
20291,0,0,2.2,4.29
20292,4,2,4.6,6.06
20293,0,2,2.9,6.63
20294,3,3,9.1,2.45
20295,2,0,7.0,4.9
20296,1,2,4.6,4.81
20297,0,2,1.4,3.22
20298,7,3,8.4,5.19
20299,1,3,0.0,2.05
20300,7,4,2.8,4.53
20301,3,1,4.2,5.84
20302,0,3,5.5,5.65
20303,5,4,5.4,6.21
20304,2,4,3.2,6.58
20305,7,4,8.3,4.64
20306,3,4,5.3,5.11
20307,1,2,8.4,3.16
20308,5,0,4.5,4.56
20309,5,4,4.9,3.73
20310,5,0,7.5,6.68
20311,2,0,3.3,3.86
20312,1,0,6.3,3.74
20313,5,4,7.4,5.61
20314,1,1,6.6,5.83
20315,5,4,2.2,2.93
20316,0,0,5.3,4.25
20317,1,3,3.2,5.39
20318,1,0,9.3,5.23
20319,1,2,1.5,2.96
20320,3,1,4.0,3.45
20321,3,0,7.6,7.63
20322,5,0,4.8,3.06
20323,6,0,2.9,5.97
20324,6,0,2.7,5.01
20325,7,1,1.5,3.33
20326,3,3,4.3,2.74
20327,4,3,9.2,5.56
20328,6,0,8.5,4.44
20329,2,0,5.1,3.85
20330,3,1,8.6,4.53
20331,4,3,1.8,3.56
20332,7,3,2.5,4.05
20333,3,3,1.7,6.22
20334,7,1,5.5,3.2
20335,5,2,1.1,4.04
20336,7,1,1.5,6.76
20337,6,0,2.0,4.62
20338,0,3,2.4,5.84
20339,5,2,6.6,3.76
20340,0,4,6.4,4.8
20341,3,2,1.8,4.91
20342,6,4,8.8,4.88
20343,7,2,8.3,6.93
20344,5,3,8.0,4.94
20345,4,1,3.8,3.74
20346,5,4,6.2,6.17
20347,5,4,3.3,3.61
20348,2,4,9.8,3.79
20349,5,4,4.9,5.28
20350,5,3,9.6,6.01
20351,0,0,0.9,5.42
20352,5,4,9.0,3.84
20353,2,4,8.7,4.34
20354,4,1,0.8,5.46
20355,6,0,3.0,2.26
20356,3,3,6.2,5.93
20357,7,3,2.6,6.24
20358,7,3,1.2,2.77
20359,5,2,1.0,3.96
20360,1,4,0.0,5.16
20361,6,4,1.2,6.55
20362,6,4,0.7,3.92
20363,0,1,4.4,2.75
20364,2,2,0.5,5.56
20365,4,2,3.3,4.29
20366,7,4,7.7,4.21
20367,7,3,3.5,5.79
20368,7,4,3.5,4.27
20369,5,0,8.9,6.65
20370,3,1,3.5,4.8
20371,2,2,3.2,4.41
20372,4,4,5.7,4.06
20373,1,0,0.4,4.97
20374,7,0,2.7,6.3
20375,6,0,0.9,4.91
20376,2,0,6.5,4.78
20377,4,4,5.1,4.69
20378,3,0,8.1,4.7
20379,1,0,6.4,4.84
20380,4,0,9.9,3.34
20381,7,4,4.8,5.19
20382,3,0,9.8,7.07
20383,4,3,3.3,6.4
20384,7,1,8.4,4.5
20385,3,3,5.9,4.16
20386,5,1,3.0,6.36
20387,4,0,7.4,4.3
20388,4,2,3.7,4.05
20389,3,3,7.1,4.67
20390,5,1,1.9,3.94
20391,3,1,5.3,6.12
20392,0,3,6.1,2.63
20393,1,0,4.9,5.34
20394,7,4,2.8,3.56
20395,4,1,4.9,6.15
20396,1,4,3.9,6.19
20397,4,4,0.1,5.34
20398,2,3,5.4,5.14
20399,7,1,5.9,3.72
20400,3,3,6.9,5.21
20401,5,3,5.8,5.49
20402,7,1,7.8,5.48
20403,2,3,9.4,6.87
20404,5,1,5.4,6.1
20405,5,4,8.2,4.2
20406,1,4,8.6,6.29
20407,0,3,6.4,4.42
20408,3,0,7.5,4.83
20409,4,0,9.2,5.78
20410,7,2,6.1,5.05
20411,1,3,3.8,7.12
20412,4,3,9.3,3.84
20413,5,1,5.5,6.27
20414,6,4,9.3,4.49
20415,1,1,8.2,6.31
20416,1,3,6.6,6.66
20417,0,4,8.9,2.71
20418,0,4,5.5,3.94
20419,3,0,6.2,5.48
20420,4,1,1.6,7.65
20421,6,4,0.2,6.25
20422,7,1,8.3,6.19
20423,7,3,4.7,5.26
20424,1,3,0.6,4.59
20425,3,0,5.0,5.38
20426,5,0,5.8,5.31
20427,2,0,4.0,3.94
20428,6,2,6.8,6.99
20429,3,4,0.9,5.19
20430,4,3,7.2,3.31
20431,2,2,4.5,7.29
20432,6,3,5.0,5.12
20433,3,4,3.5,5.55
20434,7,4,3.2,2.69
20435,7,0,1.5,6.32
20436,3,0,6.7,5.75
20437,5,2,8.3,7.24
20438,4,1,2.1,3.86
20439,7,1,8.1,2.71
20440,4,2,7.9,4.79
20441,5,0,0.8,5.4
20442,6,0,2.3,8.24
20443,5,4,0.5,5.12
20444,3,1,3.2,5.31
20445,6,1,6.7,5.07
20446,4,0,0.1,5.42
20447,6,3,1.7,6.13
20448,7,1,1.2,3.22
20449,7,2,3.8,4.98
20450,1,1,5.9,3.79
20451,4,1,9.6,3.91
20452,1,0,4.7,5.78
20453,4,0,4.1,4.03
20454,0,2,9.5,6.78
20455,5,2,3.3,4.79
20456,0,3,6.0,5.52
20457,7,0,7.5,6.42
20458,5,0,7.7,6.71
20459,3,1,3.7,5.21
20460,6,2,4.1,2.94
20461,5,1,0.4,4.93
20462,0,4,9.4,4.49
20463,7,0,4.1,3.7
20464,1,3,8.2,5.18
20465,6,3,7.0,3.56
20466,7,2,2.8,5.61
20467,2,3,8.7,3.47
20468,6,1,8.3,3.43
20469,5,4,5.0,4.64
20470,6,1,8.1,4.21
20471,4,0,8.4,4.06
20472,4,0,9.8,6.73
20473,3,3,8.5,5.46
20474,3,4,5.1,4.53
20475,5,1,5.7,4.55
20476,5,0,2.8,3.99
20477,3,0,9.1,3.98
20478,3,4,1.4,5.24
20479,7,1,9.3,4.82
20480,1,3,5.6,3.17
20481,2,3,1.2,3.7
20482,7,2,2.8,5.61
20483,1,0,4.2,4.69
20484,4,3,9.0,5.89
20485,7,4,1.7,5.02
20486,3,1,2.8,6.23
20487,5,4,7.9,4.42
20488,4,0,2.5,7.84
20489,4,4,8.9,5.96
20490,2,0,0.7,3.73
20491,2,3,5.2,3.23
20492,2,3,1.3,6.09
20493,6,2,3.1,7.06
20494,2,0,1.7,7.16
20495,3,1,4.5,6.51
20496,1,2,5.5,4.52
20497,3,4,5.6,4.29
20498,6,3,1.6,3.59
20499,5,2,9.0,4.6
20500,6,1,2.0,4.6
20501,1,4,3.5,4.76
20502,2,3,2.8,3.61
20503,5,0,4.5,5.47
20504,4,3,8.4,4.4
20505,6,0,3.5,4.34
20506,4,0,9.8,4.84
20507,0,4,6.3,6.26
20508,3,3,3.5,5.19
20509,2,4,4.5,5.74
20510,0,1,2.9,5.5
20511,1,0,1.6,6.71
20512,3,4,9.5,4.39
20513,4,0,3.9,5.13
20514,6,4,8.2,4.36
20515,1,2,6.0,6.27
20516,1,4,4.3,5.5
20517,6,1,5.4,3.49
20518,1,3,3.1,6.86
20519,3,0,8.6,8.23
20520,2,4,6.0,5.14
20521,4,3,6.7,6.26
20522,4,1,3.9,6.3
20523,0,4,5.1,4.5
20524,4,3,7.2,5.15
20525,0,1,5.0,5.91
20526,0,4,2.1,6.33
20527,1,3,2.3,5.85
20528,3,1,2.4,5.05
20529,6,2,7.7,7.47
20530,4,0,2.2,3.28
20531,0,0,9.2,3.42
20532,1,2,9.4,3.4
20533,6,0,1.4,6.24
20534,0,0,2.7,6.29
20535,1,3,1.3,2.11
20536,5,2,8.3,2.4
20537,7,3,1.3,4.91
20538,0,3,5.1,6.7
20539,1,0,0.7,7.37
20540,7,0,1.3,4.95
20541,6,1,4.4,4.89
20542,3,3,8.9,2.01
20543,7,3,8.0,5.88
20544,0,3,1.4,3.7
20545,2,4,3.4,2.95
20546,4,2,1.0,4.93
20547,5,3,1.1,4.02
20548,7,1,0.8,4.0
20549,1,0,9.0,4.94
20550,1,2,0.8,6.24
20551,6,1,9.8,4.78
20552,2,1,2.4,5.23
20553,0,4,6.4,5.08
20554,0,4,9.2,4.76
20555,0,4,6.2,5.99
20556,2,0,3.6,4.96
20557,7,1,4.5,3.35
20558,7,2,3.2,4.86
20559,0,0,6.2,6.4
20560,6,4,2.6,6.0
20561,2,3,4.2,6.09
20562,7,2,0.8,4.87
20563,1,2,1.2,7.03
20564,1,0,2.3,4.47
20565,6,1,1.8,4.06
20566,4,3,8.7,4.33
20567,1,4,5.5,5.03
20568,7,3,1.4,6.55
20569,2,3,0.2,5.04
20570,1,3,4.2,4.75
20571,4,3,0.3,5.26
20572,1,4,3.5,5.21
20573,0,3,8.7,4.61
20574,4,4,0.0,5.88
20575,5,1,6.5,5.79
20576,2,0,6.0,6.71
20577,0,0,3.2,3.5
20578,7,0,7.1,3.8
20579,4,3,2.2,6.79
20580,5,1,2.7,4.32
20581,2,2,3.7,3.62
20582,1,0,7.0,4.43
20583,5,0,3.1,4.8
20584,7,4,0.0,3.54
20585,1,3,6.1,2.69
20586,7,4,2.7,6.99
20587,5,3,7.5,6.63
20588,7,2,2.5,2.76
20589,2,2,0.6,5.8
20590,1,0,0.6,3.86
20591,3,3,4.1,4.93
20592,7,4,0.3,4.87
20593,1,0,1.3,5.57
20594,2,0,1.4,4.89
20595,4,3,3.0,3.16
20596,1,2,9.7,4.26
20597,0,4,0.5,5.68
20598,0,4,7.4,3.71
20599,7,1,6.7,6.39
20600,6,4,2.7,5.19
20601,6,4,0.7,3.95
20602,5,1,2.8,4.09
20603,6,0,6.6,5.83
20604,3,1,0.4,4.67
20605,5,3,0.3,5.73
20606,1,2,3.8,3.16
20607,1,4,6.9,5.63
20608,4,2,9.7,5.47
20609,5,0,8.9,5.47
20610,2,1,7.8,5.56
20611,2,0,2.9,3.96
20612,6,3,8.1,6.28
20613,2,4,5.0,5.69
20614,7,0,2.1,5.59
20615,6,2,0.9,5.1
20616,3,2,4.4,6.05
20617,4,0,7.1,5.35
20618,6,0,3.9,6.32
20619,1,1,5.2,3.82
20620,1,4,5.0,4.91
20621,5,4,9.7,6.59
20622,7,1,4.1,5.75
20623,6,4,2.2,4.48
20624,7,0,1.2,4.76
20625,2,4,1.2,2.03
20626,1,4,6.8,4.67
20627,0,2,2.7,8.01
20628,0,1,4.2,2.84
20629,5,0,3.3,6.12
20630,4,4,9.4,5.07
20631,1,4,4.5,3.78
20632,6,4,5.8,3.61
20633,3,2,7.3,5.96
20634,0,3,4.5,3.12
20635,3,4,4.2,5.67
20636,5,0,0.1,4.08
20637,6,2,3.2,4.52
20638,1,1,7.2,3.19
20639,3,4,1.3,5.11
20640,7,2,5.0,3.94
20641,5,2,5.0,3.39
20642,7,1,2.5,6.18
20643,0,4,1.2,4.62
20644,1,3,6.6,2.62
20645,7,0,9.7,5.75
20646,2,2,3.5,5.8
20647,4,2,6.1,6.12
20648,3,3,2.7,3.65
20649,2,1,6.0,5.82
20650,2,3,0.1,3.98
20651,6,4,5.6,5.96
20652,2,0,9.7,4.36
20653,3,0,8.9,4.6
20654,6,2,1.6,5.29
20655,6,1,5.8,4.01
20656,0,2,5.6,5.32
20657,2,0,6.7,3.67
20658,3,0,2.2,4.03
20659,3,2,5.6,5.62
20660,3,1,5.4,5.5
20661,5,1,1.5,2.57
20662,4,2,3.1,4.08
20663,7,1,4.1,5.42
20664,2,3,6.0,4.57
20665,5,1,4.2,4.13
20666,0,2,9.7,4.61
20667,5,1,3.6,3.47
20668,4,1,6.9,7.62
20669,7,3,2.2,4.51
20670,6,3,1.6,6.37
20671,3,1,8.8,7.0
20672,6,1,3.0,6.51
20673,7,2,4.3,4.52
20674,3,4,7.3,5.09
20675,6,3,9.5,4.75
20676,3,2,1.7,4.87
20677,2,1,2.2,4.55
20678,1,4,0.8,7.07
20679,7,1,9.0,4.51
20680,3,1,6.9,6.71
20681,1,4,7.3,3.16
20682,3,2,3.7,3.62
20683,4,4,5.2,7.13
20684,4,3,2.4,6.83
20685,6,0,2.5,6.37
20686,4,2,5.9,4.05
20687,4,3,2.4,3.3
20688,0,0,1.5,4.05
20689,7,2,5.7,7.72
20690,4,0,5.6,5.14
20691,5,2,2.1,5.93
20692,5,3,8.0,2.45
20693,4,2,9.9,6.1
20694,0,1,3.9,3.72
20695,3,3,0.4,5.93
20696,5,3,1.6,3.99
20697,1,0,7.3,4.74
20698,1,0,0.9,6.2
20699,5,2,4.0,3.82
20700,0,2,8.4,6.32
20701,4,3,3.0,5.24
20702,7,4,1.4,3.28
20703,3,4,10.0,4.78
20704,2,0,0.0,6.96
20705,4,1,5.3,6.11
20706,1,2,0.0,5.88
20707,7,4,1.5,3.66
20708,2,4,0.6,4.9
20709,6,1,0.9,8.43
20710,5,0,6.8,6.06
20711,3,1,9.8,5.25
20712,6,2,9.4,4.48
20713,2,4,3.9,6.41
20714,3,0,3.7,5.04
20715,6,0,0.7,6.94
20716,0,1,5.4,4.46
20717,5,3,2.8,4.5
20718,3,4,2.5,6.55
20719,6,0,8.0,3.38
20720,2,2,0.0,4.98
20721,4,1,7.1,4.11
20722,3,2,5.0,5.91
20723,2,0,1.6,2.87
20724,2,4,10.0,5.67
20725,3,0,7.7,4.18
20726,5,0,2.2,4.56
20727,5,4,5.8,5.66
20728,2,3,6.7,5.05
20729,2,1,5.4,4.8
20730,3,1,7.5,5.41
20731,5,3,9.8,3.39
20732,1,3,4.5,6.07
20733,4,0,5.3,5.38
20734,2,2,3.6,6.83
20735,3,3,8.8,5.51
20736,1,3,4.9,4.88
20737,0,4,3.9,5.98
20738,2,4,2.0,5.21
20739,3,2,8.8,5.28
20740,1,4,9.6,2.21
20741,3,0,0.5,3.86
20742,5,3,3.1,3.43
20743,4,1,0.1,3.92
20744,7,3,1.7,4.28
20745,1,4,0.1,5.65
20746,2,3,8.0,5.68
20747,6,1,8.7,4.71
20748,4,4,9.7,4.94
20749,3,4,2.9,7.15
20750,2,4,3.6,6.13
20751,5,2,2.3,4.45
20752,6,3,4.7,4.37
20753,3,3,9.2,4.03
20754,2,1,8.3,6.07
20755,3,2,5.7,3.08
20756,4,0,0.9,4.78
20757,2,1,9.7,3.5
20758,1,0,3.2,6.51
20759,2,2,1.8,5.22
20760,7,2,9.8,5.71
20761,5,2,2.9,4.0
20762,4,2,1.8,5.4
20763,2,2,3.8,2.54
20764,6,2,4.2,4.47
20765,4,1,8.9,2.85
20766,3,4,3.0,3.64
20767,1,1,4.6,5.15
20768,0,0,4.5,6.52
20769,7,0,3.6,4.49
20770,1,1,6.0,2.7
20771,4,0,0.7,4.94
20772,5,2,3.6,4.42
20773,4,0,4.5,5.74
20774,4,1,5.9,5.66
20775,2,3,0.5,5.06
20776,5,1,4.7,5.95
20777,1,1,2.9,3.9
20778,4,4,8.9,6.65
20779,0,2,8.5,6.89
20780,4,4,0.5,4.28
20781,2,1,1.0,5.39
20782,0,1,0.8,8.24
20783,5,4,5.3,5.04
20784,0,3,9.8,7.01
20785,5,1,2.1,5.14
20786,2,1,3.5,5.77
20787,2,3,2.4,4.4
20788,7,1,10.0,4.79
20789,3,4,7.4,2.06
20790,0,1,9.7,6.51
20791,6,2,5.0,3.57
20792,3,1,0.2,4.89
20793,0,2,2.1,3.95
20794,7,3,5.5,4.28
20795,4,3,5.7,4.58
20796,2,0,2.6,3.61
20797,7,4,3.7,6.02
20798,4,3,0.6,5.19
20799,6,1,5.7,5.4
20800,0,0,7.3,4.67
20801,7,4,1.3,5.09
20802,1,1,9.6,4.86
20803,3,0,8.2,5.24
20804,7,2,6.5,2.33
20805,0,2,9.7,2.78
20806,6,2,4.0,5.51
20807,5,2,4.5,5.92
20808,7,2,5.3,4.58
20809,2,1,7.2,6.97
20810,7,4,2.5,3.4
20811,3,4,8.5,4.84
20812,3,1,8.0,5.63
20813,4,3,6.2,5.28
20814,1,0,3.6,6.17
20815,3,4,5.2,4.19
20816,1,3,8.9,5.31
20817,6,0,8.1,4.98
20818,0,4,1.0,7.29
20819,7,0,6.1,5.16
20820,3,0,6.6,5.23
20821,1,0,5.4,5.2
20822,0,1,2.3,3.94
20823,1,4,8.7,5.79
20824,4,4,3.6,7.32
20825,3,1,3.1,5.29
20826,3,4,8.3,5.14
20827,5,3,7.8,4.06
20828,1,3,0.8,6.31
20829,2,2,0.4,3.67
20830,6,2,7.8,8.09
20831,5,0,9.9,5.39
20832,1,3,6.3,5.05
20833,4,2,2.7,5.52
20834,5,4,6.9,2.52
20835,0,3,7.4,4.36
20836,4,4,8.9,5.53
20837,1,0,6.7,3.05
20838,5,0,9.2,2.31
20839,7,2,8.6,8.36
20840,1,0,4.9,6.77
20841,0,4,8.9,4.72
20842,0,3,8.2,3.79
20843,5,2,8.4,3.53
20844,3,0,6.3,3.91
20845,4,2,4.3,3.77
20846,3,4,4.4,4.45
20847,5,4,2.2,4.44
20848,6,3,0.8,4.27
20849,0,2,5.2,4.93
20850,6,2,5.3,3.66
20851,0,0,2.0,4.39
20852,3,3,7.5,6.1
20853,2,3,5.2,4.08
20854,2,3,2.1,5.35
20855,4,4,9.6,3.87
20856,0,3,2.9,5.98
20857,5,1,9.6,6.25
20858,2,1,7.6,4.49
20859,3,3,9.0,6.45
20860,7,3,3.3,5.49
20861,0,2,10.0,5.33
20862,0,1,3.5,3.69
20863,6,1,5.5,4.19
20864,4,3,7.0,5.73
20865,5,4,5.8,4.98
20866,6,2,6.9,4.76
20867,1,2,7.3,5.84
20868,0,1,8.9,4.86
20869,6,4,6.5,3.97
20870,6,4,8.9,5.26
20871,7,4,5.9,2.69
20872,7,0,3.3,3.34
20873,0,3,7.5,2.15
20874,3,4,0.3,6.17
20875,1,2,1.8,6.65
20876,5,4,9.8,5.99
20877,4,3,5.1,4.53
20878,4,1,0.1,2.69
20879,5,0,7.7,3.79
20880,3,1,0.1,7.27
20881,5,0,3.8,4.89
20882,0,2,6.7,5.66
20883,2,2,5.7,7.37
20884,7,2,2.4,3.25
20885,1,0,4.1,5.43
20886,2,0,9.7,4.86
20887,4,1,7.2,6.4
20888,2,4,8.1,5.28
20889,7,3,9.5,4.91
20890,2,0,9.4,7.86
20891,1,0,9.8,5.36
20892,1,1,8.5,4.23
20893,0,4,8.5,4.82
20894,0,3,6.4,4.84
20895,4,4,2.5,6.29
20896,2,3,6.1,5.49
20897,2,4,2.4,5.94
20898,3,3,5.2,5.2
20899,5,4,0.9,6.36
20900,3,2,4.0,5.07
20901,4,4,2.1,4.23
20902,5,4,5.9,6.07
20903,3,2,7.3,2.95
20904,0,0,5.3,3.42
20905,4,0,4.7,5.59
20906,1,1,9.1,5.07
20907,0,2,2.3,4.67
20908,3,2,5.2,5.83
20909,6,1,4.7,6.05
20910,1,1,4.8,5.36
20911,5,3,1.3,3.94
20912,0,2,4.4,4.23
20913,5,2,6.4,6.02
20914,1,2,3.0,4.18
20915,2,3,1.7,3.96
20916,1,2,4.3,4.63
20917,0,0,2.4,5.95
20918,4,1,4.2,5.4
20919,5,3,2.5,3.82
20920,4,2,1.1,7.46
20921,1,2,2.0,4.84
20922,2,2,7.9,3.81
20923,6,4,9.0,6.29
20924,6,3,1.2,6.11
20925,5,2,1.7,5.32
20926,3,0,3.6,5.8
20927,0,1,7.1,6.69
20928,7,0,1.6,4.6
20929,3,3,2.7,4.5
20930,3,4,9.8,4.86
20931,1,0,8.8,6.21
20932,5,4,1.9,5.31
20933,3,0,1.1,3.07
20934,5,2,2.9,4.77
20935,3,2,1.9,2.15
20936,6,1,9.1,5.35
20937,6,4,4.5,5.68
20938,7,3,3.4,6.5
20939,1,0,4.9,5.38
20940,3,1,4.3,5.58
20941,0,3,9.6,5.44
20942,7,4,6.6,6.42
20943,0,2,9.1,3.42
20944,0,0,1.5,5.56
20945,4,2,7.1,5.11
20946,0,0,9.5,4.63
20947,5,2,8.3,6.17
20948,3,0,7.9,6.03
20949,5,1,0.6,5.4
20950,0,2,4.2,5.98
20951,4,4,7.1,5.08
20952,1,4,4.8,3.51
20953,7,0,1.8,3.13
20954,2,1,5.4,4.48
20955,5,2,0.6,6.48
20956,6,3,0.0,5.42
20957,4,3,1.6,8.19
20958,3,3,0.7,6.08
20959,4,1,4.5,6.17
20960,2,4,0.3,5.64
20961,0,2,3.8,4.5
20962,7,3,8.6,3.56
20963,4,4,9.1,5.26
20964,0,2,8.3,4.94
20965,0,4,5.4,6.19
20966,1,1,3.2,4.99
20967,2,1,3.6,4.23
20968,1,1,2.1,5.2
20969,0,0,1.8,6.9
20970,7,2,1.8,4.28
20971,2,1,4.1,5.06
20972,3,0,5.9,4.36
20973,3,4,9.1,3.96
20974,4,0,0.8,6.19
20975,1,3,8.2,2.84
20976,3,2,4.1,4.65
20977,3,2,0.8,3.81
20978,6,2,3.2,6.03
20979,1,1,5.7,3.47
20980,4,1,9.1,6.22
20981,7,4,0.5,4.99
20982,6,1,8.9,4.27
20983,7,3,5.8,3.76
20984,7,3,3.9,4.71
20985,7,2,7.3,5.07
20986,0,0,9.1,4.13
20987,6,2,6.8,3.74
20988,7,0,2.8,5.77
20989,2,3,9.1,3.92
20990,3,3,1.6,3.43
20991,4,1,1.3,5.01
20992,4,1,4.6,5.74
20993,0,2,2.2,3.58
20994,3,0,6.6,6.59
20995,3,0,0.2,5.12
20996,1,1,6.3,4.01
20997,0,3,3.0,3.34
20998,2,4,4.9,3.48
20999,1,3,1.2,4.86
21000,4,1,6.8,3.49
21001,0,1,8.0,3.4
21002,2,1,7.0,7.2
21003,0,0,9.0,8.27
21004,3,4,5.1,4.81
21005,3,1,4.7,7.41
21006,0,4,1.7,4.57
21007,0,3,9.4,4.02
21008,6,1,0.0,4.63
21009,7,2,3.8,6.82
21010,2,2,3.3,3.91
21011,6,1,3.7,4.85
21012,6,1,9.2,6.43
21013,5,4,9.3,4.07
21014,7,3,4.1,4.9
21015,5,4,4.6,5.2
21016,4,4,7.5,6.07
21017,5,1,9.0,4.33
21018,2,0,2.9,4.0
21019,5,2,4.4,4.07
21020,0,0,2.0,4.8
21021,5,1,6.8,4.41
21022,1,1,4.0,5.36
21023,3,3,1.5,3.89
21024,7,2,6.1,5.06
21025,4,2,2.1,2.04
21026,1,3,6.5,4.99
21027,7,4,6.7,6.07
21028,2,4,5.3,5.03
21029,4,2,2.5,5.73
21030,1,2,4.1,5.17
21031,0,3,4.9,5.96
21032,7,2,4.9,5.48
21033,0,0,8.2,2.9
21034,1,1,5.7,4.73
21035,2,0,0.9,4.52
21036,3,1,7.9,3.69
21037,7,3,9.9,4.91
21038,2,0,7.9,4.97
21039,6,0,9.9,4.05
21040,3,0,1.8,3.19
21041,4,2,8.0,3.57
21042,3,2,4.7,6.44
21043,0,4,9.9,5.21
21044,7,2,8.2,5.15
21045,3,4,1.4,4.28
21046,2,4,5.0,4.66
21047,6,3,4.1,5.42
21048,4,2,4.6,5.13
21049,2,3,8.0,3.46
21050,1,2,2.7,7.06
21051,2,1,0.0,3.88
21052,7,2,5.9,5.6
21053,2,2,9.4,4.7
21054,7,2,5.4,4.93
21055,1,3,1.4,6.51
21056,0,0,2.5,3.72
21057,4,4,0.0,6.04
21058,5,4,6.6,3.11
21059,0,4,1.4,3.8
21060,4,1,7.8,5.58
21061,1,2,4.6,5.05
21062,5,2,4.5,5.0
21063,2,1,4.0,3.41
21064,6,3,6.1,4.11
21065,1,4,0.9,5.48
21066,2,3,6.4,3.34
21067,7,4,9.4,6.12
21068,2,0,9.2,4.87
21069,5,4,8.4,5.57
21070,6,2,4.9,4.41
21071,7,0,6.2,3.49
21072,5,0,4.4,3.5
21073,0,2,1.2,5.6
21074,7,0,0.5,5.93
21075,2,4,7.0,4.85
21076,2,3,5.9,5.59
21077,4,2,3.3,5.06
21078,0,1,2.9,6.69
21079,3,2,5.9,3.43
21080,5,1,7.7,4.29
21081,3,0,5.7,6.78
21082,1,1,8.4,3.81
21083,7,2,3.8,3.96
21084,0,3,7.9,3.4
21085,4,2,5.5,5.28
21086,7,2,9.9,7.15
21087,5,0,6.0,6.22
21088,4,0,9.0,4.42
21089,4,4,0.8,4.99
21090,4,3,8.5,4.14
21091,3,2,3.3,4.64
21092,2,2,9.8,5.76
21093,7,2,1.7,5.58
21094,1,1,2.9,5.99
21095,3,0,1.7,5.05
21096,2,1,3.2,4.32
21097,6,4,7.5,2.96
21098,2,0,6.7,5.26
21099,0,2,8.5,3.85
21100,7,1,4.8,6.08
21101,7,4,7.1,5.24
21102,1,3,9.9,3.13
21103,3,3,9.0,5.15
21104,6,4,5.7,4.46
21105,6,1,7.7,5.87
21106,6,3,4.3,3.82
21107,4,4,7.2,3.35
21108,7,1,4.1,4.2
21109,5,0,8.7,4.35
21110,6,0,7.3,3.76
21111,0,2,0.9,6.54
21112,6,2,3.7,3.6
21113,1,3,9.0,5.25
21114,6,1,3.5,5.51
21115,5,4,8.3,4.45
21116,4,3,7.9,4.37
21117,7,2,8.3,4.87
21118,6,4,5.3,2.8
21119,3,2,9.0,2.45
21120,6,0,4.2,4.59
21121,4,2,2.2,4.84
21122,5,3,7.9,2.36
21123,1,1,5.5,7.85
21124,0,0,7.0,5.79
21125,4,4,9.9,6.31
21126,4,1,2.4,3.01
21127,2,4,7.6,6.8
21128,0,3,5.4,3.73
21129,4,2,5.3,5.68
21130,7,4,9.9,6.49
21131,4,0,5.7,5.45
21132,4,4,3.4,6.14
21133,2,0,0.1,5.08
21134,1,3,6.1,4.26
21135,5,3,6.8,3.03
21136,2,4,8.5,6.2
21137,6,4,1.6,4.98
21138,4,3,3.6,5.15
21139,5,1,2.7,7.9
21140,2,3,4.4,3.87
21141,5,0,8.4,6.45
21142,0,3,3.5,4.74
21143,5,1,9.2,4.35
21144,2,3,7.5,4.23
21145,0,1,4.3,4.64
21146,0,0,9.9,6.99
21147,0,3,4.2,6.03
21148,2,0,4.6,6.61
21149,5,2,9.3,6.38
21150,2,4,0.3,6.12
21151,1,4,0.1,5.28
21152,4,1,5.2,4.04
21153,6,4,7.6,5.08
21154,7,3,1.5,5.52
21155,6,1,3.2,4.44
21156,7,0,6.1,5.84
21157,5,1,7.4,4.06
21158,3,4,4.1,5.75
21159,1,4,7.6,4.86
21160,4,2,3.4,5.14
21161,0,2,1.1,5.76
21162,6,3,6.8,5.37
21163,4,0,3.7,4.79
21164,1,4,4.8,4.87
21165,3,3,4.2,4.77
21166,4,4,4.3,3.89
21167,4,0,1.9,4.95
21168,1,0,9.7,6.18
21169,1,2,6.3,6.5
21170,3,0,2.3,6.36
21171,1,4,1.9,3.53
21172,1,4,2.1,3.34
21173,7,1,6.1,4.77
21174,0,1,8.6,6.11
21175,7,2,3.1,3.77
21176,0,0,7.9,5.26
21177,2,2,5.2,2.48
21178,2,2,1.9,4.96
21179,3,4,1.9,6.54
21180,7,3,3.8,3.83
21181,7,3,5.0,4.85
21182,2,3,6.4,5.14
21183,1,0,5.2,4.66
21184,4,3,0.2,4.71
21185,2,2,6.7,6.06
21186,0,0,2.3,4.31
21187,0,0,4.9,5.51
21188,3,2,3.6,5.08
21189,7,3,4.0,6.45
21190,0,4,1.5,4.63
21191,7,1,2.3,4.84
21192,3,3,7.9,5.66
21193,5,2,3.9,6.35
21194,7,2,5.3,2.13
21195,7,2,6.6,3.03
21196,2,3,8.6,3.76
21197,5,3,5.9,4.73
21198,1,3,8.3,4.99
21199,4,0,3.8,3.58
21200,2,3,10.0,3.82
21201,4,1,5.0,4.93
21202,6,2,4.2,3.36
21203,2,3,8.4,5.94
21204,2,0,7.7,5.83
21205,1,2,3.9,3.98
21206,6,4,7.0,4.51
21207,6,2,9.6,3.73
21208,6,4,0.1,5.07
21209,6,2,5.3,6.12
21210,7,0,2.1,4.86
21211,7,3,1.1,4.11
21212,5,1,2.6,4.65
21213,2,3,0.3,2.08
21214,1,0,4.7,4.86
21215,7,0,9.4,5.75
21216,4,1,7.5,5.06
21217,5,4,7.7,6.25
21218,2,3,4.9,3.81
21219,5,2,2.6,5.26
21220,0,1,6.2,2.88
21221,1,4,0.1,6.57
21222,1,3,2.1,4.82
21223,0,1,0.4,4.46
21224,1,2,3.9,5.79
21225,1,2,0.5,6.42
21226,1,3,3.6,4.45
21227,2,4,2.8,5.48
21228,4,4,7.1,5.69
21229,0,3,7.2,7.09
21230,6,4,0.5,5.69
21231,3,1,4.1,5.32
21232,2,4,7.7,3.78
21233,3,3,6.3,4.69
21234,3,4,8.4,4.72
21235,4,1,2.9,4.99
21236,6,1,6.0,4.6
21237,1,1,5.7,4.52
21238,0,4,8.0,6.01
21239,5,0,5.4,4.68
21240,2,2,0.3,4.93
21241,4,2,9.4,4.72
21242,5,1,0.1,2.46
21243,1,1,7.2,6.55
21244,7,0,3.5,4.22
21245,6,0,7.3,4.68
21246,7,4,1.4,6.48
21247,2,1,2.6,6.0
21248,3,2,3.5,3.67
21249,6,3,6.4,6.87
21250,7,3,2.4,6.49
21251,0,1,7.4,4.69
21252,6,2,1.5,6.24
21253,7,0,2.1,5.46
21254,2,2,1.6,6.07
21255,1,2,8.0,6.66
21256,7,3,3.3,5.47
21257,1,4,2.1,5.31
21258,3,3,9.7,5.49
21259,2,0,0.5,6.96
21260,4,3,8.2,5.81
21261,3,4,1.7,4.22
21262,0,4,9.6,4.87
21263,0,0,0.8,5.46
21264,0,4,5.5,6.42
21265,5,4,8.7,5.61
21266,0,2,2.1,4.44
21267,1,2,2.5,5.66
21268,2,3,2.6,3.78
21269,3,1,4.1,3.93
21270,0,4,0.9,2.75
21271,5,0,1.6,6.62
21272,3,3,4.8,5.9
21273,6,1,7.5,3.94
21274,2,2,9.9,4.42
21275,3,4,8.9,5.64
21276,1,4,6.7,3.88
21277,4,3,3.8,5.49
21278,1,0,8.8,7.01
21279,7,3,5.5,3.96
21280,6,1,9.4,4.7
21281,5,4,9.2,5.72
21282,2,3,2.5,6.03
21283,6,4,5.3,5.69
21284,5,4,7.4,3.94
21285,2,2,6.5,6.23
21286,0,1,7.7,6.94
21287,7,3,3.2,5.48
21288,2,4,8.9,6.48
21289,5,4,1.4,3.0
21290,2,2,7.8,6.39
21291,6,1,3.8,4.4
21292,4,2,5.1,5.83
21293,2,1,2.6,6.16
21294,6,2,7.2,5.42
21295,4,1,0.5,4.93
21296,0,1,6.8,5.11
21297,6,4,4.9,6.55
21298,0,1,2.9,7.59
21299,3,1,3.9,5.05
21300,2,3,2.9,5.97
21301,3,3,8.8,3.53
21302,4,1,3.2,6.95
21303,6,2,9.8,5.55
21304,1,0,0.4,5.34
21305,5,1,5.8,4.59
21306,3,4,4.2,3.3
21307,2,4,2.6,5.03
21308,4,2,7.6,4.3
21309,4,0,6.4,6.55
21310,2,2,9.5,5.75
21311,6,0,2.7,5.29
21312,4,1,2.3,6.45
21313,0,4,4.7,5.43
21314,5,0,3.7,6.52
21315,4,1,2.1,4.57
21316,6,1,5.6,6.32
21317,0,2,9.5,3.25
21318,6,3,5.2,6.03
21319,6,1,7.1,3.9
21320,3,0,4.9,3.95
21321,1,4,0.7,6.31
21322,1,1,1.5,4.67
21323,2,4,1.3,5.09
21324,1,4,4.7,7.4
21325,2,1,9.7,4.01
21326,3,3,0.9,3.75
21327,0,1,0.5,2.13
21328,1,1,7.9,5.17
21329,1,0,9.9,4.08
21330,2,0,9.8,6.65
21331,6,3,5.0,5.8
21332,1,4,5.2,3.7
21333,3,2,7.3,3.42
21334,0,0,1.7,6.68
21335,2,4,9.9,3.72
21336,6,0,8.5,5.51
21337,0,1,8.2,4.13
21338,7,2,4.9,7.38
21339,2,0,4.8,5.27
21340,0,2,8.9,7.45
21341,6,0,8.1,4.94
21342,0,2,4.0,3.92
21343,0,3,6.8,4.14
21344,4,2,7.6,5.28
21345,5,2,8.0,3.97
21346,2,4,7.5,6.11
21347,6,1,9.3,7.68
21348,7,4,9.7,5.09
21349,1,1,6.6,6.99
21350,6,1,6.4,4.78
21351,4,1,6.7,4.43
21352,4,0,5.7,4.48
21353,7,4,5.7,6.72
21354,3,1,3.3,4.85
21355,1,1,7.5,4.61
21356,2,1,0.0,7.37
21357,2,3,4.0,4.72
21358,4,0,8.0,5.37
21359,6,0,2.1,4.01
21360,1,1,1.9,4.02
21361,2,3,7.5,5.59
21362,2,0,8.4,3.55
21363,4,1,4.0,7.22
21364,5,1,4.1,7.33
21365,7,1,2.4,4.34
21366,5,3,9.8,4.36
21367,7,0,1.5,2.72
21368,3,2,4.7,5.35
21369,4,0,4.0,3.42
21370,0,1,0.0,4.56
21371,0,2,8.0,3.25
21372,5,1,1.6,6.14
21373,2,3,1.4,4.11
21374,7,3,9.9,6.03
21375,2,4,4.8,6.43
21376,6,1,4.5,6.08
21377,1,1,9.7,4.21
21378,1,2,5.8,3.69
21379,6,2,6.5,5.11
21380,1,3,0.9,3.89
21381,6,2,8.8,6.35
21382,7,0,0.1,3.09
21383,4,2,4.5,5.6
21384,2,1,1.6,5.16
21385,7,2,2.7,7.55
21386,2,0,4.7,4.65
21387,3,4,1.0,4.23
21388,7,4,4.1,5.62
21389,0,0,5.5,5.72
21390,3,4,4.0,4.79
21391,7,0,7.5,3.68
21392,3,1,6.5,4.42
21393,1,2,3.7,4.55
21394,4,0,1.7,4.65
21395,2,2,7.9,5.06
21396,4,0,9.3,6.18
21397,1,4,2.2,5.71
21398,3,1,2.0,2.56
21399,1,1,9.1,4.32
21400,6,1,2.4,6.31
21401,3,2,2.4,5.07
21402,1,3,5.7,5.25
21403,0,4,9.1,4.96
21404,0,4,8.0,6.01
21405,5,2,9.3,7.54
21406,1,2,7.3,3.44
21407,7,0,0.4,6.83
21408,7,4,9.2,7.34
21409,5,3,3.9,4.57
21410,6,1,7.5,5.56
21411,5,0,4.9,5.73
21412,7,3,3.2,5.94
21413,6,0,9.0,5.03
21414,7,0,4.1,5.86
21415,7,0,4.1,4.2
21416,1,2,7.2,2.72
21417,2,2,2.4,4.83
21418,3,2,1.8,4.97
21419,7,2,4.8,5.33
21420,6,2,7.9,3.39
21421,7,1,7.2,5.94
21422,0,0,5.5,4.52
21423,2,4,6.2,3.78
21424,3,3,8.1,2.03
21425,1,0,1.1,4.73
21426,2,1,6.5,4.77
21427,4,0,9.3,6.4
21428,4,2,6.3,6.33
21429,0,3,0.6,4.33
21430,0,2,4.3,4.69
21431,7,4,4.1,2.71
21432,5,3,6.3,5.27
21433,2,0,9.8,4.22
21434,0,0,9.8,4.27
21435,6,2,9.9,4.93
21436,7,1,7.4,4.25
21437,2,3,9.8,6.26
21438,7,3,6.0,3.57
21439,4,3,9.2,6.78
21440,7,2,7.1,5.12
21441,0,2,9.1,6.17
21442,7,4,0.5,3.77
21443,6,1,0.9,7.38
21444,7,2,1.3,6.41
21445,2,1,0.3,5.94
21446,1,2,5.0,3.74
21447,1,0,8.8,4.65
21448,7,2,0.8,6.07
21449,6,3,7.4,5.34
21450,2,4,3.6,3.15
21451,1,0,3.7,7.29
21452,7,2,5.0,4.51
21453,7,2,1.8,2.94
21454,6,3,5.9,2.02
21455,3,0,0.4,5.96
21456,6,1,0.1,4.93
21457,4,3,6.3,6.94
21458,6,0,9.1,3.62
21459,0,4,7.2,5.5
21460,7,2,3.7,2.35
21461,2,0,4.3,5.09
21462,2,4,0.2,5.26
21463,7,4,0.6,4.87
21464,7,3,8.3,4.37
21465,3,4,7.3,5.5
21466,4,4,8.8,5.24
21467,4,4,8.9,4.92
21468,6,2,3.7,3.82
21469,5,0,10.0,5.17
21470,7,2,5.2,4.21
21471,7,2,7.8,5.66
21472,6,2,4.4,3.77
21473,1,3,6.6,5.91
21474,3,1,3.9,5.98
21475,3,2,6.6,5.11
21476,6,4,4.1,5.95
21477,5,2,1.2,5.19
21478,3,4,8.6,3.77
21479,0,4,5.2,5.68
21480,6,3,3.4,2.84
21481,7,4,1.9,3.58
21482,5,3,9.0,5.66
21483,2,2,0.1,5.12
21484,6,3,6.1,5.28
21485,7,1,3.5,4.21
21486,2,4,0.1,6.02
21487,5,1,3.7,4.33
21488,2,3,4.0,5.24
21489,3,3,0.2,5.68
21490,3,4,8.8,6.32
21491,1,3,8.8,5.13
21492,2,0,4.1,2.47
21493,0,0,9.7,6.36
21494,3,1,1.3,4.36
21495,7,4,7.2,4.74
21496,2,4,2.8,5.65
21497,2,1,4.3,5.0
21498,4,2,4.6,4.86
21499,2,3,7.0,4.59
21500,7,2,4.4,2.96
21501,3,3,6.8,2.25
21502,7,4,9.2,4.35
21503,5,0,5.9,4.53
21504,0,3,9.7,4.87
21505,4,3,1.2,5.04
21506,0,0,8.3,2.56
21507,0,2,8.7,3.96
21508,5,2,5.2,3.54
21509,3,3,0.6,3.78
21510,0,0,7.9,5.42
21511,4,0,3.1,2.18
21512,1,1,5.3,5.28
21513,7,1,8.0,5.73
21514,1,3,8.4,5.41
21515,1,4,6.0,4.73
21516,3,4,1.3,4.47
21517,6,1,6.8,6.12
21518,1,1,4.2,4.75
21519,4,1,4.2,5.28
21520,7,2,3.7,6.41
21521,6,2,9.2,5.56
21522,0,2,2.2,3.61
21523,7,1,5.3,7.21
21524,2,2,2.0,5.63
21525,2,0,3.1,6.78
21526,1,4,0.2,6.28
21527,3,0,7.8,5.97
21528,7,1,9.9,7.14
21529,6,0,0.3,3.65
21530,3,2,0.5,3.98
21531,5,1,1.8,6.26
21532,7,3,6.3,5.18
21533,5,4,5.6,4.79
21534,1,2,1.0,6.17
21535,4,2,3.7,6.22
21536,4,3,0.2,6.68
21537,2,3,8.2,3.19
21538,3,4,8.4,6.67
21539,1,4,5.8,2.84
21540,6,1,2.8,4.41
21541,7,4,6.9,4.68
21542,5,2,5.5,4.66
21543,4,2,2.0,5.81
21544,5,1,1.3,5.64
21545,2,4,4.0,6.74
21546,3,0,5.4,6.21
21547,5,3,4.3,5.15
21548,5,1,3.4,5.88
21549,1,3,6.2,5.72
21550,7,4,0.2,6.77
21551,4,3,2.4,4.18
21552,1,0,6.4,3.51
21553,0,0,0.6,4.03
21554,4,2,6.4,5.33
21555,3,2,9.2,5.51
21556,5,3,9.2,4.92
21557,1,4,1.0,5.1
21558,0,3,2.3,5.07
21559,7,0,7.4,5.96
21560,6,0,3.8,4.88
21561,6,4,7.4,6.55
21562,5,3,0.6,2.99
21563,1,4,2.3,6.03
21564,7,1,7.1,6.25
21565,1,1,1.8,7.13
21566,7,2,4.5,6.81
21567,4,4,1.6,5.37
21568,2,3,4.3,5.0
21569,3,2,8.1,7.03
21570,0,4,4.2,4.16
21571,0,3,3.4,5.45
21572,6,3,5.5,6.24
21573,4,0,0.6,5.72
21574,0,4,9.7,6.31
21575,2,1,9.8,5.86
21576,0,1,0.8,4.14
21577,0,0,1.5,6.4
21578,6,2,2.6,5.07
21579,5,1,4.8,7.56
21580,2,3,5.5,2.94
21581,7,3,9.3,7.34
21582,0,2,5.9,5.01
21583,5,0,8.7,4.31
21584,5,4,2.3,5.03
21585,7,4,1.9,4.34
21586,0,0,4.9,3.35
21587,7,4,7.8,5.61
21588,1,1,1.2,2.9
21589,2,4,8.6,3.26
21590,6,2,10.0,6.03
21591,3,2,3.4,4.55
21592,6,3,3.3,5.66
21593,4,2,1.2,5.99
21594,0,3,3.1,5.37
21595,0,4,4.2,3.53
21596,0,0,3.3,6.32
21597,1,4,0.2,4.08
21598,4,0,0.0,4.48
21599,5,1,6.8,7.08
21600,3,3,0.2,4.84
21601,6,3,6.3,6.76
21602,0,2,4.8,3.12
21603,5,2,8.6,6.19
21604,2,3,2.3,6.68
21605,3,4,5.5,7.11
21606,6,4,2.0,5.41
21607,7,1,3.6,4.64
21608,3,2,0.8,4.41
21609,5,2,5.6,5.39
21610,2,1,5.3,5.71
21611,1,3,0.5,6.9
21612,7,3,2.9,5.86
21613,5,0,0.8,4.66
21614,5,3,7.9,4.74
21615,4,3,1.3,5.22
21616,3,0,5.0,6.39
21617,7,3,2.5,7.57
21618,2,0,1.7,5.27
21619,7,2,0.2,4.91
21620,0,4,8.5,6.36
21621,6,1,6.9,4.34
21622,2,2,10.0,4.63
21623,2,2,6.7,5.85
21624,2,4,8.2,3.1
21625,1,2,9.6,4.99
21626,2,4,6.9,3.17
21627,0,3,3.7,4.13
21628,4,1,6.4,5.5
21629,3,1,5.9,6.21
21630,5,4,8.8,5.33
21631,4,4,1.1,5.81
21632,1,3,1.5,5.14
21633,2,2,6.7,5.48
21634,5,1,1.4,4.21
21635,3,3,5.3,4.39
21636,1,0,7.4,3.74
21637,2,3,2.3,5.14
21638,7,1,7.5,3.89
21639,1,0,5.0,5.08
21640,6,0,0.1,5.06
21641,1,1,7.2,5.49
21642,7,3,1.0,4.55
21643,2,0,5.3,3.43
21644,2,4,9.0,3.36
21645,7,4,7.0,4.75
21646,2,0,9.7,5.4
21647,0,4,2.2,4.13
21648,5,4,1.3,4.57
21649,3,3,9.3,4.8
21650,5,0,2.0,5.86
21651,0,3,0.6,2.75
21652,3,4,8.9,2.98
21653,6,2,3.9,5.1
21654,6,3,9.3,4.22
21655,4,1,9.3,6.58
21656,6,4,6.0,3.52
21657,1,4,8.5,5.44
21658,3,1,4.9,4.89
21659,3,1,5.3,4.49
21660,7,0,5.2,6.38
21661,1,4,8.2,6.44
21662,5,2,8.8,5.83
21663,4,2,1.7,5.14
21664,5,4,8.9,4.36
21665,2,3,7.1,4.01
21666,2,4,6.9,4.83
21667,6,2,4.1,3.55
21668,6,3,9.1,4.39
21669,7,0,1.4,4.49
21670,1,2,7.6,5.87
21671,4,0,0.3,3.35
21672,5,2,5.3,6.4
21673,0,1,1.5,2.56
21674,6,0,8.1,5.92
21675,4,3,4.7,3.83
21676,7,3,7.1,7.8
21677,2,0,1.2,4.18
21678,0,1,0.1,4.32
21679,0,4,1.7,6.52
21680,1,0,1.1,4.88
21681,1,2,5.3,3.96
21682,4,1,0.7,6.24
21683,6,4,6.0,3.31
21684,5,1,0.2,6.09
21685,2,1,0.7,5.75
21686,6,2,7.4,6.62
21687,6,1,0.5,5.07
21688,2,4,6.6,5.59
21689,7,3,8.3,5.37
21690,1,2,0.4,5.53
21691,1,3,5.9,5.05
21692,4,2,9.4,4.78
21693,3,2,2.5,6.74
21694,2,3,7.1,5.7
21695,6,4,3.0,3.26
21696,6,2,2.0,3.63
21697,2,2,8.4,6.21
21698,3,0,8.8,4.43
21699,7,3,4.9,4.08
21700,1,3,1.2,4.37
21701,1,3,9.3,2.86
21702,0,1,0.6,4.13
21703,0,1,5.5,5.32
21704,2,3,7.9,4.23
21705,3,0,0.8,3.06
21706,6,0,5.6,8.22
21707,1,1,4.2,4.83
21708,7,1,7.6,3.07
21709,1,4,3.5,6.78
21710,3,3,2.3,6.04
21711,4,2,2.2,4.95
21712,1,0,3.6,5.66
21713,5,4,9.1,4.92
21714,6,1,0.9,5.7
21715,2,2,4.3,6.72
21716,3,1,8.3,7.16
21717,5,2,2.0,5.87
21718,7,0,9.9,2.22
21719,7,2,1.8,6.06
21720,0,1,2.8,5.83
21721,4,2,2.4,5.03
21722,3,1,5.3,4.65
21723,2,3,5.0,4.14
21724,6,1,5.1,3.18
21725,3,4,0.5,5.29
21726,1,4,7.3,4.6
21727,1,4,1.4,2.48
21728,5,2,9.6,3.31
21729,4,1,1.3,5.49
21730,3,1,1.5,3.91
21731,7,4,1.4,5.29
21732,1,2,0.7,4.98
21733,1,2,9.1,3.28
21734,2,1,8.2,4.61
21735,1,1,4.5,5.69
21736,6,0,2.9,5.39
21737,4,0,4.4,3.57
21738,4,4,4.2,5.63
21739,1,2,2.1,4.55
21740,3,3,6.7,6.15
21741,6,3,1.5,5.69
21742,2,4,1.3,3.62
21743,5,3,4.3,5.5
21744,6,4,7.3,4.8
21745,2,4,4.2,7.38
21746,6,2,2.0,5.21
21747,3,3,8.7,6.41
21748,6,4,1.1,6.67
21749,6,1,6.3,4.89
21750,6,0,7.9,6.41
21751,4,4,3.3,5.88
21752,4,2,5.7,4.36
21753,6,2,0.7,5.07
21754,4,1,7.4,3.33
21755,4,2,7.3,6.74
21756,5,0,3.0,3.1
21757,3,0,3.7,6.43
21758,5,0,0.6,3.89
21759,2,1,2.5,4.81
21760,3,1,6.5,3.62
21761,4,1,3.9,4.51
21762,0,4,9.4,5.63
21763,5,2,5.5,3.97
21764,7,0,0.4,3.95
21765,7,3,3.8,6.24
21766,0,0,0.0,4.47
21767,4,2,4.0,3.97
21768,2,4,8.3,3.26
21769,2,3,0.2,5.28
21770,7,1,3.4,5.0
21771,5,4,9.2,4.56
21772,6,4,0.9,5.26
21773,6,0,9.9,5.26
21774,1,2,3.4,1.48
21775,7,0,0.2,4.71
21776,6,4,7.3,3.52
21777,1,4,9.4,2.53
21778,3,2,8.2,5.03
21779,0,3,2.2,5.8
21780,6,1,3.3,7.78
21781,4,3,7.6,6.88
21782,4,2,6.5,6.13
21783,1,1,2.9,4.7
21784,4,4,1.2,4.68
21785,7,2,5.9,3.11
21786,1,0,3.5,3.78
21787,5,0,9.2,3.1
21788,4,0,3.6,3.1
21789,3,4,7.1,4.82
21790,1,2,4.8,4.5
21791,6,4,7.6,4.86
21792,0,1,9.1,2.6
21793,4,0,1.6,5.04
21794,4,3,2.0,5.1
21795,1,4,9.4,2.61
21796,3,1,3.8,4.15
21797,7,0,3.0,5.97
21798,2,0,5.6,6.88
21799,3,3,4.7,5.68
21800,7,3,7.0,6.06
21801,3,2,2.9,3.54
21802,1,1,5.2,5.1
21803,6,2,1.3,5.46
21804,1,4,5.6,3.14
21805,4,4,1.3,4.98
21806,6,4,9.0,4.18
21807,5,4,0.4,3.0
21808,7,0,5.7,3.64
21809,3,3,4.5,5.31
21810,1,1,3.1,3.87
21811,1,0,0.9,3.62
21812,6,2,6.6,6.56
21813,7,1,3.8,5.43
21814,2,4,9.9,5.21
21815,4,1,1.8,3.67
21816,0,2,8.5,5.47
21817,7,3,2.4,5.97
21818,1,3,4.7,3.03
21819,7,2,9.5,4.8
21820,3,3,4.4,4.84
21821,7,2,9.8,5.43
21822,5,2,0.8,4.82
21823,5,1,7.0,4.56
21824,3,2,6.9,5.83
21825,3,2,0.8,6.53
21826,1,2,9.0,4.86
21827,4,2,8.9,4.29
21828,5,1,1.0,4.95
21829,6,0,2.5,1.78
21830,2,1,0.9,4.67
21831,7,2,5.8,6.33
21832,1,4,5.2,4.03
21833,7,1,6.3,4.97
21834,1,4,3.9,4.05
21835,5,4,6.6,3.73
21836,3,2,0.2,7.05
21837,0,1,2.1,5.25
21838,1,0,1.8,6.96
21839,3,3,8.7,3.5
21840,3,0,3.1,6.05
21841,6,0,0.6,7.21
21842,5,0,5.1,5.8
21843,0,3,0.1,3.64
21844,5,1,2.7,7.15
21845,4,2,1.5,4.87
21846,0,2,5.7,4.33
21847,6,3,5.9,3.68
21848,1,1,1.8,6.01
21849,3,3,2.3,4.47
21850,3,0,4.7,5.65
21851,0,2,6.8,4.79
21852,0,4,6.8,4.78
21853,7,1,7.6,6.07
21854,0,3,7.8,5.62
21855,7,1,2.6,4.87
21856,5,3,4.5,6.8
21857,7,4,1.6,4.22
21858,4,2,9.6,5.17
21859,2,1,6.0,4.33
21860,6,2,6.7,3.28
21861,5,3,5.0,6.42
21862,7,0,5.1,4.54
21863,7,1,6.5,4.0
21864,2,1,6.8,4.23
21865,3,4,6.3,5.83
21866,5,1,9.4,3.85
21867,6,4,7.4,1.73
21868,3,0,6.7,6.41
21869,1,2,9.6,3.66
21870,2,1,0.2,6.5
21871,5,2,8.3,3.2
21872,6,4,1.0,3.81
21873,3,4,1.6,6.36
21874,5,3,4.9,4.22
21875,7,0,8.8,6.79
21876,7,4,7.8,6.11
21877,0,0,5.2,4.71
21878,1,1,4.2,4.4
21879,1,0,6.1,7.5
21880,3,0,1.4,6.08
21881,6,3,7.7,5.37
21882,3,4,8.3,5.19
21883,1,2,9.2,5.84
21884,4,1,1.1,5.41
21885,6,0,2.1,4.05
21886,6,0,9.2,4.73
21887,6,3,2.6,6.59
21888,4,0,2.6,4.26
21889,4,4,3.4,5.98
21890,6,4,2.0,4.04
21891,7,1,4.9,3.62
21892,6,4,6.8,4.7
21893,1,3,3.7,5.39
21894,0,3,5.0,5.64
21895,4,1,5.6,6.13
21896,0,2,2.4,5.16
21897,0,0,1.8,5.96
21898,4,2,1.9,3.56
21899,1,4,9.9,5.21
21900,6,4,0.4,5.14
21901,2,3,4.4,3.78
21902,0,2,0.4,5.95
21903,1,1,0.7,6.71
21904,4,0,5.2,3.24
21905,1,2,4.6,4.49
21906,3,0,8.3,3.98
21907,3,0,6.0,5.24
21908,2,4,3.4,2.69
21909,5,2,2.3,3.63
21910,7,0,5.5,4.84
21911,6,0,5.6,7.37
21912,6,4,8.1,4.38
21913,6,0,7.8,3.68
21914,0,1,8.1,5.7
21915,3,0,1.3,5.28
21916,7,0,9.2,4.28
21917,4,4,4.3,6.28
21918,3,2,2.5,4.64
21919,3,1,0.2,4.12
21920,1,4,5.4,4.32
21921,6,3,6.2,4.65
21922,6,3,4.0,5.27
21923,2,3,2.2,6.26
21924,2,4,9.9,3.98
21925,7,3,7.5,3.45
21926,6,4,3.5,2.69
21927,6,2,0.8,5.47
21928,7,4,0.6,5.35
21929,4,0,9.5,4.7
21930,2,0,7.4,3.96
21931,4,4,7.9,6.77
21932,4,1,4.7,4.08
21933,1,3,5.7,4.34
21934,7,0,1.5,5.68
21935,6,2,6.3,3.57
21936,6,1,4.7,5.73
21937,1,1,3.6,5.99
21938,5,3,2.4,5.16
21939,7,0,8.2,6.2
21940,0,0,4.9,5.49
21941,1,1,2.1,4.3
21942,4,1,9.6,5.05
21943,7,4,5.9,6.85
21944,6,2,5.3,7.27
21945,4,3,2.7,5.51
21946,0,3,8.4,4.12
21947,4,0,7.8,5.41
21948,0,1,2.0,5.78
21949,0,4,7.3,5.15
21950,5,4,8.7,3.5
21951,0,3,8.6,4.52
21952,7,2,9.0,4.31
21953,0,0,0.1,5.22
21954,6,3,8.5,3.24
21955,3,3,8.6,3.09
21956,3,0,3.3,4.38
21957,3,0,9.2,6.78
21958,3,2,3.0,5.25
21959,6,2,4.2,5.18
21960,5,3,1.1,4.06
21961,6,1,3.3,3.39
21962,0,0,8.6,3.34
21963,2,1,4.1,5.54
21964,6,3,1.1,3.42
21965,0,1,8.5,5.87
21966,4,1,7.9,5.12
21967,3,1,9.7,5.57
21968,5,2,2.7,7.42
21969,1,0,7.1,3.73
21970,6,1,6.3,6.96
21971,2,0,7.2,5.43
21972,7,2,5.6,6.07
21973,0,1,4.2,4.01
21974,4,2,7.6,5.26
21975,7,3,9.3,4.55
21976,5,4,0.6,2.02
21977,4,4,3.7,5.78
21978,5,2,6.2,5.6
21979,0,1,1.0,4.51
21980,0,4,5.7,4.08
21981,4,1,1.0,2.91
21982,6,4,0.9,4.39
21983,0,1,7.3,5.13
21984,7,3,8.7,4.09
21985,7,0,1.3,5.15
21986,0,3,4.7,4.62
21987,2,3,9.7,4.07
21988,0,1,1.6,4.75
21989,5,0,3.3,4.52
21990,1,1,8.2,4.05
21991,4,3,0.6,3.27
21992,3,4,4.6,5.82
21993,3,1,4.9,2.6
21994,1,1,3.6,2.86
21995,1,1,8.5,7.0
21996,3,4,7.0,5.23
21997,7,2,0.3,6.69
21998,6,1,1.6,4.69
21999,3,0,6.9,6.12
22000,5,0,3.1,4.53
22001,2,1,9.6,4.37
22002,0,1,7.1,5.03
22003,5,4,1.2,5.89
22004,3,3,8.2,4.74
22005,1,2,4.2,4.38
22006,2,1,7.7,4.7
22007,1,0,1.5,4.87
22008,5,4,0.6,5.02
22009,4,2,9.4,5.23
22010,0,0,8.1,4.73
22011,4,4,6.2,4.09
22012,6,1,5.4,6.43
22013,7,3,5.1,1.62
22014,0,1,6.5,5.26
22015,3,4,1.0,6.16
22016,2,0,1.5,4.91
22017,3,4,5.9,4.57
22018,1,4,7.9,4.61
22019,7,2,3.3,5.04
22020,0,1,0.1,4.3
22021,3,4,4.7,4.77
22022,7,3,5.8,2.82
22023,2,4,6.2,4.85
22024,0,3,4.3,4.35
22025,2,4,9.7,4.86
22026,0,2,1.8,5.02
22027,2,3,9.4,3.3
22028,6,2,6.2,5.16
22029,5,3,9.3,4.52
22030,5,2,4.9,5.08
22031,4,1,0.8,5.41
22032,2,2,7.3,4.01
22033,7,1,6.5,4.78
22034,7,2,1.3,6.79
22035,4,3,9.2,5.6
22036,5,1,5.8,5.47
22037,1,4,9.8,4.48
22038,7,1,9.3,1.52
22039,0,0,8.5,5.46
22040,1,4,6.5,7.13
22041,7,1,8.3,5.76
22042,3,2,6.2,4.66
22043,0,3,0.1,5.19
22044,5,2,2.7,6.88
22045,2,2,4.7,7.38
22046,6,0,5.4,5.05
22047,7,0,8.5,4.78
22048,4,0,3.6,4.84
22049,6,4,4.8,4.22
22050,0,1,9.5,3.16
22051,5,0,1.7,6.08
22052,2,0,0.9,6.66
22053,6,3,5.2,2.54
22054,1,0,0.7,6.16
22055,6,3,4.9,5.98
22056,7,2,1.9,3.9
22057,6,2,8.3,4.19
22058,2,2,6.2,3.93
22059,4,3,6.3,5.34
22060,0,4,0.2,6.35
22061,7,4,3.6,6.06
22062,5,2,5.6,4.17
22063,1,4,7.0,5.05
22064,0,4,4.7,3.13
22065,5,0,8.9,3.34
22066,3,1,2.1,6.2
22067,2,3,1.8,6.13
22068,7,1,4.7,2.7
22069,4,3,7.1,5.02
22070,2,2,1.6,5.21
22071,5,1,2.5,6.75
22072,7,4,6.6,4.84
22073,6,3,7.3,3.91
22074,4,2,7.8,4.5
22075,2,1,2.9,2.82
22076,4,3,4.3,3.59
22077,0,2,4.3,3.89
22078,2,4,2.1,5.99
22079,7,2,7.7,4.95
22080,1,1,7.3,3.66
22081,5,4,7.7,5.51
22082,5,4,2.4,5.9
22083,4,2,7.8,2.15
22084,5,3,6.2,5.15
22085,1,0,3.7,6.25
22086,0,2,3.4,6.35
22087,7,1,2.2,5.74
22088,2,2,0.8,3.87
22089,2,2,4.6,4.96
22090,4,0,9.8,4.51
22091,5,3,5.3,5.65
22092,2,0,8.5,2.94
22093,1,3,8.1,5.42
22094,6,0,4.3,5.8
22095,7,1,0.8,1.91
22096,6,3,4.9,4.73
22097,4,1,8.9,4.39
22098,6,1,5.8,5.05
22099,2,0,7.0,3.47
22100,6,4,0.6,3.7
22101,3,1,4.9,4.84
22102,6,4,0.2,3.91
22103,6,4,8.4,5.95
22104,3,0,4.3,3.42
22105,2,4,8.5,3.36
22106,0,1,8.6,4.82
22107,1,2,6.1,2.67
22108,1,4,7.3,5.56
22109,2,3,8.6,4.47
22110,5,2,5.7,4.57
22111,0,3,5.7,6.05
22112,4,1,7.9,5.76
22113,3,3,1.3,3.53
22114,3,0,9.8,6.68
22115,2,3,3.1,4.68
22116,6,1,7.8,5.49
22117,4,1,5.0,5.34
22118,2,3,1.8,5.35
22119,4,2,5.9,6.1
22120,6,3,5.4,5.75
22121,4,4,7.4,4.21
22122,5,1,6.4,4.18
22123,3,2,5.6,4.66
22124,0,1,5.2,6.36
22125,5,2,7.7,6.18
22126,4,1,1.2,2.85
22127,6,4,8.4,3.54
22128,2,4,2.4,2.62
22129,5,3,2.8,3.48
22130,0,1,9.7,5.39
22131,3,4,2.1,4.41
22132,1,3,3.5,5.23
22133,2,1,6.6,4.86
22134,5,4,8.9,6.51
22135,2,1,5.8,7.79
22136,6,4,8.1,5.63
22137,5,1,4.1,4.47
22138,6,2,5.0,5.28
22139,0,1,2.7,3.85
22140,4,4,3.5,5.8
22141,4,3,8.4,4.03
22142,4,3,7.1,5.43
22143,1,4,1.2,4.0
22144,0,1,7.9,4.74
22145,2,0,4.9,5.78
22146,0,4,9.5,4.12
22147,5,4,3.8,3.02
22148,3,0,0.6,7.18
22149,5,2,3.0,6.33
22150,2,0,8.1,6.0
22151,2,2,0.6,6.59
22152,0,3,6.8,4.47
22153,7,1,1.0,5.14
22154,6,0,3.8,3.15
22155,5,0,4.1,4.62
22156,5,2,5.3,5.23
22157,2,4,8.1,5.49
22158,0,3,8.1,5.28
22159,1,2,4.7,6.55
22160,7,2,9.0,5.9
22161,2,1,9.0,4.66
22162,1,0,4.6,4.78
22163,2,4,7.7,4.57
22164,6,2,4.2,4.48
22165,6,0,8.8,4.26
22166,4,2,4.6,5.22
22167,3,4,5.1,4.76
22168,0,0,4.6,4.99
22169,4,1,6.3,3.4
22170,0,1,8.9,5.56
22171,2,3,0.4,4.27
22172,7,4,9.6,5.39
22173,1,3,7.7,7.56
22174,3,4,5.8,6.43
22175,2,3,4.4,6.08
22176,2,3,1.7,3.97
22177,7,1,6.6,7.87
22178,7,1,4.1,5.92
22179,6,1,9.1,2.95
22180,0,1,8.5,5.27
22181,2,4,7.4,5.13
22182,0,1,8.4,5.07
22183,6,1,8.1,4.7
22184,4,2,1.2,4.64
22185,1,4,4.0,4.17
22186,7,0,3.0,3.36
22187,5,4,6.5,7.0
22188,6,3,7.6,4.5
22189,1,3,3.2,5.13
22190,0,0,8.8,4.04
22191,2,3,1.6,6.1
22192,5,1,6.3,5.04
22193,2,1,5.9,3.99
22194,1,1,2.0,6.57
22195,1,2,1.0,4.78
22196,1,2,2.6,6.99
22197,5,4,3.6,6.05
22198,2,3,9.4,3.51
22199,7,0,1.1,4.06
22200,1,0,5.2,5.44
22201,0,1,3.8,3.8
22202,5,4,4.8,4.55
22203,3,3,6.1,7.0
22204,4,0,7.6,7.84
22205,7,2,10.0,4.21
22206,6,2,7.7,4.28
22207,3,0,7.5,5.75
22208,5,3,4.8,3.43
22209,7,3,1.1,3.98
22210,4,3,3.7,3.32
22211,0,4,1.9,3.11
22212,2,4,2.9,3.72
22213,7,2,1.3,6.54
22214,6,1,3.7,2.59
22215,0,0,1.4,4.84
22216,5,3,9.0,6.67
22217,2,4,1.3,6.99
22218,7,0,1.8,6.57
22219,3,1,7.3,4.43
22220,2,1,1.5,6.36
22221,4,1,7.2,5.37
22222,0,3,2.2,4.76
22223,4,4,7.1,5.96
22224,0,4,7.4,6.03
22225,0,3,6.3,3.87
22226,4,1,0.5,5.17
22227,0,2,6.7,5.12
22228,7,0,9.1,3.67
22229,1,2,7.4,3.36
22230,3,3,4.3,3.46
22231,7,1,5.8,3.47
22232,3,0,0.4,4.01
22233,2,0,8.3,4.31
22234,6,1,8.6,5.35
22235,0,3,0.6,4.84
22236,5,2,7.2,5.15
22237,1,0,8.7,4.28
22238,1,1,6.8,7.77
22239,5,2,7.5,3.68
22240,6,3,8.3,3.8
22241,1,1,9.4,3.61
22242,2,4,8.4,2.58
22243,4,2,2.5,6.59
22244,1,3,4.1,4.45
22245,5,4,1.4,5.82
22246,6,0,1.2,3.16
22247,4,2,6.3,3.08
22248,4,0,6.5,5.14
22249,4,0,2.9,3.78
22250,1,4,2.0,6.2
22251,2,1,5.6,5.5
22252,0,0,4.2,6.21
22253,2,1,4.7,4.13
22254,5,2,9.2,4.71
22255,7,0,8.6,6.6
22256,5,2,2.1,4.46
22257,2,3,0.5,6.77
22258,3,3,5.9,4.99
22259,6,0,5.4,4.49
22260,6,4,7.8,4.51
22261,1,4,9.9,5.76
22262,6,0,6.6,4.63
22263,0,2,3.8,5.45
22264,7,0,6.9,5.41
22265,7,0,1.1,4.87
22266,5,2,7.8,3.3
22267,2,4,5.9,4.36
22268,4,3,1.6,7.43
22269,0,3,8.6,3.21
22270,3,4,9.5,5.67
22271,3,2,0.4,4.34
22272,7,2,2.2,7.44
22273,6,1,7.6,3.32
22274,0,0,4.8,3.49
22275,0,4,3.4,3.56
22276,2,3,5.6,3.96
22277,2,2,3.0,3.94
22278,6,2,5.4,5.03
22279,6,3,9.0,3.65
22280,6,4,3.3,4.21
22281,0,1,7.1,3.46
22282,4,0,6.3,4.06
22283,4,0,2.7,3.88
22284,0,3,8.2,6.31
22285,6,4,9.8,3.23
22286,0,4,9.4,4.75
22287,4,1,7.1,5.44
22288,7,0,9.8,6.02
22289,4,2,4.7,4.44
22290,0,1,3.4,5.68
22291,6,2,6.6,6.72
22292,1,1,2.6,4.01
22293,6,0,9.0,4.81
22294,6,0,6.4,4.92
22295,3,4,2.0,4.33
22296,4,2,6.0,5.74
22297,1,1,0.2,5.58
22298,2,0,8.0,5.18
22299,1,1,6.2,6.84
22300,6,3,3.2,5.01
22301,1,1,7.1,5.49
22302,7,1,7.3,5.28
22303,4,4,7.2,4.24
22304,2,4,7.0,6.04
22305,1,1,3.5,4.9
22306,1,0,8.1,3.48
22307,3,0,2.2,5.01
22308,7,4,6.3,3.51
22309,0,1,8.1,4.56
22310,3,0,7.7,5.02
22311,2,0,2.9,2.83
22312,2,0,9.2,6.16
22313,7,2,5.3,4.18
22314,1,2,7.7,2.75
22315,3,1,1.5,3.88
22316,3,1,8.2,5.27
22317,7,2,2.9,6.86
22318,6,2,8.3,2.84
22319,4,4,3.4,4.51
22320,6,0,9.2,3.2
22321,1,3,7.3,3.81
22322,7,1,1.6,3.78
22323,2,1,1.3,5.54
22324,6,2,9.8,5.76
22325,0,4,6.9,5.32
22326,7,1,8.7,4.63
22327,2,4,3.9,5.93
22328,3,2,9.7,6.51
22329,3,0,7.7,5.37
22330,0,1,8.1,3.85
22331,6,4,1.1,4.55
22332,7,2,0.5,4.36
22333,4,1,2.2,4.63
22334,6,0,4.0,3.77
22335,4,4,8.8,4.73
22336,7,1,6.1,5.79
22337,3,1,6.4,4.93
22338,6,4,9.9,3.62
22339,3,0,3.6,4.72
22340,1,4,2.8,5.26
22341,0,0,4.1,4.4
22342,2,2,4.0,3.36
22343,1,2,4.6,4.08
22344,1,4,4.5,4.64
22345,2,0,0.5,5.08
22346,0,4,4.3,4.25
22347,5,1,9.2,4.7
22348,2,4,8.6,5.28
22349,5,2,1.1,1.9
22350,0,1,0.6,5.07
22351,1,4,3.0,4.16
22352,6,0,1.1,7.11
22353,6,4,3.7,4.51
22354,1,2,4.8,1.99
22355,1,1,2.3,7.14
22356,5,4,8.5,6.16
22357,1,2,8.5,5.71
22358,6,3,6.6,6.0
22359,1,0,2.2,4.85
22360,2,4,8.8,6.73
22361,3,0,6.1,4.54
22362,5,3,4.7,5.87
22363,7,3,5.6,5.36
22364,0,3,7.6,3.5
22365,4,2,4.3,6.27
22366,7,0,3.3,6.65
22367,3,1,1.0,5.63
22368,0,4,1.0,5.91
22369,6,3,1.1,8.08
22370,7,1,0.8,3.6
22371,1,3,3.9,5.62
22372,7,4,0.1,4.25
22373,4,3,2.1,5.71
22374,4,3,3.2,3.53
22375,7,0,0.6,4.79
22376,5,4,7.6,6.0
22377,0,3,8.3,6.26
22378,7,4,8.7,6.1
22379,2,2,9.7,6.14
22380,5,0,9.5,5.83
22381,2,0,2.7,4.72
22382,3,0,7.2,5.53
22383,1,2,3.3,3.91
22384,2,2,2.7,4.56
22385,7,4,1.9,5.92
22386,0,4,0.4,3.81
22387,0,2,9.8,7.06
22388,0,3,9.8,5.26
22389,0,2,1.3,5.67
22390,6,4,3.3,4.39
22391,0,3,5.8,2.58
22392,1,0,2.9,5.53
22393,5,4,0.5,6.53
22394,6,1,6.6,4.94
22395,3,2,6.4,6.83
22396,1,1,9.4,3.26
22397,6,1,5.5,5.43
22398,1,4,4.2,6.78
22399,5,0,7.0,3.65
22400,3,1,9.9,5.42
22401,4,2,1.5,4.86
22402,2,1,7.2,4.57
22403,3,4,9.3,3.24
22404,2,4,7.0,2.23
22405,6,3,1.0,5.99
22406,6,4,0.1,5.33
22407,6,1,1.1,3.97
22408,2,3,0.8,4.34
22409,7,1,0.8,5.36
22410,7,1,1.2,4.92
22411,4,2,0.4,2.72
22412,6,0,7.8,7.01
22413,5,1,1.0,5.25
22414,4,2,8.6,4.82
22415,5,0,9.5,5.05
22416,0,3,2.8,4.56
22417,6,2,7.9,2.61
22418,5,3,8.5,6.73
22419,2,1,4.7,6.17
22420,5,3,6.6,5.9
22421,3,0,0.4,4.49
22422,7,1,1.2,3.39
22423,7,1,1.9,4.35
22424,6,0,1.5,3.89
22425,5,2,3.5,5.97
22426,2,2,1.1,6.76
22427,7,1,4.6,5.24
22428,5,4,3.8,4.54
22429,2,4,9.7,6.29
22430,6,1,5.2,6.29
22431,1,2,4.9,3.33
22432,4,2,6.7,5.45
22433,4,0,5.9,2.62
22434,7,2,1.0,4.45
22435,7,4,9.4,3.8
22436,0,4,2.3,3.03
22437,5,0,4.1,3.02
22438,7,2,1.5,4.54
22439,2,4,8.7,4.3
22440,7,1,8.1,5.46
22441,2,1,4.7,3.91
22442,1,3,2.7,3.29
22443,0,2,9.8,6.03
22444,0,1,6.6,6.33
22445,7,3,2.0,5.12
22446,7,1,7.3,4.85
22447,0,3,4.3,6.79
22448,5,4,1.0,3.58
22449,0,2,9.7,5.12
22450,5,3,4.3,5.03
22451,5,2,8.0,4.92
22452,3,4,7.2,4.06
22453,5,0,3.5,3.91
22454,3,4,7.2,5.32
22455,2,1,5.5,3.56
22456,3,2,4.9,4.54
22457,1,1,2.2,4.57
22458,5,1,6.4,3.9
22459,7,3,1.2,5.72
22460,5,3,4.3,3.67
22461,1,2,0.5,6.98
22462,7,1,6.0,4.24
22463,3,0,8.2,3.68
22464,6,0,9.2,6.66
22465,6,2,2.9,6.99
22466,5,2,3.2,4.43
22467,0,0,4.8,3.7
22468,0,0,3.1,4.21
22469,3,0,9.7,4.66
22470,5,4,6.6,6.16
22471,6,0,5.7,4.27
22472,5,4,0.3,4.53
22473,2,3,6.7,4.9
22474,0,1,4.8,6.22
22475,3,0,7.8,4.0
22476,7,1,6.7,4.6
22477,6,3,9.0,4.45
22478,5,0,5.7,4.25
22479,0,4,5.7,7.51
22480,2,1,8.8,6.65
22481,0,4,3.1,6.45
22482,5,3,9.2,5.44
22483,1,3,1.3,4.37
22484,6,1,9.1,6.75
22485,6,1,3.3,5.04
22486,2,2,5.4,5.82
22487,5,1,3.5,8.16
22488,1,3,3.3,3.95
22489,2,1,7.1,3.16
22490,1,1,0.0,2.11
22491,7,4,2.5,4.38
22492,4,4,2.7,4.09
22493,0,3,4.2,2.94
22494,6,0,0.7,7.23
22495,6,0,6.1,6.0
22496,7,2,4.6,6.06
22497,7,0,9.7,6.28
22498,3,4,2.8,7.58
22499,2,2,6.7,3.84
22500,4,2,7.6,5.68
22501,5,3,6.2,4.71
22502,2,2,2.7,4.24
22503,7,4,8.9,4.39
22504,4,2,3.4,5.73
22505,6,4,1.7,5.99
22506,6,1,0.3,2.96
22507,6,1,3.4,5.18
22508,7,1,5.4,7.05
22509,2,1,1.5,4.11
22510,7,2,3.1,7.13
22511,0,4,7.7,4.56
22512,4,0,6.6,4.87
22513,4,2,6.8,2.61
22514,1,3,3.4,6.73
22515,1,4,9.9,5.03
22516,0,2,8.7,6.65
22517,7,2,2.0,3.28
22518,4,2,1.6,6.54
22519,0,0,1.7,6.16
22520,0,2,8.5,4.56
22521,2,3,8.9,5.48
22522,1,4,4.5,4.9
22523,5,4,6.6,4.19
22524,3,4,7.4,6.22
22525,1,2,7.9,4.6
22526,4,2,7.3,5.69
22527,0,1,6.4,5.96
22528,2,3,3.5,3.14
22529,5,1,3.9,5.08
22530,1,3,0.8,4.34
22531,3,4,7.2,5.6
22532,4,4,1.5,6.77
22533,2,3,9.2,4.65
22534,0,4,1.9,4.5
22535,1,4,8.2,5.34
22536,2,3,3.4,7.06
22537,2,0,9.7,6.13
22538,7,0,3.5,5.01
22539,2,1,6.0,5.54
22540,4,0,9.7,3.49
22541,3,0,2.1,5.09
22542,0,1,2.2,4.93
22543,7,3,3.5,5.17
22544,5,2,7.6,6.26
22545,7,3,9.7,5.5
22546,0,3,8.6,7.32
22547,5,2,4.2,3.91
22548,0,2,0.1,5.44
22549,7,1,1.1,5.73
22550,2,4,0.1,3.64
22551,3,0,1.3,4.24
22552,0,2,6.0,6.24
22553,1,1,3.6,5.57
22554,3,1,4.5,2.18
22555,2,4,9.3,5.55
22556,5,3,5.1,5.18
22557,4,1,7.4,5.92
22558,2,4,9.5,6.34
22559,7,0,0.9,5.29
22560,2,4,5.9,3.73
22561,1,4,2.9,7.71
22562,0,1,6.9,4.86
22563,6,3,2.5,5.38
22564,7,2,3.3,5.5
22565,7,4,8.9,4.96
22566,4,4,5.5,3.77
22567,1,0,3.5,6.64
22568,5,1,9.6,5.45
22569,1,4,7.9,4.42
22570,7,0,1.8,6.01
22571,4,0,4.9,4.27
22572,0,0,0.5,3.8
22573,5,3,8.5,4.05
22574,1,1,9.3,3.39
22575,6,3,8.1,3.84
22576,6,0,4.8,6.18
22577,3,3,4.7,3.85
22578,1,0,9.2,4.22
22579,6,0,2.4,3.18
22580,4,4,4.6,5.74
22581,6,1,4.9,3.19
22582,5,0,1.5,2.67
22583,0,0,4.2,5.3
22584,4,2,3.0,7.1
22585,6,4,6.9,5.51
22586,6,0,2.8,4.79
22587,5,0,6.0,5.5
22588,6,4,1.8,5.41
22589,2,4,4.0,6.39
22590,0,0,1.1,6.33
22591,0,2,9.6,2.48
22592,7,3,6.0,5.44
22593,2,3,3.3,4.69
22594,3,0,9.3,4.54
22595,1,1,0.9,6.24
22596,4,4,4.7,6.01
22597,2,4,4.5,3.51
22598,2,2,2.9,3.18
22599,6,0,7.5,5.35
22600,1,4,8.2,4.51
22601,2,2,8.0,6.86
22602,4,3,1.1,4.43
22603,3,3,4.1,5.92
22604,7,2,0.7,7.6
22605,2,3,4.1,3.2
22606,1,4,3.8,6.07
22607,0,4,7.4,6.09
22608,3,4,5.5,4.31
22609,4,4,9.4,4.69
22610,6,4,7.3,4.96
22611,1,1,8.1,5.44
22612,5,2,9.6,5.61
22613,3,1,4.5,5.98
22614,4,4,5.0,4.9
22615,7,0,9.3,6.18
22616,5,4,5.7,5.77
22617,5,1,5.2,5.19
22618,6,4,8.2,5.58
22619,7,4,5.7,5.47
22620,7,2,5.4,2.49
22621,3,0,5.9,2.62
22622,2,1,10.0,3.93
22623,0,4,4.0,6.42
22624,6,0,2.1,6.65
22625,0,1,9.7,4.25
22626,2,2,8.0,4.3
22627,2,2,6.4,5.02
22628,4,2,0.1,5.04
22629,6,4,8.1,2.97
22630,5,2,0.5,5.57
22631,4,2,7.2,4.31
22632,5,0,0.3,4.39
22633,5,1,5.3,4.52
22634,6,0,3.4,4.28
22635,1,2,9.7,5.92
22636,2,0,3.0,2.31
22637,3,4,5.3,3.53
22638,0,3,1.5,6.82
22639,2,1,1.0,3.37
22640,3,3,2.0,4.68
22641,4,2,1.3,4.84
22642,4,1,8.1,6.87
22643,7,4,8.0,3.73
22644,1,2,7.2,2.81
22645,5,3,4.4,3.98
22646,1,2,7.6,6.14
22647,4,4,6.6,4.88
22648,7,4,0.7,4.95
22649,2,1,3.3,6.57
22650,4,4,4.3,5.42
22651,4,4,1.4,3.17
22652,4,3,0.1,5.97
22653,7,0,0.9,3.92
22654,7,4,4.5,4.81
22655,7,0,8.1,5.04
22656,7,1,2.0,5.36
22657,2,4,3.4,5.21
22658,1,3,4.1,5.79
22659,7,2,0.9,4.66
22660,0,2,4.0,4.46
22661,1,2,2.0,4.06
22662,0,1,1.2,4.93
22663,6,3,6.7,4.98
22664,1,3,6.4,5.76
22665,1,0,8.1,4.62
22666,0,0,1.8,3.7
22667,6,2,8.3,3.93
22668,0,1,1.2,7.16
22669,4,0,8.6,4.02
22670,5,2,5.7,4.91
22671,5,1,1.8,5.01
22672,7,3,8.8,3.23
22673,3,4,6.3,4.48
22674,6,4,8.9,6.28
22675,2,2,2.6,4.78
22676,7,2,4.6,5.46
22677,6,2,8.5,7.23
22678,1,3,6.7,7.0
22679,2,3,7.0,6.52
22680,5,0,3.8,4.7
22681,2,2,9.7,5.92
22682,7,1,3.2,4.69
22683,6,3,8.8,4.47
22684,3,3,6.0,4.81
22685,3,0,4.3,4.79
22686,7,3,0.2,4.72
22687,6,1,6.5,3.75
22688,1,1,4.4,6.09
22689,0,0,3.1,4.95
22690,2,0,9.7,6.38
22691,1,3,7.3,5.29
22692,0,2,5.8,5.56
22693,4,0,4.4,4.64
22694,7,3,6.7,4.47
22695,1,3,7.3,4.99
22696,5,0,5.3,3.12
22697,7,2,8.9,5.5
22698,7,3,5.9,5.91
22699,0,4,8.0,6.17
22700,1,2,5.6,4.21
22701,4,4,1.8,5.25
22702,5,3,6.0,3.22
22703,3,4,3.8,6.26
22704,0,1,6.0,3.09
22705,2,3,7.9,5.7
22706,1,2,8.5,3.7
22707,6,1,0.4,4.18
22708,6,2,8.0,6.96
22709,1,0,5.3,4.72
22710,4,4,3.4,5.19
22711,3,1,3.8,5.56
22712,5,0,4.3,4.94
22713,3,3,8.6,5.02
22714,1,1,3.4,5.14
22715,6,0,3.5,4.99
22716,6,4,1.1,5.0
22717,7,2,2.9,4.47
22718,3,4,6.2,4.64
22719,4,4,3.3,5.69
22720,4,3,0.2,4.5
22721,3,0,1.5,6.61
22722,0,0,0.3,2.76
22723,0,0,5.1,4.39
22724,2,1,7.3,6.45
22725,4,0,2.6,4.87
22726,2,0,3.8,5.83
22727,7,2,0.3,7.11
22728,6,0,3.4,3.06
22729,2,1,5.2,5.56
22730,3,1,9.6,5.98
22731,7,3,5.6,4.32
22732,7,0,6.4,6.7
22733,6,4,0.6,3.93
22734,5,4,7.1,4.86
22735,6,1,7.0,5.12
22736,1,0,0.5,4.34
22737,7,1,8.2,4.76
22738,2,3,5.1,4.04
22739,4,2,5.9,4.57
22740,4,2,5.8,3.7
22741,5,4,8.3,5.69
22742,3,1,6.2,5.42
22743,2,3,6.8,4.9
22744,7,3,0.1,6.44
22745,3,0,5.1,4.68
22746,2,1,3.1,6.35
22747,2,1,6.4,4.81
22748,7,3,0.9,3.78
22749,7,2,4.1,4.7
22750,2,1,1.9,4.75
22751,4,1,8.6,6.79
22752,6,3,3.6,5.38
22753,0,4,5.4,5.62
22754,0,1,3.1,4.0
22755,2,3,7.9,5.33
22756,1,2,6.3,5.57
22757,4,2,5.7,4.57
22758,5,4,1.1,6.24
22759,5,3,5.4,4.21
22760,6,3,1.3,3.91
22761,6,0,6.1,3.59
22762,6,2,7.4,4.21
22763,2,4,3.3,5.26
22764,6,3,7.6,7.7
22765,2,3,0.8,7.07
22766,0,4,4.1,4.66
22767,7,4,3.3,4.92
22768,4,2,1.0,5.65
22769,2,3,9.2,7.06
22770,4,2,6.9,4.32
22771,4,4,9.2,4.78
22772,7,0,3.9,5.21
22773,3,2,0.3,6.24
22774,4,1,3.2,5.63
22775,5,0,6.2,4.85
22776,0,0,4.5,4.29
22777,2,0,8.2,6.13
22778,6,4,7.0,5.43
22779,7,2,8.1,4.89
22780,4,0,4.4,4.56
22781,0,3,1.8,4.91
22782,5,3,7.7,4.62
22783,7,0,3.1,3.69
22784,5,1,0.5,3.81
22785,4,1,4.7,4.42
22786,0,0,7.0,3.12
22787,6,1,3.3,5.41
22788,6,1,4.7,6.55
22789,0,0,4.0,4.36
22790,1,4,9.0,4.63
22791,6,4,7.9,6.54
22792,5,1,6.0,5.21
22793,0,1,2.9,5.53
22794,1,2,1.1,5.16
22795,1,2,3.8,2.54
22796,6,0,5.7,3.61
22797,7,0,9.0,4.11
22798,7,0,2.4,4.65
22799,3,4,6.4,4.77
22800,2,0,5.4,5.58
22801,1,0,2.7,5.44
22802,1,2,8.5,4.88
22803,6,2,4.1,6.02
22804,2,1,1.3,3.58
22805,4,1,8.3,5.64
22806,4,0,0.2,6.97
22807,4,3,5.8,6.6
22808,0,0,4.5,5.9
22809,5,4,6.6,4.46
22810,7,2,5.2,5.65
22811,0,4,2.7,4.41
22812,2,2,0.9,3.36
22813,3,4,6.1,7.68
22814,2,0,7.3,5.53
22815,6,0,3.2,3.78
22816,7,1,0.8,2.07
22817,0,1,8.5,2.69
22818,6,0,4.7,4.28
22819,7,2,4.9,6.19
22820,4,0,3.8,2.46
22821,6,3,6.7,5.8
22822,2,0,1.6,4.94
22823,2,2,3.2,3.34
22824,3,1,2.0,5.89
22825,7,0,2.2,4.06
22826,5,3,1.5,6.84
22827,2,0,8.1,6.52
22828,3,0,2.7,5.45
22829,5,0,6.3,3.86
22830,2,2,5.6,7.08
22831,5,3,2.5,4.78
22832,1,1,0.8,2.48
22833,2,2,0.9,4.44
22834,5,3,1.8,5.0
22835,3,2,3.5,4.02
22836,3,1,1.7,5.14
22837,4,1,1.5,6.7
22838,4,4,8.5,7.52
22839,3,0,5.4,4.68
22840,1,4,2.5,4.08
22841,1,3,5.5,3.42
22842,1,3,4.6,2.67
22843,4,3,3.1,6.3
22844,0,3,7.4,3.5
22845,3,1,9.7,5.73
22846,2,1,1.4,4.69
22847,3,4,3.7,6.28
22848,3,4,4.5,4.96
22849,3,4,0.9,4.4
22850,1,2,8.6,5.61
22851,7,2,1.4,4.15
22852,1,2,0.6,6.86
22853,1,4,1.6,4.27
22854,4,2,9.9,5.27
22855,4,3,6.3,3.97
22856,5,3,1.1,6.03
22857,5,2,8.4,6.17
22858,0,0,0.1,3.46
22859,6,0,8.8,5.0
22860,5,1,0.1,4.36
22861,3,0,0.2,4.71
22862,0,1,7.2,2.37
22863,4,0,8.6,2.33
22864,4,4,3.4,4.79
22865,3,3,8.4,4.5
22866,6,2,8.1,5.42
22867,1,0,7.2,4.83
22868,1,1,7.7,5.33
22869,7,1,7.1,2.49
22870,7,2,4.1,4.98
22871,4,1,6.8,3.85
22872,7,2,7.0,3.3
22873,0,3,3.4,6.21
22874,6,2,8.8,6.52
22875,0,3,2.9,5.46
22876,6,0,1.8,6.36
22877,7,4,0.7,4.13
22878,2,2,1.1,5.15
22879,3,2,6.2,6.86
22880,5,2,1.4,6.21
22881,4,3,7.9,7.11
22882,4,2,9.9,5.92
22883,4,3,5.3,5.29
22884,2,2,0.8,5.6
22885,4,1,5.4,4.22
22886,7,1,5.3,4.75
22887,0,1,0.6,3.34
22888,2,1,8.3,4.63
22889,0,4,0.7,5.57
22890,3,0,4.6,5.26
22891,0,4,4.6,5.49
22892,1,4,2.5,5.86
22893,7,3,1.0,6.94
22894,6,2,4.9,3.11
22895,1,0,6.2,3.62
22896,2,2,2.5,4.81
22897,7,0,2.7,4.77
22898,6,1,3.7,4.28
22899,3,0,6.0,5.9
22900,4,3,6.2,4.97
22901,7,0,2.5,7.41
22902,5,1,4.1,2.85
22903,6,4,2.3,4.03
22904,2,0,2.0,6.14
22905,7,4,7.4,6.23
22906,6,0,6.9,6.25
22907,0,0,1.6,5.28
22908,7,0,4.3,5.96
22909,2,0,0.7,5.3
22910,3,4,5.8,5.67
22911,7,2,4.0,4.13
22912,4,0,9.3,5.21
22913,7,4,1.8,5.07
22914,0,1,1.9,4.72
22915,3,3,4.9,5.45
22916,0,2,1.9,4.62
22917,3,4,7.8,5.31
22918,4,4,2.0,4.77
22919,2,4,7.5,4.1
22920,7,3,5.6,3.71
22921,4,4,9.6,4.21
22922,2,4,1.7,4.2
22923,0,3,8.4,6.56
22924,0,3,3.1,4.76
22925,7,2,6.6,5.32
22926,4,3,2.2,4.06
22927,0,3,1.4,6.4
22928,0,2,1.2,5.16
22929,4,4,7.7,3.95
22930,3,1,8.8,4.73
22931,2,4,5.5,3.96
22932,6,1,6.1,6.75
22933,4,4,5.9,5.11
22934,5,3,0.4,2.23
22935,1,1,1.6,5.14
22936,0,2,8.9,6.53
22937,4,4,8.9,8.28
22938,0,2,5.1,5.98
22939,1,4,6.6,4.7
22940,2,2,9.0,5.73
22941,7,1,0.4,6.54
22942,1,0,7.3,2.4
22943,2,4,3.5,4.42
22944,6,3,6.3,4.0
22945,2,2,4.0,3.53
22946,4,2,3.2,5.9
22947,7,2,3.4,2.29
22948,4,4,9.6,5.23
22949,7,1,2.6,5.95
22950,6,3,7.2,4.26
22951,3,4,2.7,5.86
22952,2,2,8.6,4.41
22953,3,0,0.2,3.6
22954,2,4,4.7,3.57
22955,7,2,5.6,4.49
22956,0,4,4.7,5.11
22957,3,4,2.7,5.36
22958,3,2,7.1,5.44
22959,2,4,2.4,6.05
22960,6,1,2.6,3.04
22961,4,0,9.4,7.88
22962,1,4,1.6,3.6
22963,5,2,5.9,2.43
22964,5,1,7.1,6.58
22965,7,3,4.1,6.12
22966,5,2,3.8,4.84
22967,3,3,5.9,3.38
22968,2,1,5.8,3.99
22969,6,2,8.5,7.42
22970,1,1,1.8,2.64
22971,1,3,1.4,5.12
22972,6,1,9.2,3.16
22973,5,4,8.7,3.44
22974,7,2,1.0,4.07
22975,1,3,7.4,4.9
22976,6,2,8.1,6.63
22977,6,4,4.7,3.73
22978,5,2,8.1,5.45
22979,1,2,2.8,3.55
22980,3,0,5.2,1.94
22981,3,0,1.4,5.79
22982,0,0,8.5,6.42
22983,2,3,9.1,3.89
22984,4,1,6.3,5.39
22985,2,2,2.8,1.45
22986,1,3,3.1,5.0
22987,6,3,0.1,3.25
22988,0,1,6.1,6.7
22989,7,0,1.2,5.34
22990,6,4,3.9,6.13
22991,4,4,7.5,3.71
22992,7,1,6.8,4.55
22993,4,0,4.5,6.27
22994,3,0,2.0,5.9
22995,1,2,6.1,6.11
22996,5,3,9.7,5.19
22997,6,2,6.4,1.97
22998,0,2,1.9,5.81
22999,5,4,3.5,3.99
23000,4,4,2.4,6.79
23001,5,4,0.7,3.93
23002,7,1,2.8,5.38
23003,5,4,7.2,4.98
23004,5,4,6.4,5.07
23005,2,3,4.5,3.65
23006,1,1,1.3,3.67
23007,0,3,8.3,3.6
23008,7,2,0.8,5.59
23009,3,2,3.3,4.86
23010,3,1,3.2,6.34
23011,6,3,5.4,7.16
23012,1,1,5.1,3.53
23013,5,3,5.9,4.85
23014,2,3,1.2,5.75
23015,4,3,0.2,5.21
23016,1,1,3.3,5.69
23017,2,1,5.0,4.13
23018,4,4,9.9,5.87
23019,2,4,7.9,5.01
23020,4,0,2.5,5.78
23021,1,2,5.3,4.49
23022,5,4,3.1,4.71
23023,3,0,4.8,5.19
23024,3,4,8.7,4.49
23025,1,1,2.4,6.96
23026,3,4,0.6,5.19
23027,7,2,9.1,6.32
23028,7,4,1.6,4.81
23029,0,2,3.3,5.37
23030,1,0,3.3,4.93
23031,2,2,4.4,6.65
23032,7,4,9.3,6.81
23033,2,3,6.2,4.29
23034,2,1,2.2,6.51
23035,4,2,0.7,3.52
23036,4,2,5.5,4.77
23037,5,4,1.8,4.4
23038,0,3,6.3,4.56
23039,1,4,7.6,5.83
23040,2,2,9.0,5.14
23041,7,1,1.6,6.01
23042,4,1,6.7,4.98
23043,0,1,0.4,4.25
23044,7,1,3.8,5.49
23045,3,2,6.1,5.93
23046,7,1,4.9,3.51
23047,0,3,4.1,3.97
23048,7,0,2.7,4.79
23049,6,4,7.6,4.79
23050,2,0,8.0,4.56
23051,3,2,6.8,6.5
23052,0,0,8.8,2.8
23053,0,3,5.7,4.82
23054,7,1,3.0,5.71
23055,7,3,4.8,4.85
23056,6,4,8.5,4.58
23057,5,0,1.5,2.67
23058,1,3,5.0,4.01
23059,0,2,1.9,3.18
23060,2,2,8.8,4.75
23061,7,1,5.6,6.22
23062,0,4,4.1,4.92
23063,4,3,9.1,6.11
23064,0,1,7.2,5.69
23065,4,3,2.6,3.6
23066,3,1,1.4,6.81
23067,5,0,7.8,4.75
23068,3,3,2.5,4.26
23069,5,4,8.9,8.43
23070,4,2,4.4,7.67
23071,2,4,7.0,7.11
23072,1,4,7.9,3.44
23073,2,3,2.4,3.07
23074,2,0,7.8,4.45
23075,0,1,1.1,6.0
23076,0,4,7.6,4.6
23077,0,0,4.9,6.55
23078,6,4,5.0,4.98
23079,0,1,9.5,6.12
23080,2,2,3.4,3.95
23081,2,0,5.9,3.83
23082,6,0,6.5,5.06
23083,6,0,8.5,5.14
23084,7,1,7.1,4.07
23085,0,4,4.1,5.19
23086,0,2,8.7,5.0
23087,6,0,0.6,3.39
23088,4,4,6.7,3.34
23089,7,1,5.5,4.75
23090,5,1,4.3,5.26
23091,1,4,1.9,4.44
23092,5,4,1.2,5.25
23093,5,4,0.8,5.35
23094,6,2,9.1,3.34
23095,2,0,4.3,4.53
23096,1,2,4.5,4.58
23097,5,4,4.9,3.34
23098,7,1,2.6,5.12
23099,5,1,4.7,7.64
23100,5,4,2.9,1.96
23101,2,3,9.8,2.87
23102,6,1,1.4,4.69
23103,0,4,9.7,4.15
23104,7,4,4.9,6.5
23105,6,1,6.6,3.56
23106,2,2,2.3,4.82
23107,1,1,0.5,2.3
23108,4,0,10.0,6.56
23109,0,3,6.6,6.99
23110,4,4,2.5,2.65
23111,7,4,7.5,6.82
23112,6,3,8.3,5.97
23113,1,2,4.3,6.7
23114,3,4,7.1,4.89
23115,3,0,8.8,4.8
23116,1,2,2.2,4.89
23117,4,3,3.6,4.41
23118,5,2,0.4,4.8
23119,6,1,9.4,6.74
23120,0,1,7.9,3.72
23121,6,4,0.2,4.34
23122,5,4,0.0,5.18
23123,5,2,8.8,3.89
23124,7,3,1.7,4.45
23125,2,4,7.7,4.31
23126,2,3,6.7,5.32
23127,0,2,2.3,4.85
23128,2,3,6.3,5.41
23129,1,3,2.4,4.36
23130,6,1,9.8,2.89
23131,5,0,8.2,4.71
23132,6,0,9.2,3.51
23133,1,0,4.0,3.14
23134,5,2,6.4,2.98
23135,2,4,9.4,4.97
23136,0,3,6.7,4.84
23137,7,3,2.8,6.43
23138,6,1,9.0,3.46
23139,0,2,8.9,6.11
23140,0,1,4.8,2.51
23141,2,0,7.7,4.96
23142,5,1,7.8,5.65
23143,7,0,8.2,3.76
23144,2,0,4.8,5.24
23145,1,4,9.2,5.26
23146,1,4,6.3,5.84
23147,7,2,5.8,5.52
23148,7,3,0.5,6.67
23149,7,4,3.3,4.01
23150,5,0,0.5,5.75
23151,6,1,9.3,5.24
23152,0,1,0.9,4.2
23153,2,0,7.4,6.41
23154,6,1,5.3,6.58
23155,2,2,2.7,4.14
23156,6,2,8.8,4.95
23157,2,3,2.5,4.03
23158,0,2,2.3,5.68
23159,0,3,2.6,5.63
23160,1,3,0.1,8.21
23161,4,3,0.1,4.75
23162,3,2,7.4,3.72
23163,0,2,0.2,5.28
23164,1,3,1.3,6.0
23165,5,1,5.0,7.02
23166,1,0,8.5,5.7
23167,1,0,2.0,5.77
23168,7,3,6.1,6.56
23169,6,3,5.6,4.98
23170,4,0,0.9,2.75
23171,6,1,7.2,4.78
23172,7,1,0.3,4.28
23173,2,0,9.3,3.91
23174,0,0,8.0,5.75
23175,7,0,3.1,5.71
23176,7,4,7.8,4.71
23177,1,2,7.3,4.53
23178,4,4,9.2,5.95
23179,1,1,2.2,4.74
23180,5,2,2.5,3.82
23181,1,3,5.6,4.88
23182,7,3,6.7,3.84
23183,2,2,7.5,8.13
23184,0,3,8.2,3.0
23185,3,2,4.4,3.82
23186,4,2,1.5,6.67
23187,4,0,9.2,4.96
23188,3,1,2.3,5.13
23189,7,1,5.2,4.51
23190,1,2,9.3,4.91
23191,6,4,6.2,4.37
23192,6,3,8.3,4.36
23193,7,3,5.4,5.99
23194,6,1,0.5,5.7
23195,6,0,4.2,4.82
23196,4,1,5.1,5.16
23197,7,1,9.7,6.94
23198,3,2,5.6,4.33
23199,6,0,7.7,6.2
23200,6,2,0.8,5.43
23201,1,3,6.3,4.91
23202,1,4,4.7,7.12
23203,5,2,8.5,4.9
23204,6,1,2.2,5.87
23205,3,0,5.0,7.0
23206,3,4,5.9,6.7
23207,0,1,5.6,5.57
23208,7,1,2.0,4.68
23209,6,4,3.2,4.31
23210,5,2,1.2,6.45
23211,7,1,2.9,3.75
23212,4,4,6.2,4.93
23213,2,2,4.2,4.82
23214,0,3,2.6,6.13
23215,5,0,8.4,5.95
23216,3,1,9.9,4.93
23217,7,4,5.0,5.32
23218,0,2,4.5,5.15
23219,2,4,9.4,5.42
23220,6,1,5.8,5.71
23221,4,0,1.1,5.12
23222,5,0,4.8,2.97
23223,3,1,3.5,6.5
23224,5,0,3.3,5.62
23225,5,1,5.3,5.27
23226,3,1,9.1,3.83
23227,6,1,5.6,2.98
23228,3,1,5.4,3.63
23229,7,1,9.4,4.35
23230,2,1,1.4,4.97
23231,1,0,3.4,5.36
23232,0,3,1.0,5.03
23233,4,2,3.2,3.77
23234,0,3,0.6,6.17
23235,6,2,1.7,5.71
23236,4,4,1.7,3.73
23237,5,2,7.2,3.63
23238,4,4,9.9,5.46
23239,2,3,2.8,6.51
23240,7,1,8.9,6.19
23241,3,0,3.9,4.29
23242,4,3,9.3,4.14
23243,4,1,5.0,4.05
23244,1,3,2.2,2.15
23245,0,4,6.7,4.18
23246,3,4,7.5,3.06
23247,1,1,7.9,6.3
23248,5,3,3.0,5.97
23249,2,3,4.7,2.46
23250,5,0,7.6,6.7
23251,1,0,7.6,4.72
23252,3,2,2.0,4.86
23253,3,0,5.6,5.24
23254,0,1,2.7,6.68
23255,3,1,8.2,5.53
23256,7,4,3.2,3.66
23257,4,2,3.1,2.72
23258,1,1,1.2,4.75
23259,5,1,2.4,6.02
23260,7,2,0.3,4.18
23261,0,4,4.9,6.77
23262,4,3,2.0,5.06
23263,6,2,0.8,6.18
23264,1,0,4.1,6.32
23265,1,4,4.7,5.47
23266,6,4,3.7,4.08
23267,0,2,1.4,4.92
23268,0,3,2.1,3.68
23269,7,3,0.9,2.24
23270,1,4,3.2,6.32
23271,1,4,6.5,5.07
23272,3,0,1.7,4.06
23273,4,1,8.0,5.0
23274,7,0,0.1,6.86
23275,6,1,9.8,6.31
23276,6,1,8.5,5.09
23277,2,1,7.3,3.65
23278,7,4,0.5,2.26
23279,5,4,7.2,6.09
23280,6,1,8.9,5.49
23281,0,0,6.6,4.27
23282,4,4,2.6,5.88
23283,7,2,2.4,2.88
23284,5,3,3.3,3.03
23285,2,0,2.5,5.47
23286,7,2,2.6,5.52
23287,5,1,2.5,4.61
23288,7,3,3.1,4.74
23289,2,0,3.3,5.03
23290,5,1,9.3,6.03
23291,1,1,7.8,6.55
23292,7,4,1.5,5.12
23293,2,1,9.1,7.29
23294,6,4,7.8,6.59
23295,1,0,9.5,2.98
23296,6,1,1.2,3.62
23297,2,3,8.7,6.77
23298,0,3,9.5,4.5
23299,0,1,2.0,3.43
23300,5,3,7.5,4.88
23301,5,3,0.0,4.98
23302,6,2,1.1,4.37
23303,7,4,4.8,4.3
23304,6,1,6.0,5.36
23305,0,1,3.2,4.06
23306,2,2,3.8,5.28
23307,1,0,8.6,5.9
23308,2,3,5.9,4.88
23309,6,0,0.9,4.8
23310,2,3,2.2,3.01
23311,1,0,2.8,4.91
23312,0,1,3.7,5.11
23313,0,1,4.9,3.41
23314,2,1,9.1,3.36
23315,0,4,0.2,4.79
23316,2,1,2.6,6.2
23317,4,2,4.9,3.87
23318,0,2,8.2,3.84
23319,6,2,4.8,5.45
23320,7,2,2.3,6.0
23321,2,0,7.9,3.91
23322,4,4,6.1,4.88
23323,5,4,4.0,5.0
23324,5,0,3.7,7.28
23325,7,0,9.5,5.05
23326,4,3,0.3,6.1
23327,1,3,0.6,4.16
23328,1,2,4.1,4.06
23329,4,2,5.2,5.9
23330,4,4,6.1,5.29
23331,4,4,8.0,6.1
23332,5,3,3.6,5.64
23333,7,2,6.1,4.33
23334,6,1,6.4,6.68
23335,1,0,8.7,5.85
23336,1,0,7.4,4.91
23337,3,3,4.7,5.89
23338,1,0,7.6,5.9
23339,4,1,2.5,6.6
23340,0,1,8.7,6.74
23341,0,4,7.3,3.48
23342,1,0,2.3,3.62
23343,5,0,7.4,3.88
23344,5,4,5.1,3.16
23345,1,4,1.6,5.63
23346,5,3,4.3,5.53
23347,2,4,8.9,3.74
23348,7,0,4.5,5.63
23349,7,1,2.3,5.53
23350,4,3,2.0,4.96
23351,6,3,8.9,7.05
23352,6,2,8.9,4.57
23353,5,1,9.1,5.22
23354,4,3,6.1,4.33
23355,3,1,9.8,6.16
23356,2,1,3.9,5.33
23357,3,0,1.9,6.39
23358,5,1,0.2,3.69
23359,3,0,7.5,3.69
23360,7,2,0.3,5.75
23361,0,0,6.3,5.83
23362,4,4,4.7,7.12
23363,4,3,7.8,5.34
23364,7,4,8.0,4.71
23365,6,4,6.6,3.94
23366,7,2,8.6,1.8
23367,3,3,1.9,6.74
23368,4,2,1.0,4.52
23369,1,2,1.7,3.45
23370,2,1,5.9,3.51
23371,1,0,6.1,5.33
23372,5,4,6.0,5.87
23373,3,2,9.8,4.64
23374,1,3,8.4,3.16
23375,0,3,1.7,4.55
23376,7,0,2.1,6.82
23377,4,1,4.9,8.31
23378,3,2,2.8,1.46
23379,1,0,8.3,4.65
23380,0,2,9.9,4.12
23381,3,2,9.5,4.57
23382,3,0,2.6,6.59
23383,3,2,5.7,5.51
23384,1,1,6.0,5.6
23385,5,4,2.5,4.47
23386,7,2,8.1,6.24
23387,1,2,3.8,6.7
23388,6,0,7.9,4.76
23389,6,2,4.9,6.36
23390,3,0,2.9,6.15
23391,2,2,4.9,2.95
23392,5,1,0.2,3.27
23393,7,0,5.4,6.92
23394,4,0,4.4,4.42
23395,6,3,0.7,3.65
23396,0,1,2.5,6.53
23397,3,2,6.6,3.82
23398,0,4,0.9,4.0
23399,4,1,7.0,6.19
23400,7,2,0.9,4.35
23401,2,4,9.4,5.46
23402,2,0,0.5,5.15
23403,0,1,6.3,2.99
23404,7,2,4.3,6.13
23405,1,2,1.2,3.58
23406,5,1,0.7,6.37
23407,2,0,1.3,5.56
23408,2,3,2.8,5.07
23409,5,1,4.3,6.27
23410,4,3,8.9,7.29
23411,0,1,3.6,4.49
23412,1,0,2.3,4.42
23413,5,4,1.0,4.78
23414,1,1,2.6,3.06
23415,3,2,2.9,3.33
23416,0,2,0.9,4.91
23417,5,1,4.3,5.32
23418,5,1,2.6,3.73
23419,2,3,6.8,5.0
23420,2,4,3.3,3.08
23421,5,4,6.8,3.72
23422,3,4,0.5,5.96
23423,0,4,6.2,5.68
23424,6,1,1.4,4.16
23425,7,0,9.8,6.0
23426,0,1,1.4,4.14
23427,2,1,9.8,5.74
23428,5,2,6.3,6.27
23429,5,2,7.0,4.75
23430,1,3,8.9,5.54
23431,3,2,6.1,6.42
23432,0,0,7.1,3.32
23433,7,4,2.5,5.07
23434,6,3,7.9,5.28
23435,1,4,3.4,4.83
23436,4,3,0.8,4.65
23437,4,3,3.7,3.35
23438,5,4,1.9,6.8
23439,7,4,7.8,6.49
23440,0,1,3.2,4.75
23441,1,3,6.4,3.61
23442,5,1,2.8,5.67
23443,0,1,7.8,6.86
23444,0,2,0.2,4.59
23445,4,1,1.2,4.89
23446,6,4,9.8,5.25
23447,3,0,0.6,4.22
23448,5,4,7.1,1.58
23449,6,0,1.7,6.03
23450,5,2,4.0,5.94
23451,2,4,3.5,8.11
23452,4,1,8.1,2.93
23453,4,2,9.7,5.07
23454,5,3,0.2,3.78
23455,7,2,8.3,6.76
23456,1,3,9.4,6.17
23457,0,0,5.6,3.86
23458,6,3,10.0,4.62
23459,3,2,7.7,3.95
23460,2,4,0.6,4.34
23461,3,2,7.9,4.77
23462,6,4,1.3,3.75
23463,1,3,8.5,1.42
23464,2,3,1.2,3.87
23465,4,1,5.1,4.57
23466,0,2,2.1,4.6
23467,6,3,9.6,3.81
23468,5,0,8.8,3.51
23469,4,1,1.3,5.11
23470,4,1,3.4,4.26
23471,4,0,7.5,5.13
23472,0,4,9.2,3.68
23473,0,1,1.1,6.15
23474,7,3,9.7,3.92
23475,4,1,0.9,3.88
23476,6,4,3.0,5.83
23477,0,0,0.8,4.91
23478,6,4,0.8,4.8
23479,7,2,9.2,3.45
23480,4,0,0.6,6.66
23481,1,1,2.5,3.53
23482,2,2,7.0,5.25
23483,3,1,2.3,5.18
23484,2,4,5.1,4.92
23485,6,2,0.8,6.07
23486,2,1,0.4,3.32
23487,0,3,3.6,5.27
23488,4,4,2.8,6.96
23489,3,1,5.5,7.95
23490,5,3,4.5,4.05
23491,2,1,0.6,5.13
23492,3,4,7.7,4.5
23493,3,4,2.3,4.68
23494,5,3,7.4,5.71
23495,3,3,0.2,6.47
23496,6,3,7.5,5.36
23497,0,2,8.9,4.15
23498,5,1,9.0,5.69
23499,5,0,8.0,4.41
23500,2,2,7.5,5.62
23501,1,0,9.3,4.32
23502,5,4,8.1,5.41
23503,7,0,0.6,4.12
23504,3,3,7.3,6.18
23505,6,4,7.3,4.42
23506,5,3,2.3,6.27
23507,2,2,1.9,3.86
23508,4,1,1.2,4.38
23509,6,3,3.4,5.29
23510,1,4,1.4,4.1
23511,3,0,4.6,4.58
23512,2,2,3.5,5.31
23513,0,4,7.9,6.5
23514,3,1,1.9,7.06
23515,6,1,7.6,4.04
23516,5,0,8.5,5.57
23517,4,0,2.5,3.97
23518,7,1,4.3,4.82
23519,2,0,4.6,5.42
23520,0,1,1.5,5.24
23521,3,1,7.0,2.68
23522,3,2,7.7,4.68
23523,0,2,9.4,6.34
23524,6,0,6.0,4.71
23525,3,3,4.8,5.78
23526,1,1,9.9,5.17
23527,0,0,0.9,4.98
23528,2,2,1.6,4.16
23529,0,4,7.4,3.89
23530,3,0,0.5,4.4
23531,0,3,1.7,5.81
23532,6,4,8.8,6.06
23533,7,0,9.6,5.83
23534,6,1,9.1,5.28
23535,3,4,0.4,5.65
23536,5,0,0.8,3.66
23537,2,4,0.9,5.73
23538,3,0,9.2,3.26
23539,4,0,3.7,8.48
23540,2,1,4.3,4.4
23541,4,1,1.0,6.35
23542,3,2,4.6,6.64
23543,7,0,3.2,4.84
23544,7,0,7.8,4.77
23545,5,3,4.3,5.25
23546,4,1,5.7,4.69
23547,2,3,0.8,5.18
23548,4,1,4.6,4.77
23549,1,4,6.1,4.19
23550,4,4,8.0,4.95
23551,2,1,7.7,7.19
23552,2,4,9.3,3.87
23553,3,3,5.4,6.11
23554,6,2,9.5,5.21
23555,6,3,4.4,5.39
23556,1,0,6.4,6.11
23557,5,3,6.9,2.72
23558,5,2,4.1,4.61
23559,2,3,9.8,3.4
23560,2,2,4.1,5.1
23561,3,4,1.1,6.69
23562,1,0,4.0,3.56
23563,0,2,0.1,6.15
23564,7,3,4.6,5.85
23565,5,1,4.4,4.24
23566,5,0,7.8,4.84
23567,0,0,6.0,4.82
23568,2,3,9.8,4.16
23569,1,4,1.4,4.02
23570,1,0,5.2,5.4
23571,3,2,4.8,3.49
23572,0,4,7.3,5.51
23573,6,2,7.5,4.81
23574,1,1,6.1,7.17
23575,1,1,1.6,5.15
23576,4,0,8.1,6.64
23577,4,4,4.6,6.86
23578,0,1,9.9,3.21
23579,6,3,1.2,4.76
23580,1,3,6.3,4.6
23581,2,0,9.4,4.82
23582,5,1,2.3,4.82
23583,4,2,4.9,5.06
23584,1,1,9.9,4.67
23585,5,4,4.3,4.97
23586,3,2,4.1,5.12
23587,2,3,9.2,3.88
23588,4,3,0.9,5.02
23589,5,0,8.9,5.8
23590,6,3,1.5,4.92
23591,3,0,7.9,4.56
23592,1,1,9.9,4.53
23593,5,3,7.0,7.41
23594,1,0,4.3,5.24
23595,6,1,8.1,5.06
23596,5,2,0.7,5.34
23597,3,3,0.9,3.72
23598,7,3,0.5,3.06
23599,0,0,7.8,4.64
23600,2,2,2.9,4.86
23601,6,4,7.3,4.6
23602,1,0,9.1,7.59
23603,6,1,8.0,6.96
23604,5,2,1.2,4.2
23605,2,3,8.4,6.5
23606,0,1,3.1,2.01
23607,0,2,3.7,8.04
23608,2,3,0.3,4.24
23609,3,2,0.1,6.68
23610,4,2,1.8,4.86
23611,7,4,4.4,5.72
23612,6,2,6.6,5.68
23613,4,2,2.7,8.04
23614,1,1,3.5,3.0
23615,6,3,9.4,3.19
23616,4,2,7.8,3.83
23617,2,2,9.2,4.89
23618,4,4,4.2,3.12
23619,6,4,2.6,6.4
23620,3,0,9.8,5.34
23621,7,1,5.4,6.98
23622,6,4,6.1,4.4
23623,4,0,9.0,4.42
23624,7,2,1.5,5.1
23625,7,3,6.9,3.63
23626,6,2,7.2,3.62
23627,0,1,9.2,5.18
23628,0,4,1.2,5.45
23629,4,2,5.5,4.53
23630,7,2,5.0,4.37
23631,2,3,9.0,5.82
23632,5,2,1.7,5.98
23633,4,1,5.1,5.97
23634,5,4,7.7,3.92
23635,1,2,0.9,6.92
23636,3,0,7.1,4.28
23637,7,1,7.1,5.58
23638,7,1,7.9,3.89
23639,1,4,1.6,6.3
23640,0,3,3.2,8.14
23641,5,1,3.5,5.11
23642,2,1,0.6,5.61
23643,4,4,1.1,4.39
23644,3,0,9.9,4.38
23645,3,1,9.6,4.0
23646,1,2,6.3,3.9
23647,3,2,2.2,5.72
23648,1,1,5.0,6.63
23649,7,0,4.3,7.2
23650,7,4,3.7,3.76
23651,3,0,0.3,5.01
23652,5,4,6.3,5.6
23653,1,2,6.5,7.53
23654,1,3,0.9,4.32
23655,0,4,0.8,6.09
23656,2,0,6.6,4.15
23657,2,3,2.9,3.33
23658,3,3,3.1,4.9
23659,5,4,5.1,4.98
23660,2,0,9.8,5.3
23661,5,4,0.6,4.6
23662,1,2,7.1,4.71
23663,3,2,0.6,6.02
23664,5,3,0.7,7.73
23665,1,1,2.8,5.24
23666,5,4,8.1,4.05
23667,7,1,7.9,3.52
23668,2,1,8.9,2.99
23669,6,1,1.2,5.04
23670,0,2,9.6,4.3
23671,2,0,8.6,5.4
23672,4,0,2.3,4.25
23673,6,3,1.4,4.41
23674,5,1,3.1,5.38
23675,3,0,0.5,5.35
23676,3,4,3.2,4.61
23677,7,1,8.2,5.92
23678,4,2,2.1,5.45
23679,0,3,7.3,4.83
23680,7,0,6.8,5.59
23681,5,2,1.4,5.28
23682,0,2,8.6,6.63
23683,7,2,9.5,7.29
23684,1,1,4.2,6.52
23685,4,1,5.7,4.42
23686,4,1,9.2,5.6
23687,6,4,3.7,4.69
23688,2,4,6.4,6.13
23689,6,0,0.1,5.33
23690,7,2,4.5,2.45
23691,2,4,3.8,6.56
23692,7,4,2.4,6.39
23693,6,2,3.4,6.43
23694,7,1,2.5,5.24
23695,1,2,8.4,5.01
23696,3,4,0.9,6.75
23697,0,4,2.5,7.09
23698,6,1,3.3,5.92
23699,7,3,6.1,2.76
23700,3,1,1.3,4.66
23701,4,1,4.2,5.51
23702,0,2,8.5,5.24
23703,4,3,9.6,3.23
23704,4,1,9.4,5.0
23705,7,1,5.9,4.76
23706,2,1,6.0,4.69
23707,4,4,1.2,3.06
23708,3,1,1.2,3.45
23709,6,1,5.6,6.12
23710,5,0,0.1,3.27
23711,1,1,8.0,5.58
23712,0,0,5.5,5.43
23713,3,4,5.7,2.82
23714,1,3,7.8,3.15
23715,5,2,6.2,3.56
23716,3,0,9.4,3.64
23717,0,3,3.6,5.38
23718,3,2,6.3,4.29
23719,4,4,5.6,3.56
23720,3,0,7.9,5.23
23721,1,3,1.6,4.05
23722,5,4,7.0,3.64
23723,5,1,5.4,6.91
23724,1,2,1.8,3.6
23725,6,4,4.0,4.57
23726,0,0,2.3,4.86
23727,3,0,7.5,3.14
23728,5,4,0.6,4.91
23729,3,1,7.5,3.67
23730,3,1,4.8,7.07
23731,6,0,0.8,3.67
23732,1,4,1.7,6.46
23733,6,3,2.6,4.92
23734,1,3,8.8,7.29
23735,4,2,8.8,4.52
23736,5,3,2.2,3.64
23737,5,3,6.1,5.29
23738,5,1,5.6,4.8
23739,1,1,1.5,4.23
23740,6,2,5.4,5.04
23741,6,1,1.1,3.8
23742,3,4,3.4,5.8
23743,4,0,2.2,4.48
23744,4,4,7.3,4.75
23745,7,2,6.4,5.12
23746,5,0,2.4,4.29
23747,4,3,3.3,3.28
23748,4,0,3.9,6.13
23749,0,2,3.0,4.9
23750,0,3,8.8,3.11
23751,3,4,1.6,3.84
23752,1,0,9.0,5.6
23753,2,4,2.0,5.15
23754,0,1,8.1,4.32
23755,0,0,3.6,4.04
23756,6,4,7.4,6.37
23757,3,4,2.0,3.74
23758,0,4,4.8,4.23
23759,7,2,6.2,6.06
23760,5,2,2.6,5.53
23761,5,3,5.3,4.31
23762,1,1,0.3,4.07
23763,4,1,7.0,6.46
23764,1,3,0.5,5.01
23765,1,2,7.3,5.24
23766,2,4,2.0,4.73
23767,2,1,8.6,6.81
23768,3,0,3.5,3.92
23769,0,4,5.3,7.73
23770,2,3,3.7,5.05
23771,5,1,4.5,4.02
23772,7,4,1.6,8.08
23773,3,4,2.7,5.35
23774,3,4,1.0,6.58
23775,2,0,4.5,3.37
23776,5,4,6.1,4.27
23777,6,3,5.0,5.42
23778,6,3,3.3,6.38
23779,7,3,4.1,5.24
23780,1,2,7.8,6.28
23781,3,4,7.1,3.71
23782,0,4,0.2,3.72
23783,4,2,4.5,6.25
23784,5,4,3.3,4.17
23785,7,0,7.9,4.9
23786,3,2,0.4,5.93
23787,5,3,3.2,5.8
23788,7,1,0.7,3.84
23789,1,4,0.6,4.55
23790,3,1,1.5,4.35
23791,4,1,7.7,5.44
23792,2,2,1.7,5.14
23793,4,4,4.8,4.66
23794,1,1,6.0,5.54
23795,1,2,4.0,5.7
23796,3,0,6.8,5.16
23797,5,0,7.3,3.43
23798,0,4,9.9,4.59
23799,7,0,3.8,5.19
23800,4,0,5.3,5.55
23801,4,0,9.6,5.25
23802,1,2,5.9,6.2
23803,1,4,1.9,5.35
23804,6,1,6.5,2.23
23805,3,2,0.2,5.89
23806,6,1,2.4,4.59
23807,1,3,1.9,5.98
23808,5,3,4.1,3.89
23809,3,3,9.3,5.41
23810,0,0,7.3,2.82
23811,4,0,2.1,5.51
23812,7,3,7.4,5.72
23813,1,1,4.2,5.13
23814,4,3,3.1,2.56
23815,1,3,5.4,3.59
23816,2,1,2.8,5.18
23817,1,3,6.1,6.77
23818,7,4,8.1,7.62
23819,3,1,1.4,3.09
23820,7,4,5.6,5.51
23821,5,2,7.5,3.88
23822,6,3,9.2,4.9
23823,5,3,8.3,5.13
23824,6,1,0.1,5.09
23825,4,1,0.6,4.42
23826,2,0,9.6,3.23
23827,5,3,3.4,5.07
23828,5,1,9.1,3.99
23829,6,1,7.3,6.05
23830,3,2,8.3,6.21
23831,7,2,3.9,5.32
23832,1,1,5.4,7.34
23833,6,3,6.2,4.65
23834,2,4,4.2,4.95
23835,3,3,8.8,5.67
23836,0,3,0.2,6.73
23837,3,0,9.6,3.48
23838,3,2,5.4,6.22
23839,7,2,8.7,4.17
23840,3,0,5.7,5.02
23841,6,2,5.4,5.31
23842,7,2,2.3,4.41
23843,7,0,5.3,4.23
23844,7,1,2.7,5.32
23845,4,1,9.7,3.29
23846,4,2,0.2,7.18
23847,1,3,7.0,6.04
23848,7,1,4.2,4.47
23849,2,3,1.6,4.73
23850,1,3,8.5,3.84
23851,0,0,0.1,2.85
23852,0,2,1.3,3.46
23853,4,3,5.9,4.46
23854,7,3,0.7,4.8
23855,7,4,6.7,3.09
23856,4,1,6.1,3.87
23857,5,3,4.2,5.33
23858,5,4,2.9,3.23
23859,5,3,0.5,4.9
23860,7,3,8.6,2.62
23861,7,2,7.5,4.81
23862,5,0,6.1,3.99
23863,5,1,4.5,4.92
23864,6,3,8.1,5.88
23865,4,4,5.6,5.91
23866,1,2,7.4,3.76
23867,4,0,9.9,4.25
23868,4,3,4.9,3.68
23869,2,3,2.6,5.04
23870,2,3,2.8,3.35
23871,3,1,5.7,3.47
23872,5,0,7.2,3.72
23873,6,1,1.0,4.87
23874,7,2,2.4,5.03
23875,1,0,4.8,5.94
23876,4,1,4.8,6.62
23877,1,2,1.2,2.14
23878,1,2,7.6,5.98
23879,6,0,8.7,3.44
23880,2,1,2.8,4.5
23881,4,0,6.9,5.93
23882,2,0,6.0,3.17
23883,5,4,2.9,5.88
23884,3,4,1.4,3.88
23885,0,4,2.8,5.5
23886,7,3,6.0,1.56
23887,2,4,6.5,5.66
23888,1,2,0.3,3.18
23889,6,4,4.4,5.51
23890,3,4,7.3,4.67
23891,5,3,1.1,4.33
23892,7,3,5.0,4.84
23893,6,0,4.5,3.71
23894,0,3,9.0,5.29
23895,3,2,0.6,5.19
23896,7,0,1.8,4.84
23897,6,3,7.9,6.39
23898,1,4,0.0,3.78
23899,4,4,3.8,4.5
23900,0,3,3.4,6.52
23901,1,1,8.0,6.04
23902,7,0,2.4,6.55
23903,1,0,9.1,5.66
23904,1,4,1.9,3.97
23905,6,1,0.5,5.28
23906,5,0,3.5,6.68
23907,5,1,7.8,6.22
23908,5,4,8.7,7.35
23909,4,3,2.6,7.39
23910,3,0,9.4,6.22
23911,1,1,0.4,5.0
23912,0,3,4.9,7.25
23913,0,0,4.5,6.39
23914,2,2,7.7,6.33
23915,2,1,7.8,6.01
23916,5,0,6.6,5.14
23917,4,0,7.9,5.84
23918,2,1,1.9,4.73
23919,6,2,7.5,6.67
23920,4,1,2.4,3.76
23921,1,2,8.2,4.41
23922,5,4,5.4,5.07
23923,3,2,9.4,5.89
23924,3,1,7.2,4.95
23925,4,3,0.1,4.52
23926,2,0,6.3,3.52
23927,5,4,4.9,4.5
23928,6,2,6.1,4.19
23929,4,3,0.1,6.11
23930,1,4,5.8,4.67
23931,2,0,2.8,3.82
23932,5,2,6.5,6.35
23933,5,4,3.9,4.41
23934,6,2,5.3,5.81
23935,7,1,7.4,4.47
23936,7,4,3.7,3.86
23937,3,4,7.0,6.24
23938,5,3,8.5,7.02
23939,7,0,5.6,6.84
23940,7,3,0.7,6.28
23941,7,1,1.4,5.1
23942,3,1,2.0,6.51
23943,4,4,3.8,5.26
23944,3,2,1.1,6.29
23945,3,3,4.2,4.07
23946,3,4,2.3,6.99
23947,1,3,6.0,5.39
23948,1,0,1.1,3.8
23949,7,3,0.4,4.74
23950,4,1,6.8,3.09
23951,6,1,1.5,5.12
23952,5,2,3.7,4.23
23953,3,2,3.6,5.45
23954,0,2,1.5,7.38
23955,3,3,0.8,5.93
23956,0,4,8.8,3.6
23957,3,4,3.0,3.54
23958,2,0,7.0,4.4
23959,7,4,2.9,5.54
23960,3,4,9.1,4.49
23961,7,1,3.9,5.26
23962,2,2,3.0,3.44
23963,7,2,9.0,4.17
23964,1,3,7.6,5.71
23965,7,1,7.0,3.87
23966,3,1,0.5,6.87
23967,0,3,7.7,3.81
23968,5,1,9.9,4.51
23969,7,2,7.7,5.41
23970,7,0,1.9,2.96
23971,6,1,1.7,5.09
23972,7,2,7.5,5.46
23973,4,1,0.8,4.24
23974,7,3,3.4,5.72
23975,6,3,5.8,3.99
23976,6,1,3.8,4.31
23977,5,2,5.3,6.07
23978,5,0,7.0,2.64
23979,3,3,5.7,4.79
23980,7,4,7.2,6.66
23981,5,1,6.6,6.2
23982,2,4,5.7,5.43
23983,2,4,2.3,5.5
23984,5,3,5.7,4.96
23985,3,0,7.2,4.62
23986,0,2,1.7,6.62
23987,2,2,2.0,6.29
23988,0,1,5.3,5.26
23989,7,4,3.8,6.1
23990,7,0,8.2,7.53
23991,4,3,3.8,3.36
23992,1,1,0.1,6.14
23993,4,0,7.7,2.68
23994,4,2,5.0,6.39
23995,5,3,9.4,2.73
23996,6,1,2.9,5.0
23997,6,2,1.6,4.66
23998,4,3,1.7,2.85
23999,6,0,2.3,4.12
24000,5,2,9.5,3.84
24001,6,2,2.1,6.5
24002,4,3,8.1,4.61
24003,7,4,9.1,3.81
24004,5,0,6.9,5.42
24005,4,0,7.1,3.77
24006,0,2,4.6,5.62
24007,6,2,1.7,5.51
24008,0,1,4.4,4.55
24009,0,3,5.0,3.79
24010,4,0,6.7,6.82
24011,1,2,4.3,4.86
24012,6,1,5.6,4.45
24013,0,1,5.0,4.46
24014,0,1,8.6,3.01
24015,0,0,2.0,5.14
24016,0,1,7.2,4.89
24017,0,0,4.6,5.13
24018,4,0,5.5,5.12
24019,2,2,9.3,1.55
24020,4,2,6.0,4.81
24021,2,0,3.1,4.33
24022,5,4,8.9,2.78
24023,5,0,4.8,4.1
24024,3,2,2.5,6.64
24025,4,1,2.5,6.13
24026,0,4,8.8,4.94
24027,7,4,4.5,3.88
24028,0,1,2.9,3.75
24029,1,1,9.8,3.76
24030,0,1,3.5,6.47
24031,5,1,4.8,6.32
24032,7,3,7.7,4.73
24033,6,0,0.2,6.24
24034,3,2,8.9,4.16
24035,0,3,5.9,4.5
24036,2,4,1.2,4.68
24037,7,2,7.6,3.98
24038,2,3,8.8,4.25
24039,1,4,6.5,5.79
24040,7,1,1.4,6.23
24041,7,0,4.0,6.83
24042,2,3,0.6,3.48
24043,0,2,7.6,5.1
24044,7,2,9.7,6.42
24045,0,2,9.1,5.12
24046,5,2,3.9,6.02
24047,3,0,1.1,4.82
24048,2,3,8.8,7.69
24049,5,4,5.3,4.92
24050,4,2,0.9,5.19
24051,1,4,4.7,6.23
24052,0,4,4.9,5.1
24053,5,1,7.0,3.49
24054,3,2,2.7,3.4
24055,4,4,1.4,3.46
24056,6,3,1.3,3.1
24057,1,0,6.6,5.76
24058,2,4,1.4,4.06
24059,4,1,7.6,4.86
24060,4,3,8.9,5.77
24061,5,0,9.9,5.06
24062,7,1,1.2,6.32
24063,6,3,1.6,5.07
24064,5,2,1.7,4.35
24065,2,1,6.3,3.87
24066,6,1,9.3,4.9
24067,3,3,1.7,4.97
24068,6,2,8.8,3.92
24069,7,2,2.7,5.23
24070,4,3,7.6,5.23
24071,1,1,6.9,5.7
24072,3,0,7.3,4.51
24073,0,0,8.1,3.41
24074,5,0,7.8,7.16
24075,7,2,4.1,5.46
24076,5,0,6.2,4.52
24077,1,0,3.9,3.08
24078,5,4,1.8,5.14
24079,5,1,9.8,5.81
24080,0,1,5.3,4.24
24081,2,4,5.2,4.54
24082,1,2,8.2,4.81
24083,7,1,8.6,5.26
24084,1,1,4.2,5.68
24085,0,3,4.4,5.29
24086,7,3,1.8,5.07
24087,2,4,2.3,5.8
24088,3,0,5.7,4.83
24089,7,2,1.1,4.52
24090,4,2,2.9,5.23
24091,4,1,2.8,3.68
24092,6,0,8.0,4.23
24093,7,2,4.9,4.44
24094,1,4,9.2,5.58
24095,6,0,4.9,5.0
24096,0,0,3.3,5.22
24097,2,1,1.2,5.05
24098,3,2,4.3,4.48
24099,7,2,2.7,4.9
24100,0,1,0.3,3.93
24101,0,3,1.5,4.68
24102,5,2,7.3,3.49
24103,0,2,8.9,4.51
24104,1,0,6.9,7.09
24105,5,0,5.6,3.67
24106,1,1,7.9,4.08
24107,7,3,1.8,3.4
24108,4,4,7.4,6.01
24109,4,1,9.9,4.54
24110,7,3,6.0,4.59
24111,5,1,7.1,4.55
24112,4,2,6.8,5.81
24113,1,2,8.3,2.68
24114,1,2,0.1,4.48
24115,6,0,7.3,4.4
24116,7,3,8.4,6.01
24117,6,1,8.7,2.86
24118,2,0,0.1,4.37
24119,7,2,1.6,3.85
24120,6,1,2.0,5.56
24121,3,3,9.9,3.13
24122,3,0,4.6,6.8
24123,6,0,4.8,4.0
24124,1,1,6.8,5.62
24125,7,1,0.5,4.24
24126,5,3,5.6,6.3
24127,6,2,5.0,3.33
24128,1,1,1.0,6.83
24129,7,4,7.4,6.48
24130,7,1,4.8,5.38
24131,6,3,8.8,6.88
24132,6,4,6.8,3.38
24133,7,0,7.8,3.38
24134,5,2,9.2,4.95
24135,1,3,2.9,5.69
24136,0,2,6.1,6.76
24137,4,1,5.2,6.66
24138,5,3,2.2,4.09
24139,3,3,9.5,5.87
24140,2,4,2.4,6.31
24141,1,0,2.2,4.4
24142,5,3,5.4,7.15
24143,3,0,8.2,4.85
24144,5,0,3.7,5.96
24145,6,2,6.6,6.19
24146,6,2,4.9,3.64
24147,5,0,3.8,5.73
24148,4,3,2.7,4.77
24149,0,2,4.7,3.23
24150,3,4,4.3,5.74
24151,5,4,5.0,4.79
24152,5,1,3.4,4.56
24153,1,4,8.2,4.83
24154,2,3,0.1,3.53
24155,2,1,3.4,2.72
24156,6,3,2.2,4.6
24157,6,4,3.9,3.36
24158,3,3,5.4,2.58
24159,2,1,9.5,6.18
24160,7,3,9.3,4.19
24161,1,4,3.7,4.52
24162,7,4,6.2,3.54
24163,4,0,5.2,3.9
24164,1,1,6.6,5.45
24165,7,4,6.0,7.29
24166,6,4,3.9,4.95
24167,7,1,7.1,5.77
24168,2,2,7.3,4.36
24169,3,0,5.5,3.3
24170,2,4,8.1,7.21
24171,2,0,6.6,3.61
24172,7,1,2.5,6.12
24173,6,3,7.5,3.72
24174,2,1,2.6,5.96
24175,4,3,0.4,7.06
24176,7,0,3.1,6.03
24177,3,3,5.8,4.44
24178,6,1,0.3,4.35
24179,2,4,0.3,6.29
24180,0,4,0.0,4.1
24181,1,3,0.2,4.04
24182,2,3,4.9,4.96
24183,5,3,9.1,3.74
24184,5,2,5.4,3.58
24185,7,0,3.4,6.79
24186,2,1,5.3,4.05
24187,2,3,0.5,5.72
24188,3,1,6.9,6.18
24189,1,2,9.1,7.9
24190,5,1,7.5,4.81
24191,7,2,9.0,4.83
24192,3,1,9.8,6.37
24193,3,1,4.5,5.02
24194,7,0,4.7,6.01
24195,2,4,8.4,4.11
24196,3,4,6.3,4.03
24197,3,0,9.5,4.94
24198,2,2,8.7,5.42
24199,7,1,2.3,3.12
24200,4,3,8.3,4.67
24201,7,4,1.8,6.33
24202,4,0,5.5,3.38
24203,7,1,6.3,6.46
24204,7,0,2.0,4.88
24205,4,0,2.3,3.02
24206,5,4,2.4,6.87
24207,4,2,0.6,4.83
24208,1,1,3.0,6.37
24209,3,4,8.5,3.4
24210,1,1,3.8,5.29
24211,1,2,4.6,6.76
24212,5,2,9.8,4.99
24213,5,3,7.5,5.83
24214,3,4,2.0,3.03
24215,2,0,7.2,3.58
24216,6,3,4.0,5.77
24217,3,4,4.2,4.49
24218,2,0,2.2,4.46
24219,1,1,5.5,3.42
24220,6,2,4.8,3.39
24221,6,0,5.2,8.17
24222,4,0,3.9,4.51
24223,4,1,9.5,4.15
24224,1,4,3.4,4.99
24225,2,4,9.9,4.33
24226,5,4,5.0,5.6
24227,4,4,4.4,5.04
24228,0,4,6.6,4.5
24229,5,4,6.0,3.64
24230,7,3,9.5,6.06
24231,7,1,5.7,6.7
24232,1,0,3.1,6.42
24233,5,0,6.7,7.02
24234,0,2,7.1,4.66
24235,1,4,3.8,5.94
24236,3,3,0.7,5.25
24237,0,4,3.7,5.61
24238,1,0,3.2,3.84
24239,3,3,9.2,4.73
24240,5,2,7.5,3.2
24241,6,0,2.4,6.27
24242,1,3,5.2,4.62
24243,2,0,9.4,2.68
24244,2,4,7.9,6.98
24245,7,0,2.9,7.17
24246,3,4,4.6,4.51
24247,7,2,6.9,5.37
24248,3,4,7.3,5.34
24249,1,0,3.6,2.56
24250,1,1,7.4,4.08
24251,2,4,4.8,5.51
24252,6,0,5.1,4.78
24253,4,3,3.1,5.09
24254,3,3,2.4,2.99
24255,3,0,0.8,6.05
24256,2,1,9.5,4.75
24257,2,0,8.0,5.29
24258,2,4,4.5,4.85
24259,3,0,2.3,4.62
24260,7,3,7.6,6.63
24261,6,0,0.3,4.04
24262,6,4,9.2,2.97
24263,3,3,6.4,7.4
24264,1,3,3.7,6.11
24265,6,4,0.1,5.77
24266,1,4,1.7,4.53
24267,5,1,8.7,4.0
24268,3,4,2.4,4.6
24269,1,3,0.4,3.32
24270,5,2,6.0,2.52
24271,5,0,3.1,4.42
24272,3,4,5.1,7.94
24273,5,1,6.8,4.79
24274,6,0,6.1,3.85
24275,4,2,9.4,3.82
24276,1,3,0.4,6.93
24277,7,0,9.6,7.36
24278,7,2,3.8,5.62
24279,5,0,3.6,3.33
24280,6,0,7.1,3.78
24281,2,4,5.3,3.8
24282,7,0,5.9,5.07
24283,5,1,6.3,5.62
24284,4,2,4.8,5.28
24285,6,1,4.6,2.46
24286,2,3,8.7,5.16
24287,6,3,7.3,5.27
24288,0,3,7.0,3.5
24289,0,2,7.3,6.24
24290,0,1,2.7,4.84
24291,3,2,0.5,3.82
24292,2,0,4.9,3.9
24293,2,0,9.7,3.74
24294,1,1,6.7,4.76
24295,0,3,1.9,4.32
24296,1,3,4.7,2.88
24297,5,1,2.4,5.24
24298,7,4,9.3,4.1
24299,5,0,6.5,4.52
24300,6,2,4.1,4.73
24301,6,0,3.0,4.23
24302,7,1,9.8,4.81
24303,0,1,9.9,4.76
24304,3,2,9.2,7.27
24305,5,0,7.5,6.36
24306,6,2,1.8,4.04
24307,3,4,4.1,6.14
24308,7,2,8.6,2.56
24309,4,3,7.8,5.86
24310,3,4,9.4,5.04
24311,1,1,9.6,5.69
24312,5,2,4.2,5.48
24313,2,4,2.3,3.04
24314,1,1,1.8,7.37
24315,0,0,0.9,5.99
24316,4,3,9.1,5.12
24317,7,0,5.8,3.78
24318,5,1,4.2,6.62
24319,7,0,5.6,5.67
24320,0,2,6.9,6.62
24321,6,3,7.5,4.3
24322,6,4,0.6,4.19
24323,6,1,6.0,3.72
24324,5,4,1.6,2.31
24325,6,3,0.8,4.19
24326,6,4,9.1,3.98
24327,0,3,0.8,2.37
24328,5,4,8.0,5.5
24329,3,4,6.2,4.99
24330,1,2,4.9,5.41
24331,3,1,9.8,6.24
24332,5,2,6.1,4.85
24333,5,1,1.4,5.42
24334,1,1,8.7,6.14
24335,2,2,0.5,3.89
24336,7,4,0.3,4.86
24337,0,2,7.7,5.1
24338,7,0,6.0,2.66
24339,0,3,2.3,6.28
24340,3,2,4.3,5.17
24341,4,4,1.7,4.81
24342,5,0,8.4,2.94
24343,5,1,7.2,3.58
24344,2,4,5.9,3.07
24345,4,3,4.5,4.76
24346,7,3,8.4,6.62
24347,5,0,2.3,5.55
24348,1,0,7.3,4.53
24349,6,4,4.9,4.54
24350,5,2,0.0,5.82
24351,4,4,4.7,4.26
24352,3,4,9.9,6.1
24353,0,1,6.9,6.03
24354,7,1,4.5,4.75
24355,2,3,3.9,4.63
24356,6,0,9.1,6.05
24357,7,4,1.6,5.05
24358,1,2,9.0,3.13
24359,7,2,8.8,7.19
24360,4,3,7.0,5.29
24361,0,0,8.4,5.81
24362,5,3,9.8,3.45
24363,2,2,0.3,4.95
24364,4,1,9.0,7.62
24365,4,0,2.5,3.89
24366,5,3,7.8,6.76
24367,3,1,7.5,5.57
24368,2,2,4.2,2.73
24369,4,1,9.7,5.89
24370,6,4,5.9,5.64
24371,2,1,7.3,5.79
24372,7,2,7.9,4.44
24373,6,2,8.6,2.75
24374,1,0,9.7,4.13
24375,4,0,8.7,6.08
24376,0,3,1.0,6.3
24377,4,0,7.6,3.23
24378,5,3,6.5,4.29
24379,2,4,0.4,3.72
24380,2,1,6.2,4.4
24381,3,4,7.2,1.62
24382,1,3,9.0,4.65
24383,4,0,3.5,5.46
24384,0,2,0.8,3.95
24385,0,3,7.5,3.61
24386,2,4,7.3,5.59
24387,5,4,3.9,5.96
24388,0,0,9.9,4.62
24389,7,0,4.8,6.06
24390,7,3,6.7,6.27
24391,3,2,4.3,5.37
24392,7,3,8.7,5.75
24393,5,2,7.8,4.84
24394,6,2,1.3,3.21
24395,5,2,8.4,4.44
24396,4,2,6.7,4.76
24397,3,2,4.9,4.92
24398,3,1,8.8,3.85
24399,2,2,0.9,5.15
24400,6,0,0.8,6.4
24401,0,0,4.5,2.43
24402,6,1,3.2,4.71
24403,6,4,3.9,6.59
24404,7,3,4.7,5.69
24405,1,3,7.0,5.41
24406,6,1,1.4,3.88
24407,2,0,6.1,4.81
24408,5,2,4.1,5.71
24409,3,4,0.6,5.0
24410,7,3,6.3,4.17
24411,7,0,5.9,4.86
24412,1,3,6.3,4.7
24413,3,2,7.3,5.08
24414,3,1,4.1,5.3
24415,2,4,5.5,3.11
24416,1,1,5.7,5.3
24417,0,0,8.6,2.98
24418,3,4,4.4,4.86
24419,7,3,1.7,5.75
24420,4,0,4.7,4.33
24421,1,0,7.2,5.46
24422,4,1,4.1,4.47
24423,7,2,4.4,5.24
24424,1,2,0.7,5.27
24425,4,1,7.4,3.22
24426,4,1,2.5,5.95
24427,2,2,2.6,4.57
24428,1,2,2.7,3.47
24429,7,1,7.3,5.74
24430,6,2,1.6,5.69
24431,4,1,7.7,4.58
24432,6,3,0.2,4.57
24433,0,4,1.3,4.68
24434,0,3,6.6,6.37
24435,3,4,2.7,4.67
24436,2,2,3.2,3.1
24437,1,4,2.8,5.02
24438,3,2,1.9,4.82
24439,1,2,0.7,5.23
24440,5,1,7.1,3.5
24441,2,4,6.1,4.92
24442,2,2,7.1,3.59
24443,5,0,2.4,4.51
24444,7,2,7.8,5.7
24445,0,3,6.3,4.48
24446,6,2,9.2,2.29
24447,4,4,3.6,3.64
24448,0,3,4.4,3.89
24449,1,4,9.6,4.1
24450,0,3,8.3,4.62
24451,5,3,5.4,7.04
24452,4,2,4.9,7.44
24453,6,4,8.8,5.06
24454,4,0,1.0,4.11
24455,4,3,8.7,4.67
24456,4,1,1.3,6.1
24457,1,3,4.1,5.03
24458,0,3,7.1,4.01
24459,0,4,1.4,5.77
24460,4,1,4.5,3.49
24461,3,3,3.5,5.27
24462,4,2,7.0,3.76
24463,2,1,3.0,6.05
24464,2,1,4.7,4.52
24465,5,3,4.1,4.83
24466,3,1,9.5,3.39
24467,5,4,4.1,3.66
24468,3,1,5.8,4.42
24469,4,3,7.1,5.21
24470,0,2,4.9,4.41
24471,2,4,2.6,4.51
24472,0,0,3.6,4.05
24473,1,2,0.6,5.7
24474,0,1,6.6,4.33
24475,1,3,2.6,6.07
24476,2,0,0.8,5.41
24477,1,4,7.8,4.3
24478,4,1,2.5,7.02
24479,0,2,6.9,4.77
24480,4,2,2.2,6.56
24481,3,3,9.4,3.79
24482,0,2,0.0,2.61
24483,4,4,4.3,4.26
24484,1,3,1.6,6.05
24485,6,4,5.7,4.52
24486,1,0,1.0,4.49
24487,5,4,2.8,2.83
24488,0,4,5.2,6.29
24489,3,1,8.6,3.81
24490,0,4,1.7,3.63
24491,4,0,9.1,5.78
24492,0,2,9.6,3.37
24493,4,2,4.6,4.45
24494,4,3,1.1,4.91
24495,6,4,0.9,4.8
24496,6,2,6.7,4.52
24497,6,3,1.9,2.77
24498,6,0,1.7,1.87
24499,3,2,7.6,4.86
24500,7,2,5.4,4.25
24501,0,1,6.0,4.54
24502,3,0,5.1,4.76
24503,7,0,6.4,4.24
24504,3,1,8.4,5.92
24505,6,0,8.6,5.91
24506,1,1,3.2,4.98
24507,2,0,4.8,6.5
24508,6,2,3.5,4.37
24509,2,1,0.7,4.84
24510,4,0,7.8,5.44
24511,5,0,3.6,3.65
24512,4,3,3.0,3.88
24513,0,0,8.3,5.06
24514,3,4,5.3,5.13
24515,3,2,9.2,4.12
24516,7,4,2.7,3.81
24517,3,4,7.4,5.02
24518,2,3,4.8,5.31
24519,7,3,10.0,6.08
24520,3,0,1.7,6.82
24521,2,4,7.9,2.77
24522,1,2,5.9,4.67
24523,2,1,4.2,5.77
24524,5,1,2.1,3.36
24525,4,2,6.8,4.42
24526,5,1,8.6,3.06
24527,4,3,0.4,7.75
24528,6,1,2.9,7.77
24529,5,3,2.3,3.36
24530,4,0,6.2,8.1
24531,4,0,3.5,4.41
24532,0,4,5.3,5.3
24533,2,4,2.0,6.14
24534,1,1,1.8,5.65
24535,1,3,4.7,5.04
24536,2,4,6.4,3.92
24537,0,0,6.8,4.06
24538,6,3,6.5,3.03
24539,0,2,1.1,5.61
24540,6,4,1.7,5.72
24541,4,2,5.0,3.45
24542,2,4,9.4,4.79
24543,6,3,4.9,5.5
24544,1,1,1.8,4.7
24545,2,4,2.5,5.03
24546,2,0,2.1,3.96
24547,6,3,8.5,3.71
24548,3,0,10.0,3.45
24549,3,4,4.3,3.89
24550,2,1,5.2,5.7
24551,4,4,1.3,4.9
24552,4,3,8.8,3.93
24553,6,1,6.0,7.23
24554,3,2,3.3,5.03
24555,6,4,8.5,4.48
24556,0,2,3.2,5.73
24557,3,4,4.1,4.55
24558,6,2,8.8,6.92
24559,3,2,6.4,8.36
24560,6,0,5.1,5.75
24561,7,0,9.5,4.07
24562,5,2,8.2,7.23
24563,6,2,0.7,2.69
24564,5,1,1.7,4.4
24565,6,0,8.7,5.89
24566,6,4,3.1,4.35
24567,6,1,6.2,4.58
24568,1,1,9.8,3.7
24569,6,0,3.3,5.81
24570,2,4,5.3,4.42
24571,5,2,6.7,7.56
24572,2,3,1.8,4.98
24573,2,0,1.6,8.02
24574,0,4,5.8,5.62
24575,5,4,4.5,4.76
24576,1,2,0.4,5.14
24577,1,0,2.1,7.14
24578,0,4,4.1,6.28
24579,1,4,9.5,4.36
24580,7,2,1.6,5.22
24581,5,0,4.4,1.95
24582,1,1,0.7,5.61
24583,7,1,6.2,6.28
24584,6,4,5.1,5.34
24585,2,3,6.4,5.88
24586,7,2,8.8,4.87
24587,7,1,0.0,4.49
24588,3,1,2.6,6.46
24589,3,0,0.6,5.58
24590,5,1,6.8,6.12
24591,5,4,0.5,2.09
24592,2,3,0.9,6.06
24593,6,2,5.4,4.61
24594,3,3,7.2,4.72
24595,5,2,6.8,4.38
24596,5,3,7.7,5.62
24597,2,0,8.7,5.06
24598,3,0,9.9,5.22
24599,1,2,8.4,5.47
24600,6,3,4.7,6.68
24601,3,3,1.5,4.85
24602,6,2,0.0,3.66
24603,4,3,3.4,4.35
24604,7,3,7.9,4.62
24605,4,1,9.8,6.82
24606,5,2,3.6,4.2
24607,2,1,0.4,6.09
24608,1,0,4.8,4.41
24609,0,0,7.1,2.48
24610,2,2,8.9,4.33
24611,6,0,2.7,3.76
24612,2,0,2.8,4.37
24613,2,3,7.1,6.5
24614,4,2,7.2,7.53
24615,3,1,8.3,2.67
24616,3,3,8.6,5.22
24617,2,1,3.6,4.14
24618,4,4,2.6,4.69
24619,3,3,5.2,6.52
24620,6,4,5.2,3.66
24621,0,1,7.1,4.61
24622,6,4,4.4,3.64
24623,3,0,5.4,5.09
24624,7,0,0.4,6.03
24625,2,2,9.4,4.71
24626,7,1,6.9,6.33
24627,5,2,9.2,2.63
24628,3,3,0.1,6.0
24629,1,2,4.5,5.25
24630,0,4,3.0,5.24
24631,0,0,8.7,6.46
24632,1,4,3.1,2.36
24633,5,1,3.7,4.94
24634,3,4,2.5,4.36
24635,5,3,5.5,3.18
24636,7,0,5.6,5.05
24637,5,1,9.1,5.93
24638,6,4,8.3,4.76
24639,4,3,3.1,5.62
24640,4,4,8.4,5.68
24641,6,4,9.5,2.84
24642,0,3,8.1,5.36
24643,2,1,4.0,4.72
24644,1,3,1.5,6.91
24645,6,1,1.4,4.15
24646,2,2,4.8,4.85
24647,4,4,8.6,4.44
24648,1,4,3.2,3.01
24649,3,1,0.6,4.22
24650,3,3,7.3,6.73
24651,0,1,5.7,3.55
24652,4,2,3.7,4.65
24653,2,0,0.2,7.65
24654,7,1,4.3,4.61
24655,4,1,7.7,5.13
24656,2,3,4.4,5.12
24657,5,3,0.1,5.57
24658,3,4,5.8,4.52
24659,3,2,6.4,5.67
24660,7,3,1.8,4.32
24661,4,0,3.5,1.66
24662,2,3,9.0,4.71
24663,4,0,5.5,4.63
24664,1,4,0.7,3.51
24665,2,4,0.4,5.83
24666,7,4,8.4,2.79
24667,2,2,5.8,3.77
24668,0,4,0.9,5.85
24669,1,0,1.8,4.53
24670,0,1,0.6,6.85
24671,3,1,5.3,2.42
24672,0,4,8.8,5.86
24673,5,3,7.3,4.4
24674,0,1,9.1,5.36
24675,3,3,5.1,4.0
24676,4,2,5.2,5.52
24677,5,1,8.4,2.97
24678,7,4,5.4,5.48
24679,6,3,9.2,6.47
24680,6,4,8.2,5.84
24681,2,2,0.0,4.23
24682,7,0,6.2,5.02
24683,4,1,9.9,6.1
24684,7,0,9.0,3.7
24685,5,1,8.3,5.55
24686,6,4,6.0,2.5
24687,1,1,9.4,5.94
24688,6,4,4.8,7.44
24689,0,4,1.8,3.43
24690,7,1,8.9,5.33
24691,5,2,4.9,6.59
24692,1,2,7.5,3.0
24693,0,4,7.1,6.0
24694,2,3,7.9,4.6
24695,0,0,1.0,3.55
24696,1,3,9.9,4.44
24697,3,0,9.2,4.69
24698,6,0,9.7,3.85
24699,4,2,7.8,6.01
24700,3,1,5.3,5.31
24701,4,0,3.7,5.22
24702,3,1,4.2,2.52
24703,2,2,5.5,5.86
24704,7,3,2.3,4.56
24705,3,2,8.0,5.97
24706,6,4,2.4,5.67
24707,6,0,8.3,3.59
24708,4,4,5.5,4.18
24709,7,3,4.5,5.91
24710,3,0,8.5,5.31
24711,0,2,0.3,2.52
24712,7,1,8.3,4.23
24713,5,4,7.4,4.97
24714,6,0,3.7,5.33
24715,0,3,4.0,4.63
24716,2,4,6.3,5.51
24717,7,1,1.9,5.69
24718,7,4,2.6,4.72
24719,4,1,0.2,3.74
24720,5,3,9.8,7.19
24721,1,3,7.0,6.68
24722,3,3,0.6,6.04
24723,2,4,5.7,5.49
24724,4,0,6.7,4.13
24725,4,1,5.2,4.75
24726,0,1,2.9,5.1
24727,6,0,4.8,4.41
24728,3,3,8.8,4.36
24729,2,1,1.7,5.94
24730,0,3,1.8,3.01
24731,3,2,7.1,4.19
24732,2,0,9.5,3.59
24733,6,2,1.5,2.59
24734,2,3,1.7,4.13
24735,5,4,4.9,4.69
24736,6,1,4.3,4.01
24737,2,0,3.6,6.18
24738,1,2,9.2,6.78
24739,4,1,4.6,4.41
24740,6,3,5.9,6.18
24741,4,4,8.9,5.3
24742,2,2,0.5,5.2
24743,7,0,8.9,2.61
24744,5,3,3.6,5.55
24745,4,4,0.2,5.26
24746,2,3,5.0,5.63
24747,7,4,1.7,2.84
24748,7,0,0.3,5.93
24749,7,4,7.2,2.59
24750,3,0,2.8,6.28
24751,5,1,7.8,6.31
24752,4,2,1.0,4.21
24753,0,4,2.8,4.32
24754,5,2,1.6,5.35
24755,6,1,7.4,7.55
24756,7,2,8.3,6.18
24757,0,2,0.3,3.41
24758,3,2,3.4,4.03
24759,6,2,7.6,6.5
24760,4,4,6.2,2.9
24761,2,2,2.8,7.39
24762,2,1,7.8,6.32
24763,6,4,1.3,6.24
24764,1,4,2.9,4.06
24765,6,3,0.3,6.0
24766,5,2,3.4,4.84
24767,2,3,4.6,3.59
24768,0,1,9.6,5.03
24769,1,1,0.7,5.47
24770,0,4,5.4,6.06
24771,4,4,0.6,5.72
24772,3,2,2.0,4.38
24773,3,1,2.6,3.59
24774,0,0,5.1,4.31
24775,7,0,3.1,3.77
24776,1,1,9.4,6.74
24777,4,0,5.8,5.02
24778,7,4,2.4,6.95
24779,6,0,1.0,3.38
24780,3,1,1.6,4.08
24781,4,2,7.1,7.89
24782,3,3,0.6,3.51
24783,6,2,9.8,5.82
24784,1,2,7.7,5.61
24785,0,0,2.7,5.79
24786,3,1,2.4,6.19
24787,4,4,9.2,2.46
24788,5,0,5.0,5.55
24789,0,1,7.0,5.6
24790,4,4,6.6,4.05
24791,0,1,8.4,3.49
24792,0,4,8.3,3.96
24793,5,4,2.8,5.58
24794,2,3,2.0,5.48
24795,2,4,1.7,5.0
24796,6,2,2.7,6.36
24797,3,1,7.3,4.6
24798,2,3,6.2,6.01
24799,7,1,1.8,2.05
24800,1,0,5.3,6.45
24801,2,0,7.7,3.91
24802,6,4,10.0,5.02
24803,5,0,9.6,5.64
24804,5,4,5.8,6.84
24805,2,4,4.3,7.71
24806,6,1,9.0,5.68
24807,7,1,7.6,4.75
24808,5,2,8.4,5.88
24809,2,4,0.4,4.74
24810,7,0,0.9,6.24
24811,6,4,3.1,2.6
24812,1,2,0.7,3.28
24813,7,1,0.4,5.23
24814,7,1,8.2,5.43
24815,7,0,1.1,5.71
24816,6,1,6.0,4.48
24817,7,3,7.1,6.44
24818,6,3,9.2,5.98
24819,7,1,3.6,1.43
24820,4,2,4.2,6.02
24821,6,3,1.6,5.81
24822,6,4,0.3,4.94
24823,3,0,2.9,5.99
24824,4,1,6.6,4.48
24825,6,4,6.7,4.31
24826,4,4,3.0,7.3
24827,7,4,1.9,3.26
24828,6,1,5.9,3.62
24829,5,3,7.8,6.65
24830,6,4,3.8,5.23
24831,1,2,5.5,4.81
24832,0,0,5.9,5.56
24833,4,4,0.9,3.25
24834,6,0,6.1,4.69
24835,3,1,1.4,5.08
24836,0,2,0.3,4.26
24837,2,3,6.2,5.47
24838,7,1,0.1,4.88
24839,1,4,3.1,3.7
24840,4,4,7.4,4.25
24841,0,1,8.7,3.41
24842,2,3,10.0,5.09
24843,1,2,7.2,5.04
24844,6,1,3.8,3.31
24845,3,0,0.7,2.73
24846,0,3,3.2,4.57
24847,6,1,3.6,6.94
24848,7,4,6.0,4.06
24849,2,2,4.7,4.18
24850,5,3,4.2,4.38
24851,1,3,0.0,4.58
24852,6,2,9.5,7.05
24853,0,4,6.3,2.93
24854,3,0,6.5,4.55
24855,4,2,8.0,5.66
24856,1,4,8.8,5.61
24857,1,2,1.6,3.42
24858,5,4,7.5,4.72
24859,0,4,5.1,5.41
24860,3,1,3.6,3.52
24861,2,3,0.2,5.07
24862,1,4,5.8,3.58
24863,4,0,8.1,5.84
24864,6,4,1.5,5.47
24865,3,2,1.2,5.66
24866,7,0,0.2,4.75
24867,1,0,4.4,3.68
24868,7,2,3.4,5.74
24869,1,1,3.6,6.28
24870,5,1,9.2,4.48
24871,7,4,1.5,7.22
24872,7,4,1.7,6.16
24873,4,3,0.6,3.57
24874,2,3,8.9,4.4
24875,5,0,6.9,5.91
24876,1,4,8.1,4.52
24877,4,0,6.5,5.51
24878,3,3,1.9,5.33
24879,5,0,5.6,3.24
24880,2,0,1.5,4.27
24881,7,0,8.9,4.93
24882,4,4,5.9,4.77
24883,2,0,4.0,6.08
24884,2,0,6.7,3.83
24885,1,1,1.3,4.06
24886,7,1,5.6,5.47
24887,2,0,7.5,6.77
24888,1,1,8.2,4.7
24889,4,2,6.9,5.15
24890,7,2,1.4,3.76
24891,3,3,3.9,6.31
24892,1,0,2.3,4.41
24893,0,1,2.0,3.51
24894,6,1,1.3,5.2
24895,4,0,4.4,4.14
24896,0,2,9.4,5.69
24897,5,3,7.9,3.7
24898,3,0,5.5,3.67
24899,4,4,3.0,4.91
24900,7,0,7.5,2.85
24901,0,1,3.4,6.17
24902,7,4,8.2,5.72
24903,7,1,1.6,3.85
24904,4,0,6.6,7.07
24905,5,4,3.3,5.68
24906,0,0,6.0,1.93
24907,5,3,1.5,4.39
24908,0,0,5.1,5.8
24909,4,2,9.7,4.27
24910,6,3,4.4,5.17
24911,4,4,6.5,3.53
24912,0,4,9.2,6.82
24913,1,3,4.9,6.1
24914,7,4,0.8,4.76
24915,5,1,6.9,5.75
24916,4,1,4.8,5.14
24917,5,2,0.2,2.5
24918,1,1,6.9,5.51
24919,3,0,9.3,5.85
24920,0,2,8.9,5.7
24921,1,3,3.1,4.31
24922,6,1,7.6,5.84
24923,4,2,9.8,3.75
24924,6,1,3.7,3.13
24925,1,2,6.5,4.4
24926,2,2,6.3,5.92
24927,4,2,1.5,5.52
24928,6,1,4.9,5.94
24929,1,0,3.7,5.59
24930,3,2,5.1,3.53
24931,0,2,3.2,4.12
24932,0,1,3.4,5.52
24933,4,4,0.4,4.7
24934,1,0,7.0,3.83
24935,3,3,4.2,6.39
24936,7,2,5.0,5.96
24937,1,0,0.0,4.71
24938,3,1,7.5,6.37
24939,3,0,3.0,5.91
24940,4,4,4.2,5.41
24941,2,2,6.4,3.58
24942,4,4,2.0,3.68
24943,4,1,2.5,4.36
24944,6,1,0.2,4.7
24945,5,0,8.5,5.52
24946,6,4,9.0,5.25
24947,7,2,7.2,5.22
24948,5,3,1.7,7.16
24949,6,3,0.7,5.15
24950,6,3,2.2,5.84
24951,0,0,2.7,4.96
24952,6,0,6.1,4.5
24953,3,3,5.4,4.14
24954,6,3,1.8,4.2
24955,0,1,4.2,3.01
24956,4,3,9.4,5.7
24957,4,3,6.9,5.62
24958,7,2,8.2,4.42
24959,4,1,5.5,7.42
24960,5,1,5.0,3.6
24961,0,3,3.7,5.35
24962,1,3,4.4,2.72
24963,5,2,7.4,5.11
24964,2,1,8.5,6.2
24965,6,0,2.5,3.88
24966,0,2,2.0,5.28
24967,1,3,8.0,5.47
24968,5,1,0.9,2.61
24969,4,3,5.8,5.5
24970,7,3,7.7,4.09
24971,1,3,3.2,5.91
24972,3,0,3.8,5.25
24973,7,3,3.1,5.12
24974,5,4,4.8,4.29
24975,0,0,3.2,5.67
24976,6,2,7.4,7.19
24977,0,4,9.0,5.56
24978,2,3,4.8,6.05
24979,7,1,6.1,4.94
24980,2,4,4.3,6.84
24981,5,4,2.3,4.39
24982,2,0,2.8,5.12
24983,2,0,0.3,4.67
24984,3,1,7.5,4.04
24985,2,1,5.0,5.98
24986,1,2,1.4,4.42
24987,1,0,4.7,6.37
24988,0,2,5.1,4.86
24989,0,0,2.8,4.01
24990,4,0,6.9,3.24
24991,1,1,6.1,5.0
24992,3,2,7.4,3.88
24993,6,4,9.4,3.99
24994,3,1,6.3,5.59
24995,7,4,7.7,5.33
24996,2,3,9.5,3.13
24997,4,4,5.0,4.55
24998,6,0,0.3,3.88
24999,2,3,3.4,3.29
25000,3,4,7.1,4.96
25001,0,1,3.6,4.88
25002,7,2,7.4,3.95
25003,6,2,6.3,3.49
25004,1,1,6.9,4.77
25005,7,2,2.5,5.05
25006,7,4,9.8,4.64
25007,1,4,9.5,6.29
25008,5,4,1.1,6.46
25009,6,0,4.7,6.26
25010,4,2,9.1,4.06
25011,2,4,2.7,5.1
25012,4,2,7.6,6.18
25013,1,2,5.5,7.09
25014,2,3,2.7,5.07
25015,4,0,5.7,6.69
25016,0,0,7.7,6.14
25017,4,1,2.9,7.29
25018,3,4,2.3,5.8
25019,0,0,8.5,4.3
25020,7,2,7.0,4.38
25021,0,2,9.1,4.38
25022,3,2,3.7,2.83
25023,7,0,3.0,2.57
25024,0,0,1.3,5.91
25025,6,2,0.8,2.47
25026,0,0,8.8,5.18
25027,0,1,5.0,6.7
25028,4,4,6.9,5.29
25029,7,4,4.2,4.49
25030,3,1,2.2,4.63
25031,2,4,8.5,6.34
25032,3,2,3.8,4.41
25033,1,1,7.4,4.87
25034,1,4,0.2,5.47
25035,6,1,7.2,4.24
25036,0,0,7.7,6.19
25037,1,4,0.5,3.65
25038,5,0,2.1,2.82
25039,3,0,5.2,5.74
25040,5,4,3.7,5.6
25041,0,0,9.3,3.11
25042,2,0,8.8,2.82
25043,0,4,0.4,4.96
25044,2,0,0.8,2.89
25045,2,1,8.7,4.28
25046,5,2,3.6,5.78
25047,6,1,9.3,4.95
25048,3,0,2.4,6.75
25049,3,4,8.7,3.47
25050,1,2,3.7,4.86
25051,3,1,5.0,3.43
25052,2,1,3.1,4.86
25053,7,4,4.6,7.17
25054,7,4,4.7,3.75
25055,4,3,5.8,2.75
25056,0,2,2.6,3.51
25057,5,2,0.5,4.78
25058,0,2,3.0,2.61
25059,0,1,2.7,5.18
25060,7,3,5.6,5.74
25061,3,1,3.4,3.55
25062,7,2,5.3,5.47
25063,2,3,9.8,5.97
25064,5,1,1.8,4.39
25065,2,0,0.3,3.74
25066,1,0,9.5,5.77
25067,6,0,4.1,5.37
25068,3,0,9.0,5.01
25069,7,3,9.1,2.9
25070,5,3,7.7,5.91
25071,0,2,0.9,4.32
25072,7,0,0.0,7.51
25073,3,2,8.2,3.67
25074,7,2,0.3,3.7
25075,7,2,5.2,3.96
25076,6,4,4.5,3.59
25077,4,1,4.4,4.18
25078,0,4,2.7,5.66
25079,7,3,4.0,4.33
25080,4,1,9.1,5.58
25081,2,4,5.9,2.56
25082,2,1,8.5,4.35
25083,3,4,8.7,5.31
25084,4,0,5.2,3.18
25085,2,0,6.8,5.14
25086,5,0,4.7,3.27
25087,0,4,4.2,6.68
25088,4,0,3.5,3.7
25089,1,4,6.3,3.48
25090,4,0,8.2,6.5
25091,3,2,4.7,5.01
25092,4,3,5.6,5.99
25093,7,4,4.5,3.44
25094,4,4,5.7,3.91
25095,3,0,1.6,4.16
25096,5,0,2.8,7.3
25097,5,1,1.8,5.41
25098,5,3,6.7,2.0
25099,5,2,7.5,4.12
25100,2,0,0.2,2.83
25101,1,3,8.0,3.44
25102,1,0,1.6,4.33
25103,4,4,8.0,3.06
25104,3,0,3.8,7.09
25105,4,4,3.0,5.08
25106,2,1,6.7,4.2
25107,5,4,6.0,5.2
25108,2,0,7.7,5.23
25109,3,2,4.0,6.72
25110,0,1,4.6,5.18
25111,4,3,7.6,4.28
25112,1,0,8.3,4.34
25113,1,2,9.0,4.96
25114,7,0,3.8,3.83
25115,1,0,5.2,6.15
25116,1,4,9.5,4.87
25117,7,4,1.9,5.09
25118,1,1,9.8,5.51
25119,4,3,2.8,5.14
25120,4,2,5.8,2.13
25121,6,1,6.6,2.93
25122,3,3,5.7,4.55
25123,3,2,8.2,4.76
25124,0,0,2.5,4.44
25125,6,3,3.4,4.39
25126,4,0,6.3,4.18
25127,3,3,3.3,3.22
25128,5,1,1.4,5.17
25129,0,4,7.7,5.22
25130,1,2,0.0,4.05
25131,6,3,2.9,8.45
25132,4,4,8.0,4.66
25133,6,0,2.1,4.76
25134,6,4,1.7,4.99
25135,0,1,2.7,2.59
25136,7,1,8.4,6.78
25137,1,3,1.3,4.2
25138,3,4,1.5,6.74
25139,7,3,2.0,4.64
25140,0,3,9.6,4.43
25141,5,2,2.5,1.88
25142,0,4,2.3,4.97
25143,5,1,8.4,5.09
25144,3,2,9.6,6.28
25145,0,4,1.3,3.1
25146,6,0,9.7,4.19
25147,4,2,1.0,4.18
25148,4,4,3.3,4.43
25149,1,4,1.5,6.25
25150,0,1,1.5,6.14
25151,1,4,6.4,4.82
25152,3,1,6.0,5.22
25153,5,3,3.7,6.51
25154,1,1,2.8,5.46
25155,3,1,8.4,4.82
25156,3,3,0.2,7.61
25157,6,2,6.1,5.24
25158,5,1,4.1,5.8
25159,5,1,5.5,6.07
25160,3,0,6.5,6.74
25161,4,4,6.9,4.52
25162,1,4,5.5,6.52
25163,5,1,7.5,3.54
25164,4,1,9.8,2.92
25165,5,4,9.4,4.41
25166,2,1,6.4,3.27
25167,1,0,4.9,6.39
25168,7,1,5.9,3.06
25169,1,4,5.6,5.21
25170,6,4,4.1,5.11
25171,7,4,6.6,3.48
25172,6,1,3.5,3.35
25173,4,1,4.3,2.89
25174,4,3,7.2,5.05
25175,0,1,8.8,6.14
25176,3,2,1.8,4.97
25177,3,1,4.2,5.49
25178,3,2,3.7,6.26
25179,4,2,3.4,5.66
25180,0,2,4.1,3.51
25181,1,1,5.3,5.69
25182,5,2,9.8,3.88
25183,4,0,5.9,3.95
25184,3,1,9.3,4.76
25185,5,2,4.5,4.45
25186,7,0,1.3,4.82
25187,4,2,0.1,2.79
25188,2,0,2.8,3.2
25189,5,2,8.0,7.05
25190,2,2,0.7,4.5
25191,4,4,1.9,3.63
25192,6,4,5.8,4.63
25193,1,0,7.5,4.08
25194,5,0,9.0,4.85
25195,7,0,5.6,6.02
25196,3,2,9.7,3.99
25197,6,0,8.3,4.67
25198,4,4,2.8,4.01
25199,6,0,2.4,6.54
25200,1,2,6.2,3.99
25201,4,0,0.9,4.28
25202,3,1,9.1,4.69
25203,7,1,4.4,4.4
25204,6,3,5.4,3.4
25205,7,0,9.5,5.07
25206,1,0,3.5,2.89
25207,5,2,9.9,4.66
25208,3,3,5.8,4.63
25209,4,3,1.8,4.13
25210,6,2,6.8,6.83
25211,6,3,8.1,6.56
25212,1,1,8.1,2.99
25213,1,1,2.3,5.7
25214,7,1,4.4,5.86
25215,0,3,9.5,2.87
25216,7,0,6.3,5.07
25217,0,2,4.7,5.49
25218,6,3,1.7,3.98
25219,6,0,3.3,4.15
25220,2,2,4.0,6.3
25221,5,3,4.6,4.07
25222,6,4,9.5,6.4
25223,5,2,7.0,3.96
25224,4,0,3.0,5.41
25225,0,2,8.7,3.38
25226,6,0,1.1,4.96
25227,3,1,4.5,4.56
25228,4,4,4.8,5.48
25229,6,3,5.6,3.85
25230,0,4,0.4,4.03
25231,4,1,7.3,7.85
25232,0,3,6.9,5.88
25233,0,0,9.0,4.56
25234,7,3,8.8,2.43
25235,5,2,8.6,7.22
25236,6,0,0.5,4.11
25237,5,0,4.3,5.37
25238,1,1,6.7,5.77
25239,2,4,4.8,3.9
25240,0,1,5.9,4.69
25241,3,0,5.9,8.08
25242,5,1,1.8,5.87
25243,5,1,6.0,5.05
25244,2,4,3.1,3.97
25245,6,1,8.5,5.5
25246,6,3,1.6,4.03
25247,7,3,2.2,3.09
25248,3,3,0.5,3.28
25249,2,1,5.6,7.14
25250,3,3,5.9,7.45
25251,2,4,3.4,5.44
25252,1,1,5.6,4.17
25253,6,0,3.7,5.22
25254,4,1,1.5,3.36
25255,4,1,0.9,3.83
25256,4,4,4.7,4.82
25257,1,0,9.3,5.61
25258,6,4,7.9,6.68
25259,7,4,1.0,5.3
25260,1,3,3.0,5.44
25261,0,4,4.5,7.08
25262,2,3,4.1,5.67
25263,1,1,1.8,4.1
25264,1,4,4.1,2.69
25265,4,4,0.6,3.88
25266,1,0,8.8,4.3
25267,2,2,6.8,5.2
25268,1,0,0.3,4.48
25269,2,3,8.1,4.62
25270,0,0,6.3,5.28
25271,1,2,9.3,3.94
25272,3,0,5.4,3.53
25273,3,4,9.4,5.25
25274,7,1,0.4,5.93
25275,3,3,8.7,3.13
25276,5,3,3.9,5.43
25277,1,0,4.5,3.7
25278,7,1,8.6,6.05
25279,4,2,6.8,2.41
25280,3,4,3.6,5.55
25281,1,1,9.8,4.06
25282,0,0,0.3,4.89
25283,4,2,1.1,6.67
25284,1,1,2.9,2.82
25285,3,1,1.0,6.49
25286,3,2,1.5,3.94
25287,2,1,1.0,5.36
25288,3,1,7.8,5.51
25289,5,3,4.4,3.63
25290,5,0,1.8,5.63
25291,7,2,7.4,5.3
25292,0,4,9.8,6.24
25293,3,0,2.1,3.96
25294,4,0,9.4,3.05
25295,4,1,0.3,2.32
25296,6,0,9.6,6.79
25297,7,2,4.6,4.83
25298,6,2,2.3,3.16
25299,0,3,8.0,3.17
25300,7,1,0.0,5.46
25301,0,4,4.4,3.98
25302,4,4,7.4,5.0
25303,4,0,5.9,2.47
25304,1,3,6.5,6.48
25305,0,0,6.8,5.4
25306,6,1,6.8,4.54
25307,2,1,5.8,4.28
25308,6,4,4.3,6.94
25309,6,0,8.5,4.36
25310,4,3,4.3,4.39
25311,0,4,0.1,5.18
25312,1,2,2.5,5.25
25313,7,3,3.4,5.46
25314,4,1,9.3,4.87
25315,2,0,6.9,3.41
25316,0,3,4.2,6.38
25317,3,2,2.0,4.33
25318,7,4,5.0,4.99
25319,0,4,4.3,5.86
25320,5,3,3.5,2.45
25321,0,1,0.4,6.86
25322,6,2,9.0,6.27
25323,0,2,0.1,4.59
25324,2,1,3.1,3.46
25325,5,0,8.6,3.66
25326,3,1,5.2,5.72
25327,5,1,4.4,4.06
25328,3,4,8.4,6.57
25329,7,4,0.0,6.0
25330,0,4,3.6,6.49
25331,3,2,9.6,4.67
25332,3,3,1.6,4.56
25333,7,2,5.0,5.97
25334,1,2,7.9,6.71
25335,1,3,0.9,4.87
25336,3,2,0.6,3.28
25337,5,4,4.1,5.8
25338,4,4,7.6,4.21
25339,7,3,1.3,5.76
25340,4,0,8.5,5.3
25341,1,4,5.8,3.07
25342,5,4,2.4,5.95
25343,0,3,2.5,6.13
25344,3,2,0.9,5.05
25345,7,1,4.9,4.4
25346,4,1,5.9,4.33
25347,6,3,1.2,4.53
25348,0,3,9.0,4.13
25349,6,0,9.8,7.28
25350,2,3,0.3,4.1
25351,2,2,6.2,6.16
25352,6,4,2.9,3.89
25353,4,1,7.6,6.42
25354,5,0,9.2,4.53
25355,6,0,5.3,5.51
25356,4,1,2.7,3.53
25357,2,3,5.2,4.75
25358,6,1,9.7,3.44
25359,2,2,2.3,4.51
25360,5,1,7.7,6.81
25361,0,3,4.3,5.97
25362,6,3,4.2,6.37
25363,3,2,7.9,4.66
25364,0,3,9.1,6.11
25365,2,0,9.1,4.3
25366,2,1,8.3,2.69
25367,3,0,3.2,5.24
25368,0,3,2.8,4.67
25369,5,1,3.9,4.58
25370,0,1,4.3,5.05
25371,0,0,3.1,5.92
25372,6,2,7.4,5.53
25373,1,2,8.2,5.33
25374,7,0,7.5,6.72
25375,7,0,5.9,6.17
25376,3,2,4.8,4.78
25377,0,3,9.4,7.13
25378,6,0,1.8,5.42
25379,3,1,2.7,5.47
25380,0,4,8.9,5.73
25381,2,0,4.1,6.25
25382,4,4,6.9,5.6
25383,0,0,7.8,5.76
25384,5,1,0.1,4.28
25385,3,3,9.5,5.12
25386,0,4,7.6,3.97
25387,6,4,4.9,4.54
25388,0,1,2.4,4.87
25389,1,2,4.7,6.03
25390,0,0,2.7,4.42
25391,4,2,1.6,6.13
25392,2,1,6.7,3.66
25393,1,4,8.7,3.45
25394,4,2,9.9,5.46
25395,5,1,0.8,3.99
25396,2,3,7.2,3.12
25397,0,1,9.1,3.06
25398,5,1,6.1,4.31
25399,2,2,5.9,4.87
25400,7,2,6.0,4.47
25401,2,4,8.9,5.57
25402,1,2,9.0,3.88
25403,6,4,2.5,6.02
25404,2,2,0.5,6.26
25405,2,0,7.5,4.33
25406,4,3,9.0,5.97
25407,7,2,0.9,4.18
25408,6,0,7.8,6.55
25409,1,2,4.3,5.9
25410,5,4,4.4,4.8
25411,4,4,8.5,3.91
25412,1,1,6.1,3.59
25413,4,1,3.1,6.78
25414,3,2,0.5,6.28
25415,4,1,3.9,6.55
25416,1,4,7.6,4.16
25417,3,4,1.2,3.72
25418,2,1,3.0,4.36
25419,5,4,7.8,6.99
25420,3,2,2.7,5.01
25421,4,1,3.0,3.7
25422,0,2,9.7,4.45
25423,4,3,5.0,5.24
25424,1,0,9.9,6.32
25425,6,0,1.9,5.39
25426,5,0,5.6,6.36
25427,6,3,7.0,5.19
25428,6,3,6.6,4.87
25429,5,4,2.8,4.74
25430,3,2,8.9,4.24
25431,5,3,8.4,4.68
25432,5,2,0.2,6.63
25433,3,3,8.4,5.88
25434,7,0,1.7,5.56
25435,6,3,5.0,3.58
25436,7,4,7.2,4.84
25437,3,1,6.9,4.07
25438,0,4,8.3,6.67
25439,5,1,8.4,1.66
25440,4,4,4.0,5.74
25441,7,2,8.9,4.35
25442,6,2,5.0,5.82
25443,6,4,4.8,5.17
25444,1,0,4.2,6.03
25445,3,3,6.9,6.77
25446,0,2,8.4,5.93
25447,2,4,3.9,5.66
25448,0,0,7.1,4.81
25449,3,2,9.6,6.15
25450,2,1,5.9,6.68
25451,5,2,2.3,4.77
25452,5,3,5.1,6.07
25453,2,0,0.9,6.56
25454,5,4,2.3,4.74
25455,7,2,6.1,6.79
25456,4,1,8.5,7.31
25457,4,0,5.7,6.62
25458,2,4,6.0,2.4
25459,5,2,1.3,6.73
25460,2,3,8.2,3.62
25461,1,3,6.0,3.28
25462,5,3,8.5,7.77
25463,4,2,3.2,3.72
25464,3,1,9.8,5.62
25465,7,3,7.8,4.35
25466,1,1,7.6,5.23
25467,7,2,6.3,5.06
25468,4,1,9.6,6.19
25469,2,2,7.6,3.68
25470,6,2,3.1,4.68
25471,1,2,7.0,4.69
25472,5,1,8.2,4.8
25473,7,4,4.1,5.92
25474,2,3,9.0,3.15
25475,1,2,3.7,2.62
25476,2,3,5.6,6.63
25477,4,2,7.0,4.04
25478,3,1,9.3,4.27
25479,7,2,0.2,5.84
25480,5,0,1.3,3.84
25481,0,2,7.7,4.12
25482,0,4,5.9,4.6
25483,0,4,0.4,3.16
25484,0,3,9.8,4.51
25485,2,3,6.3,5.99
25486,5,1,8.2,6.6
25487,7,4,6.2,5.32
25488,2,2,3.6,5.47
25489,1,4,8.6,4.23
25490,3,0,7.0,3.56
25491,7,3,9.8,3.77
25492,7,3,4.3,5.46
25493,7,0,7.2,6.64
25494,6,2,0.1,5.41
25495,2,1,3.8,4.74
25496,5,0,9.7,5.21
25497,1,0,6.4,3.4
25498,2,1,0.2,6.76
25499,5,4,4.6,5.49
25500,5,4,4.3,4.43
25501,5,3,5.7,5.35
25502,0,2,1.7,3.78
25503,2,4,4.9,4.96
25504,5,4,6.3,4.23
25505,3,3,0.4,5.47
25506,7,1,2.5,3.75
25507,1,2,6.6,5.23
25508,3,4,0.0,7.61
25509,6,2,6.8,3.06
25510,4,0,0.8,6.04
25511,1,0,1.9,2.76
25512,7,1,0.4,4.68
25513,3,3,5.7,5.43
25514,1,3,8.1,5.12
25515,2,3,1.6,3.89
25516,7,2,3.3,8.18
25517,3,3,7.5,5.74
25518,2,0,1.5,5.13
25519,3,2,9.1,5.39
25520,7,1,7.4,4.51
25521,2,3,3.5,4.62
25522,2,4,4.5,5.26
25523,1,3,9.1,4.68
25524,7,0,1.7,4.46
25525,4,2,0.6,5.95
25526,7,0,7.6,5.16
25527,0,4,6.3,6.32
25528,4,1,7.8,4.31
25529,3,1,6.5,6.11
25530,4,3,9.8,5.53
25531,7,3,8.0,5.88
25532,2,1,3.8,6.61
25533,4,3,6.2,4.28
25534,3,3,4.6,4.12
25535,5,4,5.7,4.52
25536,5,1,2.7,5.43
25537,4,4,8.2,5.75
25538,1,3,1.5,3.84
25539,7,3,0.3,6.07
25540,5,4,9.9,3.03
25541,6,1,0.2,7.21
25542,3,2,0.5,5.97
25543,2,3,0.0,3.33
25544,1,1,6.8,6.27
25545,5,1,3.5,4.14
25546,4,0,5.7,5.07
25547,2,1,4.6,5.27
25548,6,4,2.5,4.94
25549,1,2,3.7,6.83
25550,3,2,5.2,4.83
25551,4,4,3.6,4.59
25552,0,1,5.5,5.81
25553,3,2,3.6,6.85
25554,3,1,4.8,4.77
25555,7,3,9.5,5.85
25556,7,0,8.7,3.34
25557,7,0,3.0,5.21
25558,2,1,6.7,5.75
25559,7,1,4.6,4.83
25560,4,2,8.2,4.38
25561,6,0,7.9,5.22
25562,5,0,0.8,5.1
25563,2,0,8.0,5.2
25564,6,4,9.9,3.82
25565,4,3,4.1,2.73
25566,2,1,8.3,4.94
25567,0,1,9.0,6.04
25568,4,4,1.0,5.24
25569,3,0,7.3,7.23
25570,7,4,4.4,4.49
25571,7,3,6.5,6.49
25572,2,4,1.4,3.8
25573,5,4,4.8,6.39
25574,5,2,1.3,5.82
25575,1,0,9.8,3.9
25576,4,1,3.0,6.08
25577,7,2,2.1,4.07
25578,4,0,6.2,6.3
25579,5,4,3.7,3.5
25580,5,4,9.2,3.43
25581,6,3,3.4,3.08
25582,2,2,1.4,5.55
25583,5,3,8.0,3.83
25584,0,4,2.1,4.9
25585,6,2,9.5,4.79
25586,4,4,8.0,4.37
25587,7,0,0.9,4.49
25588,5,3,5.0,4.55
25589,7,3,9.4,5.58
25590,3,4,4.5,4.58
25591,1,3,3.0,2.72
25592,7,0,6.8,5.03
25593,7,3,0.0,4.32
25594,0,4,9.1,3.22
25595,4,1,1.4,6.08
25596,4,1,4.6,5.13
25597,3,1,5.3,4.11
25598,1,1,5.3,4.38
25599,7,4,5.5,4.99
25600,0,2,6.0,4.01
25601,4,4,5.7,4.79
25602,5,3,7.2,4.09
25603,6,0,6.5,5.15
25604,4,2,0.4,4.17
25605,6,4,8.9,6.02
25606,2,3,5.3,5.55
25607,7,4,2.6,3.54
25608,3,0,7.0,4.8
25609,6,3,10.0,4.96
25610,7,4,8.8,3.49
25611,5,1,5.0,6.24
25612,1,3,9.7,2.23
25613,2,2,2.9,3.97
25614,5,0,8.9,6.18
25615,4,2,4.3,5.4
25616,7,3,2.8,4.96
25617,0,3,3.2,4.3
25618,1,0,8.0,4.86
25619,1,1,3.6,5.6
25620,1,2,7.2,7.15
25621,1,1,4.4,4.12
25622,0,0,8.0,3.73
25623,7,1,8.7,3.36
25624,5,3,7.5,5.78
25625,5,3,0.0,5.19
25626,7,2,1.9,3.46
25627,1,3,1.4,5.95
25628,6,4,2.2,4.99
25629,0,1,5.6,5.95
25630,6,1,4.0,5.51
25631,3,3,7.5,4.94
25632,4,0,9.2,4.11
25633,3,0,1.6,4.94
25634,0,4,3.5,3.73
25635,0,1,7.8,3.49
25636,7,4,1.9,5.83
25637,3,4,9.3,5.97
25638,4,3,3.2,5.86
25639,4,0,8.4,5.47
25640,0,1,2.7,5.95
25641,7,0,8.0,7.02
25642,4,3,7.7,3.72
25643,4,4,4.1,6.83
25644,6,3,9.3,5.6
25645,7,3,9.9,5.14
25646,6,4,1.3,6.3
25647,0,4,7.0,5.71
25648,3,2,2.8,6.31
25649,7,2,8.8,6.09
25650,4,4,3.0,6.48
25651,4,2,0.3,3.84
25652,3,0,0.5,3.12
25653,0,3,8.8,3.67
25654,6,4,2.8,6.87
25655,2,0,5.0,3.76
25656,7,4,5.4,5.01
25657,5,4,7.0,5.03
25658,4,0,6.2,5.46
25659,2,0,3.6,6.35
25660,0,0,5.6,4.57
25661,6,1,6.2,3.85
25662,6,4,4.6,3.58
25663,3,4,3.6,4.32
25664,6,4,7.3,5.1
25665,3,1,7.0,6.89
25666,7,3,1.6,5.39
25667,5,2,2.0,3.62
25668,7,3,4.6,5.81
25669,3,0,7.4,4.45
25670,6,3,9.0,6.44
25671,7,0,2.4,5.49
25672,7,3,2.0,5.09
25673,0,2,1.6,4.82
25674,7,2,0.4,3.84
25675,1,4,5.0,5.4
25676,0,3,3.3,6.75
25677,4,1,3.3,5.33
25678,6,1,4.7,3.86
25679,7,0,5.9,6.1
25680,5,3,5.3,5.66
25681,7,3,7.1,5.56
25682,3,0,8.8,3.94
25683,7,4,4.6,5.61
25684,0,2,9.4,6.89
25685,6,0,5.8,6.55
25686,7,0,4.5,6.18
25687,4,3,6.9,5.18
25688,4,3,0.5,5.21
25689,0,4,3.4,4.78
25690,0,2,7.1,3.79
25691,1,1,2.9,3.15
25692,6,0,4.7,6.4
25693,4,3,7.8,5.51
25694,3,1,7.5,5.29
25695,0,3,6.5,1.98
25696,7,2,7.9,4.78
25697,1,4,1.5,4.94
25698,4,2,3.8,4.22
25699,3,0,6.4,6.54
25700,4,1,6.3,4.94
25701,2,2,9.7,6.08
25702,0,2,8.4,5.18
25703,4,3,7.1,6.64
25704,0,3,4.6,5.19
25705,5,3,0.2,4.6
25706,2,2,9.1,5.56
25707,5,4,8.9,4.57
25708,7,3,5.3,6.19
25709,1,1,6.0,5.35
25710,0,2,5.3,2.76
25711,3,3,8.0,6.05
25712,5,2,2.4,5.28
25713,5,0,8.5,3.23
25714,0,2,0.2,5.07
25715,2,4,7.5,3.46
25716,3,2,9.6,3.41
25717,3,4,3.7,6.58
25718,6,1,3.9,6.64
25719,7,0,9.1,4.68
25720,3,3,5.1,3.83
25721,2,3,0.2,6.3
25722,0,4,0.9,2.95
25723,0,4,8.4,6.07
25724,3,2,4.6,5.29
25725,7,1,1.1,6.43
25726,0,3,4.2,3.92
25727,0,4,2.0,5.3
25728,2,1,3.6,5.15
25729,2,3,0.9,2.65
25730,6,2,2.5,4.58
25731,3,1,5.2,4.5
25732,4,3,9.8,5.26
25733,0,3,2.6,6.78
25734,1,1,5.0,4.22
25735,1,1,4.1,3.59
25736,3,0,1.3,4.34
25737,0,2,4.3,5.39
25738,7,1,6.6,5.29
25739,7,2,4.7,5.48
25740,6,3,7.8,6.92
25741,4,0,3.4,6.7
25742,4,2,7.1,3.06
25743,1,4,3.4,3.79
25744,3,4,8.3,7.63
25745,1,3,4.6,3.87
25746,6,2,2.1,2.92
25747,5,1,6.4,5.72
25748,7,0,9.6,4.07
25749,7,3,5.5,5.57
25750,6,3,1.9,6.24
25751,5,2,7.1,4.58
25752,4,2,5.1,7.19
25753,2,4,9.7,5.13
25754,2,2,1.0,4.96
25755,7,2,5.7,3.04
25756,7,0,9.9,4.88
25757,0,1,6.4,4.78
25758,2,0,5.7,4.19
25759,5,2,3.9,3.68
25760,7,2,3.5,5.19
25761,5,1,9.9,4.81
25762,6,2,1.7,7.13
25763,1,2,1.7,6.27
25764,7,2,2.9,6.34
25765,2,0,2.5,4.13
25766,5,3,4.3,3.25
25767,5,1,0.7,4.77
25768,2,2,0.3,4.67
25769,7,0,5.5,5.05
25770,4,3,3.8,5.14
25771,6,0,4.0,4.85
25772,6,2,6.5,5.04
25773,3,2,3.2,4.58
25774,1,1,9.6,4.24
25775,1,3,3.4,4.81
25776,6,0,1.5,5.06
25777,5,1,0.8,5.48
25778,4,1,9.0,5.25
25779,2,1,8.4,3.25
25780,1,4,7.9,5.87
25781,2,0,9.2,4.68
25782,3,2,9.4,6.19
25783,5,3,9.8,4.1
25784,2,3,0.7,6.1
25785,7,2,8.4,3.88
25786,7,0,8.1,4.55
25787,5,3,6.6,5.9
25788,7,2,6.4,4.48
25789,2,2,9.0,6.76
25790,2,4,0.4,3.94
25791,0,0,3.2,2.83
25792,4,3,6.4,5.9
25793,1,3,5.3,5.03
25794,4,2,7.6,6.52
25795,5,0,9.9,6.87
25796,6,3,7.8,2.52
25797,0,1,5.7,7.35
25798,5,2,0.2,2.9
25799,1,1,0.7,2.95
25800,0,4,0.5,6.13
25801,3,2,6.4,5.86
25802,1,4,2.4,5.63
25803,6,3,0.8,2.65
25804,0,3,4.4,6.58
25805,0,3,1.7,3.5
25806,0,0,3.9,5.86
25807,2,1,5.4,4.62
25808,4,1,2.0,5.0
25809,5,4,0.8,4.02
25810,1,2,6.3,6.93
25811,4,0,2.5,6.96
25812,2,0,9.1,4.07
25813,5,1,8.6,5.66
25814,2,4,5.9,5.0
25815,4,0,7.8,3.1
25816,5,4,0.9,4.98
25817,3,1,4.2,5.42
25818,7,3,2.3,4.83
25819,3,0,2.2,6.66
25820,6,0,1.6,4.4
25821,2,4,1.1,3.11
25822,2,4,4.5,5.45
25823,6,3,3.0,6.0
25824,2,0,6.0,3.87
25825,2,2,7.6,3.84
25826,5,0,7.8,4.94
25827,4,3,8.1,5.25
25828,7,2,1.1,5.38
25829,1,3,2.8,4.47
25830,3,4,5.6,2.28
25831,1,4,6.5,3.14
25832,6,2,9.1,5.88
25833,2,0,3.3,4.07
25834,1,3,7.4,6.67
25835,5,2,6.6,4.1
25836,6,4,6.4,3.4
25837,3,1,8.7,5.25
25838,4,4,9.0,6.37
25839,3,2,8.4,5.21
25840,1,3,5.1,5.02
25841,4,4,9.7,6.13
25842,0,1,9.5,6.11
25843,6,1,4.7,7.73
25844,0,0,6.1,2.96
25845,4,1,1.0,5.56
25846,7,3,2.9,5.95
25847,7,2,2.7,4.57
25848,2,2,9.7,7.16
25849,4,0,4.1,6.09
25850,5,2,8.1,4.1
25851,5,2,9.6,3.9
25852,6,3,0.4,4.17
25853,4,2,6.3,4.8
25854,7,4,9.4,6.23
25855,4,1,2.6,7.12
25856,3,1,3.3,5.03
25857,3,2,2.5,5.9
25858,4,1,2.9,4.62
25859,1,2,7.0,7.45
25860,1,4,7.4,3.82
25861,2,1,7.3,3.29
25862,1,2,8.5,3.69
25863,6,4,0.2,7.23
25864,1,0,4.4,6.33
25865,4,3,9.8,5.47
25866,1,2,8.5,5.36
25867,0,4,3.7,3.74
25868,5,0,5.8,6.15
25869,5,2,3.2,3.59
25870,6,4,8.1,4.74
25871,0,1,9.8,4.49
25872,4,0,0.8,4.99
25873,0,0,5.7,6.01
25874,5,1,3.9,3.0
25875,7,4,6.7,5.1
25876,2,0,7.8,7.36
25877,3,1,5.4,6.08
25878,7,2,4.6,5.0
25879,2,4,8.5,2.69
25880,2,1,7.5,4.62
25881,6,2,2.8,4.36
25882,4,3,0.1,6.23
25883,6,2,6.8,5.12
25884,6,2,9.0,3.56
25885,2,2,6.7,3.85
25886,3,0,1.4,4.51
25887,6,4,1.1,4.64
25888,7,1,0.1,2.86
25889,2,0,8.7,4.87
25890,5,2,6.2,5.22
25891,6,0,7.5,3.89
25892,5,4,4.9,6.0
25893,4,4,2.6,5.39
25894,6,1,7.7,3.59
25895,0,4,4.9,2.21
25896,0,2,4.4,4.95
25897,6,0,1.1,3.62
25898,0,1,5.0,5.18
25899,7,1,9.4,4.82
25900,7,0,5.8,6.02
25901,6,4,1.9,2.64
25902,2,0,8.1,5.07
25903,6,1,1.9,4.81
25904,3,3,1.8,3.11
25905,0,0,3.0,5.44
25906,0,0,7.6,6.6
25907,7,1,3.8,3.27
25908,3,3,6.4,5.53
25909,7,1,0.5,5.68
25910,1,3,7.3,5.68
25911,5,2,5.2,5.34
25912,0,0,5.6,4.34
25913,3,2,1.4,4.73
25914,5,4,8.5,5.75
25915,4,3,1.3,6.36
25916,4,3,5.5,5.81
25917,1,0,3.3,2.78
25918,3,0,9.9,3.72
25919,3,2,0.5,3.59
25920,7,3,7.3,5.31
25921,4,4,4.7,4.56
25922,7,3,6.2,5.68
25923,7,0,4.9,5.3
25924,5,4,6.5,3.77
25925,7,0,0.6,4.21
25926,4,2,6.7,3.8
25927,4,0,7.0,3.68
25928,5,4,1.1,4.43
25929,0,0,2.1,6.24
25930,0,0,5.4,5.34
25931,0,4,8.9,6.04
25932,7,1,2.3,5.48
25933,7,1,6.8,5.92
25934,1,1,3.0,6.18
25935,4,3,5.2,2.93
25936,5,1,2.1,3.59
25937,2,3,8.6,3.99
25938,1,1,9.2,6.05
25939,7,1,6.0,2.41
25940,6,3,4.9,2.11
25941,5,2,8.5,2.19
25942,5,2,8.6,3.23
25943,0,4,8.5,3.25
25944,1,4,9.6,5.53
25945,6,3,0.4,5.6
25946,2,1,8.7,4.1
25947,1,2,7.4,6.21
25948,4,0,0.0,5.15
25949,2,3,3.6,3.61
25950,6,2,0.8,7.39
25951,0,1,0.4,4.88
25952,2,0,0.2,7.18
25953,1,3,5.9,5.47
25954,1,3,2.6,5.08
25955,3,3,2.9,5.52
25956,5,3,2.3,6.04
25957,6,0,2.5,5.85
25958,1,1,5.0,3.88
25959,0,3,7.7,6.96
25960,5,4,4.3,6.04
25961,4,1,0.0,6.22
25962,0,2,2.0,6.26
25963,5,4,6.1,3.88
25964,1,1,9.4,5.23
25965,4,3,6.5,3.64
25966,3,1,4.2,4.96
25967,0,3,4.5,6.86
25968,6,3,6.1,3.9
25969,3,0,7.9,5.83
25970,5,1,2.4,3.55
25971,3,2,2.8,4.66
25972,4,1,10.0,4.36
25973,5,1,4.9,4.08
25974,2,2,3.9,4.44
25975,4,4,9.9,4.64
25976,1,2,5.1,7.68
25977,2,0,2.7,4.62
25978,4,1,7.7,4.52
25979,2,3,5.3,3.7
25980,7,4,5.1,6.95
25981,1,3,4.7,3.8
25982,4,4,3.6,4.31
25983,7,0,8.0,5.9
25984,3,4,9.4,4.39
25985,1,4,3.2,4.36
25986,4,1,8.9,4.97
25987,2,4,7.4,7.21
25988,2,0,0.3,5.8
25989,3,0,7.7,5.9
25990,5,4,0.1,5.99
25991,7,3,4.4,3.59
25992,5,4,9.3,3.49
25993,4,4,5.7,5.82
25994,5,0,6.4,4.25
25995,2,2,8.0,4.76
25996,2,1,0.8,4.02
25997,3,3,2.1,4.23
25998,1,4,1.3,3.93
25999,5,1,5.6,6.19
26000,3,1,8.2,4.15
26001,4,0,0.3,3.49
26002,6,3,9.0,5.92
26003,0,3,2.8,4.79
26004,7,0,9.3,6.47
26005,0,4,1.2,4.99
26006,2,0,8.7,7.36
26007,7,3,7.5,5.17
26008,0,1,2.9,4.17
26009,4,1,9.9,2.42
26010,4,2,4.2,5.72
26011,4,3,1.4,6.09
26012,4,3,3.8,6.18
26013,3,1,7.0,4.76
26014,2,0,5.1,6.19
26015,6,4,0.3,4.66
26016,2,4,5.3,4.91
26017,2,4,5.4,5.48
26018,7,3,7.2,4.48
26019,2,3,8.4,2.26
26020,4,2,5.8,2.16
26021,1,3,1.0,4.99
26022,3,1,6.7,4.55
26023,4,2,8.2,6.34
26024,4,4,9.7,5.63
26025,6,1,2.7,5.14
26026,6,1,5.0,5.69
26027,2,2,4.2,4.92
26028,7,3,3.4,6.94
26029,7,4,6.9,6.72
26030,3,1,5.7,6.36
26031,2,4,4.1,6.41
26032,4,3,9.8,5.44
26033,2,2,9.8,4.05
26034,0,4,5.3,6.69
26035,1,4,6.0,5.49
26036,3,4,2.0,5.23
26037,4,0,6.5,3.41
26038,7,4,2.0,4.02
26039,0,0,2.7,3.89
26040,3,3,4.6,4.58
26041,5,3,8.8,3.07
26042,4,2,1.5,3.88
26043,5,3,8.1,5.54
26044,0,1,8.5,7.38
26045,0,1,7.4,3.8
26046,3,4,6.4,4.13
26047,4,1,10.0,4.37
26048,4,1,3.0,3.21
26049,0,1,4.7,4.6
26050,5,0,0.7,6.1
26051,1,1,8.3,5.48
26052,2,4,6.5,4.81
26053,5,3,9.7,5.9
26054,4,4,9.4,5.63
26055,1,1,6.9,3.66
26056,2,2,8.2,2.89
26057,0,4,3.8,4.12
26058,7,4,5.0,5.53
26059,5,1,7.2,6.14
26060,2,2,6.1,5.24
26061,0,2,0.2,3.99
26062,7,0,5.8,6.33
26063,2,2,6.3,4.95
26064,2,4,3.7,4.74
26065,5,1,5.0,3.96
26066,1,3,1.1,4.07
26067,2,2,3.1,5.61
26068,5,0,8.6,3.03
26069,2,0,2.0,6.63
26070,5,2,9.8,6.01
26071,3,1,1.8,5.92
26072,0,4,1.2,3.35
26073,4,1,3.0,5.84
26074,7,4,0.9,5.73
26075,5,0,8.9,4.7
26076,5,2,0.4,6.67
26077,1,1,9.0,6.44
26078,7,2,0.1,4.41
26079,0,3,0.6,1.75
26080,6,4,0.8,4.39
26081,7,2,7.6,5.61
26082,0,4,1.0,4.88
26083,2,2,0.3,4.45
26084,7,3,4.7,6.13
26085,6,2,3.0,5.52
26086,1,1,9.4,3.0
26087,7,0,5.6,6.64
26088,3,3,3.1,3.73
26089,5,2,5.6,3.96
26090,5,4,1.0,4.55
26091,4,2,2.4,3.74
26092,1,4,2.7,5.69
26093,4,2,0.7,4.11
26094,3,2,5.0,3.06
26095,2,2,7.8,4.39
26096,2,0,6.7,4.06
26097,2,0,0.5,4.02
26098,7,4,4.6,4.19
26099,4,3,3.8,6.23
26100,6,1,9.2,4.31
26101,5,4,8.4,3.27
26102,1,0,8.2,2.41
26103,6,1,1.0,7.04
26104,0,1,1.5,2.12
26105,4,3,9.4,5.1
26106,7,2,4.9,6.05
26107,0,4,2.3,6.54
26108,7,3,4.1,6.01
26109,5,0,4.6,2.39
26110,2,1,8.2,3.56
26111,3,1,1.3,3.69
26112,6,0,0.3,3.97
26113,4,0,8.1,5.43
26114,0,2,4.1,5.95
26115,4,2,0.8,6.26
26116,1,4,1.7,6.21
26117,6,0,2.4,4.45
26118,6,3,7.9,4.71
26119,3,2,6.7,3.29
26120,3,0,7.0,5.95
26121,3,3,5.4,3.94
26122,4,1,9.4,5.21
26123,6,1,2.8,4.9
26124,5,2,2.2,6.7
26125,4,3,8.1,2.91
26126,1,2,5.6,6.12
26127,4,2,4.8,3.64
26128,0,1,5.9,3.34
26129,1,2,0.1,4.41
26130,1,3,1.1,3.92
26131,5,3,6.2,3.44
26132,6,4,6.0,3.13
26133,0,1,8.4,3.66
26134,7,0,8.6,5.83
26135,5,4,1.7,3.95
26136,0,2,5.4,5.31
26137,6,4,4.6,5.2
26138,2,1,8.4,3.91
26139,1,2,4.7,4.99
26140,4,4,2.5,5.74
26141,6,4,1.6,4.51
26142,4,3,0.2,6.75
26143,4,3,9.6,5.66
26144,7,4,9.7,5.68
26145,6,2,1.9,5.98
26146,4,1,8.1,5.41
26147,5,2,8.8,3.7
26148,2,3,3.4,4.08
26149,5,2,5.7,6.99
26150,3,0,7.3,6.35
26151,4,1,10.0,4.04
26152,6,0,7.0,7.34
26153,0,3,3.0,3.83
26154,7,0,3.1,3.51
26155,7,3,3.4,3.28
26156,4,2,7.8,6.05
26157,4,0,1.5,4.76
26158,1,3,9.8,4.71
26159,0,2,6.5,4.64
26160,5,2,5.8,4.15
26161,6,4,9.6,5.62
26162,3,4,6.6,3.67
26163,4,3,3.7,4.7
26164,0,1,6.3,3.71
26165,2,2,5.5,2.42
26166,4,0,8.2,3.67
26167,7,2,7.7,4.19
26168,5,4,4.9,5.12
26169,2,2,3.9,6.11
26170,7,4,6.5,4.51
26171,4,0,4.4,7.23
26172,4,0,0.5,3.65
26173,4,2,8.6,5.58
26174,6,3,2.3,6.01
26175,5,1,9.0,5.83
26176,5,4,3.9,5.2
26177,2,0,0.0,5.41
26178,0,4,7.1,4.25
26179,0,0,7.0,3.87
26180,0,0,7.3,5.14
26181,1,1,9.2,6.61
26182,1,3,4.5,4.01
26183,1,0,3.4,5.27
26184,3,0,1.7,5.26
26185,7,0,7.3,5.08
26186,6,4,8.7,2.43
26187,4,3,7.8,4.32
26188,0,3,3.8,4.56
26189,1,3,7.8,6.04
26190,1,0,5.8,5.26
26191,7,3,3.0,5.86
26192,0,3,7.6,3.94
26193,0,0,0.7,5.37
26194,2,2,6.8,4.21
26195,2,3,6.2,3.62
26196,7,4,5.9,5.04
26197,3,4,9.0,4.91
26198,3,2,4.4,8.56
26199,4,3,6.7,6.44
26200,6,4,7.6,3.11
26201,2,2,1.2,5.44
26202,0,2,7.8,3.84
26203,3,4,5.8,3.08
26204,2,1,5.8,5.97
26205,6,0,7.8,6.08
26206,6,0,7.7,4.96
26207,5,0,8.7,6.01
26208,0,1,4.5,7.1
26209,4,1,4.9,2.77
26210,7,1,3.1,3.77
26211,6,1,2.4,6.74
26212,4,3,2.9,4.09
26213,7,3,7.5,4.64
26214,1,3,3.0,3.6
26215,2,4,6.8,6.02
26216,7,0,1.5,5.31
26217,6,0,3.5,3.24
26218,5,0,3.8,6.18
26219,0,4,7.8,4.94
26220,0,2,4.7,4.22
26221,7,4,2.4,6.12
26222,1,0,1.2,7.29
26223,6,3,5.3,4.26
26224,3,3,7.4,4.24
26225,2,1,6.7,5.98
26226,4,2,6.9,5.77
26227,4,3,6.9,4.34
26228,7,0,4.2,4.76
26229,2,3,5.0,6.92
26230,7,0,9.4,4.8
26231,5,3,8.6,4.73
26232,5,4,9.9,3.56
26233,2,2,7.2,8.25
26234,7,4,4.8,4.84
26235,5,3,9.8,3.64
26236,3,1,1.2,4.22
26237,6,3,9.4,4.65
26238,6,1,4.6,3.94
26239,1,0,7.1,5.03
26240,2,1,4.4,4.58
26241,5,3,0.5,4.18
26242,5,3,2.6,3.86
26243,4,3,4.0,5.22
26244,2,4,8.8,6.67
26245,7,2,6.5,6.23
26246,5,1,1.0,2.9
26247,7,0,5.9,4.23
26248,3,1,4.2,7.16
26249,1,1,1.8,4.3
26250,1,4,8.5,6.35
26251,3,1,4.5,3.8
26252,6,3,9.1,4.37
26253,5,3,0.6,5.87
26254,6,2,8.4,4.54
26255,2,0,9.6,3.12
26256,5,4,3.3,4.62
26257,2,1,2.7,5.96
26258,0,2,2.3,5.04
26259,0,4,2.0,4.66
26260,1,1,4.6,3.95
26261,7,3,1.1,5.04
26262,7,1,3.9,5.66
26263,6,3,3.3,3.3
26264,2,4,2.4,6.1
26265,2,1,4.9,5.79
26266,3,2,3.6,5.48
26267,1,4,3.1,5.75
26268,3,4,4.5,5.88
26269,3,2,5.5,4.85
26270,7,4,2.3,3.73
26271,2,1,4.2,3.34
26272,3,2,3.1,5.28
26273,7,3,1.7,2.52
26274,2,2,2.6,5.88
26275,2,0,8.1,4.2
26276,0,0,1.9,5.96
26277,6,0,3.7,3.87
26278,3,1,8.6,5.82
26279,0,1,1.4,5.19
26280,1,2,8.6,4.26
26281,7,0,3.5,4.36
26282,7,0,9.7,4.73
26283,7,2,9.2,5.27
26284,3,2,7.1,6.91
26285,3,2,9.2,3.67
26286,3,2,3.9,6.41
26287,3,1,9.2,4.51
26288,6,0,2.7,4.93
26289,1,0,7.7,2.47
26290,6,2,9.5,3.93
26291,0,2,5.1,6.77
26292,6,3,6.3,6.01
26293,4,3,3.0,6.31
26294,5,3,6.1,5.19
26295,2,2,4.9,3.85
26296,0,0,9.7,3.03
26297,0,4,9.8,4.4
26298,0,4,7.4,6.51
26299,0,0,0.6,4.2
26300,1,3,5.1,4.17
26301,7,0,0.1,3.56
26302,2,3,9.6,6.65
26303,6,1,8.4,4.25
26304,2,3,3.3,5.78
26305,6,1,3.3,4.89
26306,0,4,9.9,4.59
26307,6,2,6.7,4.61
26308,4,1,0.7,7.2
26309,0,2,7.9,4.92
26310,7,4,0.9,5.3
26311,1,1,5.4,4.51
26312,3,1,0.8,5.64
26313,6,3,6.7,4.99
26314,3,1,2.2,4.15
26315,4,3,8.6,4.94
26316,6,0,4.1,3.39
26317,0,4,5.3,3.78
26318,5,4,1.3,7.42
26319,7,4,9.7,3.89
26320,3,4,4.4,5.95
26321,7,3,1.6,6.68
26322,6,0,9.6,5.49
26323,4,1,2.2,3.98
26324,0,4,9.0,4.89
26325,1,3,9.3,4.08
26326,4,0,0.5,4.59
26327,7,2,8.1,3.97
26328,1,4,0.1,3.9
26329,0,1,9.4,5.12
26330,1,0,0.6,5.46
26331,6,2,1.5,7.43
26332,1,4,2.2,2.86
26333,0,1,7.2,6.04
26334,1,4,1.2,4.83
26335,1,3,9.9,5.75
26336,5,2,0.9,6.66
26337,5,0,1.6,5.13
26338,1,0,6.7,6.13
26339,1,4,9.9,5.5
26340,6,0,4.5,5.61
26341,4,0,5.4,6.45
26342,6,2,6.0,3.74
26343,7,3,8.8,3.33
26344,7,3,4.8,4.45
26345,6,4,2.6,6.37
26346,5,1,9.2,3.37
26347,2,0,7.6,5.28
26348,5,2,0.6,1.94
26349,5,0,2.5,4.46
26350,1,4,8.3,5.81
26351,3,1,9.4,6.09
26352,2,4,0.5,4.16
26353,5,1,8.1,2.86
26354,6,1,4.7,6.27
26355,6,1,2.6,4.06
26356,0,4,0.5,5.73
26357,2,0,2.1,5.19
26358,6,3,8.0,6.34
26359,3,2,1.0,4.47
26360,6,4,7.4,5.45
26361,6,4,0.6,5.53
26362,6,1,1.5,6.6
26363,1,4,7.6,4.9
26364,4,1,6.6,4.37
26365,6,2,9.6,4.85
26366,7,1,4.2,3.48
26367,6,4,6.3,4.25
26368,3,2,7.7,4.26
26369,1,4,5.9,3.84
26370,7,0,6.7,4.26
26371,5,1,9.5,6.11
26372,4,4,1.4,4.59
26373,7,2,2.9,5.2
26374,1,4,3.5,5.96
26375,1,4,6.5,5.01
26376,2,0,0.5,5.7
26377,2,1,5.1,5.71
26378,6,0,2.4,5.53
26379,5,1,10.0,4.09
26380,5,3,3.3,4.9
26381,5,2,3.3,4.9
26382,2,0,9.1,2.86
26383,7,4,5.1,4.31
26384,3,3,5.0,6.91
26385,1,0,8.5,5.27
26386,1,0,5.0,6.74
26387,6,0,2.0,6.22
26388,1,1,9.3,7.06
26389,4,1,5.3,5.19
26390,5,2,2.5,6.25
26391,5,3,4.8,4.9
26392,3,4,9.0,5.27
26393,3,4,4.9,4.72
26394,3,2,4.9,5.96
26395,0,3,6.0,3.54
26396,0,4,7.2,6.42
26397,1,4,5.8,4.27
26398,4,2,2.2,4.13
26399,2,4,6.2,4.13
26400,5,1,7.6,3.75
26401,5,2,7.1,7.16
26402,1,4,9.7,7.0
26403,1,0,9.8,5.83
26404,5,2,1.1,3.03
26405,7,2,3.7,3.96
26406,6,0,2.8,3.85
26407,6,0,8.1,4.73
26408,7,4,6.5,4.65
26409,0,4,8.3,4.16
26410,1,4,4.7,4.8
26411,4,0,8.1,4.76
26412,7,0,1.2,4.22
26413,5,0,3.1,3.99
26414,4,4,3.5,4.17
26415,6,3,7.5,3.31
26416,1,4,4.0,6.08
26417,5,0,3.6,7.77
26418,5,0,9.1,7.08
26419,0,3,5.1,3.95
26420,2,3,8.8,4.13
26421,3,4,2.3,6.32
26422,1,0,1.2,7.35
26423,6,2,4.3,7.61
26424,2,4,2.8,5.82
26425,3,3,7.1,2.2
26426,6,4,6.9,6.65
26427,0,1,3.8,4.9
26428,1,0,5.7,5.48
26429,2,4,5.8,7.95
26430,0,2,8.5,3.24
26431,2,3,10.0,4.69
26432,1,3,8.3,4.3
26433,6,0,1.0,5.91
26434,2,2,2.9,4.58
26435,2,2,5.3,5.16
26436,7,3,4.3,4.76
26437,2,1,4.9,3.53
26438,3,4,3.0,6.42
26439,6,2,9.8,4.51
26440,2,2,6.5,5.92
26441,0,2,6.6,3.63
26442,1,0,9.3,5.14
26443,0,4,9.0,5.61
26444,4,0,4.1,3.71
26445,2,2,9.6,5.9
26446,0,4,8.1,5.25
26447,5,2,4.8,4.13
26448,4,4,2.1,5.08
26449,5,3,2.8,4.08
26450,1,4,2.9,3.24
26451,2,3,1.5,5.67
26452,2,3,7.6,5.57
26453,5,2,1.5,6.83
26454,0,4,1.3,5.93
26455,4,4,2.7,4.84
26456,5,4,2.6,7.39
26457,2,1,2.4,3.0
26458,2,0,8.6,7.22
26459,2,4,4.4,6.13
26460,0,0,0.7,3.47
26461,2,0,4.7,3.83
26462,5,0,7.6,6.09
26463,0,4,1.6,3.63
26464,1,0,3.3,4.91
26465,6,4,8.2,5.69
26466,5,2,8.2,4.04
26467,5,1,7.8,5.71
26468,2,2,3.0,5.5
26469,0,3,2.7,4.75
26470,7,2,6.5,5.08
26471,5,0,3.8,5.32
26472,3,4,7.5,6.89
26473,1,3,3.9,3.79
26474,7,2,3.9,5.21
26475,4,3,0.2,4.23
26476,2,3,1.8,4.04
26477,6,4,2.4,3.99
26478,5,3,0.3,5.04
26479,4,1,3.2,4.2
26480,6,0,1.0,4.29
26481,2,0,4.9,3.61
26482,4,2,6.9,3.36
26483,5,1,3.4,2.62
26484,5,3,1.8,5.01
26485,0,0,3.8,6.43
26486,7,3,0.9,4.88
26487,5,1,0.0,7.14
26488,6,4,9.6,5.77
26489,6,4,3.8,4.64
26490,7,2,4.6,5.47
26491,6,4,5.2,3.21
26492,0,1,5.7,5.42
26493,3,2,2.4,4.85
26494,1,2,0.1,3.71
26495,7,1,9.3,6.8
26496,4,0,5.7,4.96
26497,4,1,0.5,4.7
26498,3,3,7.6,5.24
26499,7,3,2.9,4.29
26500,6,4,3.1,4.92
26501,2,1,4.7,6.72
26502,4,0,8.3,4.07
26503,7,3,2.6,3.34
26504,1,4,0.3,2.88
26505,5,0,1.2,4.53
26506,4,0,6.5,4.52
26507,3,2,1.5,5.34
26508,0,1,6.3,6.24
26509,6,1,9.9,6.09
26510,1,1,2.8,3.8
26511,1,4,6.1,3.68
26512,1,1,3.9,3.14
26513,7,3,0.8,4.97
26514,4,0,2.5,4.36
26515,7,3,8.8,4.32
26516,0,0,7.2,4.37
26517,5,3,0.1,5.63
26518,2,1,5.4,2.23
26519,3,4,5.1,6.58
26520,1,0,0.4,2.29
26521,6,3,2.1,4.55
26522,1,4,1.1,3.97
26523,6,0,0.4,4.33
26524,2,1,2.2,5.39
26525,5,4,2.1,5.47
26526,1,0,7.7,5.97
26527,4,1,5.6,6.92
26528,7,0,3.5,3.0
26529,3,0,9.2,4.57
26530,2,0,4.4,4.84
26531,0,4,2.3,3.46
26532,3,1,6.7,6.12
26533,3,3,4.9,4.24
26534,1,3,2.9,7.01
26535,6,0,9.4,5.75
26536,5,4,7.5,5.05
26537,5,1,2.0,5.17
26538,3,1,2.9,3.74
26539,3,3,2.8,6.0
26540,4,4,9.4,5.15
26541,0,3,0.5,6.12
26542,2,4,7.1,3.12
26543,3,0,9.7,5.61
26544,7,3,8.0,3.66
26545,2,4,7.8,5.77
26546,4,3,4.1,6.16
26547,2,2,7.7,3.67
26548,1,4,3.0,4.13
26549,2,1,8.1,5.59
26550,1,0,4.6,3.06
26551,4,2,4.8,4.68
26552,7,1,3.0,3.72
26553,2,2,6.0,6.08
26554,1,0,7.9,2.78
26555,5,2,1.4,5.78
26556,1,2,6.0,5.99
26557,1,3,6.2,6.41
26558,0,0,2.2,6.71
26559,3,0,2.4,4.1
26560,7,4,4.7,2.56
26561,2,2,3.5,5.51
26562,7,1,1.1,3.23
26563,6,4,2.9,3.69
26564,7,3,7.2,5.97
26565,6,1,3.0,3.68
26566,1,4,0.4,4.12
26567,2,2,3.9,5.27
26568,4,1,0.5,5.65
26569,1,0,2.9,4.31
26570,2,1,4.5,4.69
26571,3,2,1.1,5.54
26572,5,1,5.1,6.91
26573,4,1,1.7,4.69
26574,6,0,2.3,6.04
26575,5,2,1.7,3.8
26576,2,4,1.5,3.04
26577,3,4,8.3,3.53
26578,1,0,4.9,4.2
26579,5,4,7.5,3.87
26580,1,1,6.0,3.49
26581,6,0,0.4,3.7
26582,1,1,1.7,5.28
26583,6,3,2.7,5.0
26584,2,2,5.1,5.17
26585,0,4,2.7,6.68
26586,3,3,9.0,5.16
26587,4,0,1.3,3.7
26588,1,4,4.0,4.51
26589,3,1,7.7,6.06
26590,6,1,8.8,5.65
26591,2,1,0.9,3.38
26592,3,0,7.4,4.85
26593,1,2,6.0,4.78
26594,7,3,1.9,3.61
26595,6,3,2.6,4.45
26596,1,0,8.6,5.1
26597,4,3,0.2,3.52
26598,4,3,7.2,4.15
26599,0,1,4.7,4.77
26600,1,0,0.6,7.34
26601,2,2,6.6,5.75
26602,3,0,0.9,3.64
26603,6,4,2.7,7.06
26604,4,4,9.4,4.85
26605,6,3,7.4,4.63
26606,6,0,6.4,6.06
26607,0,1,8.0,4.88
26608,4,3,8.7,2.48
26609,7,0,0.5,5.59
26610,7,1,4.5,5.51
26611,7,4,1.7,3.63
26612,2,3,7.7,5.45
26613,0,4,8.4,6.87
26614,3,1,3.3,3.31
26615,3,0,4.1,4.08
26616,3,0,4.0,5.42
26617,1,1,4.1,4.09
26618,4,1,8.6,6.19
26619,1,1,2.8,5.65
26620,2,3,4.0,4.44
26621,7,2,7.8,4.78
26622,1,2,1.8,5.24
26623,5,1,5.3,3.88
26624,5,1,8.2,4.51
26625,7,2,8.7,5.56
26626,6,4,7.5,5.56
26627,3,3,6.6,5.7
26628,6,1,3.8,5.44
26629,2,0,1.2,4.59
26630,0,1,3.0,5.01
26631,0,1,0.4,2.75
26632,2,4,2.1,2.83
26633,4,2,7.9,4.04
26634,6,1,1.3,3.66
26635,0,1,0.5,5.62
26636,5,0,2.1,4.32
26637,3,1,7.8,1.93
26638,2,4,1.9,5.74
26639,3,2,1.1,4.35
26640,2,4,7.5,4.73
26641,1,0,4.8,5.78
26642,6,2,6.2,5.16
26643,3,0,4.6,5.93
26644,7,2,3.5,4.29
26645,2,4,9.7,4.4
26646,5,1,3.4,5.1
26647,5,4,9.4,2.61
26648,5,4,9.2,4.6
26649,4,3,7.8,3.18
26650,5,2,0.5,4.86
26651,6,1,5.8,6.28
26652,7,2,0.3,6.3
26653,7,0,8.9,3.31
26654,6,2,9.4,5.19
26655,4,1,5.1,3.65
26656,3,3,3.6,5.08
26657,2,3,2.8,3.01
26658,7,4,5.8,3.65
26659,7,2,9.5,3.29
26660,4,4,3.3,4.59
26661,0,2,3.8,4.01
26662,3,4,1.7,6.13
26663,2,3,9.0,3.5
26664,2,0,4.0,3.76
26665,5,4,5.9,4.84
26666,3,1,9.2,5.33
26667,0,1,0.2,5.32
26668,4,2,8.8,4.29
26669,3,3,2.3,5.72
26670,0,2,7.0,4.06
26671,5,1,8.4,6.55
26672,2,2,6.7,3.22
26673,4,0,8.8,5.27
26674,2,0,8.3,7.01
26675,2,4,2.6,5.57
26676,7,3,7.6,5.46
26677,7,2,0.4,5.45
26678,5,2,9.5,6.83
26679,3,4,4.8,6.68
26680,2,1,2.4,6.61
26681,0,3,2.3,6.96
26682,3,1,4.1,4.35
26683,1,0,7.3,4.29
26684,4,4,0.5,6.36
26685,4,1,3.7,4.05
26686,7,2,0.3,2.63
26687,7,3,5.9,7.1
26688,4,1,8.0,4.76
26689,4,1,6.7,6.7
26690,3,3,2.2,3.08
26691,1,2,6.4,5.75
26692,1,2,8.9,5.07
26693,1,0,2.2,6.18
26694,0,2,1.7,4.92
26695,4,3,7.7,5.29
26696,6,4,9.1,3.3
26697,6,0,5.5,2.28
26698,1,1,5.0,3.57
26699,2,4,7.0,5.43
26700,6,0,3.1,4.01
26701,3,3,7.1,4.8
26702,1,1,2.2,5.81
26703,5,2,0.8,4.81
26704,3,3,3.7,6.31
26705,1,3,7.5,5.99
26706,5,3,8.4,5.54
26707,6,3,4.7,2.13
26708,6,2,6.6,3.89
26709,7,4,1.3,6.17
26710,1,0,7.8,5.39
26711,6,1,9.5,5.89
26712,0,4,1.8,3.06
26713,7,3,8.4,5.29
26714,7,3,2.5,4.38
26715,3,4,6.7,3.98
26716,0,4,4.6,4.11
26717,6,4,7.2,4.98
26718,7,4,7.3,4.85
26719,4,0,4.8,3.92
26720,5,1,4.0,5.63
26721,3,1,9.0,6.66
26722,4,1,4.8,7.26
26723,6,0,7.8,4.45
26724,1,0,0.3,5.43
26725,5,3,0.1,4.74
26726,4,4,0.1,6.42
26727,5,3,5.0,6.88
26728,6,1,1.6,4.69
26729,3,0,2.0,4.97
26730,4,0,1.5,4.84
26731,4,2,6.6,7.42
26732,4,0,8.1,6.23
26733,7,2,5.9,2.56
26734,4,0,4.4,3.41
26735,1,3,9.3,5.49
26736,3,4,2.7,5.94
26737,2,1,6.5,5.55
26738,7,1,0.6,4.88
26739,2,0,7.5,5.92
26740,0,3,9.6,4.42
26741,4,4,3.7,6.29
26742,1,1,2.0,3.49
26743,6,2,2.9,5.88
26744,1,2,3.3,5.53
26745,1,0,4.8,6.3
26746,5,1,0.1,3.0
26747,7,4,4.8,8.3
26748,2,2,7.9,4.36
26749,2,4,3.2,4.67
26750,3,2,8.5,7.6
26751,5,2,3.2,7.17
26752,4,3,6.7,5.39
26753,3,2,6.8,3.87
26754,7,3,9.2,3.0
26755,6,0,7.3,5.63
26756,0,3,9.2,6.25
26757,5,0,9.2,6.08
26758,4,0,4.7,6.49
26759,4,1,1.5,4.91
26760,2,3,8.3,4.47
26761,6,1,5.2,5.59
26762,3,1,4.2,5.73
26763,0,2,9.6,3.12
26764,2,1,5.6,4.23
26765,0,1,1.4,5.12
26766,7,4,6.3,3.26
26767,7,3,5.6,3.88
26768,2,3,8.5,3.92
26769,6,4,9.7,6.0
26770,5,2,4.2,6.4
26771,7,1,6.5,4.52
26772,4,1,9.4,3.34
26773,1,1,1.5,5.94
26774,2,3,0.2,3.03
26775,0,2,4.4,4.27
26776,2,0,5.3,4.04
26777,0,2,1.2,6.01
26778,2,2,1.3,5.9
26779,6,1,4.3,1.85
26780,2,1,8.9,5.97
26781,7,1,1.5,6.47
26782,7,4,7.4,4.78
26783,2,1,2.5,3.48
26784,4,4,2.3,4.51
26785,2,3,9.3,6.17
26786,5,4,8.3,5.63
26787,6,1,6.4,5.39
26788,5,2,1.0,5.13
26789,3,2,5.5,5.62
26790,4,2,6.8,3.93
26791,2,4,2.1,6.76
26792,1,4,2.9,5.59
26793,5,3,2.0,6.11
26794,3,0,10.0,1.72
26795,6,0,9.9,5.74
26796,7,1,4.8,4.6
26797,2,4,0.1,6.17
26798,5,4,2.1,6.1
26799,6,0,9.8,4.91
26800,4,3,7.1,3.79
26801,6,3,4.1,5.69
26802,0,2,6.6,4.48
26803,5,1,8.9,3.9
26804,7,2,1.0,5.35
26805,6,1,2.0,3.04
26806,0,1,5.5,5.85
26807,0,0,7.2,6.18
26808,0,2,0.2,4.92
26809,1,0,0.3,6.0
26810,7,0,3.1,6.45
26811,1,3,7.8,4.17
26812,3,1,8.2,5.51
26813,3,1,5.6,2.99
26814,4,0,1.3,4.96
26815,7,0,0.9,4.52
26816,7,3,1.3,5.34
26817,0,2,7.7,3.85
26818,4,0,1.7,4.58
26819,3,1,9.9,4.38
26820,3,2,4.9,6.13
26821,1,0,8.6,4.28
26822,2,4,8.6,6.04
26823,6,2,2.1,4.59
26824,3,2,5.6,5.94
26825,1,1,2.0,6.43
26826,6,1,2.8,4.29
26827,7,4,7.9,5.37
26828,7,2,4.8,5.68
26829,2,1,8.3,4.25
26830,5,4,4.6,4.44
26831,4,1,8.9,6.15
26832,2,3,1.2,3.08
26833,0,1,4.2,5.97
26834,4,0,0.2,5.09
26835,3,4,6.3,7.16
26836,6,4,1.7,4.65
26837,2,0,2.0,2.19
26838,1,2,0.0,5.92
26839,4,0,0.0,6.39
26840,7,2,3.7,4.14
26841,0,0,4.4,5.48
26842,1,3,7.8,5.93
26843,6,2,9.8,5.04
26844,7,1,8.9,4.25
26845,6,1,6.9,6.42
26846,2,1,9.4,5.52
26847,2,1,8.2,3.26
26848,4,4,1.3,4.7
26849,2,1,5.6,2.08
26850,6,2,1.3,3.98
26851,7,2,8.6,5.33
26852,7,2,4.1,4.59
26853,7,2,9.2,5.27
26854,3,1,4.0,4.57
26855,5,3,1.0,3.5
26856,6,2,4.5,6.32
26857,1,0,8.4,3.55
26858,3,2,2.2,6.78
26859,0,0,5.9,4.33
26860,6,4,1.6,5.06
26861,7,2,8.8,6.49
26862,2,1,3.6,6.63
26863,6,3,9.9,3.38
26864,4,2,1.1,6.12
26865,2,4,7.9,5.98
26866,6,4,6.2,6.57
26867,4,3,7.4,4.45
26868,3,1,1.5,5.73
26869,5,0,8.4,3.44
26870,1,0,4.8,3.71
26871,0,3,3.2,3.19
26872,5,4,0.3,7.13
26873,4,4,9.2,5.21
26874,6,0,10.0,4.99
26875,4,2,3.7,3.61
26876,5,3,8.0,5.24
26877,4,1,3.3,4.73
26878,3,2,6.6,5.95
26879,7,0,1.3,4.86
26880,4,3,9.1,4.73
26881,5,0,0.9,3.07
26882,4,1,9.3,3.61
26883,1,2,4.1,6.24
26884,4,2,3.6,4.78
26885,3,1,0.9,3.84
26886,2,2,8.2,5.5
26887,4,3,9.4,4.91
26888,0,4,6.3,5.41
26889,6,0,7.8,6.55
26890,2,0,9.9,4.13
26891,1,0,7.8,6.29
26892,5,0,0.8,3.11
26893,3,1,1.7,2.76
26894,7,0,8.6,4.18
26895,0,1,2.9,2.9
26896,3,0,6.3,4.25
26897,3,4,8.4,5.27
26898,0,3,1.3,4.97
26899,3,2,6.0,4.93
26900,6,1,4.5,6.55
26901,0,4,0.3,4.89
26902,6,1,3.9,6.1
26903,2,4,3.7,7.0
26904,7,1,5.3,5.54
26905,6,4,8.8,5.35
26906,2,4,4.1,6.04
26907,1,0,2.6,5.35
26908,6,4,2.5,1.77
26909,5,3,3.2,4.56
26910,3,0,8.6,6.79
26911,7,2,2.9,6.28
26912,4,4,0.2,5.35
26913,4,4,0.9,4.02
26914,2,4,1.2,3.28
26915,1,0,4.1,6.55
26916,1,0,2.8,6.46
26917,2,1,6.3,4.12
26918,5,1,9.7,3.28
26919,7,2,3.6,6.68
26920,1,4,1.6,4.35
26921,4,1,4.4,5.48
26922,0,1,3.8,6.24
26923,3,0,5.8,6.74
26924,3,4,2.6,4.98
26925,3,3,8.1,4.99
26926,6,4,0.9,6.61
26927,3,3,2.9,4.2
26928,6,0,1.2,5.34
26929,2,0,8.1,3.45
26930,4,3,2.6,7.55
26931,5,0,8.0,5.49
26932,3,3,8.4,4.28
26933,3,0,7.7,6.6
26934,3,4,8.5,6.0
26935,6,4,2.5,6.2
26936,2,0,1.4,5.82
26937,2,2,4.3,7.01
26938,2,2,7.3,6.37
26939,5,0,4.8,4.37
26940,6,3,6.2,6.69
26941,5,2,9.9,3.52
26942,4,2,3.1,5.08
26943,2,2,10.0,4.23
26944,5,4,2.8,4.67
26945,5,1,1.9,4.12
26946,6,2,2.7,4.59
26947,7,1,6.4,5.44
26948,4,1,0.3,4.1
26949,5,1,9.8,1.49
26950,1,0,2.8,4.15
26951,3,2,1.5,2.88
26952,3,2,7.7,4.99
26953,7,2,7.5,4.29
26954,6,0,5.8,5.23
26955,2,1,6.3,3.62
26956,2,0,8.3,5.58
26957,0,1,6.8,5.52
26958,6,2,5.0,3.58
26959,0,1,0.7,5.4
26960,3,0,9.5,6.06
26961,1,3,9.7,6.4
26962,5,4,1.9,5.51
26963,2,2,6.2,6.57
26964,6,4,5.4,5.62
26965,0,2,8.0,5.47
26966,4,2,1.6,7.76
26967,7,3,1.3,4.34
26968,6,2,9.2,3.48
26969,6,4,6.5,4.4
26970,3,1,9.2,4.35
26971,6,3,9.9,5.51
26972,3,2,0.1,5.48
26973,1,1,4.4,4.28
26974,1,3,6.1,5.43
26975,3,4,2.5,5.96
26976,1,2,7.6,5.1
26977,3,1,9.0,3.24
26978,2,0,6.8,5.13
26979,7,1,8.7,5.88
26980,5,3,4.2,5.89
26981,6,2,5.7,4.32
26982,1,3,5.0,4.34
26983,0,3,4.5,2.09
26984,1,2,7.7,3.3
26985,4,4,1.7,6.27
26986,0,1,6.1,7.51
26987,6,2,2.1,4.1
26988,0,0,4.4,5.58
26989,6,0,0.5,5.75
26990,7,2,8.1,6.61
26991,4,3,0.1,5.93
26992,3,3,0.3,6.73
26993,7,2,9.9,5.68
26994,3,4,9.7,4.77
26995,7,0,9.5,7.06
26996,0,3,5.8,4.79
26997,0,1,4.0,4.32
26998,4,3,9.9,5.62
26999,3,4,5.5,3.53
27000,6,4,7.4,3.94
27001,7,1,0.9,6.67
27002,7,0,2.8,6.58
27003,1,2,0.7,3.4
27004,6,4,8.0,3.93
27005,0,3,4.7,3.71
27006,3,2,6.1,4.02
27007,1,4,1.9,5.88
27008,0,2,0.0,4.63
27009,0,0,5.0,2.61
27010,0,4,9.0,6.85
27011,6,0,3.5,4.34
27012,6,3,9.8,5.72
27013,2,3,4.4,5.03
27014,0,2,6.2,4.22
27015,3,0,8.3,4.73
27016,2,2,5.1,7.0
27017,7,3,8.7,4.57
27018,2,1,2.4,6.28
27019,2,4,7.4,3.24
27020,5,4,8.8,3.7
27021,1,1,1.1,4.23
27022,0,0,0.6,4.81
27023,0,1,2.7,3.97
27024,2,2,0.3,5.52
27025,2,2,7.3,3.45
27026,4,2,6.4,5.63
27027,4,1,4.4,4.04
27028,1,1,8.8,5.78
27029,5,2,8.6,3.82
27030,4,1,0.1,3.68
27031,2,1,8.1,2.32
27032,0,0,1.9,5.14
27033,7,1,8.6,3.65
27034,0,1,0.3,4.71
27035,4,3,4.4,4.46
27036,0,4,6.6,4.93
27037,4,4,1.6,4.39
27038,2,3,0.4,3.6
27039,7,3,9.4,5.78
27040,6,0,4.2,6.55
27041,5,4,0.6,7.35
27042,5,0,0.3,3.34
27043,0,2,3.3,6.44
27044,3,1,5.7,6.23
27045,1,1,5.0,6.25
27046,5,4,9.4,5.63
27047,1,2,8.4,3.51
27048,2,0,5.5,5.41
27049,0,0,8.3,3.34
27050,1,3,0.1,6.62
27051,6,3,8.7,4.91
27052,5,4,3.5,6.16
27053,1,2,8.0,6.91
27054,3,0,1.6,6.01
27055,6,2,8.9,4.75
27056,4,0,7.6,3.32
27057,7,0,0.1,6.39
27058,6,1,4.9,4.57
27059,6,1,3.0,4.47
27060,7,4,8.2,3.62
27061,0,2,6.0,6.89
27062,1,4,9.6,7.78
27063,1,4,4.9,5.85
27064,4,4,8.0,4.67
27065,6,2,3.4,5.37
27066,5,1,6.5,5.61
27067,6,0,6.5,6.22
27068,4,3,0.3,5.21
27069,1,1,4.0,4.15
27070,6,3,6.7,5.87
27071,1,1,2.8,4.18
27072,1,0,3.8,5.26
27073,4,3,0.3,4.46
27074,6,4,1.7,3.68
27075,4,2,9.2,2.99
27076,5,1,5.2,4.97
27077,3,2,1.0,4.13
27078,5,4,0.3,5.79
27079,0,4,2.3,6.37
27080,6,2,4.1,6.31
27081,1,3,1.7,4.16
27082,1,0,1.2,6.28
27083,0,4,6.8,3.89
27084,4,3,2.4,6.04
27085,2,0,1.7,6.27
27086,3,0,9.2,5.16
27087,4,0,4.1,5.8
27088,7,3,5.7,4.64
27089,0,4,4.5,5.87
27090,6,0,2.2,3.21
27091,0,0,5.3,3.66
27092,0,2,1.4,5.57
27093,2,3,9.1,4.6
27094,2,1,3.3,3.91
27095,7,0,4.3,6.18
27096,3,3,5.1,3.51
27097,4,0,6.2,4.94
27098,7,0,7.8,3.68
27099,3,2,6.8,4.99
27100,7,1,6.4,5.89
27101,3,4,0.4,5.17
27102,4,1,1.4,2.7
27103,3,4,4.0,4.75
27104,0,0,0.2,4.74
27105,2,0,9.6,6.11
27106,7,2,4.1,3.11
27107,3,2,0.1,8.0
27108,0,1,6.9,4.95
27109,7,3,6.5,5.08
27110,4,0,9.8,3.54
27111,6,2,1.7,5.49
27112,5,3,1.6,4.0
27113,0,2,4.2,3.49
27114,4,0,9.1,6.23
27115,3,2,5.4,3.65
27116,1,0,4.3,4.16
27117,3,3,1.3,4.28
27118,2,4,4.7,7.22
27119,5,3,6.7,5.12
27120,3,3,9.0,5.49
27121,5,0,4.2,4.53
27122,1,3,3.2,4.8
27123,3,2,1.9,6.06
27124,0,4,6.5,5.21
27125,3,1,3.9,3.85
27126,2,1,9.3,3.57
27127,0,3,4.2,4.09
27128,5,4,8.4,3.64
27129,3,3,3.9,5.69
27130,1,2,1.4,4.11
27131,2,2,9.1,6.89
27132,2,3,1.5,6.64
27133,1,2,3.8,4.93
27134,0,3,2.9,7.03
27135,1,4,7.9,3.6
27136,7,4,1.2,5.97
27137,7,0,5.1,5.86
27138,5,3,9.0,3.86
27139,5,2,4.1,4.12
27140,4,2,9.5,4.5
27141,4,1,8.1,5.27
27142,2,3,0.9,4.28
27143,3,4,4.1,5.47
27144,2,4,2.1,5.88
27145,5,0,8.2,5.8
27146,1,4,9.0,4.82
27147,4,0,3.0,4.98
27148,4,4,3.2,3.89
27149,2,2,0.4,6.82
27150,5,2,2.4,4.09
27151,7,1,2.2,6.11
27152,7,0,1.4,6.41
27153,7,2,2.9,6.34
27154,5,0,7.9,5.33
27155,2,3,4.0,5.83
27156,4,1,4.4,5.08
27157,7,0,2.4,4.79
27158,7,3,8.9,5.69
27159,1,3,3.3,3.02
27160,5,4,2.0,6.06
27161,0,4,1.1,5.13
27162,6,3,7.8,4.41
27163,7,1,1.4,5.89
27164,7,0,2.9,7.74
27165,1,0,8.1,3.85
27166,3,2,2.3,1.89
27167,7,1,1.2,5.6
27168,6,3,6.1,6.94
27169,1,3,4.7,6.32
27170,4,3,6.9,3.99
27171,3,3,7.2,4.86
27172,3,2,6.4,5.24
27173,5,0,1.3,6.51
27174,1,1,5.3,4.57
27175,3,4,3.4,5.97
27176,3,2,7.1,5.84
27177,3,3,8.0,4.75
27178,3,0,1.6,6.08
27179,1,3,4.1,5.45
27180,1,0,2.0,3.96
27181,7,2,8.1,4.14
27182,4,3,1.2,5.77
27183,0,4,8.4,3.87
27184,5,2,1.6,4.85
27185,1,1,4.7,5.58
27186,7,2,8.7,6.79
27187,2,3,9.0,5.95
27188,4,0,0.7,4.89
27189,2,3,2.2,3.98
27190,7,2,3.8,5.72
27191,1,2,6.7,4.36
27192,7,1,0.6,3.86
27193,3,4,4.0,6.03
27194,1,3,4.9,5.25
27195,1,3,4.0,4.07
27196,2,4,3.0,2.02
27197,5,0,5.6,5.44
27198,4,0,9.5,7.38
27199,5,3,5.0,3.85
27200,7,0,5.9,3.85
27201,6,4,7.0,4.19
27202,3,0,7.0,3.73
27203,3,0,6.3,4.47
27204,1,0,2.2,5.45
27205,6,3,4.0,7.02
27206,5,1,4.2,5.79
27207,3,1,0.2,3.88
27208,1,2,3.8,5.63
27209,7,0,7.7,3.56
27210,3,0,7.1,4.36
27211,1,2,4.3,3.45
27212,1,4,7.2,2.6
27213,2,0,0.8,5.73
27214,1,2,4.1,3.11
27215,1,3,7.3,3.75
27216,5,0,4.1,6.44
27217,6,3,2.4,4.8
27218,1,2,7.6,6.46
27219,3,4,1.3,4.83
27220,3,1,1.2,8.2
27221,7,2,2.1,6.06
27222,1,2,10.0,4.28
27223,1,0,0.3,5.58
27224,2,1,1.6,3.63
27225,3,1,2.4,7.64
27226,5,1,3.1,4.6
27227,6,3,2.5,6.79
27228,4,3,6.0,4.78
27229,6,0,2.0,4.69
27230,6,3,0.3,6.41
27231,2,4,1.2,6.58
27232,3,2,0.0,5.25
27233,3,1,4.0,5.37
27234,2,0,3.1,3.39
27235,1,2,6.6,4.75
27236,4,3,4.2,2.41
27237,4,4,5.6,3.5
27238,1,2,5.6,4.14
27239,0,2,2.1,6.69
27240,1,2,3.9,3.79
27241,2,1,8.8,3.47
27242,4,1,0.5,6.04
27243,2,2,4.4,4.99
27244,2,4,6.0,4.87
27245,3,0,2.2,4.56
27246,3,3,5.3,5.21
27247,5,3,3.7,6.51
27248,0,2,7.1,5.05
27249,3,2,9.1,4.93
27250,1,2,9.1,4.89
27251,0,3,2.4,6.43
27252,6,1,6.2,4.35
27253,3,1,9.6,4.61
27254,1,4,3.2,4.88
27255,3,0,6.0,3.65
27256,2,1,3.3,2.32
27257,0,0,0.6,7.23
27258,1,0,4.3,3.16
27259,4,4,5.8,3.84
27260,3,0,1.8,5.7
27261,7,2,4.2,3.8
27262,5,0,1.9,7.06
27263,7,3,7.8,4.87
27264,1,3,7.6,5.42
27265,5,1,3.5,4.63
27266,1,0,7.2,6.13
27267,4,0,5.6,5.51
27268,2,0,1.2,5.88
27269,2,0,7.5,3.38
27270,0,1,2.4,5.72
27271,1,4,7.9,2.86
27272,6,0,0.0,5.58
27273,3,0,0.6,5.68
27274,3,4,6.1,7.01
27275,5,0,5.9,4.92
27276,4,2,4.8,4.5
27277,4,4,0.8,5.56
27278,0,1,6.9,6.16
27279,3,4,8.9,5.0
27280,0,2,1.2,5.84
27281,0,4,5.3,5.76
27282,6,2,9.8,4.7
27283,0,0,5.3,6.3
27284,2,3,5.5,5.78
27285,5,1,9.2,6.22
27286,4,0,9.9,3.36
27287,5,2,3.9,4.04
27288,3,4,7.1,3.49
27289,5,4,7.3,3.09
27290,5,3,0.6,3.67
27291,0,1,1.5,4.61
27292,6,1,4.0,4.11
27293,7,0,4.8,5.51
27294,7,3,7.5,3.25
27295,6,3,9.1,7.38
27296,3,1,6.3,3.93
27297,5,4,7.4,5.99
27298,1,0,2.8,5.09
27299,2,0,3.6,5.62
27300,4,2,8.1,3.04
27301,0,1,0.0,4.78
27302,4,2,4.3,4.06
27303,7,0,6.3,6.54
27304,7,2,6.6,4.65
27305,5,1,0.4,3.1
27306,2,0,5.5,4.85
27307,1,3,9.2,4.77
27308,5,2,2.6,4.63
27309,0,3,3.9,6.61
27310,6,3,8.2,6.46
27311,7,0,4.9,2.87
27312,5,1,8.1,4.3
27313,5,4,6.3,4.48
27314,6,1,4.1,5.46
27315,6,3,8.9,6.0
27316,2,1,8.7,6.33
27317,1,1,6.8,3.9
27318,3,0,8.7,8.59
27319,2,3,2.5,5.68
27320,0,4,0.4,7.24
27321,4,0,6.7,4.9
27322,2,3,7.2,2.01
27323,4,3,4.4,6.59
27324,0,4,8.2,5.54
27325,7,0,0.6,5.78
27326,7,0,0.8,6.66
27327,6,2,8.5,4.08
27328,5,3,7.3,1.53
27329,5,4,9.8,3.5
27330,6,2,6.3,5.12
27331,5,1,2.0,2.0
27332,7,2,5.7,3.83
27333,0,2,3.5,7.02
27334,1,4,3.1,7.29
27335,2,0,7.6,4.17
27336,3,1,9.7,3.67
27337,7,4,9.9,4.96
27338,5,1,6.7,7.42
27339,1,2,2.9,4.98
27340,7,4,1.9,4.51
27341,2,4,9.8,5.27
27342,2,2,8.2,5.43
27343,1,2,1.4,5.7
27344,3,4,0.2,5.27
27345,6,4,0.2,5.0
27346,1,0,1.0,7.09
27347,5,2,4.8,4.69
27348,3,3,4.5,5.39
27349,2,2,0.6,3.31
27350,1,0,4.4,5.43
27351,6,1,2.6,5.78
27352,2,3,3.7,5.88
27353,2,2,4.1,4.77
27354,5,0,3.5,4.06
27355,7,2,3.5,3.74
27356,0,4,2.5,3.18
27357,3,1,9.7,3.29
27358,5,1,8.1,5.12
27359,1,1,7.1,2.36
27360,0,3,8.2,3.12
27361,2,0,8.9,5.09
27362,5,2,8.4,3.58
27363,1,3,1.2,6.02
27364,7,4,6.0,4.42
27365,2,3,3.3,8.19
27366,1,4,7.4,5.32
27367,7,3,5.4,5.11
27368,5,1,4.6,4.2
27369,2,4,8.2,4.32
27370,4,4,0.6,4.9
27371,7,0,8.5,5.77
27372,0,0,5.7,4.72
27373,7,4,2.2,4.63
27374,2,1,0.5,6.15
27375,1,1,6.2,4.73
27376,1,0,0.2,6.02
27377,5,0,1.7,3.59
27378,4,2,6.4,4.14
27379,0,3,2.8,6.84
27380,0,4,4.2,6.29
27381,5,3,0.7,2.58
27382,7,4,3.7,2.87
27383,3,2,0.4,6.27
27384,2,3,3.0,5.19
27385,4,1,0.3,4.72
27386,2,1,2.9,3.59
27387,4,3,4.2,4.95
27388,0,3,8.5,3.32
27389,7,3,3.4,5.27
27390,7,2,9.6,4.08
27391,2,2,3.3,5.78
27392,2,1,7.6,4.74
27393,6,4,2.7,4.4
27394,3,3,4.6,5.42
27395,5,2,1.1,4.58
27396,6,3,7.0,4.14
27397,4,4,3.6,5.64
27398,7,0,4.4,5.37
27399,1,3,7.7,6.12
27400,6,4,1.3,5.52
27401,5,1,3.3,5.0
27402,4,3,9.7,3.96
27403,6,3,7.6,6.55
27404,2,1,8.3,5.33
27405,7,3,9.3,4.86
27406,2,0,9.9,4.55
27407,3,4,9.6,5.43
27408,0,1,8.5,6.07
27409,1,3,2.9,4.13
27410,3,4,2.9,5.12
27411,2,0,3.7,5.11
27412,2,3,8.8,4.11
27413,3,3,0.8,5.76
27414,3,3,5.3,3.34
27415,1,2,1.8,4.22
27416,0,2,1.5,4.06
27417,5,0,7.6,4.8
27418,4,4,3.6,5.97
27419,3,0,4.9,6.11
27420,4,1,0.8,4.01
27421,0,3,3.0,5.69
27422,0,3,2.3,5.49
27423,4,3,4.7,6.42
27424,5,2,6.4,5.16
27425,1,1,1.7,6.5
27426,6,1,8.9,5.36
27427,1,0,4.9,6.23
27428,0,3,8.9,5.99
27429,6,2,3.0,5.45
27430,0,0,7.1,5.26
27431,3,1,5.8,4.11
27432,0,3,1.0,4.51
27433,6,4,1.3,6.04
27434,4,3,8.3,2.36
27435,3,1,0.2,5.76
27436,6,3,7.1,6.19
27437,7,2,4.5,5.27
27438,3,3,9.5,3.82
27439,7,0,5.7,5.11
27440,0,3,3.4,4.83
27441,4,1,5.9,5.11
27442,4,0,6.7,4.72
27443,2,4,5.0,5.75
27444,1,0,9.4,4.44
27445,2,0,9.6,6.92
27446,6,2,4.5,4.44
27447,0,1,0.6,5.38
27448,3,2,4.8,5.37
27449,0,2,3.7,3.67
27450,0,0,2.5,5.05
27451,6,0,10.0,4.18
27452,4,0,1.1,3.96
27453,2,0,8.6,4.91
27454,5,1,1.8,4.24
27455,6,3,3.4,4.22
27456,1,4,1.1,4.44
27457,1,1,0.0,4.1
27458,6,3,8.0,4.6
27459,4,3,0.4,4.6
27460,2,0,5.1,5.69
27461,6,3,1.1,5.55
27462,2,4,1.0,6.54
27463,3,1,0.2,4.79
27464,4,1,3.7,3.66
27465,2,1,5.7,2.89
27466,0,2,2.4,4.83
27467,4,4,8.3,6.09
27468,0,4,0.3,6.7
27469,1,3,6.5,5.84
27470,7,2,9.0,5.06
27471,3,2,6.2,4.66
27472,6,1,7.6,6.34
27473,3,0,1.8,6.47
27474,1,3,10.0,3.9
27475,1,3,9.3,5.44
27476,0,0,8.8,4.97
27477,7,0,3.5,3.6
27478,2,1,6.3,5.32
27479,5,0,7.3,6.57
27480,3,2,2.7,4.27
27481,4,0,3.5,3.73
27482,3,0,3.9,5.29
27483,1,4,3.8,3.39
27484,0,3,9.6,2.37
27485,0,2,2.9,6.65
27486,5,4,4.6,5.55
27487,3,4,4.2,3.73
27488,3,4,9.3,4.62
27489,4,2,5.3,5.45
27490,7,0,7.9,6.27
27491,7,3,4.7,6.96
27492,0,0,9.9,4.57
27493,4,4,7.8,4.62
27494,5,3,5.8,4.36
27495,4,1,8.0,4.8
27496,1,0,6.5,8.61
27497,7,2,6.4,5.61
27498,3,4,1.5,4.32
27499,7,1,5.9,3.58
27500,3,0,8.2,5.42
27501,2,3,4.6,4.4
27502,1,1,1.1,3.78
27503,5,4,5.2,6.24
27504,2,4,4.1,5.83
27505,1,3,1.6,4.37
27506,1,0,5.7,7.14
27507,2,2,0.9,5.06
27508,1,0,1.2,3.83
27509,0,3,5.5,3.7
27510,1,0,7.3,2.82
27511,5,2,2.0,5.08
27512,3,0,8.3,6.04
27513,7,1,8.9,4.92
27514,2,0,8.8,5.37
27515,1,0,6.3,5.07
27516,6,1,4.0,4.64
27517,3,0,6.2,3.45
27518,4,3,4.8,6.65
27519,0,3,1.8,4.5
27520,3,0,7.6,6.28
27521,6,4,0.6,6.05
27522,3,1,7.6,4.27
27523,0,2,0.8,3.96
27524,2,3,6.3,7.12
27525,4,0,3.4,3.36
27526,6,0,7.1,4.76
27527,1,4,5.7,5.89
27528,3,0,5.7,3.9
27529,4,1,6.0,3.88
27530,6,3,3.9,5.56
27531,0,1,4.1,6.99
27532,0,4,4.8,5.21
27533,5,3,0.0,3.18
27534,1,3,6.9,4.09
27535,0,3,8.2,3.41
27536,3,3,9.6,2.2
27537,0,4,6.7,5.23
27538,2,3,5.7,4.51
27539,5,2,0.2,5.37
27540,6,3,7.0,5.54
27541,4,0,4.5,3.07
27542,2,1,3.8,6.61
27543,3,2,5.9,3.44
27544,7,4,2.2,5.68
27545,4,1,2.8,4.21
27546,7,1,7.4,4.69
27547,7,4,5.2,5.67
27548,4,2,7.2,4.08
27549,0,0,0.7,4.32
27550,2,2,3.1,3.43
27551,5,1,8.9,3.81
27552,6,0,0.7,4.52
27553,1,0,4.9,5.43
27554,1,2,1.1,6.1
27555,2,0,4.0,4.65
27556,3,0,6.9,5.76
27557,1,0,6.4,4.74
27558,2,3,4.4,5.91
27559,4,4,6.6,4.76
27560,7,4,5.8,3.69
27561,6,2,7.0,5.02
27562,7,4,6.9,5.95
27563,0,1,6.4,8.44
27564,7,2,7.5,3.38
27565,3,0,9.3,4.0
27566,3,4,8.5,2.93
27567,6,4,0.4,5.35
27568,5,3,3.8,5.59
27569,2,2,3.0,6.39
27570,1,1,0.5,3.66
27571,2,1,3.1,5.82
27572,6,1,1.7,6.01
27573,3,1,9.5,3.35
27574,6,4,7.9,5.85
27575,5,2,1.6,3.98
27576,4,0,3.5,4.4
27577,2,4,8.7,5.18
27578,4,0,4.1,3.78
27579,4,2,6.8,3.52
27580,4,4,6.3,6.21
27581,1,3,1.8,5.39
27582,4,4,7.6,4.84
27583,6,1,1.1,6.13
27584,7,4,7.7,3.24
27585,2,0,2.8,4.83
27586,0,0,4.5,5.93
27587,2,3,5.9,8.15
27588,5,1,3.3,5.68
27589,5,3,1.9,4.81
27590,3,0,4.3,5.36
27591,7,3,6.6,4.98
27592,4,0,2.3,6.26
27593,5,1,1.3,4.41
27594,7,3,6.2,5.97
27595,2,1,0.5,3.78
27596,1,2,6.3,6.9
27597,6,3,2.6,6.92
27598,3,3,3.9,5.61
27599,7,2,5.5,5.62
27600,4,3,0.7,5.4
27601,7,0,0.2,5.67
27602,1,2,9.9,5.14
27603,7,4,4.3,5.49
27604,2,4,7.0,3.18
27605,7,2,2.0,6.58
27606,0,1,2.3,4.72
27607,3,3,0.2,5.4
27608,6,4,6.9,4.33
27609,2,2,8.0,5.15
27610,7,0,6.9,6.66
27611,6,1,4.9,7.83
27612,6,2,8.4,4.73
27613,4,3,0.9,5.47
27614,1,4,5.0,4.25
27615,2,1,6.4,4.25
27616,2,1,8.4,5.53
27617,6,4,0.5,3.26
27618,4,2,9.3,5.6
27619,7,1,2.5,6.07
27620,1,1,1.2,5.84
27621,6,1,1.7,4.89
27622,1,1,9.4,4.7
27623,2,4,4.0,4.64
27624,3,2,9.4,5.31
27625,4,3,2.9,3.11
27626,1,1,1.4,6.48
27627,0,1,1.7,4.25
27628,6,0,1.4,7.15
27629,4,2,7.9,4.32
27630,1,4,1.6,5.85
27631,6,1,4.6,4.75
27632,7,1,4.9,7.36
27633,3,2,1.3,4.81
27634,7,0,3.4,4.91
27635,1,3,1.3,4.72
27636,4,4,5.5,6.71
27637,0,2,4.6,4.99
27638,3,3,7.7,5.0
27639,6,3,6.2,2.54
27640,7,1,5.5,4.27
27641,1,0,0.3,5.3
27642,3,1,3.1,5.54
27643,3,1,7.5,5.3
27644,5,1,6.9,6.77
27645,0,0,9.5,4.62
27646,4,1,6.9,3.79
27647,0,1,0.8,5.38
27648,1,1,3.3,3.89
27649,6,3,1.8,4.61
27650,5,1,9.4,3.08
27651,0,2,4.4,2.8
27652,5,3,6.0,4.41
27653,6,3,4.4,4.83
27654,2,3,4.0,4.35
27655,6,2,3.4,7.87
27656,2,4,9.2,5.27
27657,6,4,9.2,4.69
27658,7,2,2.6,8.41
27659,0,0,6.1,4.06
27660,7,3,2.2,5.6
27661,5,2,8.7,4.46
27662,0,3,3.8,4.69
27663,7,3,5.7,3.75
27664,3,3,1.1,4.16
27665,7,0,5.1,4.28
27666,1,0,4.4,6.91
27667,2,0,7.1,5.18
27668,1,1,7.2,6.73
27669,2,4,4.1,4.1
27670,2,3,2.1,4.78
27671,3,0,4.9,2.77
27672,7,1,3.5,4.98
27673,6,2,7.8,7.3
27674,0,1,5.6,4.65
27675,4,2,5.3,5.41
27676,3,0,7.7,5.45
27677,2,0,2.9,3.52
27678,2,0,7.3,6.22
27679,1,3,3.7,6.14
27680,4,1,9.9,5.56
27681,1,3,3.6,3.21
27682,3,0,9.4,6.79
27683,6,2,8.4,3.36
27684,7,1,9.5,6.74
27685,2,1,8.2,5.06
27686,0,4,6.9,5.32
27687,4,1,9.7,4.32
27688,3,0,5.7,4.52
27689,2,2,2.3,6.91
27690,7,3,3.9,5.58
27691,0,4,6.4,5.65
27692,3,2,1.6,5.68
27693,5,2,5.6,6.43
27694,2,3,2.1,5.98
27695,4,3,2.1,3.78
27696,6,4,1.8,5.08
27697,4,4,0.8,5.07
27698,7,1,9.2,4.09
27699,2,0,8.8,4.69
27700,6,1,6.1,5.78
27701,0,3,5.1,5.45
27702,4,1,2.4,3.48
27703,4,1,0.9,6.08
27704,4,3,5.8,5.38
27705,1,1,9.7,4.64
27706,1,1,7.0,4.51
27707,4,1,9.4,6.4
27708,4,4,3.9,3.51
27709,6,3,2.7,5.38
27710,6,2,8.5,5.23
27711,3,1,2.0,3.89
27712,2,1,1.9,3.45
27713,1,4,9.4,4.43
27714,6,4,9.4,4.25
27715,6,0,9.6,5.33
27716,1,1,2.9,4.36
27717,3,0,9.6,5.31
27718,7,0,5.5,5.96
27719,1,1,6.2,5.45
27720,0,0,6.8,5.1
27721,6,4,2.8,6.07
27722,7,4,2.0,4.79
27723,3,2,2.2,5.07
27724,6,2,6.4,5.59
27725,6,0,5.0,2.95
27726,5,2,6.9,6.98
27727,2,0,2.4,4.32
27728,4,4,0.5,4.17
27729,7,3,7.7,5.18
27730,4,3,9.7,4.52
27731,2,4,7.5,3.75
27732,4,1,7.7,5.63
27733,3,0,5.5,3.23
27734,0,3,1.4,4.3
27735,7,1,9.3,3.81
27736,4,2,2.8,4.03
27737,0,1,0.9,5.29
27738,1,0,5.3,4.3
27739,1,1,4.1,4.37
27740,5,0,5.4,3.94
27741,2,1,8.2,5.69
27742,2,4,0.6,7.16
27743,0,2,2.0,4.41
27744,5,4,2.1,4.75
27745,0,4,9.3,6.39
27746,4,1,9.5,5.41
27747,0,0,8.1,3.76
27748,1,1,3.0,3.71
27749,5,2,5.9,5.3
27750,4,1,3.0,4.01
27751,0,0,7.6,3.21
27752,5,2,4.4,3.82
27753,5,3,8.5,5.61
27754,5,3,4.9,6.96
27755,6,1,8.6,2.96
27756,3,1,9.3,5.22
27757,6,1,8.2,3.74
27758,5,1,3.8,3.86
27759,7,0,5.5,3.11
27760,5,4,6.2,4.17
27761,0,2,2.0,4.19
27762,0,4,8.6,5.81
27763,4,2,5.1,5.7
27764,2,4,3.1,5.09
27765,6,2,7.9,4.82
27766,7,2,8.0,6.49
27767,0,2,4.2,3.69
27768,7,3,9.3,7.55
27769,4,0,3.8,5.6
27770,3,3,7.2,6.96
27771,1,3,7.5,6.9
27772,0,1,8.1,3.87
27773,0,4,1.1,4.66
27774,6,4,4.3,4.48
27775,6,2,3.9,2.55
27776,2,3,5.6,6.02
27777,7,2,8.0,3.6
27778,5,1,7.8,5.21
27779,4,4,3.1,6.28
27780,1,3,3.8,4.54
27781,2,1,5.1,5.38
27782,1,1,5.8,4.45
27783,0,1,4.3,4.38
27784,7,0,1.2,4.76
27785,3,3,5.0,3.07
27786,4,4,8.3,6.6
27787,5,4,7.4,5.84
27788,1,4,4.8,3.13
27789,6,4,8.9,4.45
27790,6,0,5.2,5.97
27791,0,1,6.3,5.71
27792,2,2,7.0,3.68
27793,6,3,2.6,4.77
27794,0,3,5.5,6.29
27795,7,2,9.6,5.18
27796,4,2,1.0,7.83
27797,0,3,8.5,5.13
27798,2,4,2.4,5.58
27799,1,2,2.5,6.35
27800,7,0,9.7,3.21
27801,1,0,2.5,6.94
27802,3,4,6.3,3.63
27803,7,2,5.1,4.64
27804,7,2,9.2,4.97
27805,1,3,1.0,5.47
27806,4,3,4.8,4.25
27807,4,0,9.9,6.02
27808,1,0,10.0,6.92
27809,7,2,9.1,3.69
27810,2,0,3.1,6.01
27811,0,0,5.6,5.56
27812,6,4,4.1,6.06
27813,6,1,8.0,4.34
27814,7,3,0.8,4.55
27815,5,4,2.8,3.77
27816,0,2,9.2,5.28
27817,7,0,9.7,3.64
27818,5,3,4.6,5.61
27819,3,4,5.7,6.79
27820,3,2,9.9,3.8
27821,7,2,8.2,3.92
27822,5,0,6.5,4.78
27823,5,3,6.1,3.71
27824,5,4,2.7,5.45
27825,2,1,5.7,7.07
27826,7,3,1.0,3.14
27827,2,2,3.6,5.88
27828,5,2,8.7,4.27
27829,0,0,6.2,5.92
27830,2,4,6.4,5.01
27831,7,4,2.1,4.34
27832,2,0,4.3,4.52
27833,0,2,3.8,5.52
27834,3,1,6.7,4.68
27835,5,3,2.6,7.98
27836,2,1,4.4,7.05
27837,4,1,0.2,4.04
27838,1,1,7.7,2.1
27839,5,0,1.7,5.03
27840,3,2,4.5,4.15
27841,6,0,0.4,6.0
27842,1,2,1.7,4.8
27843,3,4,5.9,3.82
27844,5,2,2.1,5.38
27845,7,4,8.3,5.05
27846,6,0,3.7,6.06
27847,2,3,0.4,5.82
27848,7,0,8.5,6.19
27849,1,1,1.4,5.02
27850,5,2,4.5,4.72
27851,6,1,5.1,5.21
27852,7,3,3.1,4.94
27853,6,4,2.4,6.12
27854,6,3,0.6,5.22
27855,4,0,8.8,3.58
27856,0,4,5.4,6.73
27857,6,4,9.8,3.08
27858,7,2,3.0,4.69
27859,6,1,0.4,3.38
27860,6,2,1.5,3.85
27861,6,4,0.1,3.34
27862,0,3,5.7,5.39
27863,3,4,2.2,3.14
27864,7,4,0.2,5.07
27865,6,1,4.2,5.33
27866,0,1,6.7,4.98
27867,3,4,1.1,6.45
27868,6,3,4.2,4.07
27869,1,0,4.0,6.16
27870,0,4,2.7,4.54
27871,4,2,0.6,5.82
27872,6,3,6.7,5.77
27873,0,3,4.1,7.71
27874,1,0,5.7,5.45
27875,2,2,5.2,6.87
27876,7,2,7.6,3.18
27877,1,1,1.4,5.3
27878,4,1,8.6,5.21
27879,3,1,1.9,5.22
27880,1,2,2.3,3.52
27881,4,3,5.7,4.46
27882,6,0,7.4,5.81
27883,4,3,2.9,5.16
27884,7,0,9.5,6.6
27885,6,3,5.4,6.17
27886,2,0,4.8,5.05
27887,1,4,3.5,4.99
27888,0,0,7.9,6.19
27889,7,2,2.9,3.78
27890,6,1,1.1,4.68
27891,2,3,0.6,6.1
27892,5,2,3.2,5.41
27893,5,3,9.3,7.2
27894,0,0,6.1,2.66
27895,4,1,1.2,7.29
27896,0,4,2.0,6.87
27897,1,3,5.8,3.57
27898,3,1,5.6,3.5
27899,1,4,8.1,5.43
27900,7,4,7.4,3.67
27901,4,0,3.9,5.31
27902,0,4,8.3,5.79
27903,1,3,4.1,4.72
27904,1,2,3.6,4.59
27905,7,1,0.7,3.09
27906,0,3,1.7,3.83
27907,6,0,3.9,5.83
27908,2,0,7.2,5.6
27909,4,0,0.5,5.99
27910,2,1,0.2,6.34
27911,7,2,3.5,6.02
27912,7,0,1.8,3.11
27913,1,3,5.2,4.73
27914,1,0,7.9,7.09
27915,7,0,2.8,6.54
27916,7,3,7.5,4.51
27917,2,2,0.9,6.2
27918,5,0,2.0,4.27
27919,5,0,3.4,4.13
27920,0,3,9.9,4.58
27921,7,3,1.8,5.99
27922,3,0,7.2,4.74
27923,4,0,6.4,3.81
27924,3,4,7.4,5.34
27925,4,3,6.8,4.12
27926,0,3,3.0,5.03
27927,6,3,9.7,5.67
27928,7,4,1.3,3.5
27929,0,2,3.9,5.05
27930,6,0,0.9,7.73
27931,7,2,4.4,6.22
27932,1,1,6.8,4.55
27933,1,2,2.0,4.25
27934,5,2,8.7,5.35
27935,6,2,0.9,3.97
27936,0,1,4.4,6.86
27937,5,2,4.9,2.19
27938,3,2,4.3,5.96
27939,0,1,7.9,4.28
27940,1,1,6.6,6.8
27941,4,0,4.1,7.63
27942,2,4,9.6,5.36
27943,2,3,3.6,7.04
27944,1,3,7.2,6.79
27945,7,4,6.7,2.64
27946,1,4,4.0,7.86
27947,7,2,2.2,4.29
27948,7,4,4.7,6.86
27949,5,1,1.2,6.83
27950,7,3,6.1,4.24
27951,2,2,1.2,6.85
27952,2,4,7.4,5.16
27953,3,3,5.5,5.56
27954,7,0,0.5,7.16
27955,0,1,8.2,5.63
27956,5,2,4.5,5.63
27957,7,1,4.1,4.45
27958,1,1,5.9,4.59
27959,4,0,6.0,4.27
27960,1,4,3.6,3.85
27961,5,1,5.3,5.41
27962,0,0,4.2,3.78
27963,5,3,1.3,5.72
27964,0,3,1.9,3.52
27965,1,4,9.4,3.66
27966,1,1,1.4,4.69
27967,2,2,6.2,5.91
27968,5,0,5.2,4.33
27969,4,1,1.5,4.26
27970,3,2,0.2,5.23
27971,1,2,8.2,6.02
27972,7,2,7.9,6.44
27973,2,4,0.4,5.02
27974,3,4,9.7,2.01
27975,0,3,9.5,5.01
27976,2,1,8.4,4.5
27977,7,2,6.8,4.41
27978,5,3,3.2,4.49
27979,6,0,9.5,4.66
27980,6,3,0.5,4.71
27981,4,2,0.2,3.32
27982,2,4,8.0,5.46
27983,6,1,8.7,4.88
27984,7,3,7.4,5.33
27985,4,1,2.8,5.15
27986,6,4,8.3,3.91
27987,2,0,0.1,3.41
27988,4,0,2.0,5.81
27989,4,3,5.6,4.41
27990,3,3,3.3,3.86
27991,0,2,5.1,4.87
27992,0,2,8.5,3.75
27993,0,1,5.4,5.36
27994,6,0,5.9,3.31
27995,0,0,3.2,5.97
27996,4,0,4.1,3.79
27997,1,3,7.5,5.01
27998,2,4,0.8,5.28
27999,6,0,3.4,5.23
28000,2,2,3.2,2.65
28001,2,1,5.7,3.92
28002,1,1,0.4,4.79
28003,0,2,8.1,3.15
28004,4,4,9.6,6.87
28005,7,4,4.0,4.56
28006,3,0,9.2,4.7
28007,0,3,7.2,5.57
28008,6,0,6.6,5.49
28009,7,3,3.1,4.88
28010,2,0,1.3,2.87
28011,1,1,7.1,5.2
28012,4,1,8.8,5.86
28013,4,1,5.9,7.3
28014,1,0,5.6,4.48
28015,6,2,4.0,3.67
28016,5,3,9.4,4.21
28017,3,2,7.6,5.94
28018,7,2,5.0,6.48
28019,0,4,2.1,5.73
28020,6,2,8.0,6.46
28021,2,4,2.5,3.85
28022,4,3,6.3,4.09
28023,0,1,8.0,3.83
28024,5,4,3.9,6.31
28025,7,0,7.8,2.18
28026,3,4,0.1,5.1
28027,4,3,2.6,3.78
28028,5,3,8.8,6.21
28029,1,4,4.4,4.93
28030,4,4,4.6,4.06
28031,3,1,4.4,4.96
28032,6,3,7.9,4.47
28033,6,2,8.4,5.75
28034,2,0,7.7,4.18
28035,6,4,5.9,3.76
28036,2,0,6.5,3.87
28037,6,1,8.6,6.28
28038,4,4,6.0,3.44
28039,3,3,8.6,5.58
28040,1,2,2.3,3.96
28041,0,4,6.5,4.75
28042,3,4,7.2,5.06
28043,2,1,0.3,7.59
28044,3,0,8.6,8.05
28045,2,1,5.5,3.41
28046,2,1,4.9,4.36
28047,4,0,1.4,5.88
28048,4,3,5.7,6.81
28049,7,2,2.8,6.77
28050,6,4,5.9,4.04
28051,6,2,8.1,6.25
28052,4,1,4.4,3.67
28053,5,1,4.8,5.43
28054,5,3,3.5,5.26
28055,1,1,6.6,4.62
28056,7,2,3.2,4.17
28057,5,4,7.7,5.96
28058,5,2,0.2,5.46
28059,0,1,1.2,6.71
28060,5,1,3.8,4.49
28061,4,4,3.6,6.02
28062,5,3,9.7,5.05
28063,3,2,5.7,3.97
28064,6,3,7.1,5.31
28065,4,4,2.9,4.23
28066,4,1,8.5,5.23
28067,4,4,5.3,6.95
28068,6,4,2.6,5.17
28069,5,0,5.5,3.86
28070,2,3,5.9,5.33
28071,3,0,5.9,5.42
28072,3,2,0.3,5.63
28073,7,4,7.5,2.05
28074,4,0,2.7,5.46
28075,6,3,9.2,4.26
28076,4,3,1.7,6.05
28077,4,3,0.3,5.79
28078,3,4,8.6,3.3
28079,4,1,9.5,5.96
28080,4,1,2.8,4.14
28081,0,4,0.5,7.14
28082,3,4,1.1,5.99
28083,7,2,6.5,5.03
28084,2,2,2.1,5.23
28085,4,1,6.8,6.1
28086,5,1,5.0,4.32
28087,4,0,9.4,6.04
28088,2,4,5.7,2.98
28089,1,3,2.6,5.91
28090,6,1,9.8,3.65
28091,7,0,4.9,5.4
28092,6,1,4.7,5.23
28093,2,2,9.7,4.67
28094,2,3,9.6,5.93
28095,3,1,0.4,6.45
28096,7,4,2.5,4.43
28097,2,1,0.8,4.76
28098,5,4,1.6,6.02
28099,0,3,8.9,6.08
28100,5,4,8.2,4.24
28101,7,0,0.9,7.9
28102,3,2,3.1,6.51
28103,6,1,1.1,4.26
28104,2,4,3.7,7.33
28105,1,3,9.3,5.66
28106,2,4,8.6,3.07
28107,3,2,4.9,4.62
28108,0,0,4.6,5.18
28109,4,4,7.8,3.69
28110,1,3,1.3,5.08
28111,0,2,3.3,5.31
28112,3,3,9.9,6.36
28113,5,3,5.8,6.06
28114,4,1,0.4,7.03
28115,7,0,5.6,6.55
28116,7,4,2.1,4.74
28117,6,2,7.0,5.01
28118,6,2,7.4,6.71
28119,4,1,1.8,5.9
28120,0,0,5.8,4.58
28121,2,0,5.3,2.76
28122,6,3,8.1,5.85
28123,4,2,3.2,4.43
28124,0,3,6.2,4.28
28125,2,2,5.0,6.97
28126,5,3,5.1,3.75
28127,3,1,3.5,5.15
28128,4,4,0.4,7.25
28129,4,2,6.4,4.61
28130,7,0,8.4,6.48
28131,7,2,3.9,3.98
28132,6,3,9.6,7.48
28133,4,4,6.7,3.73
28134,6,1,1.6,5.79
28135,6,2,1.5,3.71
28136,1,1,9.9,4.06
28137,6,4,1.9,3.9
28138,2,0,6.7,5.36
28139,6,1,9.7,4.8
28140,0,3,7.6,3.68
28141,5,2,3.1,6.4
28142,1,2,1.4,5.26
28143,2,3,3.6,3.9
28144,4,2,0.3,5.39
28145,0,3,7.1,4.73
28146,7,1,8.3,4.84
28147,6,3,4.9,7.44
28148,4,3,6.0,4.31
28149,7,4,0.7,2.91
28150,2,3,9.8,4.86
28151,4,0,5.2,6.5
28152,0,3,5.6,4.78
28153,3,4,1.6,5.99
28154,7,3,1.8,5.21
28155,6,0,6.2,5.37
28156,1,2,3.1,5.7
28157,6,3,8.9,5.25
28158,5,0,1.0,4.78
28159,5,0,9.0,5.79
28160,7,3,8.2,5.98
28161,7,3,2.6,4.71
28162,6,2,0.2,2.72
28163,6,0,0.5,4.43
28164,7,4,4.5,4.23
28165,2,2,5.5,4.88
28166,4,4,7.4,4.91
28167,6,1,9.4,5.28
28168,5,2,1.6,4.67
28169,4,2,4.6,4.07
28170,2,1,0.6,6.38
28171,2,4,8.6,5.24
28172,2,4,2.2,5.18
28173,3,3,2.5,4.22
28174,0,1,2.4,4.39
28175,4,4,7.5,3.77
28176,3,4,3.5,5.16
28177,0,2,7.8,5.54
28178,1,3,2.9,4.42
28179,3,3,3.9,3.46
28180,5,0,9.9,4.09
28181,6,3,3.4,6.07
28182,3,0,9.3,6.73
28183,1,1,7.0,7.6
28184,6,3,3.0,7.3
28185,7,1,6.9,2.53
28186,4,0,7.0,5.83
28187,0,1,8.3,5.4
28188,1,1,7.4,4.4
28189,3,1,7.1,5.01
28190,1,2,7.5,4.51
28191,3,4,8.5,5.93
28192,4,1,6.9,3.9
28193,6,4,5.0,4.59
28194,7,0,6.5,4.53
28195,5,3,8.5,2.78
28196,2,0,0.1,6.61
28197,3,1,0.4,5.74
28198,5,0,5.1,2.8
28199,6,4,1.3,5.25
28200,4,1,2.9,5.27
28201,5,0,5.5,5.54
28202,7,3,6.8,4.95
28203,1,2,0.4,4.88
28204,7,1,9.0,5.35
28205,7,3,3.6,5.33
28206,6,1,8.5,6.11
28207,5,4,0.4,4.45
28208,0,4,4.7,4.05
28209,7,1,5.8,5.5
28210,2,3,8.1,6.5
28211,2,2,6.1,3.96
28212,6,3,3.2,6.33
28213,3,3,6.5,7.68
28214,4,3,9.5,5.34
28215,0,1,2.1,3.98
28216,0,3,8.0,6.74
28217,7,1,5.0,4.92
28218,7,3,5.4,5.58
28219,0,2,6.5,5.75
28220,4,0,8.5,3.07
28221,6,4,8.9,4.07
28222,4,1,7.4,5.96
28223,5,0,2.3,4.79
28224,1,3,7.1,5.01
28225,0,0,2.9,4.54
28226,3,2,8.4,4.85
28227,2,2,8.3,5.9
28228,6,3,6.8,6.48
28229,7,1,4.8,4.7
28230,2,2,6.7,5.27
28231,0,4,5.3,7.51
28232,0,2,2.0,4.39
28233,5,2,6.4,4.92
28234,5,0,7.0,4.83
28235,0,3,0.6,6.83
28236,3,0,9.0,5.89
28237,5,4,3.6,5.42
28238,5,3,2.4,7.47
28239,7,3,5.1,4.62
28240,3,3,1.1,5.5
28241,4,2,4.4,7.0
28242,3,4,6.1,3.33
28243,2,4,2.9,4.73
28244,5,3,0.4,7.19
28245,1,4,7.6,3.25
28246,3,1,4.8,6.18
28247,2,1,9.3,3.65
28248,3,1,1.7,5.94
28249,7,2,8.7,4.14
28250,5,3,2.5,5.53
28251,4,3,4.6,3.1
28252,5,1,2.3,3.97
28253,3,0,5.9,5.38
28254,3,2,5.1,4.47
28255,0,2,1.5,6.12
28256,1,1,6.8,6.41
28257,3,0,7.2,6.75
28258,0,4,2.2,6.73
28259,3,0,5.7,5.7
28260,2,4,8.1,2.95
28261,3,4,8.1,2.76
28262,2,0,1.7,7.88
28263,4,2,0.4,4.9
28264,3,2,6.9,7.34
28265,0,2,3.7,4.71
28266,3,0,6.6,4.86
28267,5,2,4.0,4.65
28268,5,1,10.0,3.12
28269,3,0,5.3,3.53
28270,7,0,3.6,5.85
28271,7,1,5.8,4.81
28272,0,2,0.9,4.97
28273,2,2,3.4,4.01
28274,7,2,7.2,4.97
28275,3,3,4.6,4.42
28276,5,4,7.4,5.63
28277,5,1,4.6,5.3
28278,1,4,8.2,6.21
28279,3,3,2.6,4.96
28280,1,2,0.8,6.58
28281,6,3,9.2,5.62
28282,7,2,8.1,4.37
28283,3,2,7.6,6.43
28284,6,1,6.0,6.34
28285,6,2,2.3,3.66
28286,3,2,9.6,4.41
28287,1,2,6.0,5.26
28288,1,3,5.2,6.0
28289,3,4,2.9,2.97
28290,1,0,7.5,4.67
28291,7,3,3.9,5.02
28292,3,4,2.5,5.85
28293,0,0,6.3,4.69
28294,7,0,1.3,2.48
28295,1,1,8.0,5.26
28296,7,1,4.9,6.43
28297,7,2,7.4,3.83
28298,1,2,3.4,5.35
28299,2,2,6.2,4.03
28300,1,4,2.9,4.57
28301,7,4,0.5,5.6
28302,4,0,6.7,5.72
28303,7,2,8.8,3.86
28304,4,4,5.5,5.58
28305,3,2,0.9,4.22
28306,5,4,1.0,4.46
28307,5,0,7.4,4.59
28308,2,4,8.6,5.65
28309,2,4,9.2,6.88
28310,0,0,7.3,5.58
28311,4,3,4.3,6.32
28312,6,2,3.9,4.37
28313,1,4,2.8,6.09
28314,2,1,6.8,5.07
28315,7,0,3.2,6.02
28316,6,0,3.6,5.11
28317,1,2,2.1,5.44
28318,2,2,7.8,4.5
28319,2,1,9.2,5.54
28320,5,4,3.1,5.33
28321,1,4,4.2,6.32
28322,5,0,8.8,5.09
28323,7,2,3.3,4.93
28324,1,1,3.0,5.32
28325,2,4,6.5,3.26
28326,0,0,7.3,5.53
28327,6,3,0.2,2.06
28328,0,2,2.9,3.03
28329,7,1,1.1,6.37
28330,5,4,0.5,3.38
28331,3,2,2.3,4.36
28332,5,0,0.5,6.61
28333,4,1,4.2,5.95
28334,3,4,4.4,6.17
28335,0,3,6.9,4.29
28336,4,2,9.0,6.77
28337,0,2,10.0,3.88
28338,4,4,6.5,5.56
28339,2,0,1.9,5.14
28340,1,0,3.4,2.92
28341,2,4,7.3,4.63
28342,7,3,6.6,3.68
28343,2,0,7.6,4.68
28344,0,4,7.8,5.38
28345,2,0,2.7,2.71
28346,1,2,3.3,4.74
28347,1,4,4.0,3.75
28348,5,0,5.7,6.85
28349,1,3,1.6,4.3
28350,0,3,9.3,3.89
28351,3,1,6.5,3.53
28352,1,2,1.8,6.04
28353,1,1,4.9,3.59
28354,4,0,4.6,5.81
28355,0,2,6.3,5.54
28356,3,4,1.9,2.46
28357,0,2,6.2,4.26
28358,2,1,8.3,7.8
28359,4,2,3.2,5.68
28360,0,4,7.4,3.55
28361,3,4,2.9,6.22
28362,1,0,0.0,5.29
28363,4,4,4.6,4.45
28364,4,0,7.2,2.39
28365,0,1,0.8,5.78
28366,1,3,5.9,3.15
28367,6,0,7.9,6.21
28368,0,3,6.3,5.72
28369,6,4,4.5,3.78
28370,6,0,0.0,5.5
28371,6,3,7.0,3.07
28372,2,1,7.6,4.33
28373,4,0,3.1,3.98
28374,4,4,4.8,4.41
28375,2,1,4.6,4.51
28376,1,4,1.8,3.55
28377,2,0,4.5,3.97
28378,5,1,9.3,5.29
28379,7,4,3.5,4.5
28380,5,4,7.4,6.92
28381,3,2,5.0,5.74
28382,2,3,2.3,4.35
28383,5,0,8.8,5.76
28384,5,3,4.8,5.78
28385,5,0,2.5,4.76
28386,0,3,2.6,4.94
28387,5,2,0.2,4.2
28388,1,0,0.2,5.76
28389,0,1,1.6,4.71
28390,3,4,9.3,7.2
28391,6,0,0.2,5.35
28392,4,3,1.8,5.54
28393,0,1,3.5,4.34
28394,1,1,3.6,5.43
28395,4,2,0.8,6.46
28396,1,1,6.4,5.08
28397,3,1,4.6,6.53
28398,5,2,0.6,5.29
28399,5,4,4.7,5.19
28400,5,1,8.9,4.69
28401,2,3,0.7,3.01
28402,0,3,4.5,5.32
28403,2,2,6.7,5.56
28404,5,2,7.3,3.44
28405,2,3,7.9,6.59
28406,7,3,4.7,4.87
28407,1,2,6.5,5.67
28408,5,4,0.9,3.49
28409,4,1,5.7,3.13
28410,3,3,4.5,7.12
28411,5,1,5.3,4.84
28412,5,4,5.1,3.96
28413,5,3,5.9,5.28
28414,0,1,8.5,7.33
28415,2,0,6.0,4.39
28416,7,3,2.1,3.61
28417,4,1,4.9,6.38
28418,1,1,7.7,4.48
28419,0,4,5.0,4.47
28420,3,2,7.9,4.34
28421,1,0,5.5,4.09
28422,3,3,8.9,5.15
28423,5,3,3.0,4.83
28424,3,3,4.9,6.58
28425,6,2,3.0,6.33
28426,3,2,2.3,4.23
28427,6,1,0.5,3.29
28428,4,4,0.6,4.89
28429,5,4,4.7,6.01
28430,2,0,5.2,4.65
28431,0,4,9.1,4.82
28432,7,1,8.9,4.95
28433,1,2,4.5,3.65
28434,7,4,2.8,4.88
28435,2,2,9.0,2.82
28436,0,1,5.1,5.73
28437,0,2,7.7,6.25
28438,6,1,5.7,4.93
28439,1,2,2.5,2.74
28440,4,3,2.7,3.6
28441,4,1,4.4,6.27
28442,2,0,4.8,4.44
28443,4,1,0.1,3.59
28444,3,4,1.0,5.86
28445,0,0,0.5,5.15
28446,7,2,9.7,5.41
28447,3,4,6.1,5.96
28448,5,1,9.5,6.95
28449,0,2,1.3,3.4
28450,6,4,4.9,6.49
28451,3,3,5.0,5.06
28452,2,2,7.0,3.63
28453,4,0,2.5,4.56
28454,0,0,6.3,3.16
28455,7,2,2.6,4.28
28456,4,3,3.4,6.35
28457,7,4,5.5,3.46
28458,4,1,0.8,3.78
28459,2,1,5.3,3.82
28460,2,4,6.4,4.51
28461,4,4,8.9,6.64
28462,3,2,2.5,5.0
28463,1,1,3.3,4.67
28464,3,2,0.3,3.81
28465,5,1,9.1,5.25
28466,4,4,3.4,4.19
28467,3,0,9.5,3.94
28468,1,2,4.1,4.81
28469,7,2,4.6,6.42
28470,6,1,3.1,4.96
28471,1,4,0.0,5.59
28472,4,3,6.9,2.99
28473,4,4,0.5,5.82
28474,6,2,2.6,3.89
28475,7,4,0.3,3.3
28476,4,2,9.6,6.68
28477,2,4,2.6,5.58
28478,1,1,1.5,4.51
28479,0,2,1.0,3.95
28480,4,2,7.5,5.77
28481,5,2,4.4,5.42
28482,1,4,9.7,5.42
28483,4,3,4.3,6.13
28484,6,0,6.1,6.58
28485,0,3,9.8,4.47
28486,4,0,5.1,3.86
28487,3,2,6.3,4.43
28488,0,2,3.8,6.57
28489,1,2,5.9,4.74
28490,1,2,8.6,5.27
28491,7,4,5.2,5.57
28492,5,0,5.6,3.81
28493,4,0,9.7,3.8
28494,0,1,3.5,4.99
28495,6,4,2.7,4.45
28496,4,3,9.1,6.96
28497,1,1,1.5,3.35
28498,4,3,6.8,5.88
28499,6,0,8.5,4.1
28500,4,2,9.9,5.84
28501,7,0,2.2,4.3
28502,6,4,4.6,4.99
28503,7,3,5.9,6.05
28504,5,4,6.6,4.97
28505,4,1,1.5,4.56
28506,3,4,2.0,3.64
28507,1,4,0.2,5.41
28508,4,2,4.1,3.9
28509,3,3,7.0,5.47
28510,1,0,3.3,4.87
28511,1,4,8.4,4.66
28512,0,4,2.4,3.14
28513,5,2,7.9,5.44
28514,4,0,4.6,3.37
28515,0,0,9.3,6.34
28516,7,0,7.8,6.34
28517,6,0,6.2,6.39
28518,1,1,4.4,4.18
28519,3,3,9.5,5.01
28520,2,4,9.7,6.25
28521,7,1,0.2,3.36
28522,6,3,4.4,5.12
28523,4,4,1.7,5.76
28524,3,0,1.2,5.94
28525,1,3,1.1,6.43
28526,2,0,1.3,6.86
28527,3,2,2.6,4.82
28528,6,3,4.9,5.97
28529,5,4,0.1,6.42
28530,0,2,3.5,5.92
28531,6,3,4.8,3.66
28532,7,2,1.2,4.79
28533,6,4,9.5,4.81
28534,4,2,1.7,4.68
28535,4,2,9.4,6.72
28536,4,1,3.4,4.94
28537,6,0,3.1,4.59
28538,5,1,8.1,5.12
28539,4,2,6.4,4.51
28540,3,0,3.6,1.79
28541,7,3,6.0,3.66
28542,7,0,4.6,5.48
28543,6,3,4.4,5.85
28544,0,1,6.4,4.3
28545,4,4,1.5,3.45
28546,1,1,5.2,4.14
28547,5,3,2.2,5.56
28548,5,1,6.9,6.04
28549,6,2,5.7,5.62
28550,1,2,8.3,3.5
28551,2,2,1.8,3.15
28552,4,4,4.5,4.39
28553,2,2,2.8,7.1
28554,1,3,8.8,5.72
28555,6,0,5.2,4.81
28556,1,2,7.2,4.64
28557,7,3,9.2,4.82
28558,2,2,4.1,6.51
28559,5,4,0.7,5.42
28560,0,1,7.2,4.14
28561,1,1,8.4,4.85
28562,1,3,0.5,2.95
28563,6,0,7.6,4.5
28564,1,0,1.9,4.34
28565,2,2,8.7,5.49
28566,4,4,2.4,4.46
28567,6,2,6.2,3.56
28568,6,3,8.6,3.96
28569,5,0,8.4,5.95
28570,7,0,3.5,5.51
28571,5,0,6.8,5.82
28572,0,1,4.1,4.99
28573,0,3,4.1,3.69
28574,5,0,4.0,5.4
28575,0,3,9.0,4.77
28576,7,1,0.9,6.15
28577,6,1,9.8,5.26
28578,7,3,5.5,5.34
28579,2,1,3.8,3.61
28580,2,3,4.4,6.76
28581,3,4,1.0,4.63
28582,4,4,0.5,4.79
28583,6,4,5.8,5.24
28584,4,2,1.9,7.14
28585,3,2,5.2,5.28
28586,3,2,8.2,7.25
28587,4,4,1.5,6.31
28588,4,4,7.3,3.82
28589,4,1,8.0,5.0
28590,6,1,5.7,4.68
28591,5,2,5.8,5.18
28592,4,1,8.9,5.42
28593,5,1,9.1,4.63
28594,5,0,5.2,3.96
28595,7,4,9.3,5.01
28596,7,3,5.5,5.57
28597,5,4,3.4,4.58
28598,2,4,4.5,4.76
28599,4,3,7.8,6.48
28600,0,1,7.1,6.48
28601,4,1,9.6,5.77
28602,2,1,6.2,3.39
28603,3,2,8.3,4.89
28604,7,1,4.7,5.74
28605,6,3,2.6,7.05
28606,2,2,5.6,6.02
28607,4,3,0.2,7.23
28608,1,2,4.5,6.17
28609,7,2,3.0,4.91
28610,5,0,0.9,4.36
28611,6,1,1.1,5.18
28612,6,1,9.0,3.53
28613,7,1,6.7,4.91
28614,0,4,3.1,5.43
28615,0,3,10.0,5.31
28616,7,4,3.3,2.62
28617,7,3,8.2,4.77
28618,4,3,9.6,5.7
28619,5,0,2.4,5.67
28620,5,2,0.3,3.79
28621,7,1,7.9,3.83
28622,2,3,7.5,6.22
28623,5,1,3.8,5.33
28624,2,2,2.8,4.17
28625,5,0,1.1,4.71
28626,1,0,5.9,4.96
28627,3,2,5.5,4.76
28628,6,2,7.8,4.84
28629,7,0,9.2,6.59
28630,3,2,8.8,4.5
28631,0,0,0.5,5.17
28632,0,4,9.7,4.15
28633,7,1,1.8,3.92
28634,4,1,2.3,3.44
28635,5,2,3.3,6.1
28636,1,1,1.8,3.9
28637,5,4,7.2,6.35
28638,4,2,2.3,5.41
28639,3,4,1.7,3.73
28640,3,1,1.7,5.34
28641,6,3,6.8,3.63
28642,7,1,1.6,5.09
28643,7,4,7.3,4.13
28644,0,2,9.6,6.43
28645,1,0,2.1,4.33
28646,3,1,9.0,3.68
28647,1,2,6.2,6.01
28648,5,4,9.2,5.4
28649,4,1,8.5,6.58
28650,6,2,4.9,3.16
28651,6,0,3.5,6.34
28652,2,0,5.9,6.87
28653,3,0,3.7,5.74
28654,5,1,3.7,3.69
28655,1,1,1.6,4.42
28656,7,0,4.9,5.96
28657,2,2,7.5,4.72
28658,6,3,7.7,5.08
28659,4,3,6.2,5.2
28660,7,3,1.7,3.98
28661,3,4,0.2,4.38
28662,7,2,6.0,5.28
28663,2,4,6.7,6.59
28664,3,4,1.1,3.94
28665,6,4,0.0,5.4
28666,4,0,2.4,4.95
28667,7,0,3.3,6.03
28668,1,4,9.3,5.93
28669,4,3,6.2,4.89
28670,0,3,0.5,5.86
28671,1,4,3.2,4.87
28672,2,1,7.5,4.39
28673,3,3,6.7,4.59
28674,1,4,3.8,5.87
28675,6,4,4.3,3.91
28676,5,3,4.8,7.03
28677,0,4,8.6,6.61
28678,2,2,8.3,5.95
28679,6,0,1.0,4.94
28680,4,1,2.7,4.64
28681,4,2,3.2,3.52
28682,7,4,7.0,5.74
28683,0,3,4.1,3.98
28684,0,2,9.1,5.77
28685,6,4,9.3,5.33
28686,5,1,2.8,6.94
28687,3,2,3.1,4.29
28688,7,3,0.7,5.01
28689,5,4,5.5,8.29
28690,5,0,4.5,5.1
28691,2,1,7.7,3.13
28692,6,0,3.7,4.14
28693,5,2,9.0,6.77
28694,4,2,2.4,3.77
28695,7,1,1.3,5.98
28696,0,1,3.3,4.91
28697,7,3,6.3,4.43
28698,3,0,5.4,3.76
28699,4,2,0.3,5.15
28700,7,4,7.5,6.18
28701,7,0,2.8,4.63
28702,2,1,9.4,3.92
28703,4,3,1.8,6.57
28704,6,3,2.8,5.83
28705,5,2,3.9,4.63
28706,1,4,4.6,3.76
28707,0,1,2.4,4.28
28708,7,1,6.8,6.14
28709,0,2,10.0,4.76
28710,3,4,4.5,6.01
28711,7,2,8.3,4.79
28712,6,1,8.7,5.86
28713,6,2,2.7,6.94
28714,5,1,0.1,5.86
28715,6,1,0.5,7.25
28716,6,0,3.3,5.84
28717,1,4,5.1,6.28
28718,3,3,7.2,5.44
28719,1,1,4.2,5.11
28720,4,4,8.9,5.15
28721,5,0,1.7,5.26
28722,3,3,0.3,7.44
28723,5,4,6.4,4.19
28724,7,1,6.0,4.97
28725,4,1,6.8,3.49
28726,2,4,7.4,3.14
28727,7,1,4.6,3.22
28728,5,4,8.8,4.99
28729,0,0,3.2,5.69
28730,4,3,4.2,4.32
28731,0,2,4.4,6.52
28732,2,2,3.0,6.54
28733,0,2,6.1,3.55
28734,7,3,1.6,4.91
28735,7,1,5.1,2.63
28736,4,1,1.3,4.94
28737,7,2,5.5,6.9
28738,7,0,4.9,4.23
28739,1,3,9.8,3.31
28740,7,3,2.0,4.89
28741,6,4,1.0,3.08
28742,0,0,8.1,6.74
28743,4,1,2.7,6.54
28744,5,3,8.1,5.21
28745,7,2,1.9,3.46
28746,1,3,1.0,6.83
28747,0,1,1.7,4.59
28748,7,0,2.6,2.98
28749,7,3,2.3,5.3
28750,2,3,7.1,5.99
28751,0,4,1.5,6.84
28752,2,4,0.4,2.01
28753,3,1,5.1,5.1
28754,1,4,1.7,6.98
28755,0,4,1.4,3.67
28756,4,1,9.1,3.81
28757,2,4,4.0,3.33
28758,3,4,6.2,5.08
28759,4,1,3.5,3.57
28760,5,3,2.5,6.34
28761,6,0,0.7,3.97
28762,2,0,9.3,4.58
28763,6,1,7.7,5.16
28764,4,2,4.2,3.33
28765,7,2,8.4,7.24
28766,1,3,0.9,4.08
28767,0,1,3.7,4.27
28768,2,3,6.9,6.23
28769,2,3,7.5,3.95
28770,0,4,8.6,5.09
28771,0,2,4.2,4.98
28772,1,1,4.7,5.23
28773,3,2,7.3,4.57
28774,4,2,8.0,4.35
28775,3,0,8.1,7.24
28776,3,1,5.0,3.34
28777,5,0,3.0,6.98
28778,6,1,9.8,3.69
28779,5,1,7.8,4.33
28780,2,0,7.4,5.69
28781,5,2,9.6,4.05
28782,1,3,0.1,4.81
28783,0,0,5.8,5.43
28784,0,0,2.9,6.3
28785,5,3,1.9,6.16
28786,3,4,7.6,3.87
28787,0,0,2.5,4.53
28788,2,0,8.3,4.71
28789,6,1,7.2,4.62
28790,1,3,3.7,5.18
28791,5,3,5.5,4.54
28792,0,0,5.0,4.02
28793,1,3,2.6,4.48
28794,4,2,6.9,5.7
28795,1,4,8.3,5.56
28796,7,4,3.6,3.84
28797,7,2,2.2,5.61
28798,2,2,9.3,5.69
28799,2,2,7.4,6.91
28800,1,3,1.4,4.32
28801,0,0,3.5,3.43
28802,5,2,9.4,6.15
28803,3,1,4.3,5.61
28804,6,0,2.7,4.11
28805,4,0,6.4,2.74
28806,2,3,0.5,4.95
28807,4,3,5.5,4.47
28808,2,1,2.0,5.14
28809,1,0,9.1,3.7
28810,6,4,4.5,6.01
28811,6,1,7.3,4.14
28812,4,4,5.0,6.2
28813,6,4,10.0,5.87
28814,0,3,1.9,3.52
28815,0,0,4.9,4.84
28816,5,0,2.1,6.14
28817,5,3,1.0,5.18
28818,2,0,8.9,5.16
28819,2,3,4.3,3.43
28820,2,3,6.2,2.85
28821,1,2,5.8,5.16
28822,5,3,3.4,3.68
28823,2,0,1.7,3.81
28824,3,2,6.0,5.72
28825,2,4,7.0,6.82
28826,5,0,6.9,3.12
28827,2,1,5.4,7.06
28828,1,4,3.2,3.62
28829,4,4,9.5,5.3
28830,0,2,3.7,7.4
28831,6,2,7.1,4.58
28832,0,1,1.0,6.53
28833,0,0,2.5,4.1
28834,0,1,2.4,6.68
28835,5,4,6.7,4.98
28836,4,4,8.0,6.0
28837,7,3,9.9,5.69
28838,0,2,5.8,4.67
28839,5,1,3.6,5.16
28840,2,1,1.9,5.35
28841,2,3,4.2,7.26
28842,1,1,9.4,4.15
28843,4,2,3.7,2.73
28844,7,0,9.3,4.47
28845,1,3,0.9,4.03
28846,6,2,2.7,3.81
28847,5,0,8.3,5.4
28848,7,2,2.9,4.22
28849,5,1,7.2,5.27
28850,7,4,3.8,4.85
28851,7,3,0.5,5.9
28852,5,0,0.7,5.29
28853,6,0,7.8,4.95
28854,3,4,6.4,6.71
28855,7,1,5.3,5.7
28856,6,1,1.8,4.04
28857,3,4,9.7,5.43
28858,1,2,8.3,5.67
28859,2,3,5.1,2.45
28860,2,3,7.1,5.81
28861,0,4,9.4,6.29
28862,0,2,5.2,2.72
28863,2,3,7.6,5.43
28864,3,0,9.3,3.78
28865,5,2,3.3,6.19
28866,2,3,7.4,5.72
28867,0,2,5.3,3.16
28868,1,0,7.0,4.36
28869,5,0,8.8,5.16
28870,0,1,4.0,4.62
28871,1,4,7.5,6.05
28872,2,1,2.9,2.93
28873,6,3,6.5,4.41
28874,7,0,3.2,6.21
28875,4,4,8.0,5.07
28876,5,2,1.0,5.42
28877,0,3,4.7,3.78
28878,6,3,7.2,5.59
28879,5,1,5.4,4.2
28880,7,1,5.1,5.92
28881,5,3,4.0,5.13
28882,1,1,6.1,2.71
28883,0,1,1.3,3.86
28884,7,0,0.3,5.76
28885,7,4,3.0,4.51
28886,7,4,0.8,3.16
28887,3,2,7.8,3.23
28888,4,2,0.7,5.52
28889,1,3,6.4,5.9
28890,3,2,2.6,4.97
28891,5,3,9.5,4.73
28892,3,3,0.1,5.97
28893,6,0,6.1,6.04
28894,6,0,9.8,5.91
28895,4,0,9.5,4.07
28896,5,3,2.6,4.73
28897,5,4,3.5,6.35
28898,7,3,1.1,6.36
28899,0,4,7.2,5.2
28900,1,1,4.1,5.59
28901,6,3,8.5,5.9
28902,4,2,8.6,4.13
28903,1,0,1.7,4.99
28904,4,2,3.1,5.41
28905,7,0,6.8,4.4
28906,3,1,4.0,4.28
28907,7,1,1.0,4.47
28908,7,0,5.4,5.19
28909,3,0,7.9,6.87
28910,7,0,6.1,3.89
28911,2,3,4.8,4.32
28912,7,0,3.6,4.8
28913,1,0,6.3,4.37
28914,7,0,9.3,5.61
28915,5,2,1.9,3.98
28916,4,4,0.4,3.07
28917,0,3,4.6,5.28
28918,0,4,4.5,6.92
28919,4,4,3.3,4.64
28920,7,1,6.0,5.0
28921,3,4,1.1,3.97
28922,4,2,3.3,3.39
28923,1,4,4.3,4.73
28924,0,0,10.0,4.82
28925,1,0,7.9,6.22
28926,3,1,3.8,2.75
28927,6,1,9.0,4.44
28928,5,1,3.4,4.29
28929,0,3,1.5,4.74
28930,6,0,5.6,5.94
28931,1,0,7.1,6.32
28932,7,3,9.3,4.24
28933,0,4,7.8,1.82
28934,1,4,0.3,6.9
28935,3,3,2.8,3.88
28936,4,4,4.2,6.12
28937,1,1,6.1,4.32
28938,6,4,4.2,4.71
28939,6,1,3.5,5.21
28940,3,1,8.3,6.13
28941,7,3,4.5,5.01
28942,7,4,8.4,3.18
28943,0,1,7.6,3.13
28944,3,1,4.7,3.83
28945,0,2,1.0,5.44
28946,5,2,6.6,3.49
28947,0,0,6.1,4.46
28948,0,3,4.6,6.79
28949,5,0,6.7,5.21
28950,2,4,1.2,4.55
28951,3,4,4.3,4.88
28952,4,4,1.8,3.46
28953,4,4,8.4,5.16
28954,4,3,7.5,3.43
28955,3,4,3.7,5.4
28956,2,1,6.2,5.61
28957,5,2,2.8,5.44
28958,4,2,4.2,4.01
28959,6,1,6.7,4.04
28960,3,3,3.7,4.7
28961,3,2,0.1,3.92
28962,7,0,4.4,3.57
28963,5,3,2.1,3.72
28964,2,1,5.2,7.23
28965,2,2,7.0,5.96
28966,6,1,7.6,6.32
28967,2,3,3.7,4.42
28968,7,3,3.8,5.11
28969,7,2,7.4,4.48
28970,6,3,6.0,6.05
28971,3,1,2.6,3.37
28972,6,3,2.7,1.79
28973,1,1,5.3,4.38
28974,5,4,7.4,7.41
28975,0,2,7.5,5.47
28976,5,3,3.5,5.52
28977,3,2,1.7,4.23
28978,7,2,2.5,4.65
28979,0,4,4.0,3.72
28980,7,0,4.1,5.87
28981,6,1,1.4,2.7
28982,1,4,9.5,4.63
28983,6,3,3.9,5.15
28984,0,3,4.7,5.4
28985,7,0,2.3,5.71
28986,0,3,6.2,3.23
28987,6,4,1.6,4.05
28988,4,2,3.6,5.82
28989,2,0,6.7,4.14
28990,5,2,0.6,3.44
28991,2,3,6.2,5.19
28992,2,4,0.3,5.24
28993,7,1,9.5,6.57
28994,5,0,8.6,5.53
28995,5,4,1.4,4.7
28996,2,4,3.2,3.96
28997,6,0,1.3,5.26
28998,0,2,8.6,6.57
28999,2,0,2.7,4.13
29000,3,2,9.0,3.41
29001,2,0,8.3,3.87
29002,7,0,9.0,3.56
29003,3,4,1.8,4.96
29004,2,2,3.2,3.92
29005,4,3,8.8,6.1
29006,0,1,9.3,4.29
29007,6,1,5.8,5.22
29008,7,1,2.8,6.56
29009,2,1,1.5,2.6
29010,5,4,5.9,5.76
29011,3,4,7.8,5.37
29012,4,4,8.3,5.68
29013,2,4,9.8,4.61
29014,3,3,5.8,5.53
29015,6,1,8.3,3.05
29016,2,2,8.3,5.38
29017,7,4,5.8,6.66
29018,7,2,4.1,3.77
29019,6,0,5.2,5.01
29020,1,4,8.8,6.36
29021,2,3,5.3,3.97
29022,3,4,5.9,5.3
29023,4,4,1.5,3.53
29024,7,0,0.4,5.92
29025,1,0,7.1,3.4
29026,1,4,3.0,4.15
29027,6,4,4.6,4.11
29028,4,3,6.8,6.41
29029,3,3,9.2,5.79
29030,6,3,9.3,5.32
29031,5,3,8.0,6.24
29032,2,0,7.2,3.76
29033,0,2,7.7,5.4
29034,3,1,2.2,4.63
29035,3,0,0.3,4.81
29036,4,4,1.5,3.03
29037,3,0,6.0,5.51
29038,4,4,6.5,5.2
29039,0,0,1.6,3.45
29040,3,4,9.5,3.33
29041,5,1,0.8,3.98
29042,1,0,5.1,3.79
29043,6,0,6.1,6.44
29044,4,2,6.8,5.53
29045,5,3,3.2,5.71
29046,5,4,3.5,4.29
29047,4,2,7.8,3.83
29048,1,3,9.8,3.87
29049,2,3,7.9,3.04
29050,0,1,2.7,7.55
29051,2,0,1.1,2.4
29052,2,1,0.1,4.87
29053,4,1,10.0,5.24
29054,2,0,4.1,5.3
29055,4,0,0.1,4.0
29056,1,0,7.7,4.55
29057,3,3,0.5,4.04
29058,3,2,0.2,4.14
29059,4,0,3.9,5.22
29060,0,2,6.3,5.85
29061,7,3,7.0,5.05
29062,4,4,7.3,8.23
29063,2,4,6.6,4.48
29064,0,1,8.9,4.43
29065,1,1,3.3,6.75
29066,0,2,8.0,6.62
29067,5,0,8.0,2.66
29068,3,3,6.1,3.0
29069,5,2,4.2,2.07
29070,6,1,7.9,5.62
29071,1,1,8.1,7.04
29072,6,1,2.8,3.99
29073,6,4,0.7,5.21
29074,5,2,4.4,4.69
29075,2,2,4.7,3.88
29076,4,0,0.8,4.94
29077,7,2,0.8,4.97
29078,6,2,0.1,3.0
29079,7,1,1.5,2.91
29080,7,1,5.9,3.41
29081,6,2,8.2,3.97
29082,5,0,5.7,4.53
29083,6,3,1.9,2.29
29084,0,3,5.2,4.69
29085,5,2,9.6,4.89
29086,3,1,5.8,6.1
29087,6,0,4.0,4.13
29088,4,4,8.2,5.67
29089,4,4,1.5,4.57
29090,5,2,0.5,5.13
29091,1,4,6.5,5.29
29092,3,4,3.1,6.15
29093,1,2,0.0,5.15
29094,2,3,6.5,5.08
29095,6,2,9.6,4.86
29096,5,0,1.9,4.52
29097,4,1,1.9,5.49
29098,5,3,9.1,5.4
29099,2,2,9.9,5.49
29100,5,0,8.4,5.57
29101,1,2,1.7,4.3
29102,3,2,0.5,4.04
29103,0,1,1.7,5.04
29104,0,4,3.6,4.86
29105,2,1,7.7,4.91
29106,6,2,6.5,6.44
29107,2,3,7.5,4.77
29108,7,3,2.7,6.28
29109,5,3,9.0,5.38
29110,7,0,7.3,4.79
29111,2,0,4.1,5.01
29112,4,3,2.9,4.37
29113,2,2,4.8,6.6
29114,3,2,4.2,4.76
29115,0,4,4.6,6.09
29116,3,1,2.8,3.62
29117,6,0,5.4,3.32
29118,3,3,5.9,3.06
29119,0,4,8.5,6.21
29120,4,4,7.7,5.62
29121,6,0,2.5,6.0
29122,1,3,8.3,7.43
29123,5,0,1.0,6.84
29124,3,0,4.1,2.23
29125,7,4,7.4,3.7
29126,6,4,8.4,2.97
29127,0,0,7.7,5.6
29128,3,2,3.4,6.45
29129,6,0,4.2,5.27
29130,4,4,1.8,3.04
29131,5,1,7.7,4.31
29132,6,3,3.2,3.99
29133,7,1,7.9,5.01
29134,4,3,0.4,5.45
29135,5,1,2.8,5.52
29136,3,1,4.2,4.39
29137,7,4,4.1,3.05
29138,7,3,3.1,4.94
29139,7,3,4.5,3.5
29140,7,2,3.6,4.24
29141,7,3,6.1,5.17
29142,4,4,2.7,4.35
29143,1,3,4.5,7.17
29144,3,3,0.8,2.65
29145,1,3,3.0,3.6
29146,6,0,1.4,5.02
29147,1,0,6.7,2.17
29148,5,3,2.9,2.87
29149,3,1,5.2,4.99
29150,6,1,1.5,8.09
29151,5,4,6.1,6.86
29152,1,2,7.6,4.79
29153,5,0,5.3,3.32
29154,3,2,5.8,5.63
29155,3,0,3.5,2.64
29156,6,2,9.6,4.96
29157,7,3,5.5,4.33
29158,4,0,7.4,6.21
29159,6,3,10.0,3.35
29160,3,0,6.0,3.97
29161,5,0,0.5,4.81
29162,0,3,2.8,5.32
29163,1,2,2.6,5.23
29164,6,2,0.8,5.19
29165,6,0,7.0,4.9
29166,6,1,0.6,3.18
29167,3,3,2.6,4.9
29168,6,2,1.3,4.63
29169,6,1,0.9,3.48
29170,2,3,1.8,4.3
29171,1,1,1.8,5.3
29172,5,4,6.3,4.58
29173,5,2,1.5,5.99
29174,7,1,8.9,3.08
29175,2,2,4.6,5.84
29176,1,1,7.5,5.19
29177,6,4,4.6,2.75
29178,1,3,9.4,7.27
29179,2,2,6.0,3.71
29180,6,0,4.2,5.02
29181,3,3,6.4,3.83
29182,7,1,5.2,3.82
29183,0,4,7.0,4.85
29184,7,4,5.6,7.28
29185,0,0,2.2,5.59
29186,1,4,1.4,4.54
29187,2,1,2.6,6.44
29188,4,0,5.5,5.53
29189,0,3,7.8,2.78
29190,4,0,3.9,5.8
29191,3,3,7.3,4.52
29192,0,0,3.0,6.27
29193,1,1,2.5,3.94
29194,4,0,6.2,5.47
29195,0,4,5.7,5.43
29196,2,2,5.7,5.79
29197,2,1,0.6,4.75
29198,1,2,3.1,4.92
29199,5,3,4.7,3.83
29200,7,1,1.4,4.13
29201,6,0,9.2,5.77
29202,1,3,0.4,4.32
29203,2,1,3.4,3.24
29204,3,2,4.5,5.85
29205,3,4,1.3,6.19
29206,5,1,0.1,6.03
29207,4,3,2.1,5.62
29208,2,4,8.2,4.82
29209,2,2,4.1,5.74
29210,3,0,7.6,3.65
29211,7,3,4.6,5.45
29212,5,1,4.6,4.34
29213,1,1,9.2,4.74
29214,3,1,6.7,5.88
29215,2,1,8.7,3.67
29216,6,1,2.7,4.77
29217,4,0,6.1,2.58
29218,5,1,4.7,4.71
29219,0,1,8.6,4.58
29220,6,3,0.3,6.5
29221,6,3,3.3,6.81
29222,2,2,1.4,3.05
29223,6,3,3.6,5.13
29224,2,0,5.5,7.45
29225,4,0,7.8,6.02
29226,1,2,8.4,4.76
29227,3,1,5.4,3.77
29228,3,3,2.9,6.41
29229,2,3,5.0,3.42
29230,2,2,5.7,6.59
29231,5,2,9.1,8.05
29232,2,4,6.9,4.33
29233,2,0,8.0,5.87
29234,5,4,9.0,4.65
29235,7,1,7.4,5.84
29236,0,4,2.7,6.75
29237,6,0,8.1,3.57
29238,0,1,8.7,6.89
29239,6,3,0.3,3.68
29240,4,1,8.8,3.2
29241,3,0,7.9,5.91
29242,5,2,3.1,4.53
29243,0,3,1.1,4.62
29244,6,0,1.6,4.45
29245,3,4,4.5,4.47
29246,6,2,8.8,5.62
29247,7,1,7.6,6.41
29248,1,4,3.2,2.73
29249,0,2,2.2,5.42
29250,2,0,5.9,4.92
29251,5,4,3.3,3.57
29252,0,4,5.6,5.02
29253,7,4,0.5,3.84
29254,4,0,2.6,3.78
29255,7,2,7.9,5.04
29256,0,0,8.1,3.56
29257,2,3,1.6,4.4
29258,0,4,4.3,3.11
29259,4,4,8.8,5.19
29260,3,4,3.7,4.79
29261,1,0,9.8,7.3
29262,6,3,9.3,4.38
29263,4,0,2.1,4.15
29264,1,0,9.4,5.35
29265,0,1,1.8,6.54
29266,2,1,9.7,4.26
29267,7,0,4.9,5.85
29268,0,3,4.3,5.2
29269,5,3,1.2,4.35
29270,6,4,0.5,3.25
29271,7,0,0.3,4.38
29272,1,4,8.4,4.55
29273,6,4,5.7,5.47
29274,2,4,5.6,4.68
29275,3,0,6.5,4.03
29276,1,0,7.9,3.17
29277,5,4,2.9,4.28
29278,3,2,7.1,3.78
29279,4,4,2.9,5.19
29280,6,0,4.4,4.42
29281,7,0,8.7,5.82
29282,7,2,8.0,5.13
29283,0,1,4.6,5.03
29284,5,1,9.5,7.81
29285,7,1,3.1,5.05
29286,1,0,8.4,4.52
29287,6,4,1.9,4.12
29288,6,3,9.3,4.84
29289,7,1,3.5,7.1
29290,3,2,2.5,5.36
29291,2,4,5.3,4.99
29292,6,0,6.0,4.92
29293,5,2,5.3,5.83
29294,7,0,4.5,3.87
29295,3,1,9.7,5.32
29296,5,4,4.1,4.8
29297,4,0,2.0,6.67
29298,5,4,7.3,6.83
29299,4,3,0.9,4.36
29300,7,4,5.0,3.95
29301,6,3,6.2,5.77
29302,7,0,6.8,3.8
29303,7,4,4.3,4.51
29304,0,3,3.9,6.39
29305,4,3,5.5,4.58
29306,4,2,4.0,4.67
29307,1,4,4.9,5.91
29308,6,3,9.7,7.08
29309,4,4,0.5,5.42
29310,6,3,9.3,3.62
29311,6,1,5.7,2.62
29312,6,4,4.4,6.66
29313,2,1,0.7,6.02
29314,4,4,4.4,3.82
29315,6,4,1.3,3.85
29316,1,4,5.2,5.39
29317,7,4,0.7,4.93
29318,2,4,9.0,3.71
29319,1,2,4.8,8.43
29320,1,3,9.0,4.44
29321,5,0,1.4,6.66
29322,0,2,8.6,5.47
29323,4,0,0.9,6.64
29324,7,1,1.8,4.25
29325,3,1,4.6,5.86
29326,4,0,6.9,4.33
29327,2,2,8.2,5.94
29328,2,3,5.3,3.53
29329,4,0,5.4,2.01
29330,2,0,3.5,3.71
29331,0,0,4.5,4.18
29332,2,0,5.9,5.57
29333,3,0,4.8,4.75
29334,6,1,1.2,5.11
29335,3,0,6.7,3.85
29336,0,3,3.6,6.73
29337,1,2,7.1,4.1
29338,7,1,8.9,6.12
29339,6,0,9.7,7.01
29340,2,2,3.2,5.04
29341,1,4,6.0,5.35
29342,7,2,4.2,6.8
29343,4,3,2.4,4.31
29344,7,2,4.5,6.02
29345,1,4,2.0,5.84
29346,7,3,9.5,3.54
29347,7,4,6.7,6.62
29348,7,3,0.9,6.64
29349,3,2,6.2,3.85
29350,0,1,4.8,6.21
29351,5,1,2.4,2.9
29352,2,4,6.5,5.35
29353,5,2,5.2,6.73
29354,1,3,6.9,4.75
29355,1,3,6.3,4.69
29356,5,1,8.8,7.23
29357,0,2,8.0,4.51
29358,0,2,2.8,4.07
29359,1,4,9.4,5.46
29360,7,0,3.6,5.86
29361,4,2,2.9,3.93
29362,0,0,0.1,4.4
29363,5,4,2.9,4.8
29364,0,0,3.6,3.91
29365,6,3,9.2,4.96
29366,2,2,3.9,2.89
29367,1,3,8.4,5.22
29368,7,1,3.6,6.87
29369,4,3,2.9,6.56
29370,4,2,8.0,5.31
29371,6,0,4.0,4.41
29372,6,2,1.8,4.25
29373,2,1,3.7,5.8
29374,0,3,3.2,4.17
29375,1,4,8.3,4.62
29376,3,4,1.3,6.98
29377,2,0,1.4,3.05
29378,2,4,2.3,6.88
29379,3,3,8.4,4.72
29380,7,2,8.0,6.06
29381,1,4,8.3,6.0
29382,3,1,2.2,5.45
29383,1,4,0.7,6.92
29384,3,4,5.4,4.82
29385,7,0,2.2,6.3
29386,6,1,7.3,5.09
29387,5,2,6.5,3.83
29388,5,2,6.0,5.27
29389,7,2,7.5,4.85
29390,3,0,3.1,3.87
29391,4,1,7.9,4.31
29392,0,0,2.9,6.16
29393,0,2,2.6,8.02
29394,2,3,0.6,3.58
29395,6,4,8.5,3.01
29396,0,2,1.0,3.24
29397,0,2,8.2,3.94
29398,5,0,8.6,6.09
29399,0,4,8.6,6.34
29400,5,1,4.5,4.84
29401,3,3,0.9,5.43
29402,5,4,6.2,3.88
29403,6,0,3.2,5.19
29404,1,4,9.1,4.37
29405,3,4,6.0,3.28
29406,5,4,0.7,4.44
29407,1,2,3.8,4.41
29408,5,0,6.1,6.35
29409,3,2,8.8,7.66
29410,7,1,5.8,5.2
29411,5,1,8.0,5.78
29412,2,0,2.5,4.89
29413,0,2,5.0,5.45
29414,1,3,8.2,4.93
29415,3,0,8.3,5.14
29416,7,3,2.4,4.36
29417,7,3,1.0,3.9
29418,1,0,6.5,4.15
29419,1,0,6.8,4.07
29420,0,0,2.4,4.54
29421,0,3,2.1,3.7
29422,4,2,0.8,4.09
29423,2,0,9.3,5.92
29424,0,4,4.4,4.84
29425,5,0,4.3,5.3
29426,2,3,2.5,5.34
29427,2,4,8.6,2.27
29428,3,1,4.0,2.9
29429,6,0,4.7,4.86
29430,0,0,8.3,4.15
29431,5,3,1.2,3.1
29432,7,2,7.6,8.23
29433,6,1,0.9,4.32
29434,6,0,5.4,6.25
29435,1,0,6.1,2.84
29436,0,3,6.1,3.8
29437,1,2,5.8,2.89
29438,2,4,4.3,5.49
29439,0,1,5.2,6.44
29440,3,1,9.6,4.66
29441,2,0,8.8,4.23
29442,6,4,0.0,2.77
29443,1,0,1.4,3.62
29444,4,2,2.2,4.88
29445,2,3,1.4,4.26
29446,5,0,2.9,6.38
29447,3,1,4.1,7.41
29448,2,3,9.6,4.24
29449,3,3,6.1,5.3
29450,7,2,9.1,3.92
29451,7,3,5.0,5.49
29452,3,0,7.0,4.64
29453,4,1,9.2,5.2
29454,6,1,0.1,5.06
29455,7,2,8.5,4.41
29456,3,2,1.6,4.55
29457,2,4,7.9,4.45
29458,2,3,3.2,5.55
29459,1,3,7.6,3.25
29460,0,0,6.3,5.33
29461,4,4,0.1,2.98
29462,3,0,4.6,4.1
29463,1,0,7.5,4.57
29464,0,1,8.1,5.19
29465,4,3,9.8,6.17
29466,7,0,0.9,3.52
29467,0,2,0.8,6.11
29468,0,0,7.3,5.25
29469,5,3,0.1,4.91
29470,7,3,2.4,4.6
29471,3,0,9.6,4.37
29472,5,0,4.5,3.86
29473,5,0,4.7,4.29
29474,3,1,5.8,3.23
29475,2,3,1.2,6.17
29476,2,4,4.8,6.84
29477,5,4,9.8,3.57
29478,4,1,1.0,5.43
29479,4,3,5.3,3.41
29480,3,4,6.9,4.84
29481,7,2,6.4,7.26
29482,5,3,5.8,5.86
29483,4,1,7.5,5.44
29484,4,3,9.1,7.13
29485,5,0,1.8,7.8
29486,6,1,5.4,5.11
29487,0,1,7.3,5.2
29488,2,0,4.8,3.97
29489,2,2,6.1,7.17
29490,7,2,0.1,3.52
29491,7,2,8.6,3.34
29492,0,3,8.2,5.22
29493,4,0,3.0,4.69
29494,0,0,3.6,4.7
29495,5,4,5.3,2.26
29496,7,2,0.7,3.96
29497,5,3,1.0,5.83
29498,6,4,1.1,2.88
29499,0,2,5.5,6.11
29500,7,1,2.6,5.22
29501,5,2,4.4,6.12
29502,3,3,7.4,4.59
29503,5,1,3.3,2.37
29504,2,2,6.8,5.93
29505,0,0,8.8,3.69
29506,1,4,0.2,6.72
29507,7,2,5.3,5.96
29508,5,3,7.9,7.1
29509,5,2,2.4,4.17
29510,2,1,2.9,5.92
29511,7,0,3.9,6.64
29512,4,4,5.8,4.34
29513,2,3,6.4,4.52
29514,6,2,9.3,4.12
29515,3,1,1.1,4.69
29516,2,2,1.8,5.19
29517,6,3,6.5,4.18
29518,7,4,5.8,5.36
29519,2,3,0.0,4.57
29520,3,4,0.2,5.01
29521,1,1,6.3,3.5
29522,0,3,6.0,4.13
29523,4,3,2.6,3.21
29524,3,3,9.1,6.96
29525,4,4,4.2,3.92
29526,7,1,4.7,4.46
29527,1,0,4.7,6.8
29528,7,3,0.9,5.61
29529,7,1,1.4,5.15
29530,5,4,6.7,4.02
29531,2,2,2.9,5.83
29532,6,0,3.6,6.85
29533,6,4,5.9,5.46
29534,4,3,3.2,6.9
29535,7,1,5.7,7.05
29536,1,0,6.6,6.03
29537,3,0,0.8,5.47
29538,4,0,2.7,5.36
29539,1,0,2.8,6.21
29540,3,4,6.0,3.53
29541,1,4,5.8,3.27
29542,2,3,4.6,6.88
29543,7,0,6.4,5.01
29544,3,2,6.0,5.91
29545,5,4,9.1,2.68
29546,4,4,4.8,4.79
29547,0,2,4.8,5.39
29548,2,0,9.2,4.86
29549,6,4,8.1,5.31
29550,1,2,7.4,4.71
29551,3,1,7.6,7.52
29552,0,1,6.6,4.32
29553,6,1,1.4,3.93
29554,5,0,0.4,3.46
29555,4,3,6.9,4.17
29556,4,3,7.3,5.95
29557,7,0,6.5,5.45
29558,1,3,4.8,3.37
29559,0,2,0.4,3.94
29560,4,2,6.4,4.98
29561,0,3,9.3,3.9
29562,2,3,4.9,4.14
29563,3,4,0.7,3.0
29564,4,0,0.2,3.52
29565,6,0,7.5,5.46
29566,6,0,9.1,6.6
29567,2,4,5.3,6.35
29568,7,4,3.6,5.22
29569,5,2,0.6,4.17
29570,2,3,8.6,7.08
29571,2,1,1.4,5.73
29572,4,4,4.2,4.54
29573,5,2,8.1,4.81
29574,6,2,8.6,3.44
29575,1,2,6.2,5.22
29576,4,3,7.5,5.88
29577,4,1,4.6,7.38
29578,7,0,8.6,6.07
29579,5,2,9.7,4.96
29580,1,1,2.2,5.09
29581,6,2,7.1,5.87
29582,4,0,4.5,5.73
29583,7,3,2.7,5.34
29584,4,2,6.6,6.36
29585,0,3,7.2,5.15
29586,5,1,2.0,4.14
29587,3,4,3.9,4.67
29588,6,4,5.8,5.13
29589,4,1,6.9,5.97
29590,6,3,5.3,7.57
29591,1,3,0.3,4.74
29592,7,0,2.3,4.9
29593,6,4,3.0,5.19
29594,0,1,2.7,6.61
29595,2,4,0.6,4.77
29596,3,4,5.6,5.71
29597,7,0,4.7,4.63
29598,6,4,6.4,6.27
29599,4,0,6.3,7.71
29600,3,3,4.8,8.04
29601,5,0,0.6,5.87
29602,6,1,6.5,3.85
29603,5,2,0.3,5.0
29604,6,0,3.3,5.59
29605,3,4,5.3,4.97
29606,3,3,5.5,3.52
29607,3,2,4.9,4.56
29608,3,4,0.5,4.96
29609,1,2,4.2,4.87
29610,6,0,5.9,5.43
29611,7,3,9.0,7.15
29612,7,1,7.0,5.41
29613,3,1,0.9,3.83
29614,2,4,8.3,5.89
29615,6,4,9.8,6.01
29616,4,4,7.5,5.29
29617,4,1,3.1,5.96
29618,6,1,9.5,5.63
29619,5,2,2.1,3.79
29620,5,3,7.3,4.87
29621,4,2,4.6,5.63
29622,0,0,8.9,5.61
29623,5,3,7.9,4.7
29624,6,3,7.0,4.48
29625,5,2,8.0,4.27
29626,7,3,3.1,5.11
29627,1,4,6.1,5.96
29628,7,0,0.4,4.83
29629,2,0,0.9,2.2
29630,7,0,4.1,3.18
29631,6,3,6.8,4.26
29632,2,0,1.4,6.76
29633,5,3,9.4,4.28
29634,2,3,9.6,7.86
29635,4,1,9.2,6.74
29636,7,4,4.3,4.22
29637,3,0,2.3,6.41
29638,3,0,6.0,3.19
29639,4,2,3.1,4.46
29640,6,0,8.1,6.17
29641,1,2,0.3,4.88
29642,4,1,4.2,3.7
29643,1,3,1.7,5.17
29644,6,3,1.9,5.3
29645,3,4,8.9,6.89
29646,2,4,7.5,2.77
29647,4,2,6.2,3.92
29648,7,3,9.2,5.22
29649,3,4,2.5,5.52
29650,1,3,5.3,4.7
29651,2,2,7.7,4.81
29652,1,1,8.9,3.3
29653,1,0,6.8,4.76
29654,0,1,6.4,3.23
29655,0,4,2.1,5.52
29656,7,2,5.9,4.3
29657,3,2,0.4,6.59
29658,1,2,7.1,5.49
29659,2,3,2.7,6.38
29660,5,0,8.0,5.35
29661,5,0,2.0,4.51
29662,5,1,0.6,5.38
29663,4,3,6.7,3.97
29664,4,4,8.3,1.67
29665,2,3,0.7,3.94
29666,5,0,8.6,5.36
29667,5,2,7.0,6.27
29668,0,1,8.5,3.88
29669,4,3,9.1,6.52
29670,5,1,6.4,5.82
29671,7,0,5.0,3.73
29672,3,4,5.4,5.29
29673,0,1,6.9,5.62
29674,2,1,0.2,6.38
29675,1,1,7.4,1.51
29676,0,2,4.4,4.69
29677,2,3,7.9,4.97
29678,2,1,1.9,3.45
29679,1,4,6.0,3.34
29680,2,1,7.1,7.03
29681,2,3,7.2,6.49
29682,0,2,8.6,3.92
29683,1,0,6.4,2.9
29684,5,3,6.0,2.55
29685,7,2,0.4,4.28
29686,5,3,5.0,2.83
29687,7,1,8.8,5.25
29688,3,0,5.0,6.37
29689,2,2,9.3,5.01
29690,4,4,1.8,5.59
29691,0,1,2.4,4.26
29692,3,1,5.9,4.95
29693,7,4,9.4,6.56
29694,0,3,0.5,6.21
29695,5,3,3.5,6.45
29696,2,1,1.0,5.32
29697,5,4,1.1,5.98
29698,7,3,6.7,3.55
29699,2,3,2.3,6.39
29700,2,4,0.5,3.74
29701,7,4,3.4,6.06
29702,2,3,6.7,3.04
29703,1,4,2.7,3.53
29704,3,4,6.6,5.07
29705,4,4,9.6,5.68
29706,0,0,5.6,4.69
29707,6,2,5.9,4.27
29708,5,3,7.1,6.55
29709,5,2,1.2,3.67
29710,7,1,0.4,3.38
29711,6,4,4.3,4.79
29712,3,4,8.7,3.87
29713,0,0,2.0,2.67
29714,6,0,4.4,5.67
29715,2,1,4.6,3.76
29716,7,0,0.1,3.94
29717,4,0,9.8,2.59
29718,0,0,2.9,5.19
29719,0,0,4.9,5.01
29720,7,0,5.7,4.3
29721,0,3,2.6,3.96
29722,6,1,6.1,5.66
29723,4,1,4.7,4.21
29724,6,0,9.0,3.3
29725,7,2,1.8,4.42
29726,6,2,5.7,4.41
29727,4,1,3.1,4.91
29728,3,1,1.7,5.2
29729,1,3,5.6,5.8
29730,1,3,2.8,5.84
29731,5,3,3.5,3.78
29732,0,0,6.0,6.37
29733,4,0,1.1,3.88
29734,0,0,8.8,4.59
29735,1,1,3.9,5.34
29736,7,2,7.7,2.67
29737,3,3,3.9,5.11
29738,5,4,2.3,6.27
29739,7,3,2.0,6.07
29740,6,0,0.9,3.84
29741,6,0,2.6,4.22
29742,7,2,0.9,4.88
29743,6,1,5.5,5.31
29744,0,1,0.1,3.91
29745,0,4,2.6,5.49
29746,1,2,9.6,3.49
29747,3,1,8.2,3.59
29748,1,3,5.5,4.41
29749,4,3,6.9,5.93
29750,0,4,9.7,4.07
29751,6,2,7.4,5.27
29752,7,3,4.6,6.22
29753,4,4,2.8,4.09
29754,5,2,8.2,6.22
29755,4,4,7.2,3.46
29756,2,3,2.4,3.76
29757,3,3,7.7,5.65
29758,0,2,9.4,5.23
29759,5,2,9.6,3.54
29760,6,4,9.1,8.2
29761,0,1,3.3,5.63
29762,7,1,7.4,7.39
29763,5,4,9.4,4.32
29764,3,2,9.9,5.71
29765,1,2,7.0,2.57
29766,6,4,7.1,5.95
29767,3,3,4.4,4.2
29768,6,4,4.6,3.68
29769,2,1,10.0,5.23
29770,6,0,2.8,4.88
29771,4,1,7.2,4.15
29772,7,0,1.5,2.22
29773,0,3,4.5,5.83
29774,1,2,7.9,5.4
29775,1,2,3.3,4.09
29776,1,4,7.8,4.47
29777,6,3,5.6,3.9
29778,2,1,2.1,4.48
29779,0,4,6.2,4.56
29780,7,1,2.9,4.08
29781,4,4,3.0,4.26
29782,3,0,0.3,5.5
29783,4,4,0.3,4.91
29784,4,3,7.0,5.6
29785,5,3,4.1,5.85
29786,6,3,0.3,2.45
29787,2,2,8.3,4.77
29788,1,3,7.3,6.79
29789,2,3,4.3,6.94
29790,7,2,7.4,6.06
29791,5,1,1.6,4.23
29792,1,3,7.6,4.24
29793,2,1,6.0,3.32
29794,4,2,3.2,4.54
29795,6,3,8.4,5.58
29796,2,2,3.5,2.95
29797,3,0,3.8,5.3
29798,4,0,4.5,5.65
29799,1,1,5.2,5.2
29800,5,3,3.7,2.88
29801,6,3,10.0,6.43
29802,6,3,8.5,4.74
29803,5,1,0.6,4.78
29804,2,2,0.6,4.85
29805,1,1,9.5,6.79
29806,0,2,0.9,4.44
29807,5,4,9.0,5.62
29808,2,2,6.8,4.03
29809,1,0,8.7,5.07
29810,4,4,7.7,4.33
29811,2,3,5.7,4.43
29812,4,1,8.7,5.24
29813,2,2,4.1,4.59
29814,5,0,9.6,4.64
29815,1,4,7.4,3.85
29816,1,0,3.1,5.0
29817,6,4,5.3,4.65
29818,2,0,0.9,4.94
29819,3,3,4.0,5.86
29820,3,4,6.4,5.05
29821,3,1,2.4,4.2
29822,0,2,8.1,2.44
29823,5,4,3.8,5.5
29824,7,0,7.0,4.54
29825,6,1,9.1,4.63
29826,5,3,3.1,5.14
29827,6,2,7.2,5.79
29828,1,1,1.8,4.71
29829,3,0,5.4,4.89
29830,4,0,6.3,7.63
29831,4,3,7.0,8.14
29832,7,2,3.3,6.66
29833,1,0,0.5,3.61
29834,4,3,2.6,5.51
29835,4,0,4.9,6.28
29836,1,2,6.2,7.27
29837,3,1,0.3,3.62
29838,7,3,0.1,6.57
29839,4,2,1.0,4.41
29840,3,3,3.6,5.68
29841,6,3,8.2,5.91
29842,1,4,8.9,4.8
29843,7,1,5.8,5.58
29844,7,1,9.6,2.74
29845,0,1,8.0,7.02
29846,7,1,0.2,2.2
29847,1,3,9.3,2.15
29848,4,0,1.1,7.58
29849,6,3,0.5,4.05
29850,7,1,3.3,6.0
29851,6,1,8.7,5.17
29852,5,3,8.5,3.6
29853,1,4,9.0,5.47
29854,3,4,4.0,7.47
29855,1,1,1.5,4.84
29856,2,4,9.0,6.62
29857,0,3,1.8,5.64
29858,1,2,1.5,4.82
29859,2,4,5.0,5.44
29860,5,2,3.0,3.84
29861,5,4,4.2,6.72
29862,6,1,9.6,5.28
29863,0,0,4.2,4.19
29864,3,3,4.4,5.51
29865,6,3,0.8,5.37
29866,5,3,7.3,3.4
29867,7,0,0.5,2.83
29868,6,2,2.4,3.49
29869,2,2,2.8,4.97
29870,3,2,9.7,5.28
29871,7,1,4.9,5.58
29872,6,3,4.9,6.42
29873,6,1,1.8,5.33
29874,5,1,0.2,5.29
29875,6,2,7.8,5.34
29876,2,3,3.4,5.56
29877,2,1,6.8,4.05
29878,6,1,4.7,4.79
29879,5,4,1.3,3.9
29880,2,4,7.8,5.13
29881,7,1,9.5,3.88
29882,4,0,8.1,7.32
29883,3,0,4.6,3.7
29884,7,1,9.7,4.01
29885,0,2,4.4,4.23
29886,6,3,7.1,5.51
29887,3,4,7.3,4.79
29888,2,4,5.5,5.4
29889,0,0,4.6,5.39
29890,0,3,9.3,4.45
29891,2,2,1.2,6.15
29892,6,4,5.3,5.5
29893,0,1,1.9,4.86
29894,3,1,4.1,4.82
29895,5,1,7.6,5.36
29896,7,3,6.8,5.73
29897,6,2,5.3,5.27
29898,1,0,3.2,4.29
29899,5,2,3.1,3.86
29900,3,1,1.8,5.67
29901,2,4,6.3,6.15
29902,5,3,1.4,2.63
29903,4,2,2.0,4.85
29904,0,2,9.9,2.91
29905,0,1,0.0,2.99
29906,4,3,9.1,6.66
29907,5,2,3.2,5.53
29908,4,4,7.5,6.9
29909,5,4,9.7,5.2
29910,4,3,6.6,6.36
29911,2,4,5.4,6.51
29912,1,3,1.7,3.46
29913,0,0,7.9,6.44
29914,5,2,5.9,3.8
29915,3,2,9.6,4.31
29916,7,3,3.4,6.28
29917,1,4,4.5,4.73
29918,4,3,8.1,8.34
29919,3,3,1.5,6.13
29920,3,0,2.6,4.73
29921,1,3,8.6,4.99
29922,3,3,2.1,5.66
29923,2,0,9.0,2.78
29924,1,1,9.1,4.63
29925,4,0,3.5,6.08
29926,7,0,6.1,5.34
29927,5,0,1.0,6.12
29928,2,4,2.8,4.63
29929,2,0,8.1,5.78
29930,2,0,6.3,6.42
29931,3,3,8.0,6.54
29932,2,3,9.8,4.77
29933,4,1,5.5,6.64
29934,6,0,7.0,4.12
29935,5,4,4.1,5.12
29936,1,0,6.0,6.08
29937,4,2,8.2,3.58
29938,1,3,3.2,6.3
29939,6,2,0.6,5.83
29940,5,3,2.8,4.14
29941,1,0,3.6,5.02
29942,5,0,4.1,2.79
29943,0,2,0.9,4.31
29944,2,4,3.9,4.98
29945,7,0,4.5,6.16
29946,1,3,1.9,5.62
29947,6,1,7.8,6.88
29948,1,0,0.1,5.13
29949,6,1,7.0,5.15
29950,3,1,9.0,4.17
29951,5,0,6.7,5.75
29952,3,2,3.2,5.95
29953,5,0,7.8,5.83
29954,1,4,4.9,4.27
29955,3,2,8.2,3.4
29956,4,0,5.5,2.35
29957,0,0,5.0,5.22
29958,7,1,6.2,3.99
29959,5,0,9.5,5.69
29960,1,1,3.0,4.23
29961,1,0,7.9,7.13
29962,7,0,0.4,5.93
29963,1,1,6.8,6.12
29964,3,3,1.9,6.47
29965,2,1,7.2,5.01
29966,1,2,4.0,5.28
29967,1,3,7.5,7.2
29968,3,0,8.1,3.06
29969,5,2,8.3,2.71
29970,7,3,6.9,7.32
29971,5,2,7.8,4.83
29972,2,0,9.8,3.68
29973,4,3,6.8,3.9
29974,3,1,10.0,4.33
29975,2,2,7.7,4.55
29976,0,3,4.3,3.43
29977,3,1,2.7,4.32
29978,1,1,0.9,2.53
29979,3,4,1.6,5.21
29980,2,2,9.1,4.58
29981,0,4,1.0,3.54
29982,7,1,5.4,7.02
29983,1,3,6.8,7.57
29984,6,4,5.0,5.82
29985,6,1,9.3,3.27
29986,2,3,9.5,3.74
29987,2,3,0.6,2.13
29988,5,2,5.9,5.78
29989,1,4,8.0,1.54
29990,2,0,4.9,4.27
29991,5,0,2.7,5.88
29992,7,0,10.0,6.19
29993,1,2,2.0,4.71
29994,1,2,0.0,6.21
29995,6,1,3.9,5.14
29996,7,2,4.3,8.02
29997,2,4,5.2,5.39
29998,0,0,9.8,6.91
29999,5,4,3.9,4.94
30000,2,0,8.1,2.07
30001,7,4,2.6,4.84
30002,6,1,9.3,6.4
30003,7,4,2.7,5.66
30004,7,2,8.3,5.06
30005,6,4,2.9,3.38
30006,3,3,4.8,4.92
30007,0,1,10.0,6.16
30008,1,3,9.4,3.53
30009,2,2,9.4,2.57
30010,5,2,2.4,4.47
30011,0,1,6.2,5.54
30012,2,0,7.1,4.6
30013,5,3,9.8,3.85
30014,1,1,0.1,0.95
30015,3,3,2.4,4.19
30016,2,3,1.4,6.83
30017,4,1,5.6,5.55
30018,0,0,7.2,4.14
30019,5,1,2.8,6.55
30020,1,2,9.7,4.85
30021,3,2,9.6,2.88
30022,4,3,9.1,6.85
30023,3,4,8.9,3.56
30024,1,1,6.7,6.98
30025,6,3,9.7,6.77
30026,7,0,6.1,4.0
30027,1,3,2.4,3.53
30028,3,4,1.6,5.2
30029,3,3,4.8,5.38
30030,1,0,9.3,3.82
30031,6,2,2.6,4.14
30032,1,2,6.2,3.07
30033,5,3,3.0,5.59
30034,5,2,0.2,6.25
30035,2,1,6.0,4.27
30036,3,2,2.3,7.83
30037,5,1,7.7,1.78
30038,5,1,8.3,4.67
30039,7,4,0.1,4.67
30040,2,2,9.4,4.95
30041,1,3,0.4,3.65
30042,2,2,9.8,6.29
30043,4,3,3.0,3.85
30044,1,4,9.0,5.92
30045,3,1,8.4,6.25
30046,7,1,5.4,5.93
30047,4,3,9.2,4.95
30048,3,2,5.9,3.42
30049,4,0,1.1,5.5
30050,1,2,4.2,2.93
30051,5,2,4.4,6.44
30052,6,1,8.6,3.57
30053,3,3,5.1,6.03
30054,7,3,5.1,3.73
30055,7,0,2.4,4.25
30056,7,4,6.7,4.87
30057,0,4,9.9,3.34
30058,2,0,4.3,4.79
30059,4,3,7.6,2.63
30060,0,0,9.8,5.05
30061,4,2,8.9,4.45
30062,7,0,8.6,5.01
30063,6,0,8.4,4.57
30064,3,0,6.1,4.13
30065,2,1,9.9,5.88
30066,7,3,7.6,3.85
30067,7,3,9.4,5.57
30068,0,1,1.6,5.21
30069,1,4,0.5,7.84
30070,3,1,1.5,4.14
30071,2,4,3.7,5.83
30072,4,1,0.5,3.3
30073,1,3,6.5,5.99
30074,4,2,0.4,5.75
30075,5,2,2.8,5.86
30076,1,4,0.2,7.42
30077,7,4,7.3,4.03
30078,4,0,1.6,5.48
30079,4,3,2.1,5.39
30080,7,4,4.4,5.19
30081,0,3,2.7,4.01
30082,5,2,9.9,5.45
30083,1,2,2.2,3.55
30084,0,3,4.7,2.56
30085,2,2,9.5,5.7
30086,1,1,3.2,6.84
30087,4,3,6.6,5.35
30088,0,2,0.5,5.02
30089,4,3,5.3,5.48
30090,2,2,8.3,5.97
30091,7,0,7.0,6.63
30092,1,3,4.5,4.74
30093,3,4,8.8,4.76
30094,1,4,0.3,5.0
30095,0,4,8.4,3.74
30096,6,1,5.4,3.71
30097,6,2,7.2,3.93
30098,2,0,9.5,5.51
30099,2,2,4.4,6.75
30100,5,2,2.0,3.88
30101,5,0,6.1,4.54
30102,4,0,1.8,6.46
30103,1,4,4.7,4.85
30104,4,4,3.5,5.9
30105,0,1,6.3,5.86
30106,4,0,6.3,5.49
30107,4,2,8.1,4.6
30108,0,0,2.5,5.05
30109,2,3,8.7,4.56
30110,5,1,7.9,6.0
30111,1,2,1.8,5.35
30112,3,1,6.1,3.5
30113,2,1,6.6,5.98
30114,0,4,2.2,6.66
30115,6,4,9.4,5.67
30116,7,2,6.6,5.86
30117,1,1,2.1,4.36
30118,3,3,9.0,3.35
30119,4,1,0.6,3.95
30120,4,1,1.4,4.87
30121,6,1,8.5,3.33
30122,6,3,1.8,5.33
30123,2,0,5.3,6.0
30124,2,3,9.9,5.71
30125,7,4,10.0,3.0
30126,1,0,3.2,5.31
30127,6,1,6.7,5.46
30128,6,3,3.2,4.7
30129,7,2,9.9,6.84
30130,1,4,7.4,4.54
30131,5,4,4.5,2.8
30132,1,1,9.7,3.98
30133,4,1,3.8,5.56
30134,6,3,3.4,5.99
30135,2,3,8.5,5.16
30136,0,2,7.8,7.19
30137,0,2,2.2,3.49
30138,3,3,5.7,6.63
30139,0,4,4.6,4.37
30140,1,3,0.5,4.45
30141,3,1,6.8,4.7
30142,0,0,5.9,4.92
30143,7,0,0.1,4.08
30144,5,4,2.3,5.78
30145,2,3,3.7,5.66
30146,1,3,3.3,5.77
30147,0,2,3.7,3.16
30148,3,0,8.1,4.75
30149,2,4,2.5,5.01
30150,7,0,0.1,4.92
30151,2,1,2.4,4.71
30152,5,1,6.7,5.52
30153,4,2,2.2,5.02
30154,5,2,2.0,6.33
30155,6,2,8.9,3.36
30156,6,3,3.6,5.91
30157,6,4,6.6,6.56
30158,0,4,2.5,4.99
30159,7,0,8.8,6.58
30160,4,0,4.0,5.13
30161,5,2,1.2,6.19
30162,6,4,7.5,5.72
30163,6,1,5.5,7.12
30164,4,0,7.2,3.89
30165,0,4,8.1,4.6
30166,2,4,3.7,4.93
30167,4,0,6.0,5.54
30168,4,0,2.0,4.59
30169,6,1,9.0,3.25
30170,2,0,7.6,4.31
30171,0,2,3.7,4.55
30172,1,1,7.0,5.92
30173,5,3,7.5,4.38
30174,4,1,8.8,5.24
30175,4,1,6.3,4.57
30176,6,0,2.3,4.99
30177,6,0,1.7,3.89
30178,6,4,0.3,5.59
30179,5,4,1.6,5.9
30180,0,1,6.5,5.15
30181,1,4,8.4,6.85
30182,6,2,1.3,6.44
30183,5,1,3.3,4.99
30184,4,4,1.7,4.21
30185,1,1,0.6,3.71
30186,0,0,4.2,4.05
30187,2,1,4.9,5.82
30188,5,3,3.2,4.53
30189,3,4,3.8,5.22
30190,5,3,5.0,5.57
30191,0,3,0.3,5.34
30192,3,4,1.7,4.69
30193,3,1,10.0,2.46
30194,0,3,2.4,6.94
30195,0,1,5.6,4.07
30196,4,3,7.3,3.55
30197,0,1,4.8,5.13
30198,5,3,8.1,2.61
30199,3,3,5.6,4.79
30200,4,4,0.3,6.39
30201,3,1,8.0,4.73
30202,1,2,9.0,4.56
30203,7,1,6.3,3.94
30204,4,2,5.3,2.34
30205,2,3,0.7,6.82
30206,5,4,8.7,3.65
30207,6,1,0.4,2.81
30208,2,0,2.4,4.83
30209,0,3,5.7,4.72
30210,2,2,6.0,5.1
30211,4,2,6.9,4.5
30212,5,2,6.4,3.69
30213,7,4,0.1,2.88
30214,1,3,5.7,6.64
30215,3,0,0.6,5.2
30216,1,1,4.4,8.4
30217,4,2,8.0,4.79
30218,6,3,3.0,4.46
30219,0,2,9.7,3.95
30220,2,2,8.0,3.95
30221,2,0,3.0,7.05
30222,1,4,2.1,5.13
30223,5,4,6.6,3.23
30224,6,0,5.3,5.29
30225,1,4,5.4,4.86
30226,0,1,9.9,1.96
30227,4,0,3.1,2.34
30228,6,2,2.8,5.31
30229,5,0,7.7,2.9
30230,6,0,1.4,5.46
30231,7,1,4.6,3.65
30232,0,2,4.3,4.83
30233,2,2,8.1,5.42
30234,6,0,7.9,4.27
30235,0,2,0.6,5.02
30236,6,0,1.5,7.87
30237,6,0,1.0,4.29
30238,0,0,3.2,4.64
30239,5,2,6.2,5.74
30240,4,4,1.1,3.51
30241,5,2,7.6,5.58
30242,2,0,4.8,4.37
30243,6,3,1.4,6.73
30244,1,4,0.7,5.46
30245,2,2,3.5,7.3
30246,0,3,6.1,6.27
30247,0,2,4.1,4.62
30248,0,2,4.6,4.47
30249,2,1,0.5,6.28
30250,4,1,8.5,2.8
30251,0,0,4.8,3.22
30252,0,0,1.0,5.41
30253,4,0,1.6,4.63
30254,0,2,0.8,4.43
30255,0,4,5.3,6.13
30256,5,3,5.4,3.05
30257,6,1,2.2,5.13
30258,4,2,0.2,6.84
30259,2,3,3.1,5.45
30260,0,3,7.4,7.09
30261,0,2,1.6,7.21
30262,3,3,0.1,4.59
30263,6,3,1.9,4.72
30264,1,4,5.4,4.73
30265,4,3,1.3,6.66
30266,5,3,1.2,4.38
30267,6,4,6.0,4.23
30268,3,3,1.9,5.91
30269,1,0,6.1,5.21
30270,0,4,9.4,5.74
30271,0,3,1.7,4.91
30272,3,4,1.6,5.37
30273,7,1,4.1,3.38
30274,7,4,6.4,5.18
30275,5,0,6.2,6.02
30276,5,2,4.0,3.32
30277,5,4,5.2,5.65
30278,6,0,5.0,6.42
30279,0,0,3.0,6.21
30280,4,1,9.9,4.67
30281,3,0,2.2,4.1
30282,7,0,3.3,6.65
30283,2,3,1.6,3.66
30284,5,0,9.3,2.0
30285,5,4,1.6,3.8
30286,5,0,3.8,3.66
30287,6,1,0.1,4.39
30288,2,2,6.2,6.0
30289,4,4,5.9,2.49
30290,1,1,1.2,5.99
30291,7,2,7.7,5.25
30292,1,1,9.1,5.73
30293,4,2,3.6,4.12
30294,0,3,9.2,4.79
30295,5,1,8.5,6.66
30296,6,1,9.5,2.78
30297,0,1,1.2,1.67
30298,6,3,0.8,4.69
30299,6,1,9.1,4.63
30300,3,4,4.0,6.25
30301,3,1,9.2,6.28
30302,7,1,4.2,5.61
30303,6,2,9.1,6.07
30304,1,1,8.4,4.96
30305,1,2,3.1,5.26
30306,6,1,8.0,5.78
30307,1,2,2.6,4.91
30308,4,1,4.5,6.41
30309,4,2,8.9,7.28
30310,3,3,4.9,6.21
30311,0,3,8.2,5.65
30312,6,4,0.3,5.31
30313,0,4,6.0,5.08
30314,7,4,1.4,5.62
30315,5,4,7.3,4.76
30316,0,3,2.1,4.11
30317,7,2,4.4,4.97
30318,5,3,6.7,4.92
30319,6,1,2.8,2.81
30320,3,4,7.8,4.72
30321,5,3,3.8,3.83
30322,1,1,3.9,3.35
30323,1,4,9.8,5.75
30324,0,2,2.3,4.2
30325,3,2,1.3,4.04
30326,1,0,9.1,3.65
30327,7,0,7.7,6.3
30328,3,2,9.2,2.97
30329,1,1,8.8,5.76
30330,6,1,2.8,6.04
30331,4,1,6.3,4.65
30332,1,1,1.2,5.57
30333,7,1,8.7,4.31
30334,5,2,1.9,5.21
30335,1,4,6.5,2.94
30336,4,3,2.3,4.67
30337,7,1,4.9,5.21
30338,3,2,5.3,5.31
30339,4,3,5.7,3.94
30340,6,0,1.3,4.27
30341,3,3,1.2,3.46
30342,2,4,0.3,3.44
30343,0,4,9.6,4.73
30344,6,2,1.7,6.36
30345,7,1,1.7,5.41
30346,1,2,6.9,3.56
30347,0,4,7.1,4.44
30348,1,3,8.1,6.16
30349,4,0,6.6,3.59
30350,5,3,8.4,5.25
30351,1,4,7.7,3.45
30352,4,1,5.5,5.4
30353,0,0,0.0,4.88
30354,5,1,2.0,5.85
30355,1,3,3.6,3.78
30356,4,1,8.8,7.2
30357,5,4,6.2,3.33
30358,4,4,5.2,4.04
30359,3,4,8.6,2.19
30360,3,4,4.7,3.43
30361,4,2,3.3,4.07
30362,7,0,4.2,4.06
30363,6,4,0.4,4.37
30364,2,2,0.9,4.21
30365,2,1,6.1,3.89
30366,0,2,3.9,6.05
30367,2,2,9.2,5.64
30368,7,1,4.3,4.9
30369,3,4,9.9,7.56
30370,6,0,0.3,5.4
30371,6,1,3.7,4.7
30372,4,1,1.2,2.61
30373,7,4,3.5,3.65
30374,6,0,1.9,3.56
30375,3,3,5.0,4.78
30376,2,0,9.4,4.55
30377,0,0,3.3,4.76
30378,6,0,7.5,4.91
30379,0,2,1.5,4.78
30380,3,1,4.0,5.58
30381,0,0,8.6,5.33
30382,1,2,10.0,2.9
30383,7,1,0.4,7.88
30384,0,3,3.7,5.91
30385,2,3,8.4,6.19
30386,7,3,2.9,7.43
30387,5,2,8.8,7.12
30388,1,1,1.9,6.28
30389,1,1,7.4,5.66
30390,2,3,7.8,4.96
30391,5,2,2.3,6.35
30392,4,4,6.4,4.3
30393,4,0,7.7,4.87
30394,6,0,6.4,5.56
30395,4,1,7.1,3.13
30396,2,1,6.1,4.85
30397,7,4,5.2,4.91
30398,1,1,2.2,5.92
30399,0,4,4.3,2.76
30400,6,1,3.3,4.87
30401,1,0,2.5,4.9
30402,2,2,3.7,5.07
30403,4,2,5.9,3.42
30404,3,2,4.7,3.3
30405,6,4,4.9,5.34
30406,0,4,3.2,2.36
30407,3,4,2.1,3.99
30408,2,2,1.4,3.36
30409,1,1,3.5,4.61
30410,0,3,6.5,4.71
30411,1,4,2.0,4.21
30412,0,3,9.1,4.21
30413,3,3,5.6,5.23
30414,1,3,8.4,4.67
30415,7,3,9.8,5.44
30416,2,4,6.2,6.29
30417,1,4,1.2,4.38
30418,7,1,8.1,4.57
30419,5,4,9.5,4.83
30420,7,3,2.5,7.4
30421,0,3,4.9,4.84
30422,3,2,7.7,4.88
30423,7,1,9.0,4.65
30424,5,3,3.9,6.56
30425,7,3,9.9,5.81
30426,5,0,3.5,4.41
30427,1,2,4.0,7.09
30428,1,4,1.0,6.29
30429,3,3,0.8,7.35
30430,3,2,8.3,3.24
30431,3,0,1.6,5.09
30432,5,0,8.5,6.04
30433,7,0,2.9,5.35
30434,1,3,9.3,7.74
30435,0,1,4.8,7.28
30436,6,1,2.2,5.38
30437,6,0,5.0,4.34
30438,5,0,3.8,4.53
30439,6,4,5.8,6.25
30440,5,0,5.5,6.6
30441,4,1,7.4,6.82
30442,4,2,5.5,4.76
30443,1,4,8.7,3.3
30444,3,1,0.4,5.84
30445,6,4,5.8,4.54
30446,1,4,1.5,6.72
30447,7,2,5.5,6.95
30448,1,4,7.2,2.68
30449,6,2,8.5,3.71
30450,6,1,4.7,3.49
30451,7,0,6.0,5.76
30452,3,4,1.9,3.74
30453,6,2,5.6,4.37
30454,4,4,1.5,6.12
30455,3,3,7.6,5.14
30456,5,1,6.6,4.95
30457,4,1,9.5,4.79
30458,0,3,8.7,6.78
30459,1,1,6.3,2.09
30460,2,0,8.4,4.4
30461,5,0,2.2,6.22
30462,2,4,3.0,5.61
30463,4,4,8.9,4.93
30464,6,2,4.6,3.71
30465,6,1,0.2,3.07
30466,7,3,6.8,4.38
30467,6,0,2.3,6.11
30468,5,1,8.4,3.73
30469,5,4,8.7,6.02
30470,0,0,6.3,5.15
30471,4,4,3.4,4.4
30472,1,2,0.9,4.42
30473,3,0,9.8,5.05
30474,3,4,8.8,4.53
30475,4,3,9.6,4.8
30476,2,2,5.6,5.74
30477,2,3,4.2,5.55
30478,1,3,8.3,4.65
30479,2,1,7.9,6.48
30480,3,3,6.6,2.15
30481,6,3,3.7,5.12
30482,4,4,8.4,3.46
30483,3,3,2.8,4.43
30484,6,2,5.9,5.39
30485,0,0,9.9,4.09
30486,3,1,10.0,4.63
30487,2,2,4.4,4.58
30488,1,3,4.9,2.8
30489,6,0,5.5,5.17
30490,5,2,7.4,4.42
30491,4,0,9.3,5.52
30492,0,3,1.9,5.79
30493,1,4,0.9,3.52
30494,4,0,0.8,4.77
30495,3,2,8.7,5.39
30496,1,4,3.9,3.75
30497,5,4,0.4,3.65
30498,5,3,6.0,7.25
30499,5,3,4.3,1.98
30500,2,3,2.8,5.67
30501,5,4,0.1,4.34
30502,0,4,4.6,4.68
30503,1,1,6.7,6.21
30504,1,2,6.5,3.05
30505,1,1,8.2,3.88
30506,0,4,0.8,7.04
30507,4,2,1.5,5.21
30508,6,3,0.2,4.18
30509,7,2,0.5,2.95
30510,3,0,4.2,4.94
30511,5,4,2.1,4.46
30512,5,4,3.0,5.2
30513,2,2,7.7,5.0
30514,1,2,6.4,4.25
30515,4,3,0.8,6.08
30516,6,1,5.8,3.69
30517,5,3,2.0,7.43
30518,7,4,0.8,4.89
30519,6,3,9.6,4.51
30520,0,3,9.5,5.08
30521,0,4,7.0,4.3
30522,3,3,4.5,6.01
30523,4,0,8.0,6.09
30524,4,3,8.6,4.2
30525,1,2,9.7,5.52
30526,4,1,8.4,5.49
30527,7,4,8.7,6.3
30528,2,4,5.1,3.86
30529,0,1,4.8,4.98
30530,4,0,0.0,5.17
30531,7,0,5.4,6.92
30532,6,4,1.2,3.0
30533,4,2,5.1,4.71
30534,4,2,2.4,3.79
30535,0,2,0.9,3.82
30536,1,1,3.3,5.13
30537,3,1,4.9,5.55
30538,6,4,8.9,5.42
30539,0,2,2.2,3.25
30540,4,4,4.4,4.54
30541,4,4,1.2,5.94
30542,2,4,1.5,4.47
30543,0,3,1.7,5.17
30544,0,3,3.1,6.64
30545,2,2,1.5,5.36
30546,0,4,5.1,6.58
30547,6,2,2.0,4.62
30548,2,0,8.6,3.99
30549,3,0,7.7,6.85
30550,0,2,6.6,3.25
30551,7,4,8.4,5.04
30552,2,2,4.4,4.42
30553,7,3,0.4,6.61
30554,4,3,2.6,4.12
30555,6,4,6.7,5.25
30556,5,0,8.0,2.99
30557,4,4,1.4,4.32
30558,6,1,7.5,3.17
30559,6,4,9.9,5.32
30560,6,0,3.2,3.74
30561,3,2,6.6,2.51
30562,3,2,5.5,4.18
30563,7,2,0.4,3.13
30564,5,3,2.4,5.02
30565,7,3,6.4,5.45
30566,0,2,7.5,2.68
30567,3,3,5.7,6.36
30568,6,3,7.2,6.92
30569,4,3,0.7,4.9
30570,4,4,5.6,4.74
30571,2,2,7.9,7.22
30572,6,2,1.1,3.66
30573,4,3,4.4,6.57
30574,2,1,1.8,4.63
30575,7,1,1.6,5.12
30576,0,3,5.0,4.54
30577,2,4,2.8,5.01
30578,1,3,9.8,1.92
30579,3,3,6.0,5.6
30580,7,4,9.9,4.76
30581,5,4,2.3,4.51
30582,6,2,7.1,5.12
30583,5,2,8.3,4.67
30584,7,4,0.7,5.84
30585,1,4,4.1,4.51
30586,0,0,3.2,6.93
30587,0,3,1.8,4.02
30588,4,4,8.7,5.12
30589,3,4,9.2,5.38
30590,4,0,8.4,5.79
30591,1,1,1.7,4.0
30592,5,3,5.7,4.99
30593,3,3,6.3,4.5
30594,6,4,1.9,5.81
30595,0,1,5.5,4.25
30596,4,2,2.9,6.14
30597,2,3,8.0,5.82
30598,7,4,6.9,6.21
30599,5,2,6.2,4.14
30600,5,1,9.0,6.91
30601,6,4,3.6,5.18
30602,7,2,7.5,3.09
30603,4,3,9.6,4.93
30604,4,3,4.4,6.07
30605,5,4,5.9,7.51
30606,3,3,8.1,3.46
30607,1,2,6.3,5.79
30608,7,4,2.1,5.43
30609,4,1,1.3,7.0
30610,1,3,6.2,4.91
30611,4,1,0.3,4.26
30612,4,3,0.3,5.35
30613,0,2,1.0,2.85
30614,5,0,5.1,5.59
30615,4,2,4.0,5.24
30616,5,4,4.4,3.85
30617,6,3,9.1,4.82
30618,0,1,5.4,4.69
30619,2,3,4.8,4.58
30620,3,2,9.5,4.32
30621,2,2,4.9,4.88
30622,2,1,4.0,3.6
30623,0,0,0.4,3.87
30624,1,3,9.4,3.84
30625,2,3,1.5,1.1
30626,4,1,4.7,5.29
30627,1,2,8.0,8.08
30628,5,0,9.6,2.82
30629,4,3,3.0,3.43
30630,7,1,9.2,6.41
30631,2,0,6.3,5.02
30632,1,3,8.5,3.69
30633,5,0,3.5,5.39
30634,1,1,0.9,3.92
30635,0,2,6.5,3.67
30636,1,0,0.5,5.67
30637,4,3,0.0,4.74
30638,7,0,3.0,6.12
30639,4,2,3.2,4.96
30640,7,1,3.0,5.85
30641,2,3,8.0,4.31
30642,3,0,4.9,5.61
30643,7,1,2.2,3.31
30644,7,3,6.6,5.14
30645,3,1,5.5,2.51
30646,2,4,3.8,4.53
30647,6,2,2.4,4.36
30648,6,4,8.6,4.99
30649,1,3,3.1,6.72
30650,6,3,5.4,6.17
30651,1,4,1.5,6.17
30652,6,4,1.2,5.44
30653,4,1,9.4,3.01
30654,6,2,4.7,5.31
30655,5,4,4.2,4.35
30656,0,4,2.7,4.6
30657,5,4,2.0,7.24
30658,6,4,6.0,4.81
30659,4,3,1.2,5.22
30660,3,3,5.7,5.33
30661,7,2,3.2,6.93
30662,5,1,0.2,4.13
30663,2,1,3.0,6.33
30664,0,4,7.0,4.27
30665,0,1,6.6,4.0
30666,4,0,2.5,5.34
30667,0,3,7.2,4.75
30668,2,2,6.1,6.53
30669,1,1,7.6,4.89
30670,5,1,9.9,6.56
30671,0,3,4.0,5.27
30672,4,3,5.6,6.22
30673,5,2,1.8,3.54
30674,6,2,0.7,4.32
30675,3,0,5.8,3.87
30676,5,2,9.1,3.03
30677,0,2,6.0,4.57
30678,1,3,5.5,7.23
30679,6,3,7.8,4.47
30680,4,3,7.5,5.01
30681,2,2,9.6,5.14
30682,6,3,7.4,5.69
30683,4,0,9.0,2.98
30684,4,4,5.8,3.25
30685,0,3,4.3,4.67
30686,0,0,6.5,7.99
30687,3,0,0.9,3.18
30688,3,1,4.3,3.87
30689,5,2,7.4,3.2
30690,1,1,4.9,4.9
30691,2,4,7.8,5.09
30692,2,1,1.6,4.45
30693,2,1,0.9,3.82
30694,1,1,2.7,4.53
30695,4,2,8.7,6.22
30696,2,3,10.0,4.57
30697,1,1,5.7,5.44
30698,4,3,2.6,7.41
30699,6,3,7.2,2.83
30700,7,0,8.3,4.58
30701,5,1,3.5,2.34
30702,7,3,6.9,5.25
30703,0,2,6.3,5.62
30704,5,2,1.3,6.02
30705,7,3,9.9,5.69
30706,7,0,6.3,4.98
30707,5,0,3.9,6.79
30708,4,2,5.0,3.98
30709,6,2,7.2,3.43
30710,5,1,4.4,5.65
30711,3,0,3.6,5.53
30712,2,2,3.4,4.12
30713,6,4,4.5,4.73
30714,5,4,5.3,4.34
30715,1,2,6.3,4.91
30716,3,1,7.4,7.37
30717,2,3,6.9,4.53
30718,0,4,7.4,5.31
30719,1,2,0.1,4.49
30720,7,2,1.5,6.62
30721,3,0,7.0,4.24
30722,4,0,2.5,3.1
30723,7,3,1.9,5.31
30724,0,2,7.5,3.35
30725,4,3,1.3,5.37
30726,3,4,6.6,3.94
30727,6,0,4.2,6.74
30728,5,4,0.9,4.47
30729,1,2,4.1,5.43
30730,0,4,0.1,5.06
30731,0,3,7.6,4.28
30732,0,2,5.4,4.42
30733,4,4,1.5,4.87
30734,6,1,0.8,3.49
30735,5,2,4.3,2.89
30736,1,0,7.2,4.66
30737,0,0,5.4,2.19
30738,6,2,8.8,3.38
30739,7,4,0.6,5.67
30740,7,1,8.7,4.36
30741,4,2,0.5,2.99
30742,0,0,2.9,4.75
30743,7,3,2.1,3.8
30744,1,2,6.1,6.01
30745,5,2,4.1,4.86
30746,4,1,4.2,5.19
30747,6,2,1.8,3.74
30748,2,3,8.6,2.53
30749,0,0,5.0,6.99
30750,4,4,7.0,5.43
30751,7,3,9.1,6.41
30752,7,4,9.7,2.61
30753,1,3,8.9,4.02
30754,4,0,8.2,4.24
30755,2,2,8.7,4.4
30756,4,2,1.5,4.89
30757,6,4,5.4,5.72
30758,6,2,8.0,4.0
30759,2,4,0.2,6.82
30760,2,3,1.9,5.98
30761,7,3,9.7,4.52
30762,3,3,0.3,6.27
30763,4,2,7.5,7.04
30764,6,3,3.2,5.15
30765,7,0,5.4,4.08
30766,3,0,4.0,5.44
30767,7,3,2.8,5.23
30768,7,3,3.6,3.43
30769,4,3,2.8,5.31
30770,4,1,9.4,4.9
30771,2,1,1.1,4.49
30772,7,0,1.1,4.91
30773,5,2,8.7,3.67
30774,1,0,5.4,3.86
30775,3,1,9.4,1.9
30776,6,4,5.0,3.81
30777,2,3,0.6,6.09
30778,1,4,1.1,7.28
30779,2,1,2.3,7.18
30780,0,3,4.5,4.37
30781,3,1,2.6,5.44
30782,5,3,3.6,4.95
30783,3,2,2.7,6.11
30784,1,2,3.4,6.08
30785,2,4,2.9,4.05
30786,7,0,8.7,4.59
30787,2,1,2.5,5.75
30788,3,4,9.3,5.49
30789,3,3,3.9,5.57
30790,7,1,9.0,6.15
30791,0,0,1.9,2.15
30792,0,4,7.0,3.91
30793,2,2,5.4,5.17
30794,7,4,4.0,3.82
30795,5,4,1.3,3.72
30796,4,2,1.1,6.16
30797,7,2,8.6,6.15
30798,4,3,4.6,5.29
30799,3,1,5.4,6.38
30800,5,4,1.0,3.27
30801,1,2,8.7,2.56
30802,0,2,7.0,6.53
30803,1,3,3.5,5.7
30804,4,2,9.9,7.92
30805,4,4,1.9,5.02
30806,5,3,0.0,5.7
30807,3,3,5.9,6.63
30808,1,3,9.2,5.88
30809,1,1,6.6,3.94
30810,7,4,8.5,4.31
30811,1,3,2.4,4.73
30812,5,0,6.2,3.6
30813,5,2,5.2,4.63
30814,7,0,1.0,4.27
30815,0,4,5.9,7.06
30816,2,3,0.5,4.51
30817,7,2,3.1,4.02
30818,3,0,0.0,3.27
30819,5,1,1.8,6.44
30820,6,4,5.0,5.19
30821,1,0,7.2,4.35
30822,4,3,4.3,6.89
30823,1,4,1.9,7.37
30824,3,4,3.4,5.13
30825,3,3,2.4,4.42
30826,7,1,8.6,3.23
30827,1,1,3.1,6.91
30828,2,1,5.6,3.59
30829,1,4,2.5,6.67
30830,0,1,1.3,4.81
30831,4,3,7.2,7.59
30832,6,1,2.2,2.11
30833,6,0,4.4,5.19
30834,0,3,8.1,5.42
30835,7,2,1.3,4.69
30836,5,0,2.2,5.77
30837,4,2,9.9,6.69
30838,3,1,5.1,5.2
30839,6,1,6.3,5.33
30840,6,2,7.3,6.71
30841,2,3,2.1,3.68
30842,3,3,3.2,4.17
30843,7,2,6.2,4.34
30844,4,2,0.6,2.67
30845,1,0,4.4,4.51
30846,0,0,6.9,4.2
30847,0,2,7.9,4.18
30848,6,1,7.6,4.64
30849,7,2,2.4,7.31
30850,0,0,5.8,5.24
30851,5,0,6.1,4.42
30852,1,3,3.1,5.51
30853,5,1,0.5,3.87
30854,5,0,6.6,5.38
30855,0,3,0.1,4.18
30856,0,1,1.4,4.11
30857,2,0,0.1,5.68
30858,4,1,5.6,5.1
30859,4,1,7.2,5.16
30860,0,1,2.1,4.57
30861,0,2,3.7,7.6
30862,3,3,1.1,4.95
30863,0,0,6.9,3.83
30864,5,4,0.6,6.06
30865,2,0,7.4,4.15
30866,4,0,5.7,5.25
30867,3,0,1.1,3.33
30868,5,2,3.1,3.05
30869,1,4,6.0,5.74
30870,6,4,5.6,6.87
30871,2,1,6.3,2.64
30872,7,4,7.1,3.15
30873,0,1,0.6,3.22
30874,4,3,2.0,4.38
30875,4,1,7.7,3.35
30876,5,2,4.9,4.57
30877,7,3,8.6,4.77
30878,6,2,6.7,5.61
30879,5,1,1.3,4.78
30880,6,2,6.8,6.15
30881,6,3,2.2,2.67
30882,3,4,7.5,5.71
30883,7,4,4.9,6.97
30884,0,0,2.3,3.69
30885,4,1,2.9,4.4
30886,1,0,1.0,4.79
30887,7,4,9.7,3.85
30888,7,1,6.4,3.94
30889,6,3,3.6,4.32
30890,5,1,3.7,2.65
30891,4,1,1.6,5.51
30892,0,1,6.8,4.58
30893,1,1,9.1,2.67
30894,7,3,8.5,3.58
30895,0,2,9.2,3.59
30896,3,0,1.9,6.05
30897,4,2,0.1,3.41
30898,0,3,4.4,3.55
30899,7,0,8.4,6.05
30900,7,1,1.4,4.9
30901,2,1,5.5,6.27
30902,6,3,3.7,2.83
30903,1,3,8.4,4.39
30904,6,4,7.3,5.9
30905,5,1,1.4,3.89
30906,7,1,7.4,4.4
30907,3,3,4.3,6.53
30908,1,4,5.0,7.77
30909,2,1,1.8,4.85
30910,6,4,9.6,3.19
30911,0,2,7.7,5.07
30912,1,4,6.5,5.06
30913,0,1,6.9,3.23
30914,2,0,4.4,5.94
30915,7,1,9.4,4.59
30916,0,2,6.7,2.91
30917,2,1,6.5,7.3
30918,2,3,8.7,5.63
30919,0,4,2.6,5.33
30920,5,2,9.8,5.84
30921,3,0,9.1,6.49
30922,0,3,0.2,2.66
30923,7,3,4.1,5.79
30924,2,0,0.8,6.41
30925,6,1,3.1,2.84
30926,5,3,6.3,5.44
30927,6,3,9.6,6.47
30928,2,2,5.3,5.14
30929,6,2,1.0,2.36
30930,0,4,3.3,7.15
30931,1,1,2.1,4.73
30932,6,1,6.2,4.09
30933,7,0,7.9,6.56
30934,1,4,1.9,4.62
30935,6,1,6.0,3.91
30936,1,0,6.6,5.45
30937,7,3,4.1,5.36
30938,0,3,6.9,5.04
30939,4,0,3.6,4.55
30940,3,0,6.8,4.99
30941,2,0,3.6,4.28
30942,3,1,6.0,4.52
30943,1,2,1.6,6.56
30944,5,1,1.2,2.88
30945,2,4,9.6,5.21
30946,1,3,0.2,2.01
30947,5,1,8.4,7.31
30948,7,2,4.4,3.59
30949,7,4,5.0,3.62
30950,1,4,8.8,4.96
30951,0,3,3.9,4.44
30952,7,2,9.2,5.15
30953,3,3,4.1,5.99
30954,6,3,9.8,5.66
30955,2,0,2.0,5.51
30956,0,1,4.0,4.24
30957,1,0,1.1,4.51
30958,5,4,9.9,3.69
30959,7,2,0.1,6.61
30960,5,3,3.8,4.77
30961,1,2,6.7,4.93
30962,6,0,5.1,4.03
30963,2,2,0.5,5.46
30964,7,2,8.8,5.91
30965,0,3,4.1,4.03
30966,3,1,9.8,4.77
30967,1,4,5.1,4.36
30968,5,3,5.0,5.63
30969,1,2,4.2,6.01
30970,6,3,0.8,4.23
30971,2,4,6.2,6.3
30972,6,1,9.1,4.25
30973,4,2,7.6,5.19
30974,2,1,1.9,4.98
30975,1,3,6.4,3.32
30976,4,2,6.4,2.26
30977,4,0,6.4,6.14
30978,6,2,7.1,5.02
30979,3,2,0.3,4.69
30980,2,4,3.9,6.18
30981,1,0,5.6,5.31
30982,6,4,1.5,4.95
30983,1,0,0.5,3.59
30984,3,4,1.5,5.58
30985,5,0,4.9,6.51
30986,4,4,0.0,4.54
30987,5,0,7.3,7.17
30988,0,2,4.9,3.74
30989,1,1,9.2,5.75
30990,5,2,6.2,3.82
30991,6,1,8.7,4.15
30992,2,1,8.4,5.38
30993,7,1,2.3,3.67
30994,7,1,6.2,4.94
30995,1,3,3.9,3.57
30996,0,4,1.6,4.48
30997,4,3,8.8,5.71
30998,7,3,2.9,7.68
30999,6,0,0.2,7.56
31000,3,1,1.3,6.01
31001,5,2,4.1,1.6
31002,2,3,5.8,5.0
31003,0,2,9.8,6.56
31004,5,4,1.6,3.56
31005,6,0,0.8,5.04
31006,1,2,1.1,4.1
31007,6,1,5.3,5.43
31008,4,3,10.0,4.99
31009,0,3,0.7,6.09
31010,0,3,1.8,5.35
31011,2,2,0.4,3.44
31012,5,2,8.2,5.3
31013,3,1,6.4,4.67
31014,5,2,4.4,3.42
31015,2,3,2.9,5.81
31016,4,0,7.7,7.37
31017,1,4,4.7,5.2
31018,1,2,0.6,4.37
31019,5,1,2.1,2.05
31020,0,4,8.0,5.26
31021,7,1,2.1,3.53
31022,7,0,3.2,1.78
31023,0,1,3.1,3.27
31024,3,1,7.1,3.45
31025,3,0,2.7,5.49
31026,5,4,2.8,4.23
31027,6,2,7.8,4.86
31028,7,4,9.2,4.75
31029,2,3,9.1,3.32
31030,7,1,0.1,6.42
31031,0,2,0.4,7.24
31032,6,0,0.3,3.54
31033,7,2,8.8,4.0
31034,0,4,1.7,7.44
31035,0,3,7.3,3.86
31036,5,3,3.8,6.8
31037,3,0,1.1,5.56
31038,2,1,7.3,4.9
31039,2,3,7.2,6.18
31040,4,4,3.3,4.13
31041,0,4,6.6,4.59
31042,1,0,7.7,5.03
31043,1,0,2.1,6.08
31044,2,3,1.7,6.53
31045,7,2,2.6,6.25
31046,6,1,1.3,6.4
31047,4,1,2.8,4.81
31048,0,1,1.4,6.39
31049,2,4,9.7,5.93
31050,6,2,3.3,4.44
31051,5,1,7.3,3.53
31052,1,2,4.7,5.66
31053,5,4,4.0,5.6
31054,1,2,9.6,6.88
31055,3,4,6.8,2.76
31056,4,3,2.7,5.09
31057,2,2,5.0,4.74
31058,2,2,1.8,3.39
31059,7,2,4.2,4.71
31060,3,2,7.0,4.89
31061,1,4,4.8,5.43
31062,7,3,4.3,3.38
31063,3,4,9.1,4.11
31064,5,0,4.7,5.06
31065,7,2,3.7,2.96
31066,7,2,4.2,4.61
31067,3,0,0.7,2.11
31068,1,0,6.3,2.43
31069,5,4,1.2,5.25
31070,6,0,2.1,3.49
31071,4,1,2.3,3.74
31072,7,1,5.5,3.69
31073,2,4,5.1,5.52
31074,6,3,0.8,4.34
31075,4,1,3.0,4.39
31076,5,2,5.7,5.42
31077,6,4,8.9,5.58
31078,0,4,2.6,4.3
31079,2,1,9.2,3.18
31080,1,3,7.5,4.96
31081,5,4,2.2,3.95
31082,0,2,0.7,1.86
31083,6,0,10.0,2.52
31084,3,0,7.7,3.59
31085,6,3,3.9,4.58
31086,3,1,8.4,4.83
31087,2,1,1.7,4.21
31088,0,2,8.0,4.69
31089,7,2,5.1,6.97
31090,5,3,6.2,3.98
31091,6,3,9.7,4.3
31092,1,4,0.2,3.71
31093,2,1,4.1,5.44
31094,0,1,1.2,5.6
31095,5,3,5.1,6.21
31096,6,1,2.8,5.34
31097,7,3,5.9,4.5
31098,2,4,4.2,4.6
31099,7,1,5.1,4.29
31100,7,3,3.9,5.96
31101,6,4,4.3,5.45
31102,7,2,2.4,6.01
31103,1,0,6.1,4.63
31104,5,1,2.4,4.46
31105,6,1,9.1,6.69
31106,7,0,7.5,3.04
31107,2,1,3.8,5.56
31108,4,3,0.6,4.71
31109,4,1,7.2,2.97
31110,4,3,1.4,3.49
31111,3,1,6.2,5.67
31112,1,3,8.6,5.13
31113,6,2,7.1,4.12
31114,0,0,7.8,4.95
31115,7,0,0.9,5.69
31116,7,0,9.5,4.47
31117,3,1,4.4,2.77
31118,2,1,8.6,6.36
31119,1,0,9.5,5.87
31120,7,1,0.6,5.95
31121,3,3,4.9,2.7
31122,6,4,1.4,5.76
31123,2,1,0.8,5.43
31124,3,0,1.6,4.45
31125,1,4,5.6,4.88
31126,7,2,8.5,5.29
31127,6,3,6.7,4.29
31128,1,3,2.3,6.1
31129,2,3,1.0,8.36
31130,6,4,5.0,4.17
31131,2,2,3.6,6.68
31132,5,2,0.5,4.33
31133,3,0,2.6,4.85
31134,0,4,5.6,6.58
31135,6,1,3.8,5.15
31136,6,1,1.0,5.86
31137,3,2,8.2,6.34
31138,0,0,2.5,7.22
31139,0,3,8.1,5.44
31140,3,1,4.7,4.79
31141,7,3,8.8,5.5
31142,3,3,2.1,2.62
31143,3,1,8.4,7.65
31144,7,3,0.7,6.22
31145,0,0,6.5,4.23
31146,2,0,7.9,4.27
31147,4,0,0.6,4.06
31148,0,0,8.7,7.01
31149,4,2,0.9,6.69
31150,6,2,8.7,4.28
31151,4,2,7.9,5.47
31152,6,4,2.7,4.77
31153,3,4,8.3,4.89
31154,4,1,1.7,7.28
31155,5,4,0.5,5.81
31156,7,3,5.5,6.3
31157,6,1,7.0,4.48
31158,7,4,3.1,7.07
31159,3,2,1.1,5.54
31160,1,4,7.1,6.38
31161,6,3,7.9,5.31
31162,7,4,3.1,5.52
31163,6,2,8.9,5.28
31164,6,0,7.8,3.23
31165,1,1,5.6,4.99
31166,4,3,2.7,4.32
31167,1,1,2.7,3.71
31168,5,4,6.2,5.5
31169,1,1,9.7,4.93
31170,0,0,4.3,3.23
31171,5,1,6.8,4.93
31172,6,2,4.1,4.1
31173,1,1,4.1,5.47
31174,3,0,8.4,5.7
31175,1,1,1.4,5.38
31176,1,4,4.8,5.14
31177,2,2,5.9,6.1
31178,2,4,7.8,5.46
31179,7,4,9.2,2.74
31180,6,2,7.8,4.15
31181,1,1,7.5,4.92
31182,6,2,3.2,5.22
31183,7,4,9.2,4.23
31184,4,0,6.6,6.0
31185,3,3,6.3,4.32
31186,3,3,3.4,4.22
31187,6,4,8.4,5.41
31188,5,4,8.3,5.18
31189,4,0,5.3,4.55
31190,5,4,8.6,3.52
31191,1,2,2.0,4.97
31192,2,4,0.8,3.82
31193,3,2,3.0,6.54
31194,2,3,6.3,4.45
31195,1,2,6.0,5.88
31196,4,0,2.5,4.79
31197,7,4,9.9,5.37
31198,0,0,4.9,6.63
31199,4,0,5.3,4.55
31200,6,0,1.6,5.89
31201,2,4,0.3,6.26
31202,5,0,8.0,5.19
31203,7,0,3.8,6.28
31204,7,1,9.8,3.9
31205,1,4,6.3,4.71
31206,1,0,8.7,3.53
31207,7,0,7.0,4.73
31208,3,4,4.7,4.91
31209,2,1,0.6,6.36
31210,0,0,6.6,4.15
31211,1,1,8.1,4.75
31212,7,4,8.5,6.54
31213,2,3,7.0,2.19
31214,7,1,1.8,6.17
31215,0,4,6.8,3.04
31216,0,1,2.7,3.95
31217,0,4,7.1,6.38
31218,2,4,3.7,4.98
31219,2,2,2.2,2.74
31220,4,1,0.3,5.87
31221,1,3,0.3,6.93
31222,6,0,8.8,5.53
31223,4,2,9.0,3.52
31224,0,1,9.1,4.68
31225,1,2,2.3,3.79
31226,5,3,8.8,2.87
31227,4,1,6.0,4.97
31228,1,1,4.5,6.5
31229,7,3,9.7,6.41
31230,3,0,5.9,7.1
31231,0,3,0.4,7.05
31232,5,4,8.1,5.25
31233,4,3,2.4,5.58
31234,4,0,9.9,5.05
31235,3,4,1.7,6.75
31236,5,2,4.2,5.8
31237,0,3,2.1,5.38
31238,0,0,3.5,6.23
31239,5,2,1.4,6.17
31240,7,1,1.2,3.64
31241,2,4,7.1,6.39
31242,0,2,2.5,5.67
31243,2,3,0.6,4.07
31244,3,1,7.8,5.28
31245,5,3,4.8,4.63
31246,0,2,1.5,3.9
31247,1,3,5.2,5.06
31248,5,3,3.7,3.01
31249,2,2,8.6,5.54
31250,0,0,1.0,4.09
31251,7,3,1.3,4.11
31252,2,4,0.9,4.75
31253,2,2,6.6,7.12
31254,4,2,7.1,6.2
31255,0,3,5.9,5.45
31256,3,4,7.4,4.78
31257,0,4,9.2,6.48
31258,0,2,6.7,5.15
31259,0,0,1.1,5.44
31260,3,1,2.8,3.84
31261,7,2,5.0,2.18
31262,3,2,8.0,3.88
31263,3,3,5.8,4.0
31264,0,3,6.1,3.69
31265,1,0,9.7,5.48
31266,6,4,1.3,6.88
31267,1,1,2.0,3.53
31268,2,0,4.3,5.69
31269,3,3,3.1,5.21
31270,4,1,2.7,5.57
31271,1,2,7.6,4.07
31272,0,3,2.4,6.01
31273,7,3,5.4,4.13
31274,6,0,8.4,4.83
31275,7,0,5.9,5.81
31276,1,0,6.3,3.82
31277,0,4,9.0,4.97
31278,1,4,4.7,5.27
31279,7,1,4.1,1.76
31280,0,3,3.4,4.35
31281,4,2,2.5,5.23
31282,2,2,6.7,6.05
31283,2,1,8.5,5.65
31284,4,0,5.6,6.03
31285,4,1,2.8,4.44
31286,6,2,2.8,3.95
31287,5,2,9.8,6.82
31288,5,3,4.9,6.62
31289,6,0,4.8,5.44
31290,4,1,3.3,5.94
31291,2,2,3.5,2.79
31292,1,4,8.9,5.82
31293,4,0,7.2,5.98
31294,5,2,1.9,4.25
31295,6,1,0.7,5.2
31296,1,1,8.8,6.25
31297,5,3,2.9,3.99
31298,7,4,1.8,6.87
31299,7,3,1.9,4.77
31300,5,0,0.8,5.05
31301,1,0,7.0,6.11
31302,5,2,9.2,6.13
31303,3,1,7.6,4.98
31304,4,0,7.2,5.28
31305,3,3,6.5,6.66
31306,0,1,8.9,4.64
31307,3,1,4.6,5.7
31308,6,0,7.7,4.59
31309,2,1,8.2,4.2
31310,3,0,3.9,5.13
31311,0,2,9.6,4.68
31312,0,4,3.9,3.79
31313,2,4,6.7,5.04
31314,6,1,9.8,6.84
31315,6,4,6.6,3.92
31316,5,2,9.2,5.1
31317,1,4,9.4,3.65
31318,3,2,1.5,4.52
31319,5,2,5.3,4.3
31320,2,2,4.2,5.68
31321,0,2,8.3,4.59
31322,3,4,8.1,6.43
31323,6,4,7.7,5.12
31324,5,3,1.9,2.43
31325,2,1,2.9,4.68
31326,7,0,4.9,4.56
31327,3,0,5.1,4.59
31328,7,3,6.1,6.98
31329,5,3,3.6,4.32
31330,2,2,9.3,5.12
31331,1,4,9.0,5.32
31332,6,3,9.5,4.97
31333,7,4,8.4,3.99
31334,2,1,5.5,6.76
31335,2,0,4.4,5.3
31336,5,4,4.8,5.08
31337,7,3,5.2,4.48
31338,6,4,5.1,4.49
31339,1,4,8.8,4.26
31340,5,1,2.6,3.44
31341,1,3,1.5,5.64
31342,5,3,4.0,4.64
31343,4,0,6.6,5.18
31344,5,0,1.5,4.92
31345,0,0,3.0,2.96
31346,4,2,0.5,4.51
31347,2,3,8.9,5.86
31348,2,3,3.4,6.08
31349,2,0,3.0,6.98
31350,1,2,6.2,4.66
31351,6,1,3.9,5.99
31352,3,3,3.1,4.5
31353,4,2,4.2,4.07
31354,6,2,4.1,4.0
31355,2,4,0.1,5.18
31356,0,3,5.4,3.14
31357,7,1,8.9,5.95
31358,7,1,7.0,5.35
31359,0,3,3.8,3.24
31360,0,4,3.9,4.99
31361,1,2,8.1,3.99
31362,1,3,3.5,6.81
31363,0,0,6.2,6.55
31364,7,0,7.3,6.33
31365,4,4,5.6,5.09
31366,5,1,3.3,3.05
31367,0,0,0.1,5.88
31368,7,3,4.8,4.78
31369,3,1,2.6,3.12
31370,4,2,0.0,4.95
31371,1,2,7.8,5.69
31372,3,3,4.5,4.61
31373,2,4,9.0,3.31
31374,6,3,1.4,5.46
31375,6,1,4.2,3.08
31376,3,4,2.3,6.84
31377,5,3,2.7,4.87
31378,3,4,4.1,7.88
31379,4,0,6.0,7.22
31380,1,2,0.7,3.95
31381,1,3,0.5,5.34
31382,0,3,9.0,3.64
31383,3,1,1.0,7.69
31384,5,3,6.5,5.39
31385,6,3,4.8,6.04
31386,1,3,6.5,5.96
31387,4,4,1.3,5.56
31388,1,2,6.6,5.42
31389,2,0,1.9,3.07
31390,6,4,9.2,2.05
31391,3,1,8.0,6.02
31392,1,0,0.2,5.84
31393,6,0,0.9,4.91
31394,1,4,5.8,6.59
31395,6,1,2.2,2.93
31396,1,1,7.3,4.93
31397,5,4,1.8,7.19
31398,7,4,6.9,6.64
31399,3,2,2.3,4.9
31400,6,1,2.4,5.49
31401,4,1,0.7,5.21
31402,5,4,8.1,4.3
31403,5,4,8.7,5.37
31404,7,2,3.1,4.82
31405,2,2,6.2,4.21
31406,7,0,9.1,1.54
31407,3,3,9.7,4.49
31408,3,1,6.5,4.22
31409,1,3,7.8,3.57
31410,0,0,3.5,6.05
31411,3,0,3.3,6.88
31412,0,1,3.1,5.55
31413,5,2,1.5,6.37
31414,2,4,1.7,3.13
31415,7,1,7.6,5.46
31416,3,3,6.2,5.41
31417,2,4,2.2,7.71
31418,4,0,5.6,4.24
31419,1,1,2.6,4.68
31420,4,2,4.8,4.78
31421,1,3,1.7,4.01
31422,0,0,6.5,4.19
31423,2,0,1.9,4.39
31424,3,0,2.6,5.51
31425,6,2,6.9,5.38
31426,4,1,5.9,4.3
31427,6,4,7.8,4.09
31428,6,4,2.3,3.45
31429,0,1,2.9,4.44
31430,4,4,8.9,5.95
31431,2,1,1.0,2.46
31432,2,2,7.6,3.58
31433,6,0,9.5,4.44
31434,4,2,8.0,6.73
31435,7,3,9.9,6.5
31436,2,3,2.4,3.2
31437,0,4,9.2,4.17
31438,7,4,6.9,5.91
31439,4,0,0.9,4.81
31440,5,0,9.9,4.73
31441,0,2,8.8,6.06
31442,3,0,2.4,6.12
31443,3,2,8.1,5.11
31444,1,4,2.5,6.35
31445,6,3,5.0,6.17
31446,3,4,6.4,4.48
31447,0,3,8.2,3.76
31448,2,4,4.5,4.27
31449,5,3,3.5,6.83
31450,3,1,8.6,4.36
31451,3,1,8.3,3.88
31452,0,1,4.7,5.26
31453,0,3,6.8,4.89
31454,7,2,7.8,3.84
31455,0,0,9.6,7.7
31456,7,3,2.1,2.91
31457,5,3,2.4,6.68
31458,1,2,3.7,4.23
31459,4,3,0.4,5.47
31460,3,1,8.4,3.78
31461,7,1,8.4,3.98
31462,3,0,4.6,2.54
31463,1,2,6.7,3.6
31464,5,2,1.3,4.62
31465,4,0,0.5,4.38
31466,7,0,4.5,4.71
31467,3,4,8.1,5.59
31468,3,2,1.3,4.81
31469,1,3,8.9,2.98
31470,4,0,9.2,6.41
31471,7,2,3.3,5.91
31472,2,1,1.4,3.42
31473,5,1,5.5,5.96
31474,2,2,4.8,2.57
31475,0,4,3.6,2.67
31476,4,2,8.1,3.24
31477,6,0,2.4,4.58
31478,2,2,1.7,4.17
31479,6,2,7.0,3.52
31480,2,0,2.1,4.79
31481,7,3,3.0,4.3
31482,3,3,5.0,4.29
31483,6,3,3.3,5.26
31484,6,3,0.1,6.44
31485,4,4,5.1,3.22
31486,4,2,6.4,6.69
31487,5,0,6.9,3.19
31488,2,1,1.3,4.66
31489,1,4,2.6,4.48
31490,4,4,3.8,3.44
31491,1,0,1.2,4.03
31492,6,1,1.4,4.57
31493,7,0,1.0,6.21
31494,2,0,4.1,5.03
31495,0,3,2.5,4.66
31496,6,2,8.0,5.2
31497,0,0,1.7,4.75
31498,7,1,2.8,6.62
31499,4,2,2.9,2.5
31500,1,4,8.6,6.54
31501,0,3,5.5,7.22
31502,7,3,4.2,5.47
31503,7,3,4.5,5.5
31504,4,0,9.8,4.98
31505,4,2,1.8,2.61
31506,6,4,9.1,6.63
31507,1,3,3.1,3.05
31508,7,2,5.7,6.57
31509,2,4,4.2,3.03
31510,1,2,7.2,6.61
31511,7,4,0.8,5.75
31512,5,1,8.8,4.35
31513,2,4,0.3,5.33
31514,6,0,3.1,5.68
31515,6,1,4.3,4.76
31516,1,0,0.3,6.44
31517,6,4,6.4,5.6
31518,5,1,9.6,6.4
31519,4,3,5.4,3.28
31520,1,3,5.9,4.96
31521,3,1,4.1,4.7
31522,0,4,0.7,7.77
31523,2,1,4.7,4.68
31524,3,2,9.6,4.71
31525,0,4,6.7,4.94
31526,4,2,1.9,6.44
31527,5,3,7.8,5.66
31528,7,0,4.7,4.02
31529,3,1,0.3,6.51
31530,2,1,3.3,4.71
31531,2,2,1.1,5.18
31532,6,4,4.2,4.74
31533,4,0,3.2,4.37
31534,3,4,5.9,5.78
31535,6,2,3.1,5.21
31536,4,0,4.7,5.55
31537,6,2,9.2,6.04
31538,4,0,7.6,5.17
31539,3,4,4.3,5.4
31540,2,3,9.2,5.49
31541,7,3,9.7,6.68
31542,5,2,2.4,4.02
31543,7,1,3.8,5.3
31544,1,1,8.2,5.45
31545,3,2,0.7,4.97
31546,6,3,1.6,6.64
31547,2,0,8.6,7.13
31548,3,4,2.6,6.11
31549,1,3,4.5,8.15
31550,6,2,2.8,6.3
31551,3,3,6.2,4.85
31552,6,1,3.4,6.06
31553,2,0,2.9,7.35
31554,1,4,7.4,4.67
31555,5,2,3.2,3.29
31556,1,2,0.1,5.44
31557,2,1,4.4,6.88
31558,0,2,4.7,4.59
31559,1,2,0.3,5.51
31560,4,1,7.3,6.13
31561,6,3,8.0,4.77
31562,2,0,5.2,4.53
31563,0,3,8.9,3.43
31564,7,1,3.7,6.7
31565,1,2,6.6,4.76
31566,2,3,2.2,7.03
31567,0,2,3.8,3.43
31568,6,0,9.9,4.43
31569,5,4,7.3,5.76
31570,3,1,6.9,5.06
31571,6,4,3.5,2.24
31572,6,4,5.1,6.51
31573,4,2,9.8,4.42
31574,0,0,0.5,4.43
31575,2,0,5.8,3.52
31576,5,3,7.9,4.96
31577,7,1,3.2,4.78
31578,7,4,7.1,4.93
31579,1,2,2.2,6.53
31580,7,1,8.1,4.42
31581,7,3,3.8,5.4
31582,4,1,5.8,4.23
31583,1,2,1.9,4.38
31584,3,0,1.2,4.72
31585,3,3,0.8,5.71
31586,2,2,6.2,5.8
31587,6,3,9.4,3.7
31588,0,0,9.0,4.06
31589,6,1,7.9,7.15
31590,1,3,0.6,4.44
31591,4,4,3.9,3.18
31592,0,4,7.9,6.68
31593,6,2,9.5,3.03
31594,1,1,4.3,5.78
31595,2,1,6.1,5.96
31596,2,4,5.1,6.1
31597,1,3,6.1,4.56
31598,6,0,9.6,5.84
31599,7,0,4.7,4.4
31600,1,1,4.3,2.02
31601,3,4,6.6,6.24
31602,2,0,7.4,5.67
31603,7,1,1.5,4.24
31604,3,3,9.4,5.52
31605,2,1,5.1,3.63
31606,5,2,5.2,5.04
31607,5,4,7.5,3.74
31608,2,4,6.4,5.61
31609,0,0,6.4,5.92
31610,4,0,8.4,3.66
31611,1,2,6.4,5.35
31612,0,4,9.7,6.17
31613,0,3,8.5,6.23
31614,7,4,9.0,4.42
31615,3,0,2.6,4.42
31616,7,3,0.5,4.32
31617,7,4,7.3,4.99
31618,5,2,9.7,4.25
31619,3,0,9.1,5.45
31620,7,4,3.5,5.06
31621,7,2,7.3,3.03
31622,0,4,6.7,3.83
31623,5,0,2.1,7.25
31624,2,1,7.9,3.37
31625,2,2,9.5,4.88
31626,3,3,3.6,4.57
31627,3,4,2.9,6.99
31628,5,4,1.3,6.16
31629,3,2,6.3,7.1
31630,7,2,7.1,4.99
31631,6,1,0.3,5.06
31632,5,3,7.1,4.53
31633,6,3,4.1,3.86
31634,5,0,4.3,4.96
31635,1,4,0.2,3.98
31636,6,2,9.7,5.8
31637,7,4,0.2,4.93
31638,0,3,2.0,5.64
31639,1,1,4.0,4.15
31640,5,0,6.2,5.43
31641,1,3,5.0,5.52
31642,5,4,7.3,7.86
31643,1,0,7.1,2.62
31644,6,3,8.9,3.19
31645,2,1,2.6,3.75
31646,3,3,0.6,3.58
31647,7,4,2.8,4.59
31648,7,4,9.7,3.54
31649,2,0,1.3,5.62
31650,7,3,0.7,6.24
31651,1,4,5.0,3.52
31652,0,3,4.2,3.76
31653,4,1,6.6,5.79
31654,5,1,6.8,7.22
31655,4,2,1.2,6.46
31656,1,1,1.4,4.74
31657,5,1,8.4,2.22
31658,7,1,0.9,5.36
31659,7,4,8.2,6.71
31660,3,4,6.6,6.33
31661,5,4,1.8,4.73
31662,3,2,4.7,6.6
31663,7,4,6.8,5.0
31664,0,1,2.7,6.36
31665,3,1,1.2,6.45
31666,5,1,1.0,4.22
31667,4,2,3.5,5.17
31668,4,3,9.3,5.4
31669,2,4,2.5,5.6
31670,0,3,3.2,3.96
31671,7,3,0.1,4.46
31672,1,3,4.9,4.09
31673,2,1,6.1,6.85
31674,6,0,2.5,4.85
31675,7,2,6.5,1.79
31676,2,0,8.8,5.5
31677,4,4,5.2,4.43
31678,0,3,0.5,4.2
31679,5,1,3.3,6.11
31680,2,1,7.3,3.99
31681,1,1,6.4,5.0
31682,2,2,9.4,3.94
31683,6,1,4.5,7.15
31684,7,0,2.0,5.85
31685,2,2,2.7,3.93
31686,4,0,2.5,5.28
31687,4,0,9.4,7.22
31688,0,2,3.9,5.11
31689,2,4,2.1,4.95
31690,6,2,9.7,5.26
31691,6,1,7.5,5.74
31692,6,1,9.2,5.34
31693,0,4,2.7,6.74
31694,1,4,9.7,6.24
31695,1,1,5.3,7.32
31696,3,3,7.0,5.86
31697,0,1,3.5,5.91
31698,5,3,5.4,5.74
31699,3,4,6.1,3.56
31700,7,1,4.5,6.73
31701,5,0,9.0,3.69
31702,0,2,7.7,4.59
31703,6,1,0.7,6.16
31704,2,1,7.2,5.63
31705,4,2,9.5,7.15
31706,2,0,8.1,5.6
31707,4,0,2.5,6.51
31708,0,4,3.9,3.27
31709,2,4,0.1,5.47
31710,6,1,0.9,4.55
31711,2,4,1.2,5.16
31712,4,4,7.6,6.33
31713,1,3,0.5,5.38
31714,7,1,7.1,6.62
31715,4,1,1.9,5.52
31716,2,3,3.6,5.64
31717,7,3,4.5,4.42
31718,7,1,6.5,4.7
31719,7,4,9.6,7.75
31720,2,2,7.1,4.51
31721,1,3,8.1,7.05
31722,4,3,8.5,4.23
31723,2,4,4.9,5.42
31724,0,4,2.7,4.13
31725,4,4,6.1,3.59
31726,4,3,0.9,5.03
31727,5,0,4.5,3.93
31728,4,4,4.3,5.48
31729,0,0,4.8,2.67
31730,1,1,7.1,5.28
31731,0,3,9.0,7.02
31732,4,3,7.6,6.41
31733,4,0,8.4,5.49
31734,4,2,4.2,3.8
31735,2,3,5.7,4.89
31736,3,1,7.9,3.4
31737,3,2,0.5,4.66
31738,6,4,8.3,6.7
31739,4,2,5.0,6.87
31740,6,4,5.1,3.03
31741,2,0,3.4,4.24
31742,0,0,9.1,5.53
31743,2,2,1.1,3.19
31744,7,4,6.1,6.03
31745,0,3,5.4,6.06
31746,1,0,0.1,4.68
31747,3,0,9.4,4.1
31748,0,3,6.2,4.51
31749,5,3,0.7,4.28
31750,0,2,6.2,3.67
31751,2,2,9.7,4.74
31752,3,0,1.0,6.86
31753,5,4,2.8,5.02
31754,1,3,4.9,6.91
31755,6,4,3.2,2.58
31756,6,1,0.4,4.25
31757,7,3,2.0,5.42
31758,1,2,0.7,1.86
31759,7,4,0.6,3.89
31760,6,0,3.8,4.51
31761,3,2,5.5,4.76
31762,7,0,6.9,3.72
31763,6,0,7.2,2.87
31764,1,2,8.2,7.15
31765,5,0,3.0,6.1
31766,3,3,3.4,5.37
31767,3,2,5.3,4.63
31768,4,2,0.5,6.72
31769,6,4,6.2,3.35
31770,2,1,6.5,4.1
31771,7,2,4.4,5.23
31772,3,1,2.3,5.43
31773,2,2,1.1,2.64
31774,3,1,7.6,3.73
31775,0,3,3.9,4.56
31776,7,3,9.8,5.94
31777,6,3,8.8,3.09
31778,7,4,8.3,4.32
31779,4,0,7.7,5.85
31780,7,4,2.0,4.0
31781,7,3,0.3,5.17
31782,3,2,6.1,4.07
31783,0,0,2.0,4.94
31784,7,1,9.5,2.87
31785,3,3,1.8,5.24
31786,4,3,3.7,4.12
31787,7,1,6.2,4.79
31788,1,2,4.3,3.99
31789,4,0,5.0,6.24
31790,0,4,1.6,3.85
31791,7,1,7.7,6.65
31792,3,4,4.7,6.47
31793,3,1,9.2,5.55
31794,7,1,9.6,6.23
31795,0,2,3.6,6.4
31796,5,2,8.2,5.89
31797,0,0,9.7,4.79
31798,7,3,5.9,3.26
31799,3,0,8.4,3.76
31800,7,4,7.5,4.24
31801,2,4,4.3,6.59
31802,1,4,2.8,4.68
31803,4,2,2.2,6.14
31804,2,4,8.4,6.26
31805,4,2,8.4,1.42
31806,1,0,1.7,3.14
31807,7,2,5.3,5.11
31808,2,0,0.1,3.05
31809,0,2,4.7,4.17
31810,7,0,7.9,6.17
31811,4,4,5.4,5.6
31812,2,1,0.5,4.03
31813,2,0,6.6,4.35
31814,4,0,9.5,5.25
31815,2,1,7.3,5.48
31816,7,2,0.4,7.33
31817,5,4,1.7,4.61
31818,7,2,1.9,5.33
31819,4,2,1.4,5.63
31820,2,3,9.5,3.39
31821,4,0,5.9,5.74
31822,5,1,0.6,6.12
31823,5,3,2.0,6.34
31824,2,4,8.6,3.74
31825,3,0,3.5,4.7
31826,1,3,8.1,5.01
31827,1,0,8.1,5.02
31828,2,4,1.0,4.9
31829,3,0,3.8,3.93
31830,2,4,0.6,5.86
31831,3,1,4.7,5.13
31832,7,4,5.3,2.49
31833,7,1,9.2,6.29
31834,0,4,9.7,6.43
31835,6,1,7.8,5.85
31836,6,0,3.1,4.09
31837,0,3,1.9,6.15
31838,3,1,2.7,3.62
31839,0,3,8.7,6.11
31840,3,2,6.0,4.02
31841,5,0,0.2,3.96
31842,6,0,6.8,5.37
31843,1,1,7.8,5.56
31844,4,3,0.1,5.9
31845,1,1,2.4,4.05
31846,5,4,6.6,4.71
31847,3,3,0.7,5.39
31848,7,3,8.1,5.01
31849,0,3,6.0,4.19
31850,4,0,1.0,6.74
31851,3,4,0.8,4.7
31852,5,1,3.8,4.4
31853,1,3,6.4,6.26
31854,5,0,3.2,3.69
31855,2,4,9.3,5.72
31856,1,1,2.2,3.97
31857,1,3,0.4,4.09
31858,7,3,8.7,5.93
31859,4,4,4.8,4.05
31860,7,0,2.4,6.31
31861,2,4,4.3,7.75
31862,7,3,0.0,6.12
31863,7,3,9.3,4.2
31864,6,2,3.4,6.18
31865,1,2,5.7,5.32
31866,4,2,0.1,4.72
31867,4,1,9.8,6.72
31868,3,1,4.0,4.57
31869,0,3,3.7,5.0
31870,4,2,2.2,2.07
31871,4,2,3.9,3.96
31872,0,1,7.9,5.78
31873,0,3,8.6,5.76
31874,0,2,8.0,4.82
31875,6,0,0.7,5.09
31876,5,0,7.0,5.01
31877,6,2,9.8,6.16
31878,3,0,3.7,4.11
31879,0,4,1.3,4.05
31880,0,2,5.8,4.25
31881,0,0,1.7,3.95
31882,1,1,8.9,5.35
31883,5,1,3.3,5.49
31884,0,3,9.0,5.42
31885,0,3,2.0,2.26
31886,1,3,7.5,5.23
31887,0,0,9.9,4.89
31888,2,1,0.7,3.77
31889,6,4,4.3,5.9
31890,5,2,3.2,4.87
31891,3,4,7.4,5.87
31892,6,2,6.5,5.96
31893,1,0,9.3,5.47
31894,7,2,4.0,4.32
31895,0,2,7.9,5.52
31896,5,0,5.2,5.05
31897,3,4,0.2,5.71
31898,4,2,5.6,4.85
31899,4,1,6.2,4.1
31900,1,4,5.1,4.82
31901,4,0,5.9,5.45
31902,7,1,3.7,4.03
31903,5,1,1.2,5.51
31904,7,3,8.6,5.04
31905,5,0,9.9,3.59
31906,4,3,5.1,3.62
31907,4,2,9.8,3.45
31908,5,2,8.4,5.19
31909,7,0,7.4,5.88
31910,2,1,0.8,5.93
31911,1,3,2.4,4.82
31912,6,3,4.8,5.72
31913,1,4,6.1,5.71
31914,4,1,1.1,3.19
31915,3,4,9.1,3.1
31916,2,3,8.9,4.27
31917,5,4,2.4,3.26
31918,7,3,6.3,2.33
31919,6,1,6.5,5.24
31920,3,1,2.8,3.57
31921,1,0,3.4,6.03
31922,5,0,7.9,3.73
31923,7,0,4.0,3.15
31924,7,0,9.6,5.06
31925,5,2,5.9,4.13
31926,4,0,3.3,4.06
31927,0,1,4.1,3.19
31928,7,2,9.0,2.18
31929,3,2,0.4,5.06
31930,1,3,3.1,6.45
31931,3,2,8.7,4.51
31932,6,1,2.1,5.07
31933,2,4,4.7,3.97
31934,1,3,5.9,4.67
31935,2,3,5.4,4.49
31936,0,0,3.1,6.15
31937,3,3,4.8,4.98
31938,3,3,3.3,3.53
31939,5,3,0.1,4.21
31940,4,3,1.3,5.69
31941,6,2,0.9,4.37
31942,6,3,1.8,5.19
31943,6,1,2.6,6.0
31944,1,1,1.8,5.67
31945,1,3,2.9,6.68
31946,2,0,6.8,6.4
31947,4,3,6.8,2.98
31948,2,3,0.6,6.48
31949,6,3,0.4,4.46
31950,6,2,2.0,4.85
31951,3,4,4.9,4.54
31952,1,2,0.4,4.24
31953,0,2,9.4,4.81
31954,6,1,2.4,4.66
31955,6,2,6.8,3.65
31956,7,0,0.6,4.8
31957,1,2,7.4,6.61
31958,6,2,3.6,4.04
31959,3,3,3.1,5.98
31960,4,0,6.2,5.95
31961,7,3,9.7,3.7
31962,1,4,3.1,6.85
31963,7,0,1.8,4.31
31964,4,4,7.3,3.32
31965,5,3,8.4,5.81
31966,4,2,6.1,4.63
31967,2,4,2.3,5.89
31968,0,0,6.2,5.43
31969,0,3,4.6,3.09
31970,0,1,9.1,4.33
31971,2,4,8.9,6.27
31972,1,0,2.6,5.78
31973,7,3,3.1,4.45
31974,3,0,5.2,5.61
31975,1,0,5.7,4.56
31976,1,4,2.5,5.17
31977,3,4,9.3,5.36
31978,5,0,4.2,4.2
31979,5,2,2.5,5.25
31980,1,4,4.9,6.23
31981,5,1,9.3,4.55
31982,5,3,7.7,5.29
31983,4,0,9.5,2.98
31984,0,2,3.7,6.14
31985,5,1,0.6,6.36
31986,5,4,5.3,6.73
31987,6,2,5.3,4.52
31988,3,2,8.2,6.51
31989,5,0,3.8,5.11
31990,3,3,7.9,5.02
31991,4,3,1.7,3.09
31992,2,4,5.2,6.13
31993,4,4,7.6,6.54
31994,1,0,7.5,1.83
31995,6,0,5.0,4.87
31996,4,4,1.1,6.29
31997,5,3,2.8,6.17
31998,3,0,9.6,4.66
31999,7,2,1.4,7.19
32000,2,1,0.7,5.31
32001,0,2,5.6,7.86
32002,7,3,0.6,6.51
32003,5,0,8.6,4.16
32004,2,4,3.3,2.6
32005,7,1,1.0,6.13
32006,7,1,5.8,5.29
32007,4,4,5.5,6.62
32008,4,4,6.3,3.11
32009,1,3,1.3,5.43
32010,7,4,8.9,6.28
32011,3,1,4.6,5.29
32012,3,0,5.7,4.64
32013,2,1,7.7,5.58
32014,5,3,1.2,5.41
32015,1,1,6.6,4.2
32016,4,1,6.4,5.28
32017,5,4,3.4,4.71
32018,7,2,5.9,3.57
32019,7,2,6.9,6.51
32020,3,4,6.1,4.31
32021,7,0,1.7,6.18
32022,2,1,9.3,5.72
32023,2,4,1.8,4.76
32024,5,3,3.6,5.27
32025,2,3,0.7,6.37
32026,6,0,7.5,5.07
32027,3,4,1.9,6.47
32028,3,4,7.9,6.33
32029,6,0,8.7,3.82
32030,1,2,1.7,4.51
32031,0,3,6.3,5.08
32032,5,3,0.2,4.64
32033,6,3,6.4,6.34
32034,6,4,8.0,5.44
32035,1,1,3.2,3.73
32036,6,2,3.1,4.82
32037,3,3,8.9,4.4
32038,2,2,9.6,3.65
32039,0,4,9.5,7.24
32040,1,2,6.5,3.79
32041,3,2,0.9,6.4
32042,7,4,5.5,3.61
32043,0,3,6.8,5.04
32044,3,3,2.6,6.38
32045,5,0,3.9,6.54
32046,4,1,2.1,6.01
32047,4,3,5.6,4.83
32048,7,0,1.0,4.66
32049,0,0,1.0,5.8
32050,5,3,7.8,7.58
32051,4,0,3.5,5.83
32052,4,4,0.6,3.6
32053,7,4,6.5,3.95
32054,3,2,4.2,5.24
32055,0,1,7.3,7.19
32056,1,4,2.9,5.2
32057,2,4,2.0,4.32
32058,6,4,3.6,5.14
32059,7,2,7.2,5.45
32060,2,1,0.8,4.97
32061,2,0,0.0,5.74
32062,6,4,7.3,4.92
32063,3,4,1.7,4.08
32064,4,4,1.5,6.59
32065,5,0,3.2,4.23
32066,4,4,7.7,6.71
32067,1,3,5.4,2.65
32068,7,1,8.5,2.91
32069,1,0,9.9,3.6
32070,7,4,5.9,4.97
32071,0,0,6.3,6.24
32072,5,3,3.2,6.6
32073,7,1,7.4,5.2
32074,0,0,9.0,3.48
32075,0,3,8.8,6.6
32076,0,4,6.1,4.76
32077,3,4,3.3,4.58
32078,2,0,2.7,4.46
32079,2,2,7.6,5.89
32080,0,4,4.4,5.38
32081,7,2,8.5,5.14
32082,7,1,2.2,6.15
32083,6,4,0.4,3.41
32084,0,4,9.3,5.52
32085,4,1,7.7,6.92
32086,7,0,7.9,2.59
32087,1,1,5.8,4.8
32088,4,4,0.2,4.29
32089,0,2,8.3,4.91
32090,3,4,7.1,6.56
32091,3,3,6.7,5.55
32092,4,1,8.1,2.86
32093,6,1,9.1,7.04
32094,7,3,8.6,4.45
32095,3,0,7.4,5.43
32096,0,4,1.5,2.76
32097,3,4,8.3,4.73
32098,5,4,2.8,5.52
32099,7,3,5.6,4.92
32100,0,0,1.0,6.47
32101,3,0,1.1,5.72
32102,0,4,2.6,6.22
32103,5,1,6.6,6.56
32104,6,0,0.5,6.97
32105,2,1,8.4,4.62
32106,7,3,9.9,6.5
32107,4,3,2.4,5.74
32108,5,2,3.0,5.22
32109,1,0,8.7,4.46
32110,3,1,3.1,5.73
32111,5,1,7.0,5.16
32112,0,3,8.8,5.47
32113,1,2,8.8,4.63
32114,1,1,5.7,6.31
32115,7,4,9.5,4.19
32116,3,4,1.5,4.04
32117,2,3,0.5,4.08
32118,2,2,6.8,7.51
32119,6,4,6.6,4.47
32120,3,3,5.9,5.03
32121,3,4,5.1,4.85
32122,4,3,4.8,4.04
32123,7,4,3.4,6.44
32124,0,3,6.3,6.84
32125,5,2,2.8,5.15
32126,6,4,8.4,3.96
32127,3,1,2.7,3.27
32128,7,1,1.0,5.15
32129,7,1,3.1,5.89
32130,6,2,6.8,5.52
32131,6,2,5.0,4.06
32132,3,0,7.3,1.24
32133,7,3,5.7,4.83
32134,2,1,8.1,2.83
32135,5,0,10.0,3.17
32136,6,2,7.5,4.45
32137,1,2,4.6,3.38
32138,1,3,3.5,3.73
32139,3,1,6.1,5.0
32140,6,1,8.7,5.2
32141,3,0,5.1,2.32
32142,1,4,9.2,3.11
32143,0,3,1.2,4.98
32144,0,2,1.2,6.08
32145,0,2,0.1,4.9
32146,3,2,2.6,5.64
32147,3,2,9.8,6.67
32148,2,0,4.6,7.4
32149,6,1,6.0,3.7
32150,7,0,6.2,4.34
32151,5,0,2.2,6.38
32152,6,1,6.9,5.77
32153,0,3,4.2,3.63
32154,2,0,3.6,5.02
32155,2,2,5.7,4.21
32156,6,0,6.3,3.78
32157,6,1,1.6,7.73
32158,0,3,6.4,4.35
32159,2,4,7.2,5.93
32160,2,4,5.8,4.46
32161,6,1,8.3,2.74
32162,2,2,7.9,4.49
32163,5,0,6.9,6.07
32164,1,3,7.9,5.28
32165,4,1,6.1,3.63
32166,2,3,0.8,3.26
32167,6,1,2.9,2.95
32168,6,1,2.2,6.38
32169,6,2,9.2,4.52
32170,5,1,8.6,4.2
32171,6,4,6.5,3.02
32172,7,4,2.7,6.09
32173,7,4,6.5,7.18
32174,7,1,4.8,3.55
32175,0,3,6.2,4.6
32176,1,3,0.3,4.25
32177,5,4,1.6,4.45
32178,3,1,8.5,4.8
32179,0,2,9.9,6.24
32180,6,1,2.9,4.85
32181,5,2,8.6,5.37
32182,7,0,3.8,4.38
32183,2,1,5.9,3.27
32184,3,3,5.5,5.74
32185,0,3,6.1,3.46
32186,4,1,4.2,3.16
32187,5,0,0.1,4.92
32188,1,4,6.9,7.42
32189,5,4,1.6,4.81
32190,7,1,7.9,3.43
32191,6,1,9.4,4.18
32192,2,3,9.6,3.18
32193,5,1,2.2,3.51
32194,3,0,5.9,7.35
32195,2,3,6.5,4.98
32196,2,0,5.8,5.49
32197,0,2,1.5,6.77
32198,3,0,0.5,7.89
32199,7,1,6.6,6.09
32200,4,2,4.7,5.33
32201,3,3,9.1,5.21
32202,7,4,2.6,4.59
32203,5,2,7.6,5.06
32204,4,3,3.8,6.3
32205,1,3,1.3,3.89
32206,3,3,3.3,3.94
32207,2,3,0.6,5.53
32208,0,1,6.2,4.9
32209,0,2,0.1,5.82
32210,5,2,9.7,3.14
32211,5,4,8.2,2.66
32212,5,3,1.3,3.61
32213,4,1,7.9,7.1
32214,7,1,8.8,5.0
32215,3,4,6.3,4.26
32216,1,3,1.1,6.29
32217,4,1,3.6,3.98
32218,3,2,0.8,4.8
32219,7,3,0.2,4.36
32220,2,1,2.3,5.49
32221,1,0,6.9,3.41
32222,2,3,3.3,3.7
32223,1,3,8.7,4.75
32224,4,0,8.9,5.53
32225,4,4,9.6,5.24
32226,4,1,5.5,5.61
32227,4,0,3.3,5.12
32228,1,4,7.6,4.75
32229,4,0,4.9,6.34
32230,4,3,9.8,6.15
32231,4,2,5.9,2.03
32232,7,0,9.2,5.18
32233,2,1,1.8,4.46
32234,6,3,5.8,6.11
32235,4,1,1.6,4.54
32236,4,0,6.7,4.2
32237,5,0,4.4,5.77
32238,3,3,6.0,5.14
32239,0,1,0.1,4.63
32240,5,2,7.2,3.87
32241,2,2,0.4,7.54
32242,3,3,3.0,3.99
32243,4,2,6.3,3.69
32244,2,0,4.9,3.56
32245,5,1,8.6,5.25
32246,6,2,8.6,3.88
32247,4,0,5.1,4.59
32248,6,4,8.1,6.19
32249,7,2,9.5,4.8
32250,0,4,4.6,6.59
32251,1,3,1.5,4.2
32252,2,3,5.2,3.45
32253,2,1,6.6,4.97
32254,3,2,7.8,4.28
32255,6,4,5.8,3.85
32256,1,1,6.9,5.73
32257,2,4,8.4,4.23
32258,1,1,4.8,7.06
32259,1,2,5.0,3.51
32260,5,0,0.4,4.95
32261,0,3,1.7,3.99
32262,4,0,7.7,6.85
32263,0,1,4.0,6.45
32264,1,3,4.8,6.85
32265,6,2,4.7,4.73
32266,0,3,4.8,3.47
32267,5,3,7.5,3.54
32268,4,2,6.0,7.02
32269,4,2,9.1,7.46
32270,4,3,9.6,5.99
32271,6,0,2.6,4.64
32272,4,4,1.6,5.12
32273,3,2,2.4,7.32
32274,7,4,5.0,3.34
32275,1,0,7.2,4.72
32276,0,4,9.6,5.17
32277,7,4,4.6,6.28
32278,6,1,7.8,5.31
32279,7,0,7.3,4.09
32280,5,1,3.4,3.75
32281,6,2,7.4,5.98
32282,5,3,4.7,5.91
32283,3,4,3.8,5.88
32284,2,3,2.6,4.3
32285,7,4,6.4,5.14
32286,1,0,5.2,5.52
32287,3,2,0.6,6.03
32288,2,2,9.7,3.36
32289,6,3,1.2,5.71
32290,3,2,8.8,3.7
32291,5,1,3.6,6.17
32292,5,2,5.8,5.76
32293,1,2,1.8,3.98
32294,2,0,4.4,5.33
32295,0,1,5.0,4.04
32296,4,1,3.9,2.84
32297,6,3,3.0,6.68
32298,2,0,0.0,4.52
32299,1,2,3.0,6.29
32300,7,3,6.8,6.49
32301,4,1,0.6,5.34
32302,2,0,3.7,3.5
32303,1,2,9.9,4.68
32304,7,1,6.7,5.6
32305,0,2,2.8,7.26
32306,2,2,2.0,4.6
32307,7,1,1.6,4.59
32308,2,3,4.4,5.66
32309,6,4,2.8,4.42
32310,6,3,1.4,5.15
32311,7,3,5.4,3.59
32312,5,0,6.4,5.66
32313,7,4,3.1,5.5
32314,2,3,9.1,5.01
32315,7,4,1.2,2.33
32316,6,3,8.8,4.62
32317,1,3,4.5,5.58
32318,2,2,2.5,5.5
32319,1,2,3.8,2.85
32320,2,1,1.9,5.13
32321,3,1,8.3,6.98
32322,7,2,4.4,4.71
32323,7,4,2.5,5.92
32324,7,3,9.7,4.61
32325,7,4,9.1,4.49
32326,0,2,0.9,3.99
32327,2,3,4.0,4.8
32328,1,2,4.2,7.31
32329,2,2,0.0,5.98
32330,3,0,5.0,3.34
32331,6,2,8.3,3.88
32332,2,0,5.0,4.75
32333,7,0,0.7,4.68
32334,6,0,8.9,4.44
32335,2,0,0.3,3.15
32336,1,2,7.2,4.2
32337,4,3,0.9,5.11
32338,2,3,6.4,3.9
32339,6,2,8.6,3.73
32340,4,1,4.6,6.98
32341,5,4,6.6,4.97
32342,2,1,9.8,4.29
32343,7,2,5.6,4.68
32344,0,4,7.5,5.5
32345,1,4,7.4,4.63
32346,0,4,9.2,3.46
32347,3,0,6.0,4.84
32348,2,4,5.1,4.96
32349,1,1,8.2,4.69
32350,6,1,4.0,5.85
32351,0,4,8.4,3.77
32352,0,3,1.8,5.9
32353,3,1,4.0,3.19
32354,2,2,8.0,2.99
32355,2,3,3.8,7.67
32356,6,1,6.9,6.58
32357,7,2,6.9,4.47
32358,2,1,5.1,5.2
32359,5,2,5.5,6.06
32360,0,1,0.6,5.86
32361,0,1,6.5,6.23
32362,4,0,7.0,3.31
32363,5,2,3.5,4.36
32364,6,0,4.7,4.31
32365,6,2,5.8,2.5
32366,7,0,7.1,3.15
32367,0,0,1.5,3.79
32368,7,2,3.3,4.4
32369,2,3,7.4,4.33
32370,3,0,3.4,5.64
32371,5,2,3.3,4.08
32372,7,4,1.7,4.46
32373,7,0,4.7,4.02
32374,3,1,5.2,4.26
32375,6,3,9.5,2.62
32376,3,2,1.2,5.56
32377,0,3,3.9,3.23
32378,3,1,3.8,5.43
32379,5,0,4.6,3.81
32380,0,1,4.8,3.95
32381,3,1,1.9,4.29
32382,1,1,6.8,5.09
32383,6,1,4.5,3.75
32384,6,0,2.7,6.75
32385,1,1,1.1,5.36
32386,7,2,0.7,4.46
32387,5,1,6.8,7.09
32388,4,2,4.3,4.12
32389,0,3,1.1,3.49
32390,5,4,3.9,6.14
32391,4,4,8.4,2.54
32392,0,1,4.8,5.78
32393,5,4,6.9,5.58
32394,5,0,9.5,5.74
32395,6,2,0.9,5.69
32396,7,3,2.8,5.14
32397,0,3,0.9,4.49
32398,5,2,4.1,5.42
32399,0,0,7.1,7.85
32400,1,0,8.9,3.22
32401,4,0,4.7,5.45
32402,4,1,9.2,4.16
32403,7,2,6.5,5.66
32404,2,4,5.4,3.84
32405,7,1,8.8,5.09
32406,6,2,1.9,6.77
32407,1,0,0.0,4.92
32408,6,0,0.6,4.89
32409,2,1,8.6,5.29
32410,5,0,8.5,6.44
32411,2,0,7.1,4.86
32412,7,4,1.0,4.18
32413,3,1,0.4,6.34
32414,0,3,6.0,5.75
32415,7,4,3.2,3.72
32416,3,3,8.2,2.41
32417,0,1,4.5,1.52
32418,6,0,8.6,5.21
32419,0,0,2.5,4.72
32420,6,1,1.4,4.89
32421,7,0,2.9,4.06
32422,2,1,7.8,2.81
32423,2,4,6.8,4.53
32424,0,0,2.4,5.0
32425,1,2,5.6,4.86
32426,3,2,2.8,4.52
32427,0,0,3.5,4.05
32428,7,3,6.6,3.49
32429,7,1,6.2,5.24
32430,5,2,2.2,6.68
32431,3,0,4.0,4.67
32432,2,3,3.4,4.5
32433,6,2,6.6,5.08
32434,6,1,4.0,5.74
32435,5,4,7.1,3.7
32436,2,0,5.4,6.11
32437,0,2,3.8,4.33
32438,7,2,0.8,3.75
32439,3,4,4.3,6.39
32440,5,1,5.6,5.8
32441,6,3,2.4,4.66
32442,6,3,1.7,6.1
32443,3,2,6.5,6.07
32444,0,1,6.9,4.77
32445,7,3,6.8,3.88
32446,6,4,2.6,3.3
32447,7,4,0.6,5.29
32448,5,3,9.6,7.11
32449,1,4,3.6,3.38
32450,3,3,7.1,5.68
32451,2,3,4.9,5.25
32452,7,1,6.6,5.75
32453,7,1,7.1,5.34
32454,3,3,10.0,3.84
32455,1,1,4.4,4.89
32456,3,1,4.4,4.66
32457,5,2,3.5,5.26
32458,5,3,8.0,6.62
32459,7,0,4.2,6.06
32460,5,1,1.4,5.79
32461,0,0,2.5,5.16
32462,5,2,3.6,8.16
32463,2,4,8.5,2.5
32464,5,4,1.3,5.03
32465,0,4,1.8,4.11
32466,7,0,9.5,5.03
32467,6,3,6.3,5.81
32468,7,4,5.5,8.3
32469,2,4,3.0,4.65
32470,6,0,7.9,4.97
32471,3,1,0.3,6.15
32472,1,2,4.8,4.13
32473,7,2,3.7,4.82
32474,1,0,4.1,5.33
32475,4,1,8.3,2.27
32476,7,3,6.9,4.18
32477,7,0,7.8,7.55
32478,4,0,1.3,5.12
32479,4,3,9.3,6.12
32480,5,2,9.4,6.1
32481,4,1,3.6,6.38
32482,5,0,0.1,4.34
32483,5,3,3.1,6.28
32484,7,4,4.1,6.47
32485,0,2,3.5,4.67
32486,3,2,1.8,4.17
32487,0,3,1.1,4.1
32488,2,4,3.6,4.73
32489,1,0,3.4,4.25
32490,2,2,3.8,4.5
32491,5,3,2.2,5.2
32492,5,0,7.8,2.93
32493,4,3,4.2,5.0
32494,2,4,2.3,3.44
32495,1,2,2.2,4.49
32496,1,3,3.4,6.06
32497,1,4,9.2,5.86
32498,7,1,6.1,4.34
32499,6,1,2.2,5.94
32500,3,0,2.7,3.92
32501,2,0,5.3,5.04
32502,7,0,2.6,5.56
32503,3,1,0.7,3.39
32504,1,4,0.1,3.33
32505,7,0,8.7,5.74
32506,6,3,9.1,6.42
32507,5,4,3.3,4.77
32508,5,3,9.7,3.85
32509,3,3,4.6,4.84
32510,6,0,9.7,5.52
32511,5,1,2.5,4.38
32512,6,4,5.0,3.93
32513,4,4,2.8,4.43
32514,0,1,2.9,6.54
32515,2,0,8.7,5.97
32516,7,0,1.7,3.81
32517,5,3,7.0,4.74
32518,5,0,9.4,6.6
32519,6,1,3.8,5.04
32520,7,1,3.1,4.37
32521,7,3,0.3,7.04
32522,2,1,9.5,6.38
32523,2,0,8.8,4.66
32524,6,4,9.5,6.78
32525,5,1,9.5,6.25
32526,6,1,3.8,2.77
32527,7,1,1.8,4.76
32528,2,1,6.4,5.78
32529,7,3,9.0,2.25
32530,7,2,4.2,3.71
32531,2,3,3.7,5.67
32532,2,3,4.3,3.67
32533,6,4,5.9,3.45
32534,6,0,0.6,6.41
32535,6,0,3.2,4.73
32536,1,0,5.3,3.65
32537,6,3,4.6,4.65
32538,7,3,8.3,3.18
32539,4,2,1.5,1.47
32540,7,3,8.2,2.78
32541,6,3,2.2,6.76
32542,7,1,0.2,4.61
32543,3,4,7.4,4.31
32544,3,1,7.5,6.14
32545,2,3,2.4,3.69
32546,2,3,2.7,3.07
32547,4,1,7.1,3.46
32548,0,1,3.7,4.18
32549,0,2,2.2,4.26
32550,2,3,9.6,4.22
32551,4,4,8.9,5.09
32552,0,4,5.9,4.6
32553,6,3,0.5,6.49
32554,6,2,7.2,6.35
32555,2,4,9.8,5.4
32556,4,2,1.5,4.6
32557,1,3,1.2,3.45
32558,4,3,2.4,5.67
32559,3,0,4.9,5.29
32560,7,4,4.4,4.82
32561,2,1,2.2,4.74
32562,7,3,6.7,6.38
32563,2,0,0.7,5.75
32564,6,2,5.2,4.24
32565,3,2,2.7,7.33
32566,1,0,5.1,5.28
32567,7,1,7.1,4.06
32568,6,1,6.7,4.37
32569,1,4,8.2,6.86
32570,5,3,5.3,5.08
32571,1,1,7.1,4.78
32572,6,1,3.6,5.11
32573,0,3,2.8,7.11
32574,5,0,7.5,4.1
32575,2,3,4.2,5.3
32576,3,2,0.8,7.05
32577,1,4,3.9,6.89
32578,3,2,0.9,5.72
32579,2,1,7.1,4.39
32580,0,4,0.3,5.34
32581,7,4,6.9,5.65
32582,4,3,3.6,4.9
32583,2,0,5.9,2.39
32584,2,4,6.9,5.78
32585,4,0,4.5,4.86
32586,7,1,4.5,2.52
32587,2,1,7.2,3.96
32588,6,2,7.3,6.42
32589,1,4,7.2,5.17
32590,3,0,1.0,6.07
32591,6,1,1.9,4.0
32592,7,2,5.6,3.34
32593,4,1,6.6,5.48
32594,7,0,9.2,5.97
32595,2,3,6.6,2.2
32596,5,3,5.3,6.68
32597,7,3,9.7,3.98
32598,6,2,6.2,6.26
32599,6,3,4.1,4.06
32600,4,2,3.1,3.88
32601,1,2,6.1,4.78
32602,3,0,8.3,6.14
32603,3,0,9.8,6.49
32604,4,2,0.3,4.94
32605,5,1,9.5,6.2
32606,5,4,8.5,4.12
32607,6,2,0.6,4.35
32608,4,4,2.9,5.05
32609,0,1,9.8,5.99
32610,6,4,9.4,5.51
32611,7,4,3.0,4.45
32612,2,4,5.3,5.26
32613,5,4,8.1,5.08
32614,5,4,0.7,2.24
32615,6,3,6.1,4.23
32616,7,0,3.3,5.9
32617,4,3,6.5,6.05
32618,7,1,1.3,4.85
32619,0,1,0.0,4.93
32620,6,0,3.1,2.71
32621,2,0,0.1,4.91
32622,2,4,5.9,6.3
32623,1,3,7.0,3.11
32624,4,0,6.7,4.66
32625,2,3,8.6,2.85
32626,6,3,1.7,4.94
32627,0,4,8.5,4.58
32628,6,4,9.4,4.85
32629,2,1,8.0,4.86
32630,5,0,2.9,2.05
32631,6,3,5.8,4.15
32632,0,1,1.2,4.82
32633,3,0,3.4,6.28
32634,5,3,2.9,5.36
32635,3,3,8.6,3.28
32636,5,0,3.2,7.08
32637,1,3,6.0,5.4
32638,2,4,3.9,3.14
32639,5,2,7.3,6.08
32640,2,3,7.8,5.37
32641,3,1,6.9,6.82
32642,3,1,3.9,5.82
32643,2,2,7.2,7.4
32644,5,4,4.9,5.55
32645,0,4,1.0,5.41
32646,3,3,0.8,3.22
32647,2,1,4.9,5.46
32648,4,0,6.1,4.96
32649,1,2,3.5,5.71
32650,1,4,0.5,2.18
32651,0,1,8.1,5.41
32652,0,0,0.5,6.48
32653,4,3,7.8,3.81
32654,1,1,9.5,5.19
32655,4,3,2.4,3.72
32656,2,4,8.3,6.19
32657,4,1,2.1,2.68
32658,0,0,8.5,5.42
32659,4,1,0.1,6.04
32660,0,3,2.4,4.51
32661,2,1,9.8,4.52
32662,3,3,2.5,5.13
32663,3,2,1.6,5.8
32664,5,0,9.7,6.15
32665,0,3,9.4,6.03
32666,5,1,8.1,5.41
32667,7,4,0.8,5.43
32668,2,1,1.4,1.99
32669,5,3,2.1,4.22
32670,2,2,4.4,6.43
32671,2,2,7.5,5.89
32672,7,4,7.6,5.36
32673,2,0,1.8,4.4
32674,5,0,8.4,5.24
32675,4,1,0.5,4.39
32676,1,0,2.3,4.95
32677,0,0,9.4,4.43
32678,4,2,6.7,4.21
32679,7,1,9.9,5.58
32680,0,4,2.3,4.96
32681,4,0,9.3,2.39
32682,2,3,6.7,6.02
32683,1,1,6.5,3.75
32684,0,1,5.7,6.5
32685,6,0,9.1,5.47
32686,5,2,7.2,4.51
32687,0,1,5.2,4.6
32688,4,0,8.4,5.7
32689,3,0,0.2,5.5
32690,1,2,5.4,4.55
32691,1,4,0.0,3.78
32692,2,4,1.9,5.58
32693,3,1,7.3,6.77
32694,7,2,6.8,4.58
32695,7,4,7.0,4.45
32696,5,0,1.6,4.99
32697,3,2,5.6,6.59
32698,7,1,1.4,5.03
32699,2,4,3.5,5.11
32700,2,2,9.9,5.97
32701,2,3,6.4,7.72
32702,6,3,7.8,5.78
32703,0,2,8.5,4.44
32704,5,0,1.4,5.46
32705,5,2,6.0,4.76
32706,1,0,7.6,5.6
32707,2,0,1.3,4.02
32708,3,1,8.0,7.77
32709,3,2,6.2,7.94
32710,0,3,2.2,5.73
32711,5,0,4.1,1.93
32712,1,2,2.7,4.61
32713,2,2,2.6,3.57
32714,4,4,2.1,4.89
32715,6,4,0.8,4.15
32716,5,2,8.8,4.72
32717,2,3,7.1,6.0
32718,5,2,2.3,7.07
32719,0,1,2.2,6.3
32720,5,0,8.3,6.97
32721,2,0,0.1,6.24
32722,2,3,3.9,5.28
32723,1,1,8.0,7.43
32724,6,2,1.0,5.26
32725,4,4,2.3,3.36
32726,4,3,0.5,5.55
32727,5,2,8.0,3.11
32728,2,2,7.0,3.23
32729,0,0,6.2,5.13
32730,6,2,3.3,7.52
32731,0,2,8.4,4.0
32732,6,2,8.1,4.71
32733,7,1,1.1,4.3
32734,7,1,3.5,3.56
32735,3,2,2.2,3.59
32736,5,3,1.9,5.49
32737,6,3,4.0,5.68
32738,5,4,3.6,4.68
32739,4,0,0.5,6.18
32740,2,2,7.7,5.81
32741,6,4,5.7,3.91
32742,3,1,8.7,3.21
32743,0,0,5.2,4.83
32744,4,3,0.2,6.89
32745,0,3,8.7,5.53
32746,5,2,6.1,6.05
32747,7,2,5.9,4.27
32748,1,3,3.5,4.99
32749,1,4,9.7,4.51
32750,2,0,2.2,6.01
32751,4,1,7.1,4.69
32752,6,2,0.5,4.22
32753,4,1,5.2,6.94
32754,5,3,2.8,1.31
32755,0,3,6.6,5.62
32756,3,0,4.9,3.66
32757,6,3,0.2,3.96
32758,5,4,4.1,3.86
32759,0,4,0.4,5.45
32760,5,0,5.9,7.01
32761,6,3,0.2,4.06
32762,6,0,8.1,4.84
32763,6,3,2.8,2.61
32764,1,2,8.9,4.39
32765,6,0,1.5,5.19
32766,4,3,0.7,6.03
32767,1,3,3.1,6.36
32768,6,3,3.3,7.18
32769,3,2,10.0,4.03
32770,3,3,1.2,6.57
32771,0,1,7.1,5.87
32772,2,4,9.6,5.45
32773,3,3,0.6,5.15
32774,1,2,5.7,5.1
32775,2,1,1.0,5.25
32776,0,0,1.5,3.37
32777,6,1,0.1,4.32
32778,7,0,5.2,6.65
32779,3,1,3.1,4.54
32780,1,3,7.7,4.55
32781,4,4,6.5,2.94
32782,2,3,4.0,3.71
32783,6,3,4.2,2.91
32784,7,0,3.4,5.45
32785,6,4,6.5,5.45
32786,1,1,2.3,4.87
32787,1,1,1.3,4.64
32788,3,4,8.4,5.46
32789,2,0,3.0,6.24
32790,2,4,5.2,4.88
32791,3,2,1.2,3.45
32792,5,4,0.9,4.09
32793,3,1,3.2,6.02
32794,1,4,7.7,3.98
32795,6,4,5.0,5.45
32796,4,2,6.4,6.86
32797,5,3,3.0,4.97
32798,4,4,0.3,3.28
32799,6,3,0.2,5.12
32800,2,4,4.1,4.74
32801,1,3,4.5,4.03
32802,1,3,1.2,5.72
32803,3,2,1.2,3.54
32804,4,2,4.0,3.33
32805,1,3,7.5,4.6
32806,3,3,6.3,6.35
32807,1,3,9.7,4.75
32808,0,1,4.0,4.15
32809,5,3,6.0,4.67
32810,1,3,1.4,3.58
32811,3,4,3.6,4.75
32812,7,1,5.6,3.96
32813,5,2,3.5,6.61
32814,5,2,0.7,5.32
32815,5,1,6.0,3.54
32816,1,0,2.0,6.23
32817,6,2,3.6,6.29
32818,0,4,1.3,6.1
32819,4,2,8.8,3.31
32820,0,3,0.2,3.93
32821,5,0,2.5,5.01
32822,5,2,5.2,4.16
32823,5,4,0.3,4.44
32824,7,3,4.0,3.57
32825,6,3,7.2,5.02
32826,0,0,0.8,5.11
32827,2,3,8.3,4.74
32828,6,2,7.1,4.41
32829,1,1,8.9,3.99
32830,6,4,7.4,7.68
32831,7,1,2.2,5.96
32832,6,3,2.4,4.73
32833,0,0,7.4,2.93
32834,0,2,4.4,5.75
32835,3,2,9.1,6.0
32836,6,1,8.9,4.12
32837,1,2,2.5,3.07
32838,0,0,7.1,3.99
32839,0,1,9.6,4.33
32840,5,4,5.8,5.86
32841,4,2,7.5,5.53
32842,2,3,7.9,5.34
32843,5,3,3.2,4.34
32844,2,3,7.9,5.32
32845,2,3,3.4,4.74
32846,6,0,9.6,5.38
32847,0,3,2.7,3.36
32848,4,1,9.6,5.03
32849,1,1,7.3,4.1
32850,0,2,1.0,3.46
32851,5,0,9.3,4.95
32852,0,3,2.3,7.67
32853,5,4,8.0,4.22
32854,3,4,5.0,5.21
32855,6,1,5.0,4.14
32856,7,1,3.8,5.92
32857,0,0,1.1,4.14
32858,1,1,6.0,5.25
32859,0,2,4.3,4.97
32860,0,4,3.1,7.26
32861,5,0,2.9,3.35
32862,0,4,7.9,4.2
32863,0,0,9.9,3.75
32864,1,4,2.7,6.34
32865,5,3,3.3,3.99
32866,3,0,3.8,5.6
32867,3,2,1.9,4.91
32868,5,4,9.3,7.27
32869,2,3,8.4,4.48
32870,3,1,7.6,6.29
32871,6,1,9.8,5.61
32872,6,0,6.6,4.79
32873,3,3,7.0,3.33
32874,1,0,4.0,5.87
32875,1,4,3.6,4.37
32876,6,3,9.0,4.68
32877,6,1,3.7,4.49
32878,7,0,5.6,4.95
32879,6,3,9.2,6.25
32880,6,3,0.8,4.65
32881,3,1,5.7,4.4
32882,4,3,2.0,4.35
32883,5,4,4.7,5.5
32884,5,0,6.5,6.92
32885,5,2,4.5,4.53
32886,0,2,6.4,5.82
32887,1,3,8.2,5.99
32888,1,0,5.2,4.64
32889,1,2,0.4,4.11
32890,1,1,7.3,6.34
32891,5,1,9.5,7.47
32892,6,3,9.2,5.58
32893,0,1,0.0,5.43
32894,4,2,3.9,3.52
32895,3,0,6.6,4.03
32896,5,0,4.4,5.1
32897,0,1,6.2,4.11
32898,2,2,1.1,3.39
32899,2,0,3.2,2.24
32900,1,1,3.2,5.31
32901,6,1,7.5,2.99
32902,3,4,4.0,6.09
32903,7,3,2.8,4.89
32904,2,1,7.2,3.42
32905,4,1,2.5,5.79
32906,4,0,7.0,5.41
32907,1,2,1.5,3.58
32908,1,0,9.5,5.1
32909,4,3,4.3,2.79
32910,3,1,5.0,5.66
32911,6,4,9.3,4.04
32912,0,2,3.7,2.56
32913,3,1,8.1,6.59
32914,3,1,0.4,8.75
32915,0,1,3.2,6.42
32916,2,0,8.9,7.19
32917,7,1,5.1,6.13
32918,2,3,0.7,4.77
32919,2,2,4.4,6.6
32920,1,3,2.7,6.82
32921,7,4,3.5,5.07
32922,5,2,5.3,5.68
32923,7,3,3.1,3.31
32924,3,2,4.1,6.87
32925,5,3,4.7,4.28
32926,7,1,9.3,7.12
32927,6,4,4.4,4.37
32928,3,3,0.3,7.53
32929,6,4,6.7,6.58
32930,0,2,2.9,7.31
32931,0,2,8.8,4.37
32932,1,2,9.0,4.05
32933,0,0,7.9,4.26
32934,5,4,9.7,4.31
32935,1,1,8.7,5.36
32936,0,3,9.4,3.8
32937,4,1,6.0,4.38
32938,1,4,7.7,4.72
32939,1,0,3.1,6.98
32940,2,2,7.6,5.19
32941,1,1,4.0,6.47
32942,0,4,9.4,5.17
32943,2,4,8.1,4.08
32944,5,3,6.2,5.65
32945,4,3,5.7,5.05
32946,6,4,0.6,6.74
32947,3,0,4.1,6.36
32948,4,2,5.7,5.02
32949,1,4,6.1,5.75
32950,1,2,2.2,5.92
32951,0,3,9.4,5.7
32952,0,3,7.7,5.79
32953,3,4,9.3,5.31
32954,7,1,2.3,4.19
32955,6,0,2.4,6.18
32956,4,4,3.1,2.97
32957,7,0,9.6,4.57
32958,0,1,6.5,3.34
32959,2,1,7.5,5.75
32960,3,4,6.1,4.03
32961,4,4,2.8,4.26
32962,4,2,9.6,4.79
32963,1,2,5.9,6.06
32964,7,4,1.8,3.92
32965,2,2,6.4,5.27
32966,3,1,5.9,3.76
32967,0,1,0.8,3.58
32968,6,1,0.9,5.78
32969,2,3,6.3,5.37
32970,5,1,7.8,3.7
32971,2,0,9.3,3.38
32972,6,2,7.8,4.4
32973,6,2,6.4,5.56
32974,2,4,0.4,7.47
32975,1,4,7.6,4.87
32976,2,1,3.2,2.91
32977,2,4,9.0,5.32
32978,5,0,8.9,4.54
32979,6,2,2.0,5.44
32980,7,4,0.1,5.4
32981,7,3,0.6,5.86
32982,4,0,1.4,2.16
32983,3,1,7.8,4.89
32984,7,4,8.3,6.21
32985,6,1,4.0,4.7
32986,4,1,6.9,3.83
32987,1,1,8.5,2.77
32988,0,3,0.0,5.15
32989,4,1,8.8,5.59
32990,2,0,5.5,4.75
32991,1,1,3.3,3.72
32992,5,2,2.6,4.26
32993,6,3,6.3,3.59
32994,1,0,2.5,6.8
32995,0,0,8.0,3.33
32996,4,4,7.5,6.49
32997,2,0,9.5,4.84
32998,7,2,6.1,4.59
32999,2,2,7.7,2.09
33000,5,0,7.3,5.34
33001,4,0,0.4,6.18
33002,1,0,1.1,6.53
33003,7,0,6.6,4.61
33004,3,4,5.2,4.5
33005,6,4,4.2,3.3
33006,5,1,0.6,5.12
33007,6,1,5.7,5.31
33008,5,1,2.2,6.15
33009,2,1,3.2,4.5
33010,4,3,4.5,5.69
33011,1,1,4.2,4.19
33012,5,4,7.0,6.99
33013,0,1,0.5,5.37
33014,2,2,1.6,6.07
33015,2,4,8.5,6.3
33016,5,2,0.9,5.33
33017,4,0,6.8,4.77
33018,6,3,9.5,5.76
33019,5,4,4.5,4.97
33020,4,0,2.4,3.61
33021,7,3,6.0,6.09
33022,4,3,7.5,6.06
33023,7,1,6.9,5.62
33024,7,1,7.8,4.53
33025,6,0,7.6,4.07
33026,5,0,5.1,5.68
33027,0,3,2.8,4.43
33028,1,4,8.2,4.91
33029,2,2,2.6,3.68
33030,0,3,9.7,5.43
33031,2,1,3.5,5.11
33032,1,4,5.6,5.04
33033,1,2,0.6,5.3
33034,2,4,8.3,5.59
33035,7,1,9.9,6.16
33036,0,0,1.0,5.49
33037,0,3,8.8,6.89
33038,0,4,7.6,4.87
33039,2,2,4.0,5.14
33040,4,4,9.7,5.18
33041,0,2,5.2,6.58
33042,1,1,8.1,3.71
33043,0,0,1.2,3.11
33044,7,4,3.4,3.02
33045,6,3,2.3,6.16
33046,4,4,7.1,3.9
33047,5,1,6.7,3.55
33048,0,2,3.5,3.96
33049,3,4,8.1,7.51
33050,4,2,6.1,3.19
33051,6,1,6.1,5.32
33052,2,2,9.7,5.07
33053,0,4,3.8,6.03
33054,5,3,2.4,4.94
33055,3,0,0.8,3.7
33056,7,3,8.9,2.58
33057,7,3,6.3,4.35
33058,4,4,0.2,5.35
33059,4,0,2.0,3.02
33060,5,3,6.5,3.71
33061,4,2,5.0,6.3
33062,7,1,6.7,5.22
33063,1,2,4.0,3.6
33064,4,0,1.0,5.02
33065,3,3,1.6,6.24
33066,3,1,6.8,5.41
33067,4,4,6.3,3.85
33068,6,1,1.9,3.97
33069,4,0,5.4,7.27
33070,4,1,5.8,4.28
33071,4,0,0.6,3.51
33072,0,2,9.3,6.57
33073,6,0,8.2,6.61
33074,7,3,1.0,5.98
33075,7,0,7.6,6.13
33076,1,2,2.9,6.19
33077,5,0,0.7,6.61
33078,1,2,0.8,5.37
33079,3,1,0.2,4.57
33080,1,3,9.8,4.59
33081,5,2,8.8,6.24
33082,5,1,6.3,5.2
33083,6,2,2.8,4.54
33084,0,0,1.8,3.3
33085,3,0,9.0,5.79
33086,0,0,6.5,3.87
33087,2,0,5.6,4.61
33088,5,1,8.5,5.83
33089,4,0,2.1,5.0
33090,0,4,3.4,4.83
33091,1,4,4.4,3.6
33092,3,3,1.0,5.2
33093,0,3,7.4,5.78
33094,5,0,2.1,5.66
33095,6,2,3.6,3.53
33096,2,4,4.3,2.97
33097,4,0,1.9,4.21
33098,5,4,4.4,6.17
33099,7,4,1.9,5.53
33100,6,3,2.4,6.58
33101,0,2,2.9,6.99
33102,4,1,4.5,3.54
33103,2,2,6.2,5.73
33104,0,4,9.1,4.48
33105,0,4,5.5,5.31
33106,1,1,0.3,4.46
33107,6,3,0.9,3.73
33108,5,4,3.7,6.42
33109,2,0,1.8,3.94
33110,2,4,1.0,7.01
33111,2,3,4.8,4.09
33112,3,1,8.3,4.7
33113,3,2,6.5,2.84
33114,2,0,4.6,4.71
33115,2,1,6.4,3.88
33116,4,2,6.3,3.13
33117,7,0,4.7,4.8
33118,7,3,9.4,5.42
33119,4,3,7.4,4.45
33120,1,3,0.7,5.68
33121,5,0,3.9,5.37
33122,6,4,2.9,4.6
33123,6,3,8.1,6.41
33124,5,3,9.3,2.61
33125,6,0,1.2,3.64
33126,6,4,10.0,4.74
33127,0,2,0.6,5.49
33128,1,0,2.7,3.83
33129,0,0,3.7,7.19
33130,2,0,5.9,3.81
33131,3,2,1.8,4.36
33132,1,0,7.7,4.3
33133,4,4,7.1,3.63
33134,2,0,5.5,3.22
33135,5,1,2.4,4.05
33136,4,3,0.6,3.18
33137,7,1,1.4,3.7
33138,3,4,7.9,3.44
33139,2,0,1.6,3.87
33140,0,1,1.0,3.54
33141,6,3,1.2,3.66
33142,7,3,9.7,5.73
33143,5,1,9.2,5.9
33144,6,3,9.4,3.9
33145,3,2,2.0,6.1
33146,3,4,5.2,3.2
33147,0,0,8.5,5.31
33148,4,0,8.8,4.37
33149,0,4,0.5,4.45
33150,2,2,6.2,6.42
33151,4,2,7.0,5.16
33152,4,3,8.7,6.08
33153,1,2,2.4,5.34
33154,5,0,7.6,5.86
33155,1,3,3.8,5.0
33156,3,4,7.1,4.35
33157,7,0,9.0,4.03
33158,7,0,2.9,5.19
33159,7,4,2.3,3.49
33160,5,0,3.9,4.53
33161,2,3,9.9,5.54
33162,4,0,4.5,2.07
33163,2,0,5.9,5.69
33164,6,4,5.2,4.08
33165,1,4,2.1,4.9
33166,7,0,9.6,5.22
33167,0,3,3.4,5.26
33168,7,0,8.3,5.28
33169,7,2,0.7,4.03
33170,6,4,6.5,4.71
33171,1,2,4.2,5.3
33172,5,1,4.3,5.62
33173,7,1,2.0,4.35
33174,5,0,3.9,6.92
33175,5,2,6.7,4.6
33176,3,4,6.8,4.23
33177,4,0,5.5,7.17
33178,6,2,6.8,4.08
33179,6,2,5.5,5.66
33180,6,1,8.1,5.22
33181,3,2,6.3,3.5
33182,6,2,2.4,6.55
33183,6,4,0.7,7.32
33184,0,0,9.7,3.26
33185,1,3,2.2,6.95
33186,0,1,1.0,2.81
33187,1,3,0.0,4.79
33188,3,2,2.6,4.01
33189,0,4,1.3,5.86
33190,2,1,5.9,6.99
33191,3,0,9.4,3.74
33192,3,0,9.5,6.5
33193,0,3,2.1,5.68
33194,6,0,1.5,5.25
33195,5,3,2.7,5.65
33196,6,4,1.2,6.34
33197,4,1,5.4,6.89
33198,2,3,7.6,4.53
33199,3,0,0.9,4.71
33200,2,1,3.1,4.04
33201,4,2,7.0,4.86
33202,3,4,3.7,3.72
33203,0,2,4.5,6.74
33204,2,0,1.3,4.05
33205,5,3,3.7,2.18
33206,0,0,1.1,5.89
33207,5,3,4.9,3.24
33208,4,2,2.4,5.61
33209,5,2,2.2,4.93
33210,3,4,8.0,4.51
33211,5,4,9.8,4.68
33212,1,3,2.7,5.32
33213,7,1,3.2,6.31
33214,0,2,4.8,4.9
33215,0,3,2.4,4.63
33216,0,4,0.9,4.01
33217,4,0,8.7,2.43
33218,2,2,8.3,5.51
33219,1,2,5.6,6.87
33220,6,2,1.5,4.85
33221,4,0,6.4,5.79
33222,0,3,8.0,5.87
33223,2,3,4.1,4.09
33224,2,0,4.4,5.73
33225,6,1,4.3,3.93
33226,0,3,4.1,5.53
33227,4,1,0.2,4.42
33228,1,2,7.5,4.69
33229,3,1,5.1,3.61
33230,4,2,2.3,6.0
33231,1,4,6.5,6.37
33232,3,3,5.2,4.67
33233,4,4,6.6,3.17
33234,7,2,2.7,4.41
33235,6,3,2.0,7.6
33236,6,0,3.8,5.95
33237,2,3,1.0,4.91
33238,6,4,6.2,4.36
33239,6,1,6.6,3.14
33240,2,0,8.9,5.07
33241,7,4,3.8,4.44
33242,5,1,6.8,5.99
33243,2,1,3.2,4.67
33244,0,1,1.3,5.82
33245,6,0,1.8,5.92
33246,6,0,1.8,4.46
33247,7,0,2.4,5.56
33248,6,4,0.8,5.53
33249,6,3,2.5,5.67
33250,0,4,6.2,6.62
33251,6,4,0.9,2.92
33252,0,4,3.2,3.98
33253,6,3,8.2,6.46
33254,5,3,8.8,6.3
33255,4,4,1.8,6.01
33256,6,1,0.8,5.72
33257,0,0,0.4,7.84
33258,6,1,9.9,6.4
33259,5,4,6.8,4.75
33260,4,4,0.8,5.84
33261,0,4,3.9,5.43
33262,4,3,7.2,5.66
33263,7,0,8.2,3.95
33264,5,2,5.8,5.52
33265,7,4,0.3,5.92
33266,1,3,7.2,4.07
33267,6,3,8.6,3.13
33268,4,0,8.6,5.73
33269,6,2,8.0,3.16
33270,5,2,9.9,5.25
33271,6,2,6.4,5.25
33272,0,0,6.7,2.42
33273,1,2,3.4,6.73
33274,5,3,7.6,3.53
33275,1,2,9.3,4.41
33276,3,1,9.1,4.59
33277,0,2,6.5,3.41
33278,3,3,4.3,4.33
33279,0,2,4.9,2.54
33280,4,3,7.3,5.58
33281,4,0,6.6,6.1
33282,2,3,0.4,7.09
33283,7,2,6.5,4.65
33284,1,0,4.0,3.58
33285,0,3,6.0,3.25
33286,2,4,8.7,2.83
33287,6,1,8.9,7.67
33288,3,2,8.4,2.86
33289,2,2,9.2,4.78
33290,2,0,9.5,3.84
33291,1,2,7.3,3.84
33292,0,4,4.1,5.11
33293,1,2,7.4,5.72
33294,3,4,8.6,4.91
33295,5,1,7.8,5.27
33296,6,3,1.4,5.34
33297,3,2,5.9,5.41
33298,1,0,4.4,5.05
33299,0,2,2.0,3.66
33300,6,2,8.2,4.56
33301,2,4,1.6,3.49
33302,7,3,9.7,4.83
33303,7,1,7.4,6.26
33304,4,0,6.2,6.54
33305,4,0,2.7,5.83
33306,5,4,8.6,5.45
33307,0,1,3.8,4.69
33308,7,4,6.3,5.51
33309,3,0,0.7,7.31
33310,1,1,1.9,3.85
33311,6,3,9.5,3.27
33312,0,2,5.1,4.54
33313,5,1,9.4,4.43
33314,6,3,5.0,2.59
33315,0,3,2.7,4.94
33316,5,2,4.3,4.78
33317,7,4,3.0,6.25
33318,3,1,10.0,6.38
33319,3,4,9.9,5.29
33320,6,4,4.1,3.9
33321,1,4,2.8,7.41
33322,1,2,3.4,5.51
33323,5,3,0.8,6.36
33324,2,0,6.2,5.18
33325,5,0,2.3,3.72
33326,4,2,9.4,6.14
33327,7,3,4.9,5.83
33328,0,4,1.6,5.36
33329,5,4,5.1,5.61
33330,4,4,3.0,4.92
33331,2,1,4.1,6.21
33332,4,4,1.6,6.63
33333,0,3,7.8,4.16
33334,7,0,5.8,1.48
33335,7,0,9.2,6.03
33336,6,2,5.2,4.48
33337,3,3,0.3,2.34
33338,4,3,4.0,5.59
33339,1,1,3.0,5.57
33340,4,4,0.7,2.47
33341,3,4,2.6,3.49
33342,6,4,9.0,5.13
33343,1,1,2.2,3.47
33344,1,1,7.7,4.69
33345,7,2,6.3,5.03
33346,1,4,2.8,5.0
33347,4,0,1.3,4.21
33348,7,1,5.6,4.02
33349,6,1,3.6,5.37
33350,6,0,7.7,5.91
33351,1,0,9.3,4.05
33352,2,2,4.6,5.21
33353,2,1,1.0,6.14
33354,1,3,6.5,4.8
33355,2,1,0.2,5.46
33356,0,3,9.6,7.18
33357,7,3,2.1,5.01
33358,2,3,0.4,6.44
33359,2,4,4.5,6.63
33360,6,0,0.6,3.93
33361,7,1,8.5,3.33
33362,7,2,7.2,4.47
33363,4,2,1.4,4.68
33364,5,1,0.4,6.86
33365,0,0,4.7,3.43
33366,6,0,0.1,5.31
33367,6,2,6.4,3.1
33368,0,4,9.1,4.26
33369,6,0,0.7,4.29
33370,3,4,0.8,5.97
33371,4,3,9.7,3.08
33372,1,1,3.8,6.47
33373,6,1,5.6,6.19
33374,5,3,3.3,4.46
33375,1,3,7.5,5.21
33376,5,4,2.6,4.19
33377,7,1,7.5,6.25
33378,7,2,5.9,6.07
33379,0,3,6.3,4.88
33380,4,0,6.7,4.68
33381,7,4,2.9,4.36
33382,1,4,0.9,4.8
33383,2,3,7.6,4.35
33384,3,2,1.3,4.57
33385,6,4,2.1,5.36
33386,6,1,9.3,3.98
33387,4,2,6.7,6.45
33388,0,0,7.2,6.75
33389,4,0,8.6,4.26
33390,0,4,3.5,5.37
33391,7,0,6.9,5.12
33392,3,3,7.7,3.83
33393,7,4,0.9,3.12
33394,7,0,3.5,4.8
33395,5,0,6.4,5.53
33396,3,0,7.3,5.15
33397,1,2,1.4,2.51
33398,1,0,4.3,5.17
33399,5,4,9.7,3.22
33400,1,2,7.9,4.92
33401,6,0,4.4,3.48
33402,5,1,7.2,3.81
33403,5,1,6.5,4.16
33404,1,1,3.1,5.5
33405,5,2,2.5,7.22
33406,4,1,7.5,4.12
33407,3,1,0.8,5.2
33408,3,3,3.8,3.76
33409,5,3,2.1,4.21
33410,6,2,8.1,5.43
33411,6,4,6.6,5.83
33412,5,4,5.7,6.33
33413,0,2,3.2,6.9
33414,5,0,2.9,4.14
33415,7,0,6.4,5.63
33416,3,4,1.5,4.7
33417,2,0,5.8,3.06
33418,2,3,3.6,5.33
33419,4,0,5.4,5.1
33420,1,3,3.8,5.47
33421,4,4,8.1,5.65
33422,5,4,3.0,1.71
33423,1,0,1.6,4.73
33424,2,3,2.6,5.62
33425,5,1,0.1,5.48
33426,5,3,3.0,3.87
33427,5,0,7.0,5.5
33428,0,0,7.6,5.35
33429,4,1,7.0,6.76
33430,0,4,9.0,4.48
33431,7,2,5.2,5.66
33432,3,2,1.8,5.1
33433,2,1,0.5,6.38
33434,0,2,0.6,4.18
33435,2,1,1.3,3.98
33436,0,2,1.2,5.19
33437,7,1,1.5,5.44
33438,7,3,2.7,5.5
33439,2,0,8.9,5.67
33440,5,0,1.1,4.83
33441,5,3,7.0,5.37
33442,7,4,6.5,5.08
33443,2,1,9.6,4.57
33444,1,2,4.2,3.69
33445,1,4,9.3,5.89
33446,5,1,2.4,3.03
33447,3,0,7.4,4.61
33448,4,1,0.9,3.92
33449,3,1,5.2,4.81
33450,4,0,2.7,4.57
33451,7,0,2.9,2.75
33452,2,2,2.8,5.42
33453,4,4,0.2,4.39
33454,2,4,1.2,4.61
33455,4,0,6.1,3.94
33456,4,3,2.1,3.65
33457,3,2,8.0,5.35
33458,3,2,6.7,4.56
33459,4,4,5.5,5.31
33460,6,4,1.1,7.03
33461,0,3,8.4,2.99
33462,6,1,3.8,4.11
33463,6,1,5.7,6.73
33464,7,0,8.2,4.61
33465,6,0,3.1,5.1
33466,0,1,3.8,6.62
33467,3,0,0.9,5.44
33468,0,1,3.9,6.02
33469,5,0,0.5,5.09
33470,5,2,9.2,4.24
33471,2,4,5.3,3.92
33472,5,1,2.8,6.01
33473,7,1,7.9,5.68
33474,2,3,7.0,6.5
33475,6,0,5.2,6.44
33476,1,3,8.2,7.07
33477,4,0,0.7,5.31
33478,0,1,8.7,5.49
33479,1,4,5.2,4.67
33480,4,3,7.5,4.34
33481,7,1,4.7,6.4
33482,3,4,4.2,5.62
33483,6,3,8.6,5.91
33484,7,1,8.6,5.83
33485,5,0,0.3,7.02
33486,3,0,5.1,4.09
33487,6,4,7.6,5.82
33488,6,2,1.7,5.22
33489,6,4,4.7,4.15
33490,3,3,5.5,6.17
33491,0,4,1.5,5.04
33492,7,2,4.2,3.58
33493,5,4,4.6,5.55
33494,0,3,1.4,5.7
33495,3,3,7.0,3.66
33496,1,1,4.5,6.41
33497,0,3,7.6,4.6
33498,4,2,9.3,2.69
33499,4,3,4.7,5.23
33500,0,4,0.6,3.98
33501,3,0,0.2,5.63
33502,5,3,0.2,4.6
33503,1,2,0.8,3.45
33504,4,3,6.1,2.62
33505,6,2,7.5,5.39
33506,5,0,6.2,2.53
33507,6,1,3.1,4.02
33508,5,3,3.1,4.66
33509,6,2,6.4,2.53
33510,4,1,1.4,3.86
33511,3,2,1.5,4.51
33512,2,0,0.6,4.27
33513,1,2,7.4,3.31
33514,4,2,3.7,5.5
33515,0,2,8.7,5.97
33516,1,2,4.5,6.06
33517,4,0,9.6,7.64
33518,3,0,8.3,5.55
33519,0,4,6.1,4.94
33520,7,3,5.3,6.82
33521,4,2,1.2,4.44
33522,6,2,8.0,4.06
33523,4,1,4.5,3.76
33524,0,3,6.6,5.5
33525,1,3,8.2,5.2
33526,5,0,5.6,4.96
33527,1,2,9.3,5.44
33528,6,0,5.7,5.59
33529,7,3,3.2,6.32
33530,6,4,4.8,5.09
33531,7,0,2.1,4.48
33532,6,1,6.3,2.86
33533,0,2,3.5,2.86
33534,2,0,5.9,5.94
33535,4,4,6.3,7.13
33536,6,0,0.5,5.17
33537,0,0,1.6,5.09
33538,6,2,0.2,5.28
33539,1,1,1.1,5.27
33540,2,2,1.1,6.27
33541,3,2,8.3,3.12
33542,4,2,7.2,4.28
33543,6,3,3.2,7.31
33544,4,3,3.8,4.04
33545,5,2,6.2,3.99
33546,5,0,0.4,5.01
33547,1,1,7.0,5.88
33548,2,0,1.9,4.42
33549,0,3,3.3,4.53
33550,7,0,1.0,7.23
33551,5,4,5.1,5.62
33552,4,0,7.6,4.44
33553,6,1,2.7,7.22
33554,3,3,10.0,5.52
33555,0,0,5.6,2.64
33556,2,1,5.9,2.86
33557,4,0,4.3,6.06
33558,4,3,2.4,2.77
33559,4,0,9.2,5.36
33560,6,4,7.6,6.39
33561,6,3,2.6,3.12
33562,0,2,7.4,4.74
33563,1,0,5.1,5.11
33564,1,1,5.4,5.96
33565,7,0,3.9,5.23
33566,3,0,4.4,3.37
33567,6,4,8.2,5.32
33568,3,2,0.4,5.6
33569,5,2,8.3,6.6
33570,4,1,7.7,4.3
33571,0,0,5.0,3.22
33572,6,4,7.3,8.11
33573,5,2,7.7,4.77
33574,1,4,0.2,3.9
33575,2,0,1.2,5.18
33576,1,1,7.2,4.46
33577,6,0,2.6,4.57
33578,7,2,7.7,4.46
33579,7,0,9.6,6.42
33580,4,1,0.8,6.32
33581,3,2,3.9,3.86
33582,7,3,1.2,6.08
33583,5,4,0.2,5.1
33584,5,2,3.1,3.47
33585,1,2,9.9,4.29
33586,0,2,9.7,6.36
33587,2,4,2.4,4.97
33588,5,3,5.8,6.6
33589,5,2,6.8,4.67
33590,4,1,4.1,4.81
33591,1,3,6.7,5.73
33592,3,3,9.2,3.92
33593,6,4,4.2,3.07
33594,2,2,7.5,4.82
33595,3,3,2.6,6.46
33596,0,3,8.1,5.39
33597,0,3,7.2,5.94
33598,7,0,4.1,3.6
33599,1,1,4.3,5.33
33600,3,2,1.5,4.87
33601,7,4,2.2,4.86
33602,1,0,4.1,5.29
33603,7,1,0.9,5.69
33604,7,3,3.1,3.47
33605,4,3,10.0,6.01
33606,6,1,9.3,6.16
33607,3,0,3.2,3.69
33608,0,4,3.9,5.16
33609,3,1,0.5,6.02
33610,7,2,9.7,6.44
33611,1,4,9.9,5.93
33612,6,2,2.8,7.27
33613,1,3,2.1,5.2
33614,1,1,8.9,6.45
33615,5,4,4.4,4.4
33616,6,3,8.7,3.66
33617,0,3,7.0,5.5
33618,2,0,1.0,5.53
33619,1,4,5.3,6.1
33620,3,4,0.1,4.94
33621,4,4,3.7,6.08
33622,5,2,0.6,4.42
33623,7,3,0.3,4.53
33624,1,3,8.5,4.71
33625,6,3,2.4,5.55
33626,3,1,1.6,4.06
33627,2,0,0.8,2.79
33628,5,4,4.6,6.57
33629,6,1,5.5,6.32
33630,7,3,7.8,4.65
33631,2,2,8.4,4.17
33632,2,3,3.7,2.61
33633,7,0,0.2,1.75
33634,0,0,1.3,5.51
33635,2,1,8.1,3.22
33636,5,3,3.9,5.93
33637,6,2,9.3,5.41
33638,5,3,7.8,6.29
33639,0,3,8.5,5.81
33640,6,0,1.7,5.04
33641,1,1,9.4,4.1
33642,3,3,2.1,4.08
33643,4,1,4.9,6.99
33644,7,4,9.7,4.47
33645,0,3,3.6,5.89
33646,6,4,3.8,5.96
33647,6,4,0.2,5.5
33648,7,1,3.2,5.55
33649,2,1,2.3,5.99
33650,3,1,6.7,3.68
33651,6,1,3.8,4.73
33652,5,1,5.3,5.69
33653,2,0,5.3,6.69
33654,0,2,7.6,5.43
33655,2,2,3.9,6.35
33656,0,0,2.4,2.65
33657,0,3,2.6,6.33
33658,4,2,5.8,3.3
33659,1,1,0.5,3.48
33660,2,3,6.0,4.43
33661,3,4,1.2,4.01
33662,3,3,0.9,4.9
33663,6,4,1.2,6.23
33664,1,2,1.4,4.88
33665,5,1,4.5,5.97
33666,7,3,3.5,4.51
33667,0,1,9.6,4.65
33668,2,2,7.8,4.71
33669,4,0,8.5,6.03
33670,6,2,4.9,6.8
33671,0,0,6.6,4.0
33672,0,1,3.4,7.23
33673,1,3,4.8,3.91
33674,3,0,1.3,6.34
33675,4,4,6.2,3.77
33676,5,4,1.8,4.49
33677,6,1,5.9,5.38
33678,3,1,1.8,5.16
33679,7,2,8.7,3.31
33680,2,0,5.2,5.07
33681,1,4,8.0,5.38
33682,5,0,5.7,3.62
33683,6,2,3.7,5.19
33684,2,1,7.5,6.19
33685,7,1,10.0,3.46
33686,4,2,4.1,4.9
33687,2,2,4.8,6.97
33688,4,1,0.1,6.98
33689,2,2,7.2,5.61
33690,4,0,0.4,5.35
33691,7,0,2.9,4.82
33692,7,0,8.0,3.95
33693,1,1,0.1,4.81
33694,0,4,0.6,4.51
33695,6,0,9.5,5.53
33696,4,0,4.2,5.1
33697,2,3,5.3,6.25
33698,5,3,3.9,4.49
33699,4,3,5.7,4.91
33700,2,0,8.9,5.1
33701,0,4,6.5,5.1
33702,6,3,9.0,5.96
33703,2,2,6.4,3.3
33704,2,3,5.9,7.72
33705,6,1,9.1,4.37
33706,1,4,5.3,5.85
33707,1,1,9.8,4.39
33708,5,0,6.0,6.61
33709,5,0,9.5,3.25
33710,4,3,4.6,4.79
33711,5,1,5.4,2.74
33712,1,3,3.9,5.46
33713,0,3,5.7,5.94
33714,5,3,3.6,5.76
33715,3,1,6.8,5.75
33716,5,1,8.6,2.65
33717,7,1,9.1,5.93
33718,0,4,3.2,4.4
33719,4,1,3.7,5.06
33720,6,4,6.5,5.99
33721,1,1,5.6,6.02
33722,3,0,8.9,4.26
33723,3,3,8.5,3.54
33724,5,1,1.2,4.71
33725,5,3,6.0,4.47
33726,3,4,6.9,5.71
33727,7,0,2.7,5.45
33728,7,1,6.2,6.09
33729,3,2,0.7,4.92
33730,5,0,0.2,5.36
33731,3,0,3.3,5.67
33732,5,4,2.0,4.89
33733,4,4,9.8,4.77
33734,1,3,8.7,4.62
33735,4,4,3.9,5.0
33736,4,2,3.7,5.29
33737,2,1,2.5,5.63
33738,6,1,9.9,4.25
33739,1,0,7.9,4.49
33740,0,1,8.1,3.29
33741,3,0,9.2,2.6
33742,6,2,1.3,4.33
33743,5,2,3.0,3.33
33744,5,3,5.8,6.9
33745,2,1,5.2,3.22
33746,5,2,9.9,3.23
33747,7,0,9.3,5.31
33748,2,4,5.7,3.86
33749,3,4,3.9,4.32
33750,2,2,5.5,5.77
33751,5,0,3.5,5.38
33752,4,0,7.2,5.29
33753,2,0,8.8,5.82
33754,7,2,1.3,4.91
33755,6,4,0.9,4.77
33756,3,0,6.9,4.21
33757,3,2,9.7,3.09
33758,7,2,6.9,5.94
33759,7,3,6.0,7.5
33760,0,3,2.3,4.76
33761,5,1,2.5,6.22
33762,2,0,4.3,5.05
33763,4,1,8.5,5.14
33764,6,1,9.6,4.91
33765,7,4,3.7,6.85
33766,1,2,6.5,5.68
33767,0,2,2.4,4.85
33768,2,4,0.5,2.95
33769,5,0,2.4,2.66
33770,5,3,9.9,3.05
33771,4,4,8.4,4.57
33772,4,3,3.5,6.08
33773,4,2,0.5,4.16
33774,5,0,5.7,5.43
33775,3,1,3.2,5.99
33776,6,4,1.0,6.04
33777,2,2,5.7,4.97
33778,6,3,0.1,7.88
33779,3,1,3.9,6.27
33780,2,4,1.5,4.74
33781,3,2,8.2,5.66
33782,6,4,2.0,3.45
33783,3,4,5.8,5.7
33784,6,2,5.0,6.21
33785,5,4,4.4,8.86
33786,2,2,5.9,4.41
33787,2,3,0.8,4.65
33788,0,4,1.5,5.88
33789,5,2,9.2,5.38
33790,0,2,1.7,4.67
33791,1,0,0.2,4.7
33792,2,1,7.8,6.71
33793,1,2,4.1,4.58
33794,7,2,5.8,5.03
33795,6,1,5.7,6.56
33796,5,2,5.3,5.66
33797,5,2,2.1,5.75
33798,2,1,2.7,5.98
33799,3,1,5.6,6.5
33800,0,4,5.9,6.75
33801,5,0,8.0,6.17
33802,3,0,5.0,4.76
33803,7,4,8.6,3.41
33804,7,2,2.0,3.45
33805,5,0,0.7,5.39
33806,0,0,9.2,3.62
33807,2,3,7.0,4.01
33808,6,2,6.3,6.67
33809,3,0,5.0,4.36
33810,4,2,0.1,5.58
33811,0,0,3.9,3.11
33812,0,3,5.0,6.5
33813,4,3,6.6,5.16
33814,2,0,3.2,5.42
33815,6,2,6.7,4.63
33816,0,3,3.7,5.23
33817,0,4,7.5,4.04
33818,1,3,8.6,5.01
33819,3,1,8.5,5.62
33820,0,2,5.9,3.83
33821,0,2,3.7,6.94
33822,3,3,0.1,6.22
33823,7,4,6.8,6.04
33824,7,0,5.1,5.73
33825,6,1,0.7,3.38
33826,0,3,9.6,5.42
33827,4,3,9.2,6.47
33828,7,4,9.2,5.2
33829,0,3,0.5,2.99
33830,4,3,8.4,2.64
33831,6,0,5.0,6.18
33832,0,1,9.3,4.12
33833,5,2,1.9,4.35
33834,2,0,7.2,4.1
33835,7,4,8.8,3.31
33836,4,1,5.5,4.7
33837,0,2,6.4,3.98
33838,5,4,9.1,6.79
33839,5,1,9.1,3.36
33840,0,4,6.0,4.18
33841,0,3,2.3,5.19
33842,5,0,1.6,4.23
33843,1,4,1.4,4.97
33844,5,3,2.7,4.37
33845,6,1,4.6,4.87
33846,2,2,4.3,4.81
33847,7,0,5.0,5.42
33848,5,4,4.1,4.63
33849,7,3,3.4,4.62
33850,4,0,2.2,4.54
33851,1,3,1.6,6.72
33852,6,0,6.9,4.11
33853,7,0,5.9,3.4
33854,3,2,8.9,5.14
33855,3,2,6.1,2.3
33856,2,1,1.2,3.2
33857,7,4,5.4,6.41
33858,7,1,5.8,4.92
33859,6,0,0.7,3.81
33860,2,3,9.2,3.66
33861,5,2,4.4,5.69
33862,7,1,4.9,5.11
33863,6,2,0.5,3.72
33864,4,0,8.8,4.49
33865,3,3,9.2,7.04
33866,0,3,8.3,4.33
33867,5,3,1.2,7.51
33868,7,0,10.0,5.93
33869,3,2,8.7,4.75
33870,3,4,1.7,5.87
33871,0,3,1.0,5.07
33872,7,1,4.6,3.78
33873,4,2,0.3,4.51
33874,5,3,9.6,6.13
33875,2,3,1.7,4.84
33876,5,1,7.6,3.99
33877,2,2,2.5,6.94
33878,1,4,8.8,4.87
33879,5,0,0.9,4.29
33880,7,4,6.1,5.5
33881,2,2,4.4,6.59
33882,6,1,4.5,6.78
33883,6,1,1.0,4.52
33884,2,4,0.4,5.97
33885,1,3,0.6,6.61
33886,6,3,6.5,4.32
33887,0,4,1.9,4.26
33888,2,1,4.1,5.49
33889,1,2,6.4,5.38
33890,2,1,7.1,3.92
33891,5,1,6.0,3.38
33892,1,1,9.3,5.99
33893,0,0,3.3,3.95
33894,2,3,0.5,3.52
33895,7,1,4.9,6.32
33896,7,2,3.1,3.99
33897,0,3,7.9,3.78
33898,6,1,7.5,6.58
33899,6,1,5.9,5.42
33900,1,0,5.2,6.51
33901,5,1,5.2,5.67
33902,6,2,3.5,2.74
33903,0,1,5.5,8.16
33904,4,1,0.4,3.35
33905,3,2,3.3,5.37
33906,1,0,7.1,4.82
33907,3,4,6.2,4.13
33908,6,3,5.7,5.05
33909,1,0,8.1,5.28
33910,3,0,3.0,4.59
33911,6,3,2.7,3.82
33912,5,1,4.8,4.56
33913,7,4,6.2,5.65
33914,1,3,8.3,3.37
33915,4,3,9.9,5.93
33916,7,1,9.0,7.67
33917,1,0,7.7,6.09
33918,3,4,2.0,4.27
33919,6,4,9.2,5.1
33920,5,0,7.2,4.16
33921,7,2,3.0,3.11
33922,4,3,6.7,5.52
33923,3,0,3.6,7.14
33924,3,2,3.4,5.69
33925,3,1,5.6,5.83
33926,5,3,6.2,6.22
33927,0,3,4.6,6.97
33928,3,3,0.8,5.43
33929,6,3,5.1,5.84
33930,3,4,0.4,4.96
33931,2,1,7.5,6.21
33932,1,4,8.0,5.03
33933,7,4,3.5,5.66
33934,1,1,1.4,5.61
33935,2,1,1.4,6.44
33936,4,2,5.3,5.46
33937,1,0,6.7,7.37
33938,3,4,1.1,5.18
33939,1,0,6.4,4.28
33940,1,2,2.5,6.64
33941,6,3,6.0,6.24
33942,6,3,9.9,5.46
33943,7,2,0.6,4.52
33944,1,3,6.2,4.78
33945,2,0,5.2,5.51
33946,0,4,5.6,3.46
33947,3,3,1.4,3.77
33948,4,3,8.1,5.14
33949,5,1,6.5,6.75
33950,3,4,3.4,7.53
33951,5,2,0.7,5.11
33952,6,3,0.8,3.79
33953,3,2,0.8,3.92
33954,0,1,9.4,6.79
33955,5,4,7.2,4.44
33956,6,2,9.7,8.34
33957,2,3,0.2,4.8
33958,7,1,0.4,6.79
33959,4,4,9.0,7.44
33960,6,0,5.9,5.76
33961,1,3,3.6,5.9
33962,2,2,7.4,4.77
33963,6,4,4.3,5.32
33964,1,2,10.0,4.75
33965,7,4,1.7,5.45
33966,0,3,0.3,6.14
33967,3,3,3.5,3.94
33968,7,2,6.3,4.64
33969,3,3,3.3,4.97
33970,3,1,9.6,5.58
33971,7,0,1.5,5.29
33972,0,2,2.0,3.23
33973,6,3,0.5,5.98
33974,3,0,1.8,6.87
33975,4,4,4.2,5.8
33976,3,2,7.5,3.55
33977,0,1,6.9,5.83
33978,4,3,1.9,3.23
33979,3,4,4.3,8.07
33980,7,1,2.0,4.43
33981,3,1,6.1,4.43
33982,5,3,3.6,4.77
33983,2,3,4.5,4.18
33984,5,2,3.9,3.58
33985,6,3,2.7,4.78
33986,2,1,5.2,3.63
33987,2,3,3.1,6.79
33988,6,4,6.4,4.68
33989,1,1,2.9,3.16
33990,2,0,6.4,5.09
33991,4,3,7.2,4.85
33992,6,2,5.2,4.95
33993,2,1,0.0,3.88
33994,4,3,0.0,3.66
33995,1,4,0.1,3.97
33996,3,0,6.3,4.95
33997,6,2,4.3,3.05
33998,6,4,4.2,3.59
33999,3,4,1.6,4.33
34000,6,3,8.0,5.17
34001,3,0,9.1,5.18
34002,7,1,3.8,4.47
34003,5,1,7.9,5.28
34004,4,1,7.1,5.04
34005,2,4,3.0,4.85
34006,3,0,5.7,6.34
34007,5,4,1.2,4.7
34008,6,1,3.9,5.47
34009,4,1,5.3,3.43
34010,7,0,0.3,4.58
34011,6,2,9.7,4.02
34012,4,2,7.5,6.13
34013,6,3,9.9,4.34
34014,5,1,2.9,6.43
34015,2,3,5.7,6.11
34016,4,3,9.3,6.85
34017,5,2,3.6,4.79
34018,5,2,4.4,3.78
34019,3,1,6.5,5.05
34020,7,4,6.9,2.54
34021,4,3,2.5,2.4
34022,3,1,1.3,2.78
34023,1,0,6.9,5.16
34024,0,0,3.9,3.37
34025,5,2,2.2,5.7
34026,4,2,6.0,5.91
34027,1,3,3.5,4.03
34028,4,0,7.1,5.64
34029,0,1,4.0,4.43
34030,2,2,0.6,6.08
34031,3,4,5.2,3.33
34032,1,4,2.0,6.2
34033,6,1,8.9,5.72
34034,3,2,2.3,4.96
34035,3,0,9.3,5.8
34036,7,1,8.7,4.81
34037,2,1,2.2,4.64
34038,5,0,9.5,4.2
34039,4,4,5.6,6.38
34040,7,3,0.1,3.88
34041,2,4,8.4,4.38
34042,7,2,9.1,7.19
34043,1,1,0.4,5.21
34044,6,2,5.5,4.11
34045,2,3,6.1,7.01
34046,3,3,2.5,3.95
34047,2,3,1.6,6.75
34048,3,4,4.5,4.66
34049,7,2,0.1,7.11
34050,7,4,9.4,6.94
34051,6,1,5.5,4.75
34052,0,3,0.3,5.19
34053,6,3,8.8,5.15
34054,0,0,8.4,5.61
34055,1,4,0.8,1.69
34056,3,0,0.6,5.45
34057,1,2,1.9,5.1
34058,2,4,3.2,4.71
34059,3,1,3.4,4.6
34060,3,2,2.5,3.33
34061,7,0,8.6,3.63
34062,2,2,3.9,7.08
34063,2,0,6.8,6.64
34064,0,4,8.7,4.89
34065,7,1,1.2,4.25
34066,2,1,4.0,3.2
34067,2,4,7.5,4.5
34068,5,1,4.8,4.2
34069,7,3,8.4,4.62
34070,4,0,1.0,5.78
34071,4,3,4.7,5.86
34072,1,1,2.0,3.87
34073,5,3,1.0,4.09
34074,4,2,1.7,4.1
34075,2,0,6.5,2.22
34076,0,0,6.6,5.44
34077,7,0,8.1,5.76
34078,6,0,0.5,5.54
34079,6,1,5.3,5.08
34080,4,4,8.0,6.01
34081,2,2,8.5,4.94
34082,6,0,5.7,5.74
34083,5,0,0.3,3.62
34084,5,0,2.9,5.66
34085,2,4,2.9,2.94
34086,7,4,0.8,3.63
34087,0,4,0.5,5.21
34088,3,1,0.9,5.57
34089,6,1,0.5,6.16
34090,0,4,5.3,5.24
34091,4,1,7.7,4.56
34092,7,3,3.1,5.91
34093,7,3,1.2,3.84
34094,1,3,7.8,6.94
34095,7,3,2.9,6.8
34096,5,4,0.6,6.12
34097,1,4,1.7,3.52
34098,1,2,2.3,5.7
34099,7,4,9.1,3.66
34100,5,3,2.3,3.39
34101,1,1,3.8,4.5
34102,3,4,3.5,4.69
34103,1,4,9.9,4.18
34104,6,4,8.1,4.8
34105,5,1,3.0,3.54
34106,4,3,4.7,6.19
34107,0,3,3.9,5.82
34108,0,4,4.8,4.42
34109,4,1,2.0,7.59
34110,2,4,9.1,6.79
34111,6,1,6.1,4.45
34112,7,0,0.9,5.62
34113,0,4,4.1,3.4
34114,7,2,2.5,4.56
34115,5,3,10.0,4.19
34116,3,3,4.3,3.89
34117,2,2,7.8,7.85
34118,6,4,10.0,5.54
34119,3,1,3.1,6.85
34120,6,2,5.1,3.87
34121,7,2,4.4,5.3
34122,0,1,4.1,5.48
34123,7,2,3.2,4.84
34124,0,0,5.2,5.12
34125,0,2,8.4,4.77
34126,0,1,4.8,5.01
34127,3,3,5.6,6.1
34128,1,3,5.5,5.41
34129,2,0,3.9,4.02
34130,1,4,2.8,4.37
34131,2,4,1.8,6.5
34132,4,2,9.6,3.52
34133,3,1,6.0,4.54
34134,7,4,2.7,4.11
34135,7,3,6.6,4.86
34136,2,2,3.1,4.34
34137,7,4,3.7,5.92
34138,4,3,8.0,3.87
34139,4,0,7.8,6.36
34140,5,4,5.3,3.83
34141,6,1,9.0,5.83
34142,7,4,2.4,4.46
34143,4,1,8.3,3.7
34144,2,4,5.3,2.81
34145,2,0,0.5,6.11
34146,1,4,1.3,5.64
34147,3,3,3.0,6.14
34148,3,0,8.9,5.12
34149,3,3,5.0,3.67
34150,3,1,8.4,4.46
34151,7,1,6.8,6.47
34152,1,0,8.6,5.82
34153,2,0,7.2,3.68
34154,4,0,5.5,5.72
34155,7,3,3.2,3.89
34156,1,3,0.7,4.25
34157,7,1,2.6,4.18
34158,4,4,6.7,5.1
34159,2,2,8.3,6.01
34160,6,4,4.5,5.17
34161,6,2,4.1,5.52
34162,1,1,1.2,4.37
34163,0,1,1.6,3.97
34164,5,4,8.2,4.97
34165,7,4,6.1,5.19
34166,5,4,8.4,4.88
34167,6,1,9.0,5.92
34168,2,2,3.8,4.87
34169,0,0,8.0,4.1
34170,7,3,0.3,3.75
34171,3,1,1.7,6.02
34172,0,3,8.5,5.95
34173,1,4,1.4,5.34
34174,5,0,5.8,4.14
34175,0,1,1.3,4.37
34176,4,0,2.2,4.05
34177,1,4,3.2,8.38
34178,5,0,0.2,6.82
34179,1,1,4.5,3.28
34180,6,1,6.3,6.19
34181,5,2,9.6,3.57
34182,2,0,4.2,3.47
34183,3,0,0.1,5.27
34184,6,4,5.5,5.34
34185,1,1,1.2,5.42
34186,7,3,2.6,6.32
34187,1,3,3.1,5.87
34188,5,4,2.1,5.1
34189,7,3,0.0,5.07
34190,7,3,1.6,3.29
34191,0,3,9.1,4.96
34192,2,4,6.2,3.92
34193,7,1,4.5,4.12
34194,7,1,0.4,4.72
34195,6,0,3.1,5.84
34196,0,4,6.1,6.51
34197,4,0,7.8,5.36
34198,5,4,1.4,4.22
34199,4,1,9.2,3.26
34200,3,4,0.5,3.64
34201,1,0,6.1,4.25
34202,1,0,5.5,5.25
34203,7,2,5.6,5.93
34204,6,0,0.9,5.44
34205,7,3,6.6,5.62
34206,0,2,6.5,5.33
34207,1,0,6.0,8.08
34208,7,0,8.7,5.66
34209,1,2,7.9,4.03
34210,0,2,3.6,5.32
34211,5,3,4.7,3.4
34212,2,4,5.4,4.66
34213,4,1,8.8,5.21
34214,6,0,6.7,3.19
34215,3,2,0.5,3.11
34216,5,1,4.6,3.39
34217,6,1,9.6,3.73
34218,6,1,5.3,6.35
34219,0,3,9.6,5.35
34220,0,0,5.7,5.09
34221,4,2,7.4,5.88
34222,2,0,3.2,5.55
34223,3,2,9.2,6.52
34224,2,2,1.0,3.68
34225,0,4,3.4,5.88
34226,5,2,4.4,6.85
34227,2,3,6.1,3.5
34228,3,0,5.7,4.15
34229,1,3,7.0,4.64
34230,7,1,8.2,6.18
34231,3,1,2.9,6.54
34232,4,2,2.8,6.93
34233,7,4,5.1,4.96
34234,4,0,2.9,3.46
34235,2,3,7.1,4.79
34236,2,0,9.1,5.94
34237,5,0,8.3,4.45
34238,1,0,7.1,6.24
34239,2,1,3.4,5.92
34240,0,0,4.8,3.57
34241,1,0,4.8,4.07
34242,2,1,3.7,3.35
34243,6,1,0.0,4.79
34244,0,4,0.5,5.05
34245,4,0,2.1,5.41
34246,2,1,8.0,3.3
34247,3,1,3.8,6.06
34248,2,3,7.6,6.65
34249,5,2,9.1,4.83
34250,0,1,5.4,4.52
34251,0,1,2.3,5.82
34252,4,3,6.1,4.88
34253,0,3,2.9,4.51
34254,3,2,10.0,3.84
34255,6,3,0.5,6.23
34256,3,1,7.5,2.09
34257,2,3,6.1,4.11
34258,3,0,3.5,4.1
34259,6,3,0.7,6.74
34260,1,1,3.8,6.54
34261,7,0,3.6,4.31
34262,0,2,6.9,5.89
34263,7,2,8.7,4.12
34264,1,1,8.3,6.14
34265,4,1,9.1,2.47
34266,2,3,6.2,2.85
34267,2,0,6.4,5.11
34268,1,3,3.0,5.26
34269,1,1,2.6,3.74
34270,5,4,4.1,4.1
34271,0,4,1.9,4.04
34272,2,4,2.5,6.87
34273,3,3,2.1,3.9
34274,4,2,0.3,5.99
34275,6,2,4.1,4.54
34276,0,1,9.8,7.14
34277,0,0,6.8,5.36
34278,2,3,9.3,4.57
34279,6,0,8.7,5.44
34280,4,0,9.3,5.76
34281,5,2,4.3,5.7
34282,5,2,2.7,3.04
34283,5,4,1.3,5.58
34284,6,2,4.5,5.95
34285,7,0,7.9,5.24
34286,5,3,4.8,4.63
34287,2,4,3.1,5.73
34288,0,4,9.6,4.29
34289,2,1,6.2,7.71
34290,6,1,0.8,6.44
34291,6,4,4.7,4.2
34292,1,2,1.7,4.66
34293,3,1,3.9,5.41
34294,0,4,7.2,4.77
34295,7,0,5.3,3.92
34296,4,1,5.4,5.13
34297,4,4,6.2,5.85
34298,5,1,7.5,5.6
34299,6,1,5.5,2.59
34300,4,3,3.8,5.02
34301,7,3,0.5,5.97
34302,7,3,0.7,4.37
34303,5,0,8.4,4.45
34304,1,3,3.4,4.86
34305,0,2,4.3,6.64
34306,3,2,5.6,2.88
34307,0,4,2.0,3.53
34308,5,3,8.6,5.32
34309,1,1,7.6,5.92
34310,6,3,2.0,2.76
34311,0,2,1.1,5.67
34312,1,1,8.3,6.11
34313,3,4,5.3,5.43
34314,0,3,4.0,4.33
34315,6,0,4.0,5.84
34316,5,2,7.9,3.16
34317,4,1,7.2,5.79
34318,6,3,6.0,5.25
34319,7,4,9.6,5.87
34320,2,0,6.0,5.41
34321,2,4,8.9,2.91
34322,7,3,7.5,3.32
34323,2,0,8.1,5.89
34324,4,4,4.9,5.77
34325,6,0,0.8,3.32
34326,3,0,1.6,6.11
34327,2,4,2.7,4.33
34328,1,1,2.1,3.06
34329,4,0,1.3,6.56
34330,0,4,4.8,5.13
34331,6,0,8.7,7.24
34332,5,4,0.9,6.94
34333,4,1,6.2,4.18
34334,1,1,6.5,6.09
34335,1,0,3.6,5.71
34336,2,3,8.1,5.53
34337,6,3,0.3,4.74
34338,2,2,3.0,6.32
34339,7,2,9.0,6.01
34340,1,0,6.3,2.98
34341,1,4,2.1,4.92
34342,3,4,6.7,4.09
34343,0,1,2.9,4.68
34344,2,3,0.8,3.37
34345,4,1,1.4,1.56
34346,4,2,9.0,4.34
34347,6,2,4.6,3.69
34348,3,2,0.7,5.86
34349,0,3,5.8,4.95
34350,3,3,0.1,3.12
34351,4,2,7.0,4.11
34352,2,1,8.0,2.99
34353,6,3,9.6,4.91
34354,2,0,3.4,6.34
34355,1,4,0.6,3.32
34356,3,1,3.2,4.63
34357,0,0,4.5,7.59
34358,0,4,8.7,5.78
34359,5,1,4.6,3.34
34360,6,2,1.9,3.24
34361,0,0,2.8,3.94
34362,0,1,3.8,6.55
34363,2,4,4.5,6.67
34364,3,0,1.3,4.4
34365,0,2,3.6,5.77
34366,0,0,6.9,4.13
34367,6,1,2.2,3.54
34368,4,1,7.2,4.11
34369,2,4,3.2,4.85
34370,2,1,1.0,3.75
34371,4,2,3.5,5.27
34372,7,4,1.9,6.55
34373,4,2,2.5,7.4
34374,3,1,3.1,3.84
34375,0,0,9.7,3.7
34376,5,3,7.2,4.02
34377,1,2,4.9,5.11
34378,6,4,9.9,4.87
34379,6,3,1.6,4.85
34380,6,2,0.2,4.57
34381,6,1,0.3,5.91
34382,1,3,6.8,6.57
34383,5,0,2.9,4.33
34384,1,2,2.5,5.54
34385,6,2,3.0,3.68
34386,2,1,3.8,4.42
34387,1,3,0.9,5.51
34388,7,4,5.9,5.03
34389,3,4,7.4,5.97
34390,0,2,2.5,5.52
34391,3,1,8.3,2.33
34392,2,2,8.1,5.55
34393,7,4,8.6,4.13
34394,4,3,4.0,7.88
34395,2,4,4.5,5.68
34396,4,3,4.4,3.7
34397,0,0,3.4,5.8
34398,4,3,5.7,3.13
34399,4,3,6.6,4.28
34400,5,1,1.6,5.33
34401,3,3,5.6,4.12
34402,7,1,4.2,3.34
34403,1,2,3.1,4.1
34404,7,3,7.4,5.99
34405,1,2,0.5,5.19
34406,0,2,1.0,5.82
34407,4,0,3.5,3.89
34408,0,0,4.3,4.15
34409,1,3,0.8,4.74
34410,4,0,3.3,4.93
34411,3,4,2.7,6.94
34412,1,1,3.6,4.66
34413,0,0,3.7,5.62
34414,4,0,0.3,5.32
34415,4,3,2.6,2.18
34416,0,0,0.7,4.62
34417,0,1,9.1,6.11
34418,5,0,2.1,4.77
34419,1,0,9.0,4.08
34420,3,4,9.9,5.03
34421,4,2,8.4,2.37
34422,5,0,5.6,4.09
34423,4,1,9.2,7.14
34424,2,1,9.5,5.95
34425,3,0,4.3,5.62
34426,2,0,2.5,4.13
34427,2,2,6.5,5.78
34428,6,1,4.4,1.99
34429,3,2,5.4,5.48
34430,7,2,7.2,5.35
34431,0,2,3.9,4.12
34432,3,0,8.4,5.43
34433,7,0,2.1,3.07
34434,7,2,1.9,4.96
34435,0,1,7.4,4.03
34436,7,0,8.9,3.56
34437,5,2,3.5,5.1
34438,7,4,5.6,4.63
34439,3,2,5.5,6.22
34440,3,3,7.6,3.07
34441,1,2,1.1,4.85
34442,6,4,8.1,5.99
34443,7,2,1.6,4.04
34444,1,3,5.7,3.07
34445,6,0,5.1,1.81
34446,4,1,2.0,5.27
34447,5,2,6.3,2.14
34448,3,0,0.4,5.74
34449,1,4,7.7,4.95
34450,2,1,3.8,5.07
34451,7,3,3.8,3.21
34452,3,4,5.3,4.71
34453,6,3,4.7,4.61
34454,5,3,9.2,4.8
34455,5,3,4.2,3.76
34456,4,2,4.7,5.22
34457,1,3,1.7,2.92
34458,3,1,5.3,5.22
34459,5,3,7.3,6.32
34460,2,2,7.4,3.44
34461,0,3,5.6,7.42
34462,7,2,6.2,6.22
34463,4,2,0.9,4.48
34464,1,2,9.6,5.47
34465,0,1,4.2,4.7
34466,2,4,0.8,5.44
34467,7,1,0.7,3.11
34468,3,2,6.9,6.35
34469,1,3,0.1,2.78
34470,1,2,8.9,4.39
34471,3,2,3.8,3.68
34472,5,0,6.2,6.37
34473,7,0,9.8,2.15
34474,6,1,8.9,5.54
34475,3,0,5.8,4.91
34476,7,4,0.3,5.37
34477,4,2,2.3,5.71
34478,5,0,0.5,3.96
34479,7,4,5.1,4.56
34480,7,1,7.2,5.8
34481,2,0,5.7,6.5
34482,3,3,5.9,5.1
34483,0,2,2.8,5.93
34484,5,1,5.0,7.47
34485,3,0,3.4,4.11
34486,3,0,5.0,3.65
34487,6,0,6.3,5.38
34488,1,2,7.6,4.87
34489,2,4,6.7,5.67
34490,3,3,9.9,7.33
34491,6,1,2.4,3.59
34492,3,0,8.9,5.63
34493,7,3,2.3,7.67
34494,1,1,6.7,4.0
34495,6,1,8.7,4.33
34496,3,1,4.4,6.08
34497,1,1,9.6,4.45
34498,5,1,9.9,4.11
34499,7,1,3.5,4.58
34500,4,4,0.6,4.31
34501,3,0,5.4,5.22
34502,7,0,4.1,4.4
34503,3,2,4.9,5.35
34504,3,0,5.3,6.94
34505,2,2,8.6,4.93
34506,7,1,1.5,5.09
34507,1,0,4.6,4.12
34508,1,3,7.6,6.39
34509,0,4,2.8,3.23
34510,3,4,8.5,5.29
34511,3,4,3.5,6.29
34512,7,4,9.8,6.65
34513,4,3,6.9,7.08
34514,1,2,5.2,4.09
34515,5,1,6.2,5.16
34516,3,4,1.1,3.49
34517,3,1,2.8,3.29
34518,4,0,8.1,4.73
34519,2,0,5.3,8.0
34520,3,0,2.6,6.52
34521,0,0,8.1,6.68
34522,5,0,8.6,3.72
34523,3,0,4.4,3.72
34524,3,4,0.2,3.21
34525,2,4,0.2,5.03
34526,4,4,7.1,5.41
34527,6,4,7.3,6.01
34528,1,2,4.2,3.43
34529,3,0,6.2,5.26
34530,6,2,7.9,4.7
34531,3,3,0.3,5.6
34532,2,3,4.1,6.79
34533,0,3,4.7,7.02
34534,5,2,5.4,4.19
34535,4,3,6.0,5.18
34536,3,4,6.0,5.66
34537,3,2,4.0,6.13
34538,7,2,3.8,3.97
34539,6,3,9.7,4.93
34540,4,1,3.6,5.22
34541,2,3,8.8,7.05
34542,4,1,2.5,3.91
34543,0,4,0.9,6.18
34544,3,2,4.7,4.17
34545,6,0,9.5,5.63
34546,0,4,9.0,6.75
34547,0,0,3.0,4.14
34548,5,0,0.1,4.26
34549,6,0,2.5,6.69
34550,3,1,2.6,3.24
34551,7,2,8.3,6.83
34552,7,3,1.0,5.97
34553,7,3,0.4,6.86
34554,6,4,7.6,4.76
34555,0,4,6.2,4.49
34556,5,3,8.6,2.84
34557,4,0,4.0,4.21
34558,5,1,9.9,3.45
34559,2,0,8.6,5.15
34560,1,4,8.7,3.51
34561,0,4,4.8,6.54
34562,3,2,3.6,5.12
34563,6,4,5.1,3.93
34564,1,2,6.7,7.37
34565,2,3,9.1,4.84
34566,4,4,8.7,4.85
34567,6,0,8.0,6.04
34568,6,0,4.7,2.89
34569,5,0,2.1,5.97
34570,6,1,7.5,7.55
34571,0,4,1.1,4.26
34572,5,2,4.0,4.64
34573,4,0,9.3,4.42
34574,5,3,0.0,5.7
34575,6,4,2.4,2.44
34576,3,1,8.2,5.25
34577,5,2,8.7,5.33
34578,4,0,8.3,5.45
34579,1,3,4.1,5.47
34580,7,1,7.8,5.58
34581,5,4,4.9,4.77
34582,7,0,8.8,5.22
34583,4,3,1.6,4.64
34584,0,4,0.3,6.87
34585,6,3,6.7,4.28
34586,7,0,4.6,4.91
34587,5,3,3.6,4.36
34588,6,3,2.6,4.75
34589,4,1,7.5,5.22
34590,1,4,9.1,6.45
34591,6,3,6.5,7.24
34592,0,3,0.7,3.23
34593,3,4,8.2,4.16
34594,6,4,2.1,3.77
34595,2,4,9.3,5.33
34596,5,3,2.6,3.71
34597,2,4,6.3,4.4
34598,7,4,5.0,6.51
34599,1,3,1.9,4.35
34600,2,4,8.0,3.39
34601,3,2,1.0,1.99
34602,7,1,4.5,3.76
34603,4,0,5.4,6.14
34604,4,1,10.0,5.86
34605,3,0,1.5,5.66
34606,3,1,2.8,5.35
34607,6,2,5.3,7.86
34608,4,2,7.6,5.42
34609,0,2,1.9,4.96
34610,6,0,8.2,5.25
34611,6,0,6.0,5.01
34612,5,1,1.3,4.87
34613,1,1,5.2,7.37
34614,4,1,3.9,6.36
34615,5,1,5.3,3.71
34616,1,4,0.8,3.48
34617,3,0,0.1,3.97
34618,0,0,5.7,6.01
34619,6,1,3.2,2.13
34620,7,0,9.1,5.38
34621,0,0,2.4,7.87
34622,2,3,3.2,5.44
34623,1,4,6.0,3.32
34624,4,3,8.7,5.5
34625,6,0,4.3,3.92
34626,2,2,8.8,6.6
34627,3,3,0.5,5.18
34628,1,0,3.8,5.14
34629,6,0,4.9,4.93
34630,1,0,4.3,5.99
34631,7,2,9.3,3.56
34632,6,2,8.9,1.66
34633,6,1,5.2,4.72
34634,5,0,7.3,7.37
34635,1,1,8.6,4.26
34636,0,2,9.1,1.7
34637,5,4,2.2,2.47
34638,2,1,0.8,5.12
34639,2,1,8.4,4.51
34640,2,2,4.2,4.84
34641,4,3,0.5,5.31
34642,5,1,1.3,5.61
34643,0,2,1.3,6.06
34644,3,4,4.0,4.56
34645,7,3,3.9,5.8
34646,2,1,5.3,5.36
34647,3,0,3.6,6.02
34648,5,0,5.8,4.47
34649,3,1,4.6,5.37
34650,2,4,9.8,3.85
34651,2,3,6.4,2.76
34652,0,4,2.9,3.85
34653,5,0,8.2,3.34
34654,0,2,5.0,6.76
34655,3,1,8.5,4.83
34656,0,2,4.5,5.84
34657,5,3,2.5,5.74
34658,4,4,5.2,6.15
34659,5,3,3.3,5.21
34660,3,4,8.7,3.96
34661,6,0,0.9,3.15
34662,4,2,9.9,6.05
34663,0,1,5.8,3.35
34664,5,4,3.1,3.94
34665,2,4,6.5,4.17
34666,5,3,2.0,5.83
34667,7,1,6.8,4.32
34668,4,4,4.6,2.58
34669,3,1,5.1,6.2
34670,7,3,2.6,3.81
34671,0,2,7.4,2.75
34672,4,4,6.1,5.73
34673,5,4,1.2,6.52
34674,5,2,1.5,4.66
34675,7,1,3.3,5.89
34676,5,3,3.5,3.64
34677,0,1,9.4,7.46
34678,5,2,2.8,3.77
34679,5,4,8.3,6.47
34680,5,4,8.5,4.24
34681,6,0,8.1,4.51
34682,2,4,1.4,4.09
34683,5,1,2.6,3.69
34684,3,3,4.7,3.73
34685,0,4,7.4,4.88
34686,3,4,4.8,6.09
34687,1,4,4.3,6.54
34688,3,2,1.7,6.72
34689,0,3,8.7,2.22
34690,4,0,0.9,6.27
34691,1,1,6.8,4.67
34692,4,4,3.8,4.65
34693,5,0,3.6,4.59
34694,4,2,2.7,4.35
34695,4,4,3.3,4.9
34696,2,4,2.7,3.85
34697,2,1,9.4,2.35
34698,2,4,9.1,2.62
34699,7,2,6.0,3.94
34700,4,4,9.0,4.31
34701,1,1,3.7,5.16
34702,3,1,1.7,5.32
34703,2,0,7.9,5.93
34704,7,0,1.5,6.14
34705,3,4,6.0,4.11
34706,7,0,2.1,5.18
34707,0,2,5.9,4.99
34708,6,2,4.8,4.91
34709,7,3,8.6,5.5
34710,3,0,6.1,5.45
34711,7,1,6.9,4.94
34712,6,4,6.7,5.17
34713,6,3,1.2,4.7
34714,3,2,2.0,7.05
34715,2,3,6.4,4.23
34716,3,2,9.7,6.57
34717,6,1,2.3,3.1
34718,6,0,8.4,5.1
34719,3,3,6.2,5.23
34720,1,4,5.0,3.49
34721,0,2,7.4,5.47
34722,7,2,4.0,4.35
34723,5,4,0.9,4.71
34724,0,4,3.0,4.1
34725,0,0,1.0,5.38
34726,6,3,3.1,5.37
34727,5,2,7.0,3.33
34728,7,0,5.2,4.33
34729,5,2,5.3,6.88
34730,4,3,4.5,5.56
34731,7,2,0.3,6.35
34732,6,4,2.7,1.31
34733,1,0,3.2,5.51
34734,6,4,7.2,4.98
34735,2,4,3.2,4.53
34736,0,1,1.2,3.8
34737,1,4,0.4,5.92
34738,2,0,6.2,4.34
34739,5,4,5.6,6.13
34740,1,4,8.6,6.39
34741,1,2,0.2,2.48
34742,5,2,8.7,7.22
34743,5,2,6.8,6.64
34744,0,3,9.5,3.09
34745,7,0,1.7,5.46
34746,6,3,2.6,5.86
34747,4,4,4.6,5.54
34748,7,0,5.5,5.28
34749,0,2,6.5,4.06
34750,4,4,1.1,5.96
34751,7,2,9.9,4.15
34752,0,0,1.0,5.86
34753,7,3,5.0,6.07
34754,0,4,8.9,4.3
34755,7,3,2.5,4.82
34756,4,2,6.6,5.97
34757,1,4,1.2,2.99
34758,3,4,9.7,4.68
34759,5,2,3.4,5.98
34760,0,3,4.7,2.25
34761,4,0,8.6,5.44
34762,3,1,8.2,4.8
34763,7,2,8.4,4.1
34764,3,0,3.3,6.6
34765,5,2,8.4,4.51
34766,2,2,7.5,3.85
34767,1,3,7.5,4.67
34768,0,0,7.9,4.85
34769,4,1,2.7,5.18
34770,1,2,6.4,3.36
34771,0,0,0.1,3.07
34772,5,3,3.0,4.22
34773,0,2,7.3,5.06
34774,1,2,9.6,6.25
34775,3,1,9.1,5.07
34776,4,4,9.6,5.93
34777,3,1,8.6,4.75
34778,7,1,1.7,4.18
34779,3,1,5.9,3.98
34780,4,0,6.9,3.56
34781,5,3,2.7,6.41
34782,2,4,7.0,5.9
34783,4,1,8.2,4.21
34784,4,2,9.5,5.48
34785,2,0,3.3,4.3
34786,6,0,8.1,6.25
34787,7,0,8.9,5.85
34788,5,4,5.1,2.43
34789,5,2,3.3,6.39
34790,1,2,2.2,3.48
34791,0,1,7.0,3.45
34792,0,0,8.4,5.13
34793,5,1,8.5,4.63
34794,0,1,1.3,5.14
34795,5,3,6.0,4.72
34796,6,0,2.6,5.82
34797,0,2,3.1,5.48
34798,0,3,2.4,4.62
34799,2,4,8.9,6.38
34800,4,3,3.4,4.44
34801,3,2,1.7,5.45
34802,4,2,5.0,6.8
34803,5,1,6.1,3.89
34804,5,2,1.0,4.12
34805,7,1,6.2,4.26
34806,7,0,7.2,4.64
34807,3,4,8.9,4.98
34808,7,1,9.1,4.61
34809,2,2,4.4,5.47
34810,4,2,5.6,3.46
34811,4,1,1.3,5.25
34812,1,1,7.1,3.68
34813,3,2,6.7,5.47
34814,6,2,2.7,4.25
34815,2,3,1.5,5.95
34816,2,1,8.5,6.76
34817,7,3,6.2,5.57
34818,6,4,2.2,5.53
34819,1,3,8.0,3.69
34820,5,3,9.1,5.48
34821,1,2,9.7,5.94
34822,6,4,6.1,3.83
34823,1,3,8.1,5.01
34824,4,1,9.2,5.53
34825,7,1,5.3,4.72
34826,4,0,2.1,3.57
34827,3,4,0.3,5.36
34828,1,1,6.2,5.58
34829,3,0,9.6,4.73
34830,2,0,9.5,5.1
34831,4,4,4.2,6.33
34832,0,0,9.3,5.82
34833,0,1,6.5,6.75
34834,1,0,5.1,6.01
34835,3,2,0.4,6.16
34836,3,0,5.3,3.08
34837,1,0,2.4,3.96
34838,4,0,2.0,3.51
34839,5,2,3.8,3.71
34840,2,4,5.7,5.68
34841,0,2,5.0,4.72
34842,7,0,6.8,4.61
34843,4,1,1.1,7.09
34844,0,4,2.5,5.16
34845,1,3,8.7,4.79
34846,1,2,7.1,3.67
34847,7,1,8.7,4.87
34848,3,1,7.8,4.12
34849,7,3,4.2,4.22
34850,5,2,4.7,4.32
34851,5,3,3.3,3.86
34852,7,2,1.8,4.02
34853,4,0,9.8,4.44
34854,6,0,8.1,3.29
34855,6,1,9.1,5.03
34856,6,1,8.0,4.6
34857,2,4,4.6,2.4
34858,4,2,1.3,4.31
34859,2,2,1.5,5.25
34860,0,2,1.2,3.0
34861,6,0,8.1,4.45
34862,6,0,2.4,5.06
34863,0,0,8.7,4.39
34864,6,3,10.0,5.56
34865,3,4,2.8,4.74
34866,3,4,5.9,6.42
34867,4,1,1.1,5.23
34868,6,3,2.3,4.05
34869,1,4,0.7,6.28
34870,2,3,9.9,4.05
34871,6,1,5.0,4.7
34872,5,4,6.6,6.75
34873,0,0,3.9,5.65
34874,0,2,1.2,5.4
34875,0,1,5.3,4.39
34876,4,3,2.5,4.61
34877,2,0,9.1,4.1
34878,0,2,3.3,4.8
34879,2,0,7.4,3.56
34880,5,4,7.8,5.08
34881,2,2,2.2,3.35
34882,0,4,9.7,6.05
34883,2,2,3.8,3.75
34884,4,4,1.8,4.97
34885,2,0,5.0,6.75
34886,6,0,6.5,5.98
34887,7,0,3.3,5.89
34888,0,4,0.4,3.7
34889,7,3,7.4,3.5
34890,7,0,0.9,4.15
34891,3,1,3.7,4.53
34892,2,2,6.6,5.54
34893,1,1,0.2,5.68
34894,5,0,7.3,4.34
34895,6,0,8.9,3.77
34896,3,3,5.5,4.45
34897,1,2,2.6,3.2
34898,1,4,6.6,3.55
34899,1,0,3.7,5.09
34900,3,4,2.1,5.71
34901,4,0,7.9,6.44
34902,7,3,0.8,6.13
34903,7,0,8.7,6.85
34904,5,3,7.3,4.01
34905,6,1,4.2,4.32
34906,2,3,9.0,4.26
34907,0,1,1.2,3.52
34908,1,4,1.9,6.98
34909,6,0,2.2,6.1
34910,4,0,5.0,7.67
34911,1,1,5.7,4.46
34912,7,4,3.6,4.28
34913,5,4,8.6,5.87
34914,3,0,2.0,4.58
34915,4,2,4.3,4.22
34916,0,1,4.8,4.85
34917,4,3,0.5,4.03
34918,6,2,9.8,4.72
34919,3,3,9.6,4.37
34920,5,0,7.5,3.26
34921,2,2,7.9,4.09
34922,4,1,9.9,5.15
34923,6,1,5.0,4.4
34924,5,1,8.8,4.45
34925,6,1,9.7,6.36
34926,5,2,7.4,3.29
34927,5,0,4.0,6.91
34928,4,0,1.4,4.9
34929,0,1,4.7,5.35
34930,7,1,1.7,5.36
34931,0,2,1.4,2.53
34932,6,4,4.7,5.76
34933,4,0,5.7,6.04
34934,7,4,7.7,4.54
34935,1,2,0.5,7.29
34936,3,4,1.9,5.13
34937,4,2,7.3,3.69
34938,1,2,7.8,4.73
34939,4,0,1.6,5.78
34940,0,1,3.8,4.07
34941,4,3,7.2,6.1
34942,7,3,8.5,2.73
34943,4,1,5.9,6.62
34944,2,0,9.7,4.72
34945,7,1,8.8,4.8
34946,1,0,6.1,4.78
34947,6,2,6.3,6.12
34948,3,0,2.8,5.72
34949,4,1,6.5,3.04
34950,4,0,3.1,5.46
34951,6,2,4.1,4.61
34952,4,4,6.0,2.99
34953,2,4,5.8,3.43
34954,1,1,0.3,3.22
34955,2,4,9.3,6.88
34956,5,3,2.6,4.35
34957,3,1,7.6,3.2
34958,5,2,7.3,5.01
34959,4,1,4.4,5.89
34960,3,2,1.8,6.85
34961,0,0,9.0,5.6
34962,7,1,4.5,4.01
34963,2,1,6.5,5.09
34964,1,3,8.3,5.66
34965,1,4,2.2,3.86
34966,2,3,6.6,5.99
34967,2,4,8.7,6.43
34968,1,1,6.6,6.49
34969,3,3,7.3,2.77
34970,7,3,6.5,6.73
34971,2,3,7.4,3.73
34972,5,4,1.3,5.03
34973,7,4,0.4,5.73
34974,6,1,3.6,4.33
34975,7,3,6.1,5.57
34976,3,0,1.5,3.75
34977,7,2,2.6,6.05
34978,0,3,9.1,4.37
34979,0,4,5.7,6.0
34980,3,4,7.2,6.14
34981,3,2,7.0,3.98
34982,1,4,5.4,6.69
34983,5,2,0.6,4.81
34984,5,3,9.7,2.95
34985,3,2,5.7,3.57
34986,0,3,2.4,3.21
34987,3,4,0.9,5.21
34988,7,0,6.7,3.72
34989,5,0,9.4,4.47
34990,7,2,7.3,5.83
34991,1,1,0.4,5.36
34992,3,2,7.8,4.98
34993,5,0,3.2,5.55
34994,0,1,2.5,2.69
34995,1,4,7.0,5.26
34996,3,1,1.7,7.33
34997,1,0,5.0,5.7
34998,3,3,2.3,6.73
34999,4,1,7.8,2.17
35000,6,0,5.0,5.62
35001,4,4,6.0,4.72
35002,7,1,5.7,3.53
35003,6,0,6.7,5.33
35004,4,4,9.6,5.49
35005,3,0,1.8,3.94
35006,4,4,3.4,5.05
35007,3,4,8.5,5.97
35008,2,4,1.1,5.23
35009,1,0,5.0,5.73
35010,2,0,5.1,5.98
35011,5,1,0.0,5.43
35012,1,1,9.7,6.17
35013,4,2,7.1,4.19
35014,6,1,8.6,3.5
35015,3,4,8.8,5.34
35016,4,2,6.3,4.22
35017,3,3,2.5,4.34
35018,3,4,5.5,5.08
35019,5,0,7.0,4.78
35020,4,3,6.3,4.36
35021,4,0,6.4,3.54
35022,5,4,5.6,5.04
35023,6,0,4.5,4.24
35024,4,2,9.2,5.5
35025,4,0,3.6,5.76
35026,4,0,8.1,4.63
35027,7,0,2.8,6.93
35028,6,2,9.8,4.84
35029,4,2,3.0,3.38
35030,1,2,9.6,3.81
35031,1,3,2.0,5.88
35032,6,4,5.2,5.13
35033,4,2,2.7,6.15
35034,5,4,7.6,3.9
35035,0,0,7.3,3.26
35036,2,0,5.1,7.7
35037,4,1,2.7,6.39
35038,3,1,2.0,4.02
35039,6,1,1.1,5.78
35040,0,0,2.3,4.11
35041,6,2,7.3,5.29
35042,1,2,2.9,6.52
35043,4,4,7.1,4.3
35044,6,1,8.3,4.97
35045,1,2,5.5,3.88
35046,2,4,3.1,4.74
35047,0,4,6.8,3.8
35048,3,1,5.5,4.37
35049,4,1,9.2,2.65
35050,0,4,9.7,4.06
35051,3,2,4.2,5.06
35052,5,0,0.9,3.58
35053,2,1,5.7,3.08
35054,3,4,6.8,6.52
35055,1,1,6.4,3.44
35056,2,3,9.6,5.98
35057,5,1,5.8,4.4
35058,6,4,6.7,3.89
35059,5,1,6.3,4.36
35060,7,2,9.5,5.32
35061,7,4,9.3,5.32
35062,2,3,1.3,6.68
35063,0,2,9.4,4.96
35064,7,1,1.9,4.82
35065,2,0,0.4,4.87
35066,3,4,2.1,6.76
35067,3,3,4.6,8.04
35068,7,0,8.7,4.29
35069,4,0,8.2,5.17
35070,4,3,2.4,5.99
35071,3,1,3.3,4.29
35072,4,3,0.2,4.19
35073,3,0,0.0,5.67
35074,6,1,5.9,4.97
35075,6,0,8.5,7.19
35076,0,2,6.2,2.73
35077,2,2,5.1,3.97
35078,6,3,0.7,4.27
35079,3,1,9.0,5.28
35080,2,4,2.4,4.14
35081,1,2,7.7,5.12
35082,7,1,3.2,6.43
35083,0,2,4.3,3.43
35084,4,2,5.7,3.28
35085,7,0,3.6,4.24
35086,0,2,4.3,3.97
35087,3,0,1.4,4.74
35088,3,2,7.2,5.37
35089,1,4,5.8,5.13
35090,7,2,10.0,4.94
35091,4,0,2.5,5.55
35092,0,0,6.8,4.82
35093,0,3,4.1,6.99
35094,0,4,1.6,5.48
35095,1,4,1.7,3.29
35096,5,1,4.9,3.79
35097,5,1,3.4,3.58
35098,7,0,4.9,4.74
35099,5,1,3.0,5.32
35100,0,1,9.6,4.43
35101,1,4,3.1,3.2
35102,0,4,3.9,5.12
35103,1,4,0.1,3.56
35104,1,0,3.4,6.05
35105,2,4,4.7,8.1
35106,7,3,6.4,5.58
35107,4,3,8.1,5.15
35108,2,1,0.7,7.01
35109,4,1,1.4,4.77
35110,2,3,8.9,5.89
35111,1,2,8.3,4.55
35112,3,4,0.7,2.91
35113,5,3,1.0,4.71
35114,4,1,4.4,4.87
35115,1,4,6.7,5.76
35116,5,3,8.0,4.04
35117,4,0,1.1,4.48
35118,1,1,1.8,3.24
35119,7,1,0.8,4.24
35120,4,4,2.2,6.23
35121,5,1,2.4,3.61
35122,3,4,1.0,5.81
35123,5,1,8.5,3.36
35124,6,1,1.9,5.03
35125,5,1,9.6,4.67
35126,1,4,0.5,4.17
35127,7,4,9.7,2.93
35128,7,1,6.1,4.42
35129,1,0,2.4,3.77
35130,4,4,1.3,7.17
35131,3,2,2.8,7.05
35132,4,3,3.9,5.49
35133,4,4,0.3,2.2
35134,7,0,4.6,6.83
35135,4,0,2.3,5.73
35136,2,3,0.5,4.39
35137,7,4,8.5,4.38
35138,6,0,3.5,6.01
35139,0,2,1.7,5.35
35140,6,1,7.1,6.29
35141,3,1,3.0,6.09
35142,7,4,2.6,6.14
35143,2,0,5.7,5.36
35144,0,0,4.2,7.96
35145,5,1,9.1,4.11
35146,0,1,4.5,6.67
35147,3,3,8.8,4.61
35148,6,1,9.6,5.23
35149,7,1,0.4,5.95
35150,4,2,6.0,2.7
35151,6,2,9.1,4.64
35152,0,0,8.6,5.54
35153,7,0,1.7,4.1
35154,0,0,2.9,6.87
35155,6,2,2.6,3.74
35156,3,2,5.8,6.24
35157,5,3,1.9,4.38
35158,2,0,8.8,5.96
35159,0,4,3.6,3.77
35160,7,1,9.0,5.57
35161,1,1,6.6,1.92
35162,0,4,4.8,2.96
35163,4,2,1.2,5.4
35164,2,3,5.5,4.1
35165,0,0,9.2,5.07
35166,2,2,0.2,5.72
35167,0,1,0.4,5.85
35168,3,3,5.7,5.86
35169,1,0,5.3,6.41
35170,0,2,7.0,4.81
35171,2,1,2.8,6.07
35172,5,1,2.2,3.74
35173,0,1,9.2,5.09
35174,4,1,2.7,5.3
35175,4,4,0.9,6.73
35176,5,1,0.5,3.08
35177,1,0,4.0,4.92
35178,2,3,7.8,6.88
35179,6,4,8.0,6.05
35180,5,0,3.7,3.69
35181,2,0,8.7,5.23
35182,1,1,1.9,3.36
35183,2,1,6.2,6.29
35184,4,4,0.3,2.58
35185,1,2,6.6,7.41
35186,4,1,5.8,4.01
35187,5,3,4.9,6.35
35188,7,0,2.6,4.17
35189,5,4,1.7,5.86
35190,4,2,2.1,4.78
35191,1,2,2.5,3.97
35192,3,4,3.3,5.16
35193,1,1,6.3,5.34
35194,1,2,1.9,5.64
35195,4,4,4.2,2.5
35196,5,2,0.6,5.01
35197,2,0,0.7,4.45
35198,0,0,8.9,3.38
35199,7,0,9.6,6.18
35200,4,1,1.6,1.84
35201,6,4,2.2,6.69
35202,2,4,0.5,6.56
35203,2,1,8.0,3.83
35204,5,0,8.3,5.81
35205,4,3,5.8,5.45
35206,7,4,6.3,3.77
35207,4,0,7.2,3.48
35208,2,4,3.5,4.6
35209,2,4,5.4,4.07
35210,7,1,3.3,5.79
35211,1,3,8.7,5.9
35212,7,2,4.5,5.19
35213,2,4,3.6,6.35
35214,0,3,5.5,5.47
35215,0,2,0.6,5.43
35216,0,1,1.1,4.17
35217,2,1,9.4,4.92
35218,5,4,2.3,3.93
35219,7,2,4.5,6.14
35220,3,4,0.2,4.67
35221,4,3,8.8,5.05
35222,2,2,6.0,3.38
35223,3,2,0.7,6.32
35224,7,0,1.8,6.56
35225,3,4,2.1,1.8
35226,7,1,0.2,4.08
35227,0,2,5.7,4.96
35228,4,4,5.6,5.58
35229,4,0,1.6,6.22
35230,1,3,7.1,4.51
35231,4,2,5.7,3.96
35232,3,2,3.6,2.98
35233,2,1,4.2,4.31
35234,4,4,1.6,2.37
35235,1,2,0.9,5.51
35236,7,4,0.7,5.34
35237,6,4,0.0,5.7
35238,5,2,5.1,4.75
35239,0,1,3.8,5.36
35240,6,2,3.8,7.17
35241,1,3,5.3,6.47
35242,5,2,5.1,3.47
35243,4,4,5.4,4.79
35244,0,0,6.8,4.97
35245,6,0,7.5,5.96
35246,1,3,1.3,3.87
35247,1,3,7.3,4.0
35248,7,2,1.9,3.95
35249,4,3,9.6,5.96
35250,6,2,7.2,3.99
35251,6,4,2.9,4.53
35252,7,4,3.8,7.29
35253,1,0,5.5,5.49
35254,7,0,8.8,4.73
35255,6,4,9.2,5.11
35256,6,1,4.4,7.01
35257,5,3,2.1,5.91
35258,4,1,9.4,6.93
35259,6,2,8.3,5.28
35260,6,3,5.5,4.99
35261,5,3,1.1,4.85
35262,7,4,10.0,4.92
35263,0,0,9.0,7.18
35264,1,2,1.5,5.61
35265,2,1,4.8,4.01
35266,4,2,5.0,4.98
35267,7,1,8.9,4.0
35268,0,0,7.3,4.29
35269,5,4,8.7,4.32
35270,5,0,5.7,5.13
35271,7,0,3.4,4.11
35272,5,2,3.5,5.29
35273,0,2,8.1,4.97
35274,7,4,5.9,4.25
35275,1,3,1.1,2.78
35276,1,4,8.1,5.62
35277,1,1,9.8,4.89
35278,0,4,5.6,4.06
35279,3,0,8.2,3.73
35280,5,3,8.7,7.09
35281,3,0,5.8,6.41
35282,7,0,7.0,7.34
35283,0,0,5.7,5.18
35284,0,4,1.4,6.43
35285,4,1,6.8,5.89
35286,4,3,8.2,3.91
35287,7,3,6.5,3.5
35288,4,3,4.7,6.44
35289,4,2,8.0,8.04
35290,0,3,9.8,5.48
35291,2,2,3.1,7.4
35292,2,0,3.2,6.81
35293,4,3,9.2,3.55
35294,5,3,9.5,5.0
35295,2,4,2.9,6.42
35296,4,3,9.0,6.85
35297,6,1,7.2,6.58
35298,1,4,1.9,2.98
35299,3,1,8.8,4.74
35300,6,2,8.3,6.7
35301,3,4,3.6,4.4
35302,6,4,9.8,3.55
35303,5,0,7.8,6.11
35304,0,1,1.8,6.29
35305,7,3,6.6,5.24
35306,7,2,5.6,5.9
35307,2,0,4.6,6.26
35308,0,3,3.1,6.04
35309,6,0,1.5,4.17
35310,6,0,0.7,6.11
35311,7,2,2.2,5.57
35312,4,4,6.5,5.08
35313,0,3,7.4,5.94
35314,7,2,7.3,5.25
35315,1,2,4.7,6.1
35316,6,0,4.6,5.08
35317,6,1,8.3,4.46
35318,2,3,2.1,3.86
35319,1,0,4.9,6.56
35320,0,1,9.0,6.14
35321,6,2,2.6,6.35
35322,6,4,2.9,2.95
35323,0,2,1.4,4.79
35324,5,0,6.8,5.95
35325,7,0,0.2,5.88
35326,1,0,3.8,3.69
35327,7,4,0.2,6.26
35328,1,0,1.1,4.3
35329,2,0,2.1,6.43
35330,0,3,0.8,5.77
35331,5,2,9.3,5.29
35332,6,0,0.1,6.14
35333,1,3,0.1,4.03
35334,3,3,1.6,5.03
35335,0,0,9.1,4.09
35336,5,1,4.9,4.58
35337,4,0,0.6,5.94
35338,5,4,2.1,4.67
35339,3,1,3.1,4.1
35340,1,0,5.1,3.5
35341,5,1,9.1,4.93
35342,2,0,4.3,4.21
35343,6,4,5.1,4.45
35344,3,4,2.2,5.41
35345,4,4,3.0,5.79
35346,5,4,9.8,3.07
35347,2,1,2.3,4.1
35348,6,2,7.5,2.13
35349,6,2,7.9,6.67
35350,2,0,1.6,5.77
35351,6,2,9.7,4.83
35352,5,4,0.4,3.32
35353,1,1,4.9,3.11
35354,1,4,1.3,4.34
35355,6,0,4.0,5.78
35356,2,2,9.0,6.57
35357,2,3,8.7,4.1
35358,5,3,0.6,4.37
35359,4,0,2.3,3.68
35360,0,0,0.3,3.79
35361,5,0,4.2,5.25
35362,3,4,8.3,4.71
35363,2,4,7.5,4.83
35364,3,0,0.5,5.61
35365,1,3,8.9,5.02
35366,1,1,0.5,5.05
35367,2,2,3.7,4.75
35368,0,3,1.7,5.53
35369,0,0,9.4,5.26
35370,2,1,2.0,4.41
35371,5,3,2.7,4.02
35372,0,3,3.1,6.75
35373,0,1,2.6,4.31
35374,4,1,9.0,6.61
35375,6,4,6.3,4.42
35376,3,1,0.4,2.9
35377,2,2,6.3,5.03
35378,0,2,8.3,4.37
35379,5,3,6.0,4.52
35380,0,4,0.4,7.21
35381,1,0,0.5,6.42
35382,5,1,0.7,4.08
35383,4,3,4.2,3.93
35384,7,1,5.6,6.66
35385,1,4,9.5,5.69
35386,4,3,9.7,6.66
35387,0,1,4.6,6.49
35388,3,4,6.9,5.44
35389,2,4,8.0,4.14
35390,4,4,4.5,5.73
35391,1,1,1.4,4.87
35392,2,2,6.0,2.9
35393,5,0,1.9,3.73
35394,4,2,3.2,5.32
35395,4,1,6.3,7.91
35396,7,0,3.7,3.32
35397,2,3,7.7,3.13
35398,0,4,9.1,6.05
35399,0,4,9.3,4.75
35400,0,1,8.7,2.48
35401,5,0,7.1,7.39
35402,6,0,2.3,5.46
35403,7,4,9.7,3.31
35404,2,1,2.4,4.75
35405,4,4,7.9,5.21
35406,6,0,8.7,3.66
35407,3,1,7.0,5.65
35408,4,4,2.9,6.37
35409,4,1,8.9,5.3
35410,1,1,1.6,6.6
35411,4,3,9.5,3.36
35412,5,2,1.5,4.74
35413,5,3,1.3,3.22
35414,2,1,9.8,3.09
35415,5,2,5.0,5.61
35416,1,0,8.9,4.74
35417,7,3,5.3,5.53
35418,0,3,5.5,5.05
35419,3,4,1.5,3.85
35420,0,3,7.8,5.17
35421,3,3,3.6,4.46
35422,2,1,4.4,3.18
35423,5,2,2.1,8.01
35424,7,0,6.0,6.66
35425,0,1,4.6,5.36
35426,1,0,8.7,5.87
35427,2,4,7.6,5.08
35428,1,2,8.0,4.17
35429,2,0,7.3,3.71
35430,0,4,3.3,3.74
35431,5,0,7.2,4.2
35432,7,3,1.7,4.43
35433,4,3,1.3,4.76
35434,2,2,9.0,3.22
35435,3,2,3.6,3.36
35436,3,2,4.8,4.86
35437,2,3,9.7,5.74
35438,6,3,9.3,6.6
35439,4,3,0.6,3.68
35440,7,1,4.1,5.06
35441,6,3,7.0,5.34
35442,1,1,4.6,4.38
35443,1,0,5.8,4.51
35444,3,3,3.2,4.33
35445,3,2,1.2,4.78
35446,0,3,8.7,5.18
35447,5,3,6.1,6.37
35448,2,4,6.6,3.03
35449,1,0,2.9,6.29
35450,1,3,4.6,5.37
35451,5,3,0.2,4.57
35452,0,2,7.0,6.05
35453,7,1,1.8,4.05
35454,2,2,2.9,3.34
35455,1,4,5.3,5.75
35456,4,1,0.7,2.65
35457,1,1,6.1,5.38
35458,5,0,4.3,7.58
35459,4,0,7.7,6.7
35460,6,0,4.0,6.9
35461,6,3,5.7,5.17
35462,3,0,5.6,3.81
35463,3,4,3.3,6.42
35464,4,4,8.5,2.51
35465,1,2,4.8,3.25
35466,6,3,1.7,4.6
35467,5,3,6.1,5.61
35468,1,0,5.4,5.93
35469,0,2,8.8,5.67
35470,4,2,1.0,4.43
35471,3,1,1.8,4.12
35472,2,2,9.7,6.67
35473,7,1,0.8,4.2
35474,7,2,9.2,6.45
35475,1,0,2.1,4.93
35476,6,3,3.8,4.87
35477,1,1,8.2,7.3
35478,7,4,1.1,4.59
35479,0,2,5.5,5.7
35480,3,1,4.8,3.82
35481,1,1,0.4,8.06
35482,6,1,0.9,3.95
35483,0,4,0.9,3.57
35484,7,3,8.4,4.57
35485,4,2,3.4,5.18
35486,6,0,5.8,5.28
35487,0,0,1.6,3.83
35488,2,0,8.5,3.87
35489,3,0,7.8,6.35
35490,5,0,2.1,3.49
35491,5,2,7.3,4.93
35492,3,4,3.5,7.56
35493,4,1,2.6,3.86
35494,3,1,9.6,3.81
35495,1,3,2.5,6.12
35496,5,3,0.9,6.44
35497,1,3,8.3,5.06
35498,6,0,6.6,3.93
35499,3,4,7.5,5.17
35500,3,0,4.8,2.78
35501,7,4,7.8,4.49
35502,0,3,2.9,5.83
35503,2,3,9.3,5.62
35504,1,3,5.8,4.27
35505,6,2,9.9,5.84
35506,4,2,1.6,5.83
35507,0,0,5.8,5.15
35508,1,3,2.8,4.97
35509,0,2,6.6,3.89
35510,2,0,5.8,5.98
35511,3,4,9.0,3.59
35512,0,3,4.1,6.41
35513,0,2,4.0,4.68
35514,0,3,6.0,4.69
35515,2,3,9.6,1.59
35516,4,0,1.5,3.68
35517,0,1,1.7,4.93
35518,5,1,2.5,5.58
35519,2,0,1.2,6.34
35520,0,1,4.3,5.07
35521,1,2,6.3,5.79
35522,0,4,1.7,6.31
35523,6,2,7.8,5.04
35524,3,3,8.3,4.53
35525,0,0,1.0,5.02
35526,2,4,3.8,6.79
35527,7,3,3.2,5.63
35528,6,0,9.4,5.75
35529,2,2,3.6,2.05
35530,2,4,1.6,2.63
35531,6,2,7.0,2.56
35532,1,2,8.3,4.66
35533,4,2,1.0,5.62
35534,3,2,1.4,5.17
35535,0,4,0.2,3.02
35536,6,1,6.6,3.94
35537,6,2,6.4,5.5
35538,6,1,8.0,5.84
35539,2,4,5.5,5.26
35540,5,2,5.2,5.09
35541,2,2,9.3,4.2
35542,2,2,8.9,3.35
35543,4,4,10.0,2.58
35544,1,3,9.7,3.46
35545,7,0,5.5,4.24
35546,5,3,4.0,5.32
35547,2,4,8.3,4.54
35548,2,2,5.3,4.14
35549,0,1,5.1,3.21
35550,1,0,4.0,5.81
35551,3,2,1.5,6.27
35552,3,2,6.1,4.5
35553,1,1,6.6,5.26
35554,4,3,4.4,5.66
35555,6,1,6.5,6.07
35556,4,0,4.2,5.52
35557,5,1,4.5,4.67
35558,4,1,7.7,4.12
35559,7,4,4.4,4.93
35560,2,1,2.2,5.82
35561,7,0,2.3,6.22
35562,6,3,4.4,6.28
35563,1,3,6.4,3.67
35564,0,2,4.5,6.78
35565,1,0,0.7,3.17
35566,1,0,8.7,5.96
35567,3,3,0.3,4.21
35568,4,4,9.6,5.49
35569,4,3,5.4,5.74
35570,2,2,7.7,6.16
35571,6,0,9.2,2.93
35572,6,1,7.7,3.42
35573,7,2,7.9,2.78
35574,6,4,2.7,5.39
35575,0,2,5.3,5.44
35576,5,4,5.2,7.97
35577,4,1,9.0,5.47
35578,2,1,6.8,4.55
35579,0,3,5.3,4.62
35580,3,1,9.7,6.64
35581,4,4,8.5,6.08
35582,3,4,9.6,5.42
35583,4,0,8.0,5.7
35584,7,4,5.2,3.47
35585,0,4,8.5,4.92
35586,3,2,8.1,3.51
35587,1,1,3.6,6.36
35588,2,0,8.0,4.33
35589,7,2,8.4,5.98
35590,0,1,8.6,5.95
35591,2,4,3.6,4.95
35592,1,4,6.0,6.46
35593,0,4,5.2,4.39
35594,3,2,5.1,6.55
35595,1,1,0.7,4.64
35596,6,1,2.2,5.3
35597,0,0,0.7,6.11
35598,4,3,8.9,4.5
35599,6,2,8.9,5.41
35600,3,2,4.2,6.66
35601,6,4,3.8,4.22
35602,1,1,3.3,5.21
35603,6,2,4.7,3.06
35604,6,3,3.3,5.95
35605,1,3,2.3,4.79
35606,0,0,0.1,4.72
35607,6,4,2.0,4.19
35608,4,1,4.5,5.79
35609,5,0,3.0,6.97
35610,6,0,7.9,2.89
35611,4,2,1.2,3.33
35612,4,4,8.6,5.71
35613,1,0,2.8,2.45
35614,4,2,8.7,5.39
35615,7,3,9.6,2.96
35616,7,1,5.2,5.17
35617,5,4,8.5,5.45
35618,1,0,1.8,2.25
35619,3,1,6.0,4.22
35620,7,0,8.6,6.68
35621,0,2,9.5,4.86
35622,6,0,7.6,6.01
35623,6,1,9.5,4.68
35624,4,3,5.0,3.07
35625,0,0,2.9,2.92
35626,2,4,2.7,5.35
35627,1,3,3.7,3.96
35628,0,3,4.0,4.7
35629,7,3,1.8,2.83
35630,7,0,7.6,3.75
35631,2,4,3.0,5.78
35632,0,3,4.8,4.07
35633,5,2,1.9,6.36
35634,5,1,4.9,4.35
35635,3,1,7.5,4.99
35636,1,2,4.1,4.38
35637,3,3,8.9,4.06
35638,4,4,0.9,5.68
35639,2,1,4.0,2.33
35640,7,3,5.4,3.96
35641,7,2,6.9,3.64
35642,3,0,2.9,5.71
35643,6,1,7.8,6.64
35644,3,0,7.4,4.38
35645,5,4,9.1,3.79
35646,3,2,3.8,5.2
35647,7,0,0.9,5.45
35648,1,3,3.8,2.2
35649,3,2,9.6,4.49
35650,0,1,2.6,4.59
35651,3,4,4.9,6.02
35652,4,3,4.0,5.84
35653,7,2,3.8,4.9
35654,6,2,7.4,5.84
35655,2,3,8.0,4.13
35656,5,1,4.5,3.37
35657,2,2,0.3,4.39
35658,4,1,3.0,3.8
35659,2,0,7.0,3.12
35660,3,3,2.9,5.66
35661,7,0,4.2,3.76
35662,4,4,5.7,6.88
35663,3,2,4.0,6.41
35664,4,1,9.7,2.16
35665,4,2,3.6,3.82
35666,1,4,5.2,5.88
35667,2,0,1.0,4.68
35668,6,2,2.4,5.0
35669,1,0,8.7,5.86
35670,2,3,5.1,3.42
35671,4,2,0.3,5.5
35672,7,4,4.5,3.64
35673,6,0,7.1,4.86
35674,7,2,9.7,4.22
35675,1,1,6.3,3.79
35676,4,0,3.6,2.71
35677,6,0,5.0,4.71
35678,6,0,2.9,4.33
35679,1,2,7.8,6.53
35680,1,3,3.5,4.68
35681,5,3,7.2,4.84
35682,3,2,0.9,4.61
35683,7,2,0.2,3.96
35684,7,1,8.9,3.59
35685,5,2,4.3,4.15
35686,3,1,9.0,6.57
35687,2,4,9.1,2.75
35688,0,4,3.5,3.8
35689,3,4,9.9,5.94
35690,2,4,6.9,5.87
35691,6,2,5.8,7.1
35692,7,3,0.7,5.23
35693,3,2,7.8,6.07
35694,3,1,6.2,6.26
35695,6,1,7.0,5.99
35696,1,4,4.3,4.96
35697,6,0,5.3,5.37
35698,6,0,8.4,5.46
35699,3,3,9.7,6.72
35700,1,0,7.5,4.88
35701,7,4,8.0,5.16
35702,1,3,5.7,4.13
35703,3,4,9.4,3.72
35704,2,0,5.7,4.56
35705,5,4,4.5,5.95
35706,1,2,8.0,3.39
35707,6,1,4.3,5.82
35708,0,3,3.0,4.29
35709,5,0,7.4,4.87
35710,3,2,3.7,3.57
35711,1,1,2.4,3.39
35712,4,4,0.6,5.17
35713,4,3,2.7,3.36
35714,0,1,7.3,3.55
35715,2,4,4.3,3.69
35716,7,2,5.9,3.81
35717,1,0,7.1,5.37
35718,0,3,2.5,5.6
35719,1,2,9.7,5.39
35720,3,1,3.0,5.3
35721,2,4,9.8,4.96
35722,5,3,4.6,3.9
35723,2,4,7.9,3.14
35724,3,1,5.9,5.93
35725,3,2,5.4,5.51
35726,6,4,9.5,4.25
35727,3,2,2.0,3.6
35728,7,3,8.3,3.94
35729,4,0,8.5,6.39
35730,7,2,6.7,5.95
35731,3,3,9.5,5.16
35732,1,1,3.8,4.99
35733,4,0,8.5,5.66
35734,2,0,4.0,3.92
35735,1,1,1.1,6.33
35736,3,2,0.2,6.34
35737,0,1,3.8,4.76
35738,2,3,7.9,4.14
35739,2,2,7.4,6.66
35740,4,1,0.5,4.87
35741,3,1,6.4,4.79
35742,5,3,9.8,5.11
35743,3,0,2.3,3.55
35744,6,0,8.0,5.62
35745,0,0,4.6,3.4
35746,5,3,6.4,4.64
35747,7,3,7.8,6.25
35748,1,4,8.4,6.64
35749,7,0,4.6,3.15
35750,7,2,8.2,6.0
35751,5,2,0.3,4.57
35752,0,4,1.4,6.52
35753,7,4,5.6,4.92
35754,6,0,3.0,4.7
35755,3,3,9.3,4.54
35756,1,2,9.5,3.8
35757,1,0,8.5,5.68
35758,3,4,8.4,6.06
35759,6,1,6.4,4.21
35760,1,4,3.8,2.0
35761,5,4,6.6,5.38
35762,1,2,4.2,5.04
35763,1,0,5.4,5.09
35764,3,0,9.9,4.98
35765,4,0,6.7,5.24
35766,1,4,7.9,5.22
35767,4,2,4.8,4.81
35768,0,3,1.6,4.07
35769,0,2,2.4,3.97
35770,3,2,8.5,6.12
35771,6,1,7.5,5.95
35772,4,0,3.6,2.16
35773,7,0,8.9,5.61
35774,2,1,3.4,3.3
35775,4,2,5.6,4.61
35776,4,2,5.0,5.55
35777,5,0,6.9,5.69
35778,5,4,3.4,3.28
35779,3,3,8.3,5.14
35780,2,1,1.4,4.76
35781,3,2,8.7,5.96
35782,1,0,8.5,5.44
35783,2,0,5.0,4.37
35784,6,3,8.1,3.81
35785,6,4,6.7,4.55
35786,5,0,2.5,4.81
35787,4,3,9.9,3.74
35788,3,1,8.5,6.28
35789,4,3,3.1,5.37
35790,7,0,4.0,6.35
35791,1,4,7.4,4.99
35792,0,3,3.4,5.06
35793,7,1,1.6,6.43
35794,2,4,2.9,4.31
35795,6,3,8.1,6.19
35796,0,2,0.8,2.33
35797,7,1,3.9,5.49
35798,0,3,6.0,6.44
35799,6,4,4.1,5.64
35800,4,0,7.3,5.32
35801,7,4,8.3,3.11
35802,1,4,3.2,4.78
35803,5,3,1.1,4.88
35804,6,3,2.1,5.32
35805,1,1,2.8,6.09
35806,7,1,5.5,4.3
35807,6,1,7.8,5.1
35808,7,0,7.0,5.73
35809,5,4,3.0,4.63
35810,7,3,4.0,4.0
35811,2,1,5.0,5.07
35812,3,1,5.5,3.16
35813,0,4,3.7,4.89
35814,5,2,6.9,3.07
35815,6,0,7.7,6.62
35816,0,1,6.9,6.87
35817,1,0,2.7,4.57
35818,0,2,4.0,5.65
35819,4,0,1.8,2.23
35820,7,2,5.8,7.26
35821,6,2,5.2,6.44
35822,2,0,3.1,4.66
35823,4,4,7.9,6.77
35824,1,2,7.9,4.3
35825,1,3,2.2,4.89
35826,0,0,7.8,3.75
35827,2,3,4.5,7.21
35828,6,1,2.9,4.02
35829,5,1,1.5,6.12
35830,0,4,6.2,2.72
35831,3,4,9.5,6.05
35832,2,4,9.2,6.01
35833,4,0,3.8,4.59
35834,3,2,6.7,5.07
35835,7,3,4.7,4.25
35836,2,1,1.1,4.77
35837,2,0,0.2,3.77
35838,6,3,0.5,4.71
35839,5,3,4.9,4.59
35840,2,3,6.0,7.01
35841,2,1,9.7,4.2
35842,6,3,2.7,4.73
35843,4,0,0.3,3.71
35844,4,0,8.8,5.14
35845,3,4,8.4,4.56
35846,2,1,8.1,6.18
35847,1,1,1.4,5.44
35848,5,3,3.4,5.73
35849,1,1,1.6,6.34
35850,1,0,4.9,4.61
35851,1,2,7.6,5.54
35852,4,2,1.0,4.82
35853,7,4,0.6,5.9
35854,5,4,6.8,5.33
35855,1,2,3.4,6.4
35856,5,2,1.1,5.14
35857,0,1,0.7,4.19
35858,4,2,8.0,5.45
35859,0,2,5.8,4.49
35860,3,1,4.2,4.38
35861,2,1,6.4,4.54
35862,1,0,2.4,5.18
35863,4,1,8.9,5.82
35864,3,1,8.9,4.06
35865,7,3,2.9,4.69
35866,5,0,9.1,4.16
35867,5,1,3.9,5.86
35868,6,4,5.5,2.61
35869,3,3,3.0,3.12
35870,7,0,7.5,3.93
35871,6,4,3.3,4.33
35872,4,3,0.2,4.1
35873,5,4,5.5,5.99
35874,5,3,2.2,5.12
35875,6,1,3.2,3.48
35876,1,2,1.6,5.23
35877,4,4,6.6,4.38
35878,2,1,2.7,4.68
35879,0,1,2.3,6.1
35880,6,2,8.0,5.37
35881,1,1,5.5,4.03
35882,4,2,0.6,5.53
35883,3,2,0.4,4.71
35884,2,0,3.5,2.52
35885,3,4,7.9,2.87
35886,5,4,5.7,4.37
35887,5,4,7.8,4.08
35888,6,4,1.0,5.69
35889,2,2,5.5,3.77
35890,0,1,1.7,4.59
35891,4,2,6.7,4.66
35892,2,3,3.7,5.7
35893,5,4,2.2,4.32
35894,5,1,4.0,3.47
35895,1,0,3.0,5.97
35896,3,0,1.1,3.4
35897,2,0,6.1,5.48
35898,5,4,6.1,3.35
35899,1,0,4.8,3.66
35900,5,0,9.4,5.63
35901,3,0,8.9,4.44
35902,3,0,7.7,3.55
35903,5,1,9.4,4.91
35904,3,0,6.3,3.2
35905,7,0,1.8,3.88
35906,2,1,0.7,2.56
35907,0,1,7.4,4.06
35908,5,1,3.9,6.0
35909,0,2,5.3,5.95
35910,3,4,1.6,1.87
35911,7,1,9.9,4.42
35912,2,3,3.9,3.7
35913,1,2,7.6,4.93
35914,6,2,3.0,5.83
35915,2,4,3.2,5.19
35916,1,3,1.6,3.1
35917,7,2,4.5,3.76
35918,3,3,1.1,5.09
35919,3,3,9.3,5.94
35920,1,2,8.4,4.38
35921,0,3,3.9,6.28
35922,4,1,8.2,3.7
35923,3,2,4.7,2.92
35924,7,2,2.3,3.68
35925,2,4,3.9,3.76
35926,7,4,1.6,5.49
35927,5,4,1.4,6.57
35928,6,4,6.2,6.59
35929,6,0,5.7,4.62
35930,3,2,7.2,5.7
35931,6,2,8.9,6.13
35932,7,3,8.4,5.43
35933,2,3,9.4,5.09
35934,7,2,9.9,4.57
35935,6,1,0.9,5.38
35936,0,4,3.6,6.94
35937,0,3,0.6,3.5
35938,2,2,9.5,6.07
35939,0,0,9.1,4.14
35940,6,0,3.5,5.01
35941,3,1,2.3,5.45
35942,3,1,3.6,4.08
35943,1,1,5.5,4.72
35944,2,1,7.6,4.48
35945,1,3,3.7,7.06
35946,2,3,0.3,5.57
35947,2,2,5.1,4.89
35948,0,1,9.4,4.0
35949,3,1,2.9,3.11
35950,5,2,0.4,3.36
35951,6,2,8.1,5.53
35952,0,1,5.7,5.82
35953,1,0,8.5,3.82
35954,3,4,9.3,4.64
35955,6,3,9.1,6.35
35956,0,4,4.2,4.91
35957,6,3,7.0,4.81
35958,4,3,4.4,5.77
35959,7,0,8.0,5.44
35960,0,4,8.4,4.51
35961,5,3,2.9,6.68
35962,5,3,5.8,4.36
35963,0,0,2.1,4.37
35964,6,4,3.2,4.97
35965,4,1,3.6,4.59
35966,6,3,5.1,6.6
35967,6,0,0.5,4.73
35968,1,1,1.2,4.03
35969,5,0,9.6,3.86
35970,0,0,8.6,5.73
35971,7,4,3.0,6.44
35972,6,0,2.3,3.42
35973,2,2,9.5,4.49
35974,2,3,3.8,4.44
35975,6,2,8.9,5.65
35976,4,1,3.6,4.45
35977,3,4,1.0,7.05
35978,2,3,3.8,5.64
35979,7,4,7.8,6.65
35980,6,1,4.4,2.68
35981,2,3,8.4,5.08
35982,3,2,6.1,3.78
35983,4,3,7.4,5.31
35984,2,2,4.5,5.14
35985,1,2,2.5,3.85
35986,6,0,0.8,4.83
35987,0,3,8.4,6.61
35988,7,0,8.3,6.02
35989,1,2,1.5,7.75
35990,7,0,5.3,4.02
35991,3,4,0.5,5.63
35992,2,3,8.6,4.16
35993,0,3,0.6,3.9
35994,3,2,4.6,3.09
35995,6,1,1.3,3.62
35996,3,1,3.3,4.82
35997,5,1,10.0,5.2
35998,3,0,5.2,7.3
35999,6,0,6.0,3.55
36000,2,0,4.7,5.54
36001,5,1,4.6,3.39
36002,6,4,6.3,5.39
36003,3,1,3.9,5.49
36004,5,3,7.5,4.75
36005,6,1,5.2,4.59
36006,4,2,5.2,3.45
36007,5,1,0.9,5.81
36008,6,1,3.3,3.55
36009,2,3,5.9,5.25
36010,1,0,2.1,3.89
36011,5,3,6.9,4.73
36012,0,0,4.6,4.75
36013,4,4,1.0,3.73
36014,4,4,1.6,6.41
36015,5,4,0.5,6.04
36016,7,0,2.3,4.81
36017,6,0,3.4,5.4
36018,5,4,8.9,4.14
36019,7,1,9.1,2.54
36020,6,4,2.9,5.76
36021,1,2,2.0,3.25
36022,7,1,5.7,5.56
36023,3,2,0.9,5.01
36024,7,1,5.5,6.94
36025,3,0,9.3,3.54
36026,5,2,6.0,4.93
36027,4,0,0.9,5.67
36028,0,1,3.2,3.39
36029,4,0,6.3,4.98
36030,0,2,0.2,5.93
36031,0,1,5.5,3.75
36032,1,3,0.3,5.75
36033,7,0,7.8,5.12
36034,1,0,6.5,5.13
36035,3,3,1.1,5.49
36036,6,4,4.7,2.86
36037,0,3,2.1,4.69
36038,3,4,5.1,6.28
36039,4,1,0.7,4.33
36040,1,4,9.4,5.76
36041,3,3,7.9,5.44
36042,5,2,8.9,4.69
36043,2,2,2.9,5.54
36044,1,3,6.0,3.27
36045,0,4,7.3,2.61
36046,4,2,2.9,5.31
36047,2,1,8.0,4.76
36048,0,3,2.2,5.04
36049,3,0,7.1,6.41
36050,6,2,0.6,5.92
36051,3,0,5.4,4.93
36052,1,4,0.7,4.5
36053,3,4,9.8,5.16
36054,0,3,5.2,2.82
36055,6,3,1.1,5.82
36056,4,0,6.3,5.22
36057,6,2,6.7,5.19
36058,2,0,6.9,4.22
36059,7,1,2.7,5.47
36060,7,4,0.2,4.44
36061,4,2,7.8,3.67
36062,5,0,6.5,5.09
36063,0,3,1.5,4.61
36064,7,3,7.0,7.37
36065,7,3,1.9,6.85
36066,3,0,8.8,4.43
36067,6,2,2.9,5.29
36068,3,2,9.7,4.9
36069,0,4,4.8,4.59
36070,5,1,8.0,6.63
36071,4,4,1.7,5.16
36072,1,4,3.0,3.81
36073,3,1,4.7,5.21
36074,3,1,2.4,3.67
36075,3,4,6.7,3.8
36076,5,4,4.2,5.57
36077,2,1,9.2,4.35
36078,0,0,9.9,3.85
36079,5,0,1.3,5.81
36080,5,1,8.2,5.32
36081,5,3,2.5,4.68
36082,3,1,7.9,5.61
36083,5,1,7.8,6.08
36084,6,4,1.8,5.23
36085,3,1,7.8,4.9
36086,2,4,1.1,6.11
36087,2,2,5.6,2.91
36088,7,0,4.5,3.85
36089,7,3,4.9,5.16
36090,6,3,5.3,4.83
36091,5,0,5.0,4.55
36092,3,1,1.8,3.4
36093,5,2,1.2,5.33
36094,0,3,0.2,4.82
36095,6,3,0.3,4.59
36096,5,3,9.7,3.66
36097,7,4,1.9,6.15
36098,4,1,6.6,3.78
36099,3,4,4.6,6.76
36100,4,1,6.6,5.64
36101,7,1,9.0,5.54
36102,3,0,1.4,4.97
36103,2,2,9.4,5.69
36104,6,3,4.6,6.31
36105,1,3,9.6,4.16
36106,6,0,6.1,4.08
36107,6,2,9.7,6.54
36108,2,1,10.0,5.88
36109,5,4,2.5,3.62
36110,6,4,2.0,5.32
36111,3,3,3.2,2.36
36112,6,3,6.7,6.54
36113,2,4,0.8,3.31
36114,2,4,9.8,5.36
36115,0,4,9.1,7.42
36116,0,2,2.5,4.64
36117,2,1,7.9,5.35
36118,7,4,3.8,4.91
36119,2,2,3.9,6.22
36120,2,1,8.3,4.55
36121,1,1,7.3,5.13
36122,1,0,9.6,3.78
36123,3,0,4.7,4.53
36124,4,0,0.2,5.31
36125,5,3,0.9,5.01
36126,3,3,1.5,5.18
36127,0,3,9.3,6.11
36128,3,0,4.1,3.77
36129,6,1,8.1,6.89
36130,6,4,3.8,4.78
36131,2,1,6.4,6.46
36132,3,1,1.9,4.23
36133,5,0,3.4,4.26
36134,5,1,6.9,5.98
36135,5,2,8.7,2.29
36136,5,1,0.2,5.41
36137,1,2,1.8,3.0
36138,1,0,6.5,4.22
36139,7,3,4.2,6.13
36140,7,0,9.2,3.89
36141,4,2,1.5,6.09
36142,3,0,0.7,5.17
36143,7,3,6.7,5.79
36144,6,4,3.6,4.77
36145,1,4,5.6,5.21
36146,3,1,4.9,3.52
36147,2,3,0.1,4.35
36148,6,0,6.9,6.34
36149,3,2,1.4,3.18
36150,4,0,8.5,5.83
36151,1,2,8.8,3.8
36152,6,1,8.6,4.94
36153,0,3,9.0,5.53
36154,7,2,6.6,6.79
36155,4,0,0.3,4.87
36156,3,1,2.7,6.88
36157,0,1,5.5,4.04
36158,5,2,5.6,4.29
36159,1,2,3.7,6.75
36160,0,0,6.2,6.46
36161,0,4,1.3,5.28
36162,6,4,6.6,5.33
36163,1,0,9.3,4.5
36164,3,3,1.1,4.9
36165,3,3,2.3,5.52
36166,4,0,9.0,5.12
36167,1,4,6.0,4.68
36168,2,3,0.9,4.57
36169,6,2,0.4,6.48
36170,7,2,2.9,6.14
36171,6,1,8.3,7.17
36172,0,2,6.1,7.33
36173,0,2,3.7,3.97
36174,0,3,5.1,5.92
36175,7,4,7.1,5.88
36176,6,2,3.8,5.72
36177,5,0,4.4,4.7
36178,4,2,8.8,5.87
36179,6,3,7.8,3.66
36180,3,3,1.8,4.65
36181,6,0,7.0,4.52
36182,3,0,9.3,4.66
36183,3,3,7.1,3.99
36184,5,2,9.6,4.13
36185,4,3,4.8,4.11
36186,2,2,4.2,2.54
36187,4,2,1.3,5.19
36188,1,4,2.3,3.36
36189,7,3,6.2,4.81
36190,3,2,6.1,5.22
36191,2,2,3.4,5.03
36192,7,2,9.3,5.34
36193,0,3,3.7,4.02
36194,2,1,9.0,4.63
36195,1,1,9.1,5.35
36196,0,2,2.7,3.97
36197,3,0,3.2,5.0
36198,4,2,4.3,6.64
36199,0,3,4.8,3.72
36200,1,3,6.4,2.89
36201,0,0,7.5,6.96
36202,2,4,2.0,2.8
36203,2,3,4.2,4.62
36204,0,0,5.0,2.61
36205,3,0,1.8,3.94
36206,2,4,6.4,6.56
36207,4,0,0.8,5.61
36208,1,2,1.7,5.25
36209,0,2,9.3,4.55
36210,1,3,2.7,6.39
36211,6,2,9.4,4.52
36212,4,2,9.8,5.0
36213,1,2,8.3,4.71
36214,7,2,2.1,3.65
36215,1,1,1.5,6.6
36216,0,4,9.9,3.94
36217,0,3,6.4,4.83
36218,5,4,9.1,5.67
36219,7,4,3.9,5.97
36220,4,0,3.9,2.96
36221,3,4,3.4,4.9
36222,5,4,7.2,6.73
36223,1,1,8.0,4.04
36224,3,2,6.2,3.34
36225,4,0,1.3,5.85
36226,2,3,8.8,4.97
36227,2,3,7.3,3.54
36228,0,2,0.1,5.95
36229,0,3,6.9,5.34
36230,7,1,9.6,5.14
36231,3,1,3.0,6.07
36232,0,2,6.1,5.24
36233,6,4,5.6,4.77
36234,4,0,1.5,3.35
36235,6,4,3.8,5.15
36236,0,0,9.1,5.91
36237,2,0,6.1,5.07
36238,4,3,9.9,6.42
36239,4,3,7.9,5.93
36240,4,0,5.1,6.59
36241,7,4,5.6,7.27
36242,5,1,5.2,5.54
36243,3,4,3.3,4.59
36244,2,2,5.2,6.47
36245,3,0,7.2,5.98
36246,4,2,9.3,5.17
36247,1,0,8.8,5.66
36248,4,3,1.5,4.44
36249,4,0,5.6,3.89
36250,4,3,0.0,3.99
36251,2,0,5.7,4.18
36252,7,1,8.5,3.34
36253,7,0,8.0,3.06
36254,1,3,7.7,4.55
36255,4,1,5.2,6.06
36256,6,4,8.7,4.77
36257,4,3,5.8,4.35
36258,4,2,5.2,6.69
36259,5,0,2.7,5.6
36260,4,3,5.3,7.83
36261,7,2,3.8,5.74
36262,4,1,5.1,3.2
36263,2,3,1.5,2.93
36264,5,2,2.9,4.97
36265,5,2,8.3,4.21
36266,4,3,3.0,5.77
36267,0,2,2.6,4.18
36268,7,2,5.4,1.71
36269,5,1,2.9,5.81
36270,3,3,0.0,3.4
36271,6,0,0.3,3.6
36272,4,2,9.9,2.79
36273,1,4,6.5,6.33
36274,1,0,5.9,4.61
36275,6,1,1.6,6.28
36276,7,0,4.9,4.4
36277,2,2,7.1,4.84
36278,0,0,0.3,6.17
36279,7,1,1.9,3.98
36280,7,1,4.1,4.71
36281,4,4,3.7,4.97
36282,1,2,7.8,5.27
36283,1,4,8.7,4.99
36284,4,3,9.9,2.39
36285,7,4,6.3,5.99
36286,0,2,1.0,4.14
36287,2,1,6.5,3.49
36288,7,2,8.6,5.65
36289,4,1,3.6,4.07
36290,2,2,3.4,5.83
36291,6,2,3.0,3.97
36292,2,4,7.3,6.75
36293,1,1,2.3,5.8
36294,0,0,4.0,4.24
36295,5,1,5.5,5.73
36296,7,0,3.9,6.01
36297,0,1,0.5,5.43
36298,1,3,3.0,3.48
36299,3,0,4.5,6.09
36300,4,0,8.8,5.85
36301,1,4,6.2,5.69
36302,3,1,0.1,4.78
36303,3,1,9.9,4.91
36304,2,2,4.2,4.17
36305,6,3,7.7,6.44
36306,1,1,0.3,5.67
36307,3,4,7.4,3.87
36308,5,3,0.2,7.47
36309,5,3,6.2,4.51
36310,2,2,8.7,4.91
36311,3,1,4.5,5.58
36312,5,3,4.9,4.57
36313,7,4,5.7,7.77
36314,3,2,2.9,5.22
36315,2,3,3.4,5.05
36316,3,0,6.9,5.48
36317,0,1,4.5,5.0
36318,6,4,2.3,4.61
36319,5,1,9.8,7.67
36320,2,4,3.4,5.33
36321,3,0,9.7,4.15
36322,2,4,2.1,3.22
36323,6,3,7.3,3.34
36324,5,1,7.3,8.15
36325,1,0,7.5,5.1
36326,6,1,0.6,4.55
36327,0,0,9.3,3.76
36328,4,2,4.7,4.19
36329,3,1,9.5,3.78
36330,1,4,5.0,5.24
36331,0,3,4.0,3.9
36332,0,3,9.0,6.09
36333,6,3,0.5,8.14
36334,5,3,0.7,5.54
36335,0,0,6.6,4.09
36336,5,1,4.2,5.51
36337,1,3,9.0,3.69
36338,1,1,4.1,4.51
36339,0,3,5.4,6.21
36340,6,2,6.0,4.19
36341,5,1,1.5,4.81
36342,7,2,9.7,5.4
36343,5,3,9.4,6.03
36344,6,0,4.3,4.5
36345,3,4,0.5,4.08
36346,2,3,1.6,5.99
36347,2,1,5.2,4.42
36348,2,0,3.9,3.19
36349,0,2,3.8,6.09
36350,3,4,1.3,2.42
36351,4,2,6.4,6.32
36352,4,0,0.8,7.55
36353,6,0,0.1,5.05
36354,7,2,1.0,7.07
36355,0,4,7.9,4.8
36356,1,2,3.3,3.28
36357,6,4,8.1,5.83
36358,0,4,0.1,5.79
36359,7,2,1.0,3.23
36360,7,3,5.6,4.3
36361,5,2,7.8,4.28
36362,0,0,2.3,3.85
36363,4,3,6.4,2.88
36364,2,1,9.5,4.91
36365,6,2,4.6,8.01
36366,0,1,3.0,5.19
36367,0,0,9.8,6.01
36368,0,0,4.1,4.85
36369,1,1,0.5,6.37
36370,3,4,1.9,5.98
36371,7,2,7.5,5.39
36372,3,3,8.9,4.05
36373,3,1,1.6,5.09
36374,0,2,1.6,2.94
36375,5,4,9.5,3.6
36376,6,4,8.8,4.22
36377,5,1,6.0,3.64
36378,3,4,4.0,5.88
36379,7,0,2.3,4.08
36380,1,1,6.5,4.39
36381,7,1,8.6,5.86
36382,4,1,2.6,4.79
36383,7,4,4.2,2.74
36384,1,2,6.1,6.52
36385,1,1,6.2,3.86
36386,1,4,8.1,4.14
36387,0,1,3.5,4.41
36388,2,2,7.4,3.69
36389,2,2,4.9,3.67
36390,3,1,6.5,3.34
36391,0,2,9.2,5.97
36392,7,0,6.6,8.04
36393,6,0,0.9,4.6
36394,2,3,8.3,6.18
36395,5,4,9.3,5.68
36396,4,0,4.8,6.83
36397,0,2,6.6,2.88
36398,2,4,6.8,6.26
36399,1,2,9.4,5.28
36400,3,0,5.7,5.79
36401,7,0,5.9,4.17
36402,5,4,6.4,4.18
36403,0,4,0.8,5.06
36404,0,4,1.8,2.8
36405,0,1,5.7,4.47
36406,6,0,3.2,5.49
36407,2,4,9.6,3.83
36408,2,1,3.1,4.72
36409,5,2,5.6,4.59
36410,6,0,9.1,5.27
36411,7,3,7.0,4.2
36412,0,0,3.3,7.16
36413,0,4,7.8,4.92
36414,4,1,7.9,5.4
36415,4,0,5.3,5.48
36416,4,1,6.5,6.76
36417,4,4,6.0,4.81
36418,1,4,5.2,5.57
36419,5,2,2.2,6.08
36420,7,1,9.1,4.71
36421,7,1,4.6,2.32
36422,1,0,1.4,5.23
36423,0,2,0.3,5.2
36424,3,4,0.3,5.44
36425,4,3,1.3,6.67
36426,0,0,9.7,6.86
36427,5,0,8.4,5.34
36428,4,0,10.0,3.41
36429,7,4,10.0,5.25
36430,2,1,6.0,5.92
36431,3,2,1.8,6.37
36432,7,2,7.1,4.51
36433,3,0,4.7,5.73
36434,2,4,9.4,5.46
36435,0,3,6.3,1.95
36436,7,3,9.4,5.91
36437,1,0,9.0,5.23
36438,7,2,5.6,5.78
36439,1,4,6.0,3.59
36440,6,4,7.8,5.18
36441,1,0,4.1,3.24
36442,4,2,4.2,6.0
36443,6,3,3.4,5.06
36444,5,1,2.3,4.52
36445,6,1,9.5,7.04
36446,2,1,2.6,3.59
36447,1,2,1.7,6.05
36448,2,2,7.4,6.83
36449,0,3,3.2,4.63
36450,3,3,0.3,3.95
36451,4,4,0.8,5.26
36452,5,2,2.6,6.69
36453,4,4,8.7,6.53
36454,5,2,1.0,5.95
36455,3,1,1.0,6.7
36456,7,3,9.7,6.3
36457,7,2,9.4,5.04
36458,2,2,7.5,4.31
36459,6,3,7.2,3.39
36460,0,4,8.0,6.03
36461,5,4,0.8,3.83
36462,0,4,0.3,5.34
36463,0,2,5.7,7.19
36464,3,3,3.7,5.45
36465,7,4,0.2,5.64
36466,4,1,1.1,4.9
36467,0,4,9.4,6.21
36468,0,1,1.7,5.31
36469,4,3,9.5,7.48
36470,7,2,4.9,4.15
36471,5,1,9.8,6.77
36472,7,4,3.0,6.3
36473,2,4,4.8,6.74
36474,7,4,5.9,5.36
36475,0,2,3.2,5.75
36476,4,3,5.3,3.37
36477,5,2,8.2,7.06
36478,4,3,1.7,6.0
36479,0,0,1.7,2.79
36480,0,1,7.5,6.3
36481,3,0,4.4,5.37
36482,1,1,8.1,4.23
36483,3,3,4.1,5.33
36484,3,0,1.6,5.02
36485,3,0,2.1,5.52
36486,7,0,2.1,5.81
36487,7,0,7.3,3.04
36488,3,4,7.9,4.2
36489,3,3,1.5,5.61
36490,5,2,7.6,5.32
36491,5,4,7.4,6.68
36492,1,3,9.0,5.65
36493,6,0,3.8,5.19
36494,1,2,7.2,5.94
36495,0,0,6.9,5.37
36496,7,2,5.1,6.95
36497,2,4,7.5,3.77
36498,5,2,5.8,5.84
36499,7,2,6.0,5.95
36500,6,1,3.3,4.08
36501,6,1,6.7,2.94
36502,6,2,3.3,4.98
36503,4,3,1.9,4.65
36504,1,3,6.9,6.47
36505,1,1,7.2,7.03
36506,2,1,3.2,3.4
36507,6,0,3.8,3.88
36508,0,4,7.2,4.14
36509,2,0,2.0,4.76
36510,5,3,4.8,5.95
36511,0,4,4.5,5.67
36512,4,1,6.1,4.95
36513,1,0,9.3,4.23
36514,5,1,3.9,5.95
36515,0,1,2.7,6.21
36516,3,4,9.3,5.81
36517,7,0,8.5,4.4
36518,7,4,2.4,4.83
36519,2,1,3.8,5.67
36520,5,0,2.4,4.27
36521,6,3,1.0,6.51
36522,1,2,7.7,4.85
36523,5,1,1.4,4.44
36524,2,4,2.4,3.75
36525,3,3,2.7,3.74
36526,3,0,7.9,5.76
36527,4,1,3.8,4.68
36528,3,0,5.8,2.79
36529,3,4,1.5,7.48
36530,3,4,8.1,3.96
36531,5,3,7.9,4.37
36532,2,4,7.6,3.49
36533,7,1,1.4,6.27
36534,0,4,7.7,4.32
36535,5,3,5.8,3.22
36536,0,4,10.0,4.74
36537,7,4,6.1,7.11
36538,1,4,7.4,5.74
36539,4,1,5.7,4.74
36540,2,0,2.3,3.39
36541,7,2,4.9,5.62
36542,4,4,7.5,4.29
36543,7,3,2.9,5.23
36544,0,2,2.0,4.71
36545,4,3,6.9,4.59
36546,1,2,6.3,6.24
36547,1,2,8.6,3.68
36548,4,4,0.2,5.8
36549,5,4,0.2,5.82
36550,4,1,4.5,3.93
36551,5,0,6.1,4.94
36552,7,1,1.2,6.67
36553,6,2,5.3,6.2
36554,1,0,9.6,5.36
36555,5,2,1.0,6.16
36556,3,2,7.3,3.57
36557,1,1,0.0,5.32
36558,4,4,3.8,5.43
36559,4,0,1.8,6.63
36560,7,4,7.5,3.99
36561,1,1,3.5,4.8
36562,4,3,3.1,5.47
36563,6,4,0.2,3.95
36564,1,4,5.1,1.9
36565,3,2,2.8,6.18
36566,7,4,7.4,4.2
36567,0,3,4.6,4.1
36568,7,3,9.6,6.86
36569,1,3,2.7,3.3
36570,6,4,9.8,6.33
36571,7,1,9.7,7.23
36572,2,3,9.2,4.19
36573,4,2,8.8,6.29
36574,1,3,6.7,3.48
36575,3,4,3.2,6.43
36576,3,1,5.2,5.59
36577,1,4,1.0,4.84
36578,0,0,4.9,5.18
36579,2,3,5.4,4.66
36580,5,2,3.0,3.8
36581,6,2,0.0,6.61
36582,2,1,5.1,3.16
36583,4,1,8.3,6.0
36584,1,4,6.2,5.67
36585,0,0,8.0,3.89
36586,2,3,8.1,3.2
36587,5,1,8.3,6.1
36588,1,4,4.9,5.34
36589,3,3,5.4,4.86
36590,1,3,6.9,3.04
36591,4,0,6.4,5.66
36592,3,3,4.6,5.43
36593,5,4,5.6,6.27
36594,1,4,5.3,4.39
36595,0,1,3.7,5.39
36596,1,2,4.2,4.5
36597,5,0,9.3,4.18
36598,4,4,4.3,6.35
36599,3,3,0.3,5.14
36600,0,0,1.4,4.07
36601,0,1,9.4,3.95
36602,2,0,5.6,5.96
36603,1,4,5.8,5.61
36604,2,1,4.5,5.95
36605,1,4,9.6,4.41
36606,5,2,9.4,3.26
36607,7,4,5.0,5.0
36608,3,2,0.9,7.59
36609,3,2,9.3,4.76
36610,4,4,9.5,2.72
36611,2,0,2.8,3.17
36612,7,3,4.9,4.93
36613,2,0,8.7,6.7
36614,6,3,3.0,5.25
36615,1,2,9.1,4.14
36616,7,3,8.5,3.93
36617,0,0,2.8,7.06
36618,2,3,5.7,5.44
36619,6,4,0.8,5.07
36620,5,1,6.5,3.8
36621,6,1,1.0,5.89
36622,0,4,0.2,4.3
36623,7,3,8.3,2.68
36624,0,1,4.7,4.12
36625,3,4,2.5,3.75
36626,6,3,6.7,3.83
36627,3,4,4.0,5.74
36628,7,4,1.9,4.87
36629,5,2,6.2,5.02
36630,3,0,1.4,7.25
36631,6,1,5.6,5.13
36632,4,1,2.5,4.14
36633,6,2,4.0,5.34
36634,2,2,9.8,6.1
36635,4,4,5.8,3.9
36636,3,3,7.5,4.19
36637,3,3,0.1,5.11
36638,4,0,0.5,5.17
36639,2,2,1.1,4.57
36640,3,2,0.3,2.47
36641,5,1,6.4,4.55
36642,1,0,1.4,5.46
36643,5,4,1.7,4.54
36644,3,3,8.2,5.1
36645,6,0,8.4,4.8
36646,1,1,1.9,6.77
36647,4,3,8.7,6.72
36648,4,2,1.7,4.29
36649,1,1,8.7,5.4
36650,0,1,9.6,6.64
36651,4,1,9.8,5.17
36652,2,1,1.4,6.75
36653,6,2,5.0,6.22
36654,3,2,0.9,4.19
36655,7,4,4.2,5.9
36656,2,0,8.9,4.24
36657,2,0,9.0,5.09
36658,5,4,5.8,4.08
36659,1,1,3.2,7.72
36660,0,3,6.1,4.79
36661,7,3,5.8,3.19
36662,6,2,2.5,3.93
36663,2,3,4.1,4.44
36664,6,0,0.5,3.8
36665,7,4,9.4,6.27
36666,5,3,3.9,4.72
36667,4,3,3.8,6.11
36668,5,2,1.6,4.41
36669,3,0,7.7,3.19
36670,3,1,7.7,4.94
36671,2,2,5.4,4.01
36672,0,0,5.7,4.37
36673,4,3,8.6,5.14
36674,2,3,3.3,4.71
36675,2,0,6.3,4.25
36676,6,4,9.6,6.46
36677,0,3,7.6,4.82
36678,0,4,0.5,4.09
36679,3,0,8.4,2.3
36680,2,0,9.8,5.07
36681,4,1,3.7,5.87
36682,6,1,5.7,6.67
36683,1,3,7.7,6.2
36684,7,0,7.5,2.45
36685,3,3,9.2,6.56
36686,1,2,4.0,3.24
36687,4,2,3.8,6.02
36688,5,1,2.8,5.3
36689,0,2,9.5,4.39
36690,5,3,6.4,5.02
36691,0,0,6.0,1.61
36692,4,3,6.9,5.14
36693,6,4,2.0,5.21
36694,3,0,6.8,3.63
36695,0,2,4.3,4.35
36696,2,2,2.2,4.07
36697,5,1,1.4,4.72
36698,4,1,2.1,4.49
36699,0,0,0.6,5.32
36700,7,4,1.2,5.7
36701,1,1,3.0,3.44
36702,1,4,3.3,3.28
36703,2,4,5.0,4.6
36704,1,3,4.5,5.63
36705,3,2,5.7,5.11
36706,4,3,7.5,5.52
36707,2,2,6.5,5.17
36708,4,2,0.5,1.83
36709,4,1,1.5,4.97
36710,6,3,8.4,3.92
36711,1,0,0.3,3.18
36712,1,1,8.8,5.68
36713,6,1,2.4,4.59
36714,3,3,6.4,4.47
36715,0,1,8.4,5.26
36716,3,2,2.3,3.87
36717,6,4,4.7,5.13
36718,1,0,6.7,5.9
36719,2,3,10.0,4.95
36720,3,1,2.0,2.85
36721,1,1,4.7,5.59
36722,2,4,1.3,3.99
36723,0,0,6.7,3.21
36724,5,1,7.8,4.95
36725,3,3,1.6,2.12
36726,5,3,1.3,7.5
36727,3,4,3.4,6.32
36728,4,0,0.3,6.91
36729,4,1,1.2,6.94
36730,3,1,9.5,4.48
36731,6,0,9.7,3.64
36732,5,1,9.5,3.57
36733,7,4,9.2,3.89
36734,3,0,2.4,4.89
36735,4,2,4.2,6.9
36736,4,2,1.6,5.73
36737,3,2,3.4,3.11
36738,7,1,1.0,6.08
36739,2,3,1.6,6.89
36740,2,2,2.9,4.58
36741,7,4,3.2,4.02
36742,0,1,7.6,4.24
36743,0,0,2.7,4.82
36744,5,4,7.1,4.58
36745,3,2,2.5,4.58
36746,0,2,6.7,3.05
36747,0,3,0.6,2.71
36748,5,1,7.1,5.71
36749,4,2,3.3,4.49
36750,6,3,7.5,5.37
36751,3,4,5.4,4.47
36752,1,4,1.2,6.02
36753,6,1,9.5,6.38
36754,2,2,3.9,3.35
36755,3,4,7.7,4.26
36756,1,4,1.0,3.89
36757,3,0,5.9,4.38
36758,4,3,6.5,4.53
36759,0,0,4.8,4.23
36760,6,2,4.8,4.43
36761,3,2,2.3,4.19
36762,3,2,0.8,6.54
36763,7,1,8.0,4.49
36764,0,4,9.2,5.83
36765,4,3,9.7,5.51
36766,0,2,2.5,2.49
36767,0,1,5.0,4.67
36768,4,0,7.1,5.74
36769,7,2,1.7,4.69
36770,7,3,8.1,2.01
36771,6,4,1.2,4.7
36772,6,0,1.4,4.82
36773,1,4,9.9,6.35
36774,3,2,5.5,3.16
36775,1,2,4.6,5.15
36776,6,2,0.9,6.35
36777,6,4,6.1,3.22
36778,1,0,3.4,7.04
36779,4,3,9.3,4.6
36780,7,3,0.8,4.79
36781,7,1,5.9,5.19
36782,2,1,8.1,6.53
36783,7,1,8.5,3.67
36784,2,0,8.6,4.65
36785,3,3,8.8,5.79
36786,4,0,7.4,6.4
36787,1,4,5.0,7.33
36788,6,3,6.5,4.31
36789,1,0,2.7,4.06
36790,4,2,1.4,5.67
36791,4,4,0.6,4.32
36792,5,2,3.1,5.86
36793,3,1,3.4,4.69
36794,6,3,1.3,6.35
36795,1,0,0.4,3.6
36796,6,1,0.7,3.26
36797,3,2,4.5,7.32
36798,1,3,0.7,5.29
36799,1,3,2.9,5.84
36800,4,3,5.2,5.04
36801,5,0,6.1,4.72
36802,5,4,4.4,3.36
36803,6,4,9.7,4.43
36804,7,1,8.5,3.53
36805,2,1,6.0,4.97
36806,5,4,1.9,6.62
36807,5,0,6.2,3.67
36808,1,3,0.4,6.98
36809,4,2,0.5,8.27
36810,1,0,5.9,2.94
36811,7,1,7.8,3.28
36812,2,4,8.2,6.07
36813,6,0,1.4,5.49
36814,5,4,3.1,5.44
36815,4,3,2.7,6.12
36816,7,1,2.0,6.58
36817,4,4,8.5,5.09
36818,5,2,6.1,5.23
36819,1,4,4.3,5.19
36820,6,3,4.2,3.54
36821,6,2,6.3,5.15
36822,7,0,1.4,5.52
36823,4,1,1.5,4.02
36824,4,0,8.5,6.22
36825,2,3,6.4,4.74
36826,5,2,2.6,5.16
36827,3,4,3.5,4.57
36828,1,4,7.3,5.65
36829,7,3,6.5,3.73
36830,6,2,4.0,4.99
36831,6,2,9.3,5.88
36832,0,2,8.6,6.16
36833,7,1,1.8,6.5
36834,1,3,8.2,5.54
36835,2,2,2.2,3.94
36836,7,3,6.9,6.03
36837,1,3,0.4,4.2
36838,6,4,6.3,3.16
36839,7,0,8.9,5.52
36840,1,0,7.5,5.12
36841,0,1,2.8,5.1
36842,4,0,6.0,5.13
36843,6,4,4.0,6.21
36844,2,3,7.9,5.6
36845,2,1,8.4,3.0
36846,2,2,4.6,6.21
36847,4,4,5.7,2.29
36848,1,2,7.3,3.83
36849,1,2,9.2,4.99
36850,1,4,2.7,4.19
36851,4,4,0.6,6.26
36852,2,0,0.0,3.08
36853,6,0,0.3,5.62
36854,1,3,4.1,6.93
36855,6,3,0.5,3.47
36856,2,1,8.9,7.67
36857,2,4,8.7,4.58
36858,2,1,6.7,4.24
36859,6,2,4.5,5.48
36860,1,2,8.3,3.76
36861,2,2,0.7,6.78
36862,0,3,9.7,7.81
36863,4,0,1.8,6.43
36864,1,3,3.4,4.19
36865,2,4,3.3,2.91
36866,7,1,9.8,3.8
36867,7,4,4.4,4.09
36868,0,1,0.4,4.55
36869,0,4,1.6,6.32
36870,2,1,2.2,4.98
36871,6,4,3.8,6.14
36872,7,2,5.2,2.54
36873,0,0,6.3,5.92
36874,5,0,1.0,6.02
36875,7,1,8.1,6.0
36876,3,4,8.0,4.2
36877,2,0,9.8,5.83
36878,1,1,6.6,2.79
36879,0,1,3.0,6.22
36880,5,3,8.8,3.38
36881,7,0,6.5,3.97
36882,5,0,0.8,6.19
36883,2,3,9.9,6.28
36884,5,0,6.9,3.72
36885,4,2,5.2,6.17
36886,4,1,3.6,5.94
36887,0,3,1.8,6.11
36888,1,2,3.0,4.53
36889,7,3,2.6,6.04
36890,3,4,5.4,4.48
36891,4,4,3.1,6.12
36892,0,1,1.9,6.47
36893,5,3,7.5,4.92
36894,3,1,2.9,4.91
36895,7,2,5.3,5.82
36896,4,4,8.7,6.07
36897,4,4,4.4,6.04
36898,1,3,8.6,4.82
36899,5,2,5.7,4.51
36900,2,2,5.5,5.84
36901,5,0,2.5,5.34
36902,1,3,3.2,7.56
36903,2,4,4.6,6.08
36904,6,1,6.2,4.18
36905,0,4,8.0,6.21
36906,1,0,3.5,5.04
36907,7,3,9.6,6.23
36908,1,1,3.8,6.53
36909,5,0,1.0,3.73
36910,7,0,4.0,5.45
36911,6,0,7.8,3.43
36912,6,3,5.4,4.53
36913,1,4,5.6,6.12
36914,7,3,9.1,4.26
36915,2,3,9.1,6.57
36916,6,0,6.8,2.9
36917,3,1,9.4,6.89
36918,2,4,9.3,5.04
36919,2,2,7.9,5.09
36920,5,2,8.6,4.31
36921,1,2,9.9,4.45
36922,0,0,8.9,5.49
36923,0,3,6.0,4.9
36924,6,3,5.2,4.74
36925,1,1,3.5,4.76
36926,4,2,4.2,4.52
36927,6,3,9.2,4.54
36928,5,4,3.7,6.16
36929,0,2,0.0,5.31
36930,3,0,0.6,4.85
36931,1,0,6.7,4.99
36932,4,2,4.9,4.56
36933,6,2,8.4,5.21
36934,7,3,3.5,4.42
36935,5,0,7.0,5.48
36936,2,0,9.4,5.03
36937,7,3,4.1,6.43
36938,1,1,8.4,6.14
36939,0,2,0.3,5.5
36940,3,3,7.2,3.4
36941,6,1,9.9,6.03
36942,7,2,4.5,4.96
36943,0,1,6.3,8.2
36944,0,4,9.4,6.12
36945,6,4,4.9,4.42
36946,2,3,9.8,7.25
36947,6,1,5.9,5.16
36948,3,3,3.7,4.04
36949,2,2,6.7,5.21
36950,5,3,7.2,6.57
36951,6,0,7.0,5.46
36952,4,2,1.1,4.26
36953,3,2,1.1,5.11
36954,6,1,9.5,4.96
36955,2,2,7.8,3.18
36956,3,0,3.5,3.4
36957,6,2,8.2,5.35
36958,4,0,8.6,5.69
36959,7,3,1.8,3.75
36960,1,3,7.6,2.69
36961,4,2,2.9,5.02
36962,4,2,2.0,3.9
36963,7,1,6.0,5.18
36964,2,3,9.3,4.76
36965,6,1,5.5,5.95
36966,0,4,1.6,4.54
36967,6,0,3.2,6.95
36968,2,1,6.4,3.61
36969,3,1,8.8,5.14
36970,1,2,2.4,5.77
36971,1,4,9.5,1.77
36972,5,2,9.9,6.54
36973,2,4,6.8,5.55
36974,4,3,8.5,6.12
36975,6,1,4.1,4.67
36976,4,2,1.2,6.73
36977,3,2,4.3,6.86
36978,3,1,2.0,4.49
36979,1,2,9.5,5.19
36980,1,4,8.4,6.1
36981,7,1,0.6,5.92
36982,6,1,8.6,4.84
36983,6,4,5.7,4.98
36984,7,2,5.9,4.37
36985,3,2,3.3,4.34
36986,4,3,1.4,4.6
36987,7,3,2.2,2.85
36988,4,0,1.9,5.51
36989,0,3,5.6,4.8
36990,5,0,7.9,4.43
36991,5,1,8.5,5.38
36992,7,0,2.8,3.54
36993,2,0,8.4,3.45
36994,0,0,9.7,3.54
36995,4,0,4.5,3.05
36996,5,4,7.7,5.71
36997,6,0,4.9,2.78
36998,6,3,2.7,8.13
36999,6,2,1.9,5.04
37000,7,1,0.4,2.76
37001,4,2,8.6,4.46
37002,0,3,9.3,3.95
37003,7,2,8.5,3.6
37004,4,0,5.3,6.91
37005,4,3,4.3,6.02
37006,7,0,3.8,5.23
37007,7,2,5.2,5.89
37008,4,4,8.1,4.98
37009,3,4,7.6,5.53
37010,1,3,9.7,4.05
37011,2,2,9.0,5.45
37012,4,1,2.3,4.48
37013,1,4,6.9,6.12
37014,4,2,8.3,3.3
37015,5,0,5.9,5.26
37016,4,1,9.8,5.35
37017,1,2,0.5,5.34
37018,6,4,5.3,5.3
37019,7,4,0.1,3.58
37020,4,1,8.9,4.94
37021,0,0,4.0,6.5
37022,0,4,0.8,4.81
37023,1,4,8.1,4.56
37024,7,3,0.9,2.82
37025,5,0,0.3,6.74
37026,3,2,9.4,4.84
37027,1,0,3.0,3.63
37028,3,3,6.8,5.45
37029,3,3,4.0,3.97
37030,2,0,7.0,4.31
37031,4,4,8.8,4.4
37032,2,2,6.1,5.61
37033,1,4,3.5,6.96
37034,3,1,7.2,5.12
37035,4,2,8.6,3.25
37036,1,3,3.3,6.97
37037,6,0,5.1,3.34
37038,4,4,9.2,4.22
37039,2,2,1.4,5.47
37040,5,1,7.3,5.39
37041,4,0,7.1,6.71
37042,7,4,3.8,6.87
37043,6,2,2.1,4.12
37044,1,2,1.9,6.47
37045,6,0,9.6,7.82
37046,7,1,6.3,6.38
37047,7,4,2.8,5.56
37048,3,3,0.9,4.4
37049,2,1,6.7,2.31
37050,4,1,5.0,5.31
37051,7,1,7.3,4.37
37052,3,4,5.7,5.18
37053,5,4,3.5,3.97
37054,7,1,8.3,6.17
37055,3,3,2.8,6.84
37056,7,2,7.8,5.04
37057,0,3,2.6,4.45
37058,5,3,8.8,5.45
37059,5,3,5.3,3.51
37060,3,2,3.9,5.1
37061,6,3,9.4,5.43
37062,2,2,7.1,3.82
37063,4,2,8.7,6.17
37064,5,0,9.3,5.26
37065,5,4,5.2,6.72
37066,0,4,0.4,5.54
37067,2,2,3.7,7.1
37068,5,4,4.7,3.46
37069,2,1,8.1,4.67
37070,2,0,1.0,6.08
37071,3,4,2.5,3.29
37072,7,3,9.2,3.87
37073,5,3,2.7,4.7
37074,6,3,5.5,2.63
37075,1,4,9.1,6.67
37076,1,3,8.0,2.1
37077,6,4,1.2,6.59
37078,0,3,2.9,6.51
37079,3,0,9.4,4.43
37080,3,1,3.0,5.37
37081,3,2,4.7,7.6
37082,0,3,5.2,3.66
37083,5,3,9.8,4.27
37084,4,3,8.3,6.61
37085,3,4,5.9,6.03
37086,0,0,10.0,6.55
37087,5,0,0.6,3.9
37088,5,3,8.8,3.21
37089,4,2,5.4,5.29
37090,3,0,0.7,4.44
37091,0,3,0.7,3.91
37092,3,2,5.6,3.24
37093,5,0,9.4,6.0
37094,4,3,2.4,6.01
37095,4,0,6.4,6.07
37096,4,0,5.0,6.45
37097,0,1,0.7,5.27
37098,2,1,4.1,7.33
37099,2,1,6.9,7.45
37100,1,4,3.7,4.11
37101,2,1,8.0,6.37
37102,2,2,7.9,3.14
37103,4,3,2.1,6.27
37104,6,4,0.6,4.64
37105,1,0,9.0,5.46
37106,4,2,1.1,5.19
37107,5,0,0.7,5.13
37108,6,2,7.3,4.55
37109,4,2,5.7,4.54
37110,6,3,7.2,5.09
37111,1,0,7.8,5.3
37112,1,2,8.2,5.45
37113,5,2,5.7,5.12
37114,4,0,8.7,5.33
37115,5,1,3.9,4.99
37116,5,2,3.2,5.63
37117,2,4,1.9,5.07
37118,7,2,0.5,3.67
37119,2,4,2.6,6.06
37120,1,3,1.4,4.93
37121,2,1,5.5,5.68
37122,0,1,0.9,5.0
37123,0,2,9.6,4.15
37124,5,1,6.0,4.27
37125,4,3,1.4,6.64
37126,1,2,4.7,3.44
37127,0,0,0.3,5.05
37128,5,0,2.0,5.32
37129,3,2,7.4,5.85
37130,6,4,3.1,5.44
37131,5,2,4.2,5.57
37132,6,4,2.5,3.15
37133,0,1,0.5,3.38
37134,0,4,1.5,4.22
37135,6,3,8.7,4.03
37136,7,4,0.1,3.78
37137,4,3,3.4,4.61
37138,2,0,7.5,4.04
37139,4,3,9.7,5.3
37140,0,3,9.2,6.16
37141,7,0,5.2,6.08
37142,1,2,0.7,4.46
37143,1,3,2.0,4.72
37144,5,2,9.6,5.53
37145,4,4,4.9,5.69
37146,1,0,7.5,2.58
37147,6,2,1.2,6.18
37148,7,0,6.5,5.71
37149,4,3,9.0,5.54
37150,3,0,5.5,6.08
37151,2,2,9.2,5.54
37152,2,2,9.3,4.95
37153,0,4,0.2,4.3
37154,6,1,4.8,3.77
37155,5,2,1.5,6.37
37156,7,0,2.2,6.01
37157,5,0,6.7,4.17
37158,4,0,9.0,6.28
37159,0,3,6.1,2.04
37160,4,2,9.0,4.62
37161,3,1,4.4,6.47
37162,4,2,2.6,6.83
37163,5,3,5.1,5.23
37164,3,2,0.9,4.54
37165,1,0,3.9,4.6
37166,6,1,4.5,4.99
37167,7,0,6.2,4.04
37168,2,3,5.6,5.01
37169,0,3,2.4,5.76
37170,5,1,3.9,5.65
37171,7,0,2.5,5.94
37172,4,2,0.0,5.98
37173,3,1,7.0,6.49
37174,6,4,2.3,5.05
37175,5,1,4.2,2.63
37176,1,3,5.1,4.63
37177,5,3,6.5,3.05
37178,0,4,5.5,5.88
37179,0,1,0.2,5.73
37180,7,1,7.9,3.04
37181,2,0,6.8,5.16
37182,1,0,1.0,6.92
37183,3,1,6.8,3.48
37184,3,0,3.8,2.13
37185,1,1,0.4,6.97
37186,4,1,0.5,4.26
37187,6,4,7.5,3.86
37188,2,4,5.4,4.61
37189,6,1,8.8,5.13
37190,1,3,7.3,3.12
37191,4,4,2.6,6.04
37192,1,2,2.7,5.68
37193,1,1,7.4,5.11
37194,6,1,4.7,3.62
37195,7,2,8.5,5.57
37196,4,4,7.2,4.91
37197,1,1,5.9,7.18
37198,5,1,6.3,4.76
37199,3,2,0.7,5.44
37200,1,0,3.3,3.33
37201,5,0,8.5,6.6
37202,4,1,2.4,4.58
37203,6,1,2.4,3.08
37204,0,0,5.6,4.21
37205,2,0,8.3,5.93
37206,1,3,10.0,5.35
37207,3,1,2.8,4.31
37208,2,3,9.8,7.01
37209,6,1,3.5,6.34
37210,7,4,3.6,4.61
37211,3,1,9.8,3.9
37212,6,4,4.3,6.63
37213,7,3,8.7,4.38
37214,2,0,5.8,5.74
37215,6,1,4.1,4.08
37216,3,4,6.4,5.08
37217,6,2,4.7,7.42
37218,2,2,6.0,4.18
37219,2,2,6.7,5.81
37220,5,3,4.7,5.69
37221,1,1,6.9,3.44
37222,2,1,9.6,5.18
37223,4,4,2.8,4.8
37224,5,1,0.4,4.43
37225,1,0,5.2,5.76
37226,2,0,3.3,5.04
37227,0,4,3.9,5.55
37228,2,2,1.8,5.09
37229,0,2,0.9,5.56
37230,3,3,1.8,6.64
37231,6,4,2.5,5.69
37232,4,1,2.0,6.19
37233,7,3,5.5,5.36
37234,3,0,2.6,1.95
37235,1,2,3.4,4.85
37236,5,2,0.2,6.92
37237,5,2,6.2,4.98
37238,6,2,0.8,4.77
37239,4,1,8.6,3.55
37240,2,4,5.2,3.23
37241,6,1,7.8,3.87
37242,2,1,7.9,5.55
37243,4,0,5.9,5.76
37244,0,0,7.1,4.31
37245,5,2,7.4,3.86
37246,2,0,2.7,4.72
37247,4,2,6.0,4.24
37248,2,0,2.0,5.26
37249,6,4,0.5,6.82
37250,2,4,8.7,4.33
37251,6,1,9.1,3.05
37252,3,1,2.1,5.32
37253,6,0,3.5,2.88
37254,0,1,9.9,6.65
37255,5,1,1.4,6.36
37256,0,0,9.2,6.36
37257,6,0,3.5,5.61
37258,7,0,9.3,4.65
37259,2,3,3.3,4.33
37260,4,1,3.5,8.23
37261,6,2,2.6,4.61
37262,1,3,2.1,8.02
37263,4,4,0.3,7.25
37264,1,4,10.0,6.33
37265,5,2,7.3,5.16
37266,1,2,4.3,4.74
37267,7,3,2.3,3.63
37268,4,0,9.4,4.95
37269,3,4,2.0,3.66
37270,2,3,3.2,4.24
37271,2,2,1.2,5.12
37272,7,3,0.1,6.27
37273,7,0,5.9,6.11
37274,2,2,7.3,3.97
37275,7,4,2.6,5.18
37276,0,3,9.6,3.07
37277,5,2,2.1,5.83
37278,7,4,3.7,5.06
37279,3,4,0.7,2.51
37280,0,1,9.1,6.07
37281,5,4,0.4,4.76
37282,4,1,7.3,6.61
37283,0,2,4.8,5.37
37284,4,2,3.5,7.35
37285,5,1,3.2,5.62
37286,5,2,7.8,5.76
37287,2,0,6.5,3.23
37288,2,0,6.5,5.8
37289,0,4,3.0,5.51
37290,5,1,1.7,4.26
37291,1,4,7.2,3.85
37292,1,2,5.8,4.1
37293,5,4,4.0,4.26
37294,5,1,1.3,5.27
37295,3,3,1.0,5.02
37296,5,3,1.0,4.47
37297,4,1,4.4,5.68
37298,7,3,2.0,6.25
37299,1,2,1.6,3.98
37300,5,1,9.6,6.64
37301,1,4,1.9,5.52
37302,3,4,0.9,3.05
37303,4,2,9.9,4.26
37304,5,3,1.3,4.56
37305,6,4,7.7,4.55
37306,1,1,5.7,2.36
37307,0,2,4.4,5.83
37308,2,3,6.5,5.76
37309,0,0,9.3,5.11
37310,7,3,7.1,6.06
37311,7,4,1.0,6.6
37312,0,2,8.6,5.27
37313,7,4,3.8,6.68
37314,1,3,6.8,5.68
37315,7,4,6.6,6.13
37316,5,1,6.8,4.73
37317,1,4,3.2,5.48
37318,0,4,5.3,4.26
37319,3,1,2.5,5.45
37320,3,2,2.6,5.93
37321,1,2,8.2,6.1
37322,3,3,2.7,3.62
37323,5,4,6.0,5.44
37324,7,3,1.1,6.69
37325,2,3,9.1,4.49
37326,3,2,1.6,4.07
37327,0,3,8.0,4.49
37328,4,2,2.1,6.01
37329,7,1,9.1,2.77
37330,0,3,5.5,6.08
37331,6,0,5.8,5.63
37332,4,2,1.0,6.76
37333,5,2,8.3,6.17
37334,1,3,3.0,5.35
37335,6,3,2.7,2.96
37336,0,0,1.6,4.3
37337,7,2,3.9,7.25
37338,7,4,4.7,5.02
37339,3,1,7.9,4.03
37340,5,3,4.1,4.02
37341,7,0,4.9,5.67
37342,0,1,2.8,5.79
37343,5,1,3.6,5.59
37344,7,1,1.3,5.08
37345,1,3,0.2,5.72
37346,5,3,0.7,6.15
37347,4,0,7.8,4.6
37348,0,0,8.5,3.85
37349,1,1,5.1,5.25
37350,7,3,7.9,3.4
37351,7,3,3.0,3.63
37352,3,3,0.6,3.56
37353,5,4,3.3,6.13
37354,0,0,2.7,4.91
37355,0,0,5.9,4.06
37356,7,2,1.1,5.46
37357,4,4,1.7,6.64
37358,2,3,2.7,5.41
37359,5,0,0.2,4.31
37360,7,0,4.8,5.27
37361,7,1,5.9,4.49
37362,3,0,4.3,3.83
37363,0,2,3.3,5.41
37364,2,0,4.7,4.24
37365,3,1,1.2,4.08
37366,0,1,3.7,4.82
37367,2,2,1.8,4.94
37368,3,4,2.0,8.1
37369,5,4,4.2,5.2
37370,0,2,0.6,4.52
37371,5,0,1.3,7.22
37372,6,4,0.8,5.09
37373,1,1,0.2,5.39
37374,7,0,9.5,3.57
37375,0,1,9.5,5.69
37376,2,2,8.3,6.46
37377,3,2,9.4,6.33
37378,1,2,0.5,4.56
37379,3,0,1.6,2.98
37380,5,3,6.7,4.32
37381,1,1,7.6,5.34
37382,2,2,4.7,4.48
37383,5,0,9.9,6.18
37384,7,2,4.2,4.35
37385,7,3,3.7,6.0
37386,2,3,4.7,6.99
37387,2,0,7.2,6.11
37388,4,1,3.1,6.06
37389,1,2,0.5,5.53
37390,7,1,4.6,6.23
37391,3,0,3.8,5.2
37392,1,1,2.0,4.31
37393,6,0,0.6,5.47
37394,5,1,6.7,5.58
37395,6,3,0.1,6.19
37396,2,1,1.3,4.39
37397,7,3,6.6,7.66
37398,5,4,2.0,5.22
37399,5,2,0.4,5.06
37400,0,0,8.5,6.47
37401,7,2,3.9,5.58
37402,5,3,1.2,3.33
37403,4,3,6.5,4.96
37404,1,0,8.7,3.7
37405,6,0,4.5,5.36
37406,4,0,9.1,3.82
37407,1,1,7.9,3.98
37408,6,4,9.2,4.48
37409,2,3,4.6,6.33
37410,0,1,4.3,5.87
37411,7,3,7.4,5.94
37412,1,4,9.5,6.08
37413,7,4,4.9,6.11
37414,1,3,8.8,3.58
37415,7,2,7.6,6.05
37416,3,2,1.4,4.89
37417,5,2,2.9,2.3
37418,3,3,5.2,6.63
37419,2,3,1.8,5.45
37420,0,3,2.6,4.32
37421,1,0,7.4,2.79
37422,2,2,8.4,6.26
37423,3,4,0.1,3.64
37424,4,4,5.5,2.73
37425,2,2,5.3,3.26
37426,4,1,1.1,4.53
37427,6,4,5.8,2.9
37428,2,2,2.2,4.29
37429,1,4,5.8,4.34
37430,4,1,8.6,4.6
37431,1,3,8.2,5.2
37432,2,3,4.5,3.65
37433,2,0,5.0,5.48
37434,6,3,2.8,7.23
37435,4,4,3.7,4.27
37436,4,3,4.2,4.0
37437,6,0,3.7,4.42
37438,3,0,8.4,4.28
37439,1,2,9.0,7.04
37440,1,3,4.7,5.1
37441,6,2,8.5,3.01
37442,3,3,1.3,5.07
37443,2,0,5.6,4.31
37444,7,3,3.4,5.88
37445,7,3,3.3,5.55
37446,0,2,9.7,7.85
37447,3,3,2.5,4.82
37448,1,1,3.2,4.33
37449,7,1,7.9,6.32
37450,7,3,3.6,3.94
37451,0,4,8.4,6.23
37452,7,2,1.6,5.86
37453,7,4,3.7,3.7
37454,7,2,1.6,5.6
37455,4,3,1.2,2.46
37456,7,2,3.7,3.38
37457,2,4,2.1,4.47
37458,7,3,4.6,7.31
37459,2,0,9.0,4.76
37460,2,1,5.9,2.4
37461,4,1,8.9,6.34
37462,0,3,5.9,2.76
37463,1,0,8.2,4.99
37464,2,1,4.0,2.75
37465,6,3,8.9,6.65
37466,5,0,7.6,5.42
37467,7,0,3.1,3.0
37468,1,3,4.6,6.17
37469,0,0,0.8,4.71
37470,7,2,5.1,5.02
37471,0,3,7.3,2.75
37472,3,1,3.3,4.32
37473,6,0,3.2,6.53
37474,4,0,2.9,5.59
37475,5,1,2.7,5.45
37476,3,4,4.8,4.17
37477,4,2,5.1,5.54
37478,7,1,2.7,5.3
37479,4,3,6.6,4.86
37480,1,0,0.9,6.32
37481,1,4,0.8,5.06
37482,3,3,7.9,5.33
37483,2,4,0.9,4.48
37484,2,0,3.2,6.07
37485,5,4,7.5,4.82
37486,0,2,4.5,6.42
37487,4,2,0.5,6.07
37488,5,1,9.2,3.43
37489,1,2,3.0,5.89
37490,5,4,1.8,4.15
37491,3,3,5.8,5.79
37492,0,1,3.5,5.35
37493,2,1,4.6,5.01
37494,4,0,3.6,2.17
37495,1,4,9.4,2.21
37496,3,1,6.0,3.85
37497,7,4,5.3,4.37
37498,5,0,1.7,4.4
37499,4,3,3.8,4.94
37500,5,2,0.8,2.7
37501,1,0,8.7,3.35
37502,5,3,9.2,4.53
37503,7,0,6.0,5.1
37504,2,3,10.0,5.71
37505,4,0,6.6,4.51
37506,5,3,8.0,2.54
37507,3,1,3.9,4.57
37508,6,3,3.6,3.8
37509,0,4,5.7,5.12
37510,5,1,2.3,5.5
37511,4,4,2.6,4.5
37512,0,2,4.0,5.65
37513,6,3,4.4,4.53
37514,5,3,9.3,3.91
37515,5,4,6.4,5.09
37516,7,0,9.7,5.44
37517,1,1,7.9,4.66
37518,2,0,7.8,4.52
37519,6,2,9.0,5.19
37520,6,4,1.9,4.33
37521,7,0,1.0,2.95
37522,2,0,3.1,4.17
37523,5,2,4.0,4.03
37524,6,1,8.7,2.28
37525,6,3,0.7,5.69
37526,7,3,5.0,5.76
37527,0,3,9.2,3.97
37528,2,0,5.6,5.03
37529,7,3,5.6,6.39
37530,2,3,5.3,5.11
37531,2,2,8.8,6.08
37532,6,3,3.9,5.56
37533,7,4,1.8,5.35
37534,4,1,4.6,6.49
37535,7,2,2.6,5.85
37536,1,1,0.0,3.97
37537,5,0,5.8,4.84
37538,6,4,8.9,4.57
37539,0,1,6.8,7.7
37540,3,2,6.8,7.31
37541,5,4,1.3,4.49
37542,5,4,2.1,3.81
37543,5,2,7.0,3.5
37544,4,2,8.8,4.37
37545,4,2,0.6,4.01
37546,5,3,7.4,4.67
37547,5,1,3.4,3.72
37548,2,3,4.8,3.58
37549,4,2,7.1,4.41
37550,7,3,2.2,5.08
37551,6,2,8.7,4.71
37552,2,0,2.8,4.93
37553,2,2,6.8,4.94
37554,1,4,6.6,2.75
37555,7,4,2.0,6.84
37556,2,0,5.2,3.82
37557,6,3,1.2,4.5
37558,3,3,8.5,3.49
37559,2,2,1.2,4.3
37560,2,2,1.3,6.76
37561,7,1,2.6,4.89
37562,7,1,1.3,5.23
37563,1,2,2.7,4.22
37564,7,1,7.1,3.35
37565,3,1,0.7,3.32
37566,0,3,4.8,1.8
37567,2,3,0.6,5.64
37568,4,0,8.4,4.16
37569,5,0,4.7,4.17
37570,6,4,0.4,6.2
37571,3,3,2.6,2.82
37572,2,3,9.3,5.43
37573,1,3,9.8,6.75
37574,4,0,4.1,5.56
37575,6,2,10.0,4.38
37576,0,1,1.0,3.27
37577,1,2,2.7,2.67
37578,4,3,0.8,3.86
37579,7,0,7.6,6.65
37580,2,3,6.4,4.38
37581,0,4,5.4,5.36
37582,1,3,3.8,4.76
37583,5,1,7.4,6.84
37584,1,3,4.8,4.81
37585,1,1,9.8,4.64
37586,0,4,4.7,5.45
37587,1,0,0.8,6.87
37588,3,3,7.5,4.36
37589,6,0,4.5,7.47
37590,3,3,4.1,5.17
37591,4,3,0.1,5.56
37592,6,4,9.3,5.41
37593,4,4,6.1,3.77
37594,2,2,4.2,3.32
37595,2,0,4.9,6.32
37596,3,3,6.9,5.82
37597,1,4,1.9,4.59
37598,6,3,3.0,5.68
37599,3,1,7.0,3.53
37600,6,2,8.7,4.48
37601,5,3,7.8,2.05
37602,7,2,8.9,5.87
37603,5,3,7.0,7.11
37604,2,1,9.5,3.75
37605,3,1,2.1,3.81
37606,2,0,9.8,3.76
37607,5,2,9.4,6.27
37608,1,1,5.9,5.96
37609,6,0,6.4,4.91
37610,3,1,1.4,2.63
37611,3,0,2.8,3.53
37612,4,0,2.4,7.25
37613,5,4,3.5,6.25
37614,6,0,2.4,3.14
37615,4,2,1.9,5.39
37616,1,2,2.5,5.39
37617,6,2,2.8,5.55
37618,7,2,9.7,5.18
37619,1,3,3.5,4.62
37620,6,4,4.9,4.2
37621,3,2,3.0,5.53
37622,2,4,3.1,4.81
37623,7,0,2.4,5.4
37624,3,0,4.9,4.29
37625,3,3,2.9,4.45
37626,2,4,4.4,4.5
37627,3,1,2.6,7.26
37628,2,1,7.6,2.39
37629,7,0,6.1,5.79
37630,0,2,6.3,5.59
37631,3,2,5.6,4.73
37632,5,2,2.5,4.36
37633,7,1,0.2,4.73
37634,1,4,9.8,4.71
37635,3,1,8.9,3.53
37636,3,4,5.0,6.42
37637,2,0,7.9,6.15
37638,1,3,7.2,3.41
37639,0,0,5.7,4.25
37640,6,4,6.0,4.76
37641,7,1,7.8,5.52
37642,2,4,6.4,3.53
37643,4,3,7.2,3.05
37644,0,4,1.9,4.71
37645,1,1,5.6,5.47
37646,0,0,8.0,3.38
37647,1,2,6.3,4.28
37648,6,3,7.1,4.45
37649,2,3,5.1,4.93
37650,1,1,2.7,3.79
37651,7,2,1.0,5.96
37652,2,1,7.8,4.64
37653,6,1,5.5,4.85
37654,2,3,5.4,7.29
37655,7,2,5.9,6.65
37656,6,1,0.8,5.42
37657,3,3,2.8,4.79
37658,0,0,7.3,3.66
37659,1,0,8.3,2.57
37660,2,1,2.0,4.47
37661,3,0,9.3,6.28
37662,2,4,1.0,5.77
37663,3,3,2.6,4.4
37664,7,0,7.5,3.75
37665,1,4,8.1,3.91
37666,2,4,8.8,5.45
37667,6,0,6.2,5.32
37668,5,0,1.8,5.27
37669,6,0,4.5,6.58
37670,7,2,7.6,3.23
37671,2,0,6.4,4.71
37672,4,4,0.6,7.04
37673,5,4,6.2,4.9
37674,0,0,6.6,6.06
37675,2,0,7.0,6.25
37676,5,0,2.8,4.08
37677,5,2,4.1,4.38
37678,1,2,8.5,4.31
37679,4,3,6.2,4.94
37680,7,1,9.2,4.53
37681,2,4,1.1,4.17
37682,7,2,3.9,3.95
37683,1,0,6.6,4.78
37684,2,4,5.2,3.45
37685,2,0,5.3,6.52
37686,5,4,8.3,4.47
37687,5,1,6.9,2.35
37688,3,4,6.1,5.2
37689,3,2,0.1,3.26
37690,4,2,3.5,3.43
37691,6,2,7.6,4.37
37692,0,3,5.2,5.43
37693,5,0,0.7,5.49
37694,0,1,7.1,5.76
37695,5,2,5.0,4.46
37696,4,4,5.6,4.33
37697,7,3,8.5,4.15
37698,4,4,8.6,5.47
37699,6,4,4.5,5.14
37700,5,3,1.8,6.4
37701,0,2,3.4,5.19
37702,3,1,2.9,3.15
37703,4,3,9.2,5.06
37704,0,1,5.2,6.71
37705,3,4,7.7,7.44
37706,7,1,6.0,4.74
37707,3,2,6.3,6.75
37708,2,3,6.9,3.74
37709,0,2,0.7,4.1
37710,4,2,0.2,2.38
37711,2,3,7.6,4.54
37712,2,1,9.8,1.76
37713,0,1,2.5,3.78
37714,1,2,2.1,4.91
37715,5,4,2.6,5.77
37716,0,4,3.2,6.04
37717,6,3,5.5,5.33
37718,1,3,9.0,6.37
37719,0,2,8.2,4.88
37720,2,4,8.1,6.02
37721,5,4,3.7,4.85
37722,6,2,6.1,4.85
37723,5,4,8.8,3.91
37724,6,1,4.6,3.84
37725,0,0,9.6,5.48
37726,7,0,4.4,3.5
37727,4,4,7.0,4.41
37728,1,3,5.2,6.22
37729,6,3,10.0,4.65
37730,2,3,9.5,3.4
37731,7,0,2.3,4.75
37732,3,2,9.5,6.7
37733,5,0,4.4,5.61
37734,4,1,3.5,4.27
37735,5,1,1.0,5.98
37736,2,4,0.4,4.58
37737,5,1,6.6,5.48
37738,6,4,8.6,4.89
37739,6,4,3.1,3.19
37740,5,3,1.2,5.58
37741,6,0,1.7,5.53
37742,3,4,7.8,4.62
37743,5,4,4.8,4.38
37744,1,4,9.7,5.02
37745,5,0,0.1,6.03
37746,4,3,8.5,4.97
37747,1,3,1.2,7.21
37748,4,4,8.7,5.73
37749,7,0,4.0,4.17
37750,6,3,7.5,3.12
37751,6,0,7.0,3.97
37752,5,2,4.6,5.47
37753,6,2,1.8,2.77
37754,2,0,5.5,5.69
37755,1,3,6.1,5.28
37756,6,4,3.7,4.68
37757,0,2,4.0,6.4
37758,7,3,4.4,6.41
37759,4,1,0.7,5.73
37760,3,3,10.0,3.01
37761,6,4,4.0,3.94
37762,0,4,5.4,3.61
37763,3,0,3.6,3.59
37764,7,2,8.3,6.83
37765,3,3,6.6,5.77
37766,0,0,3.1,3.62
37767,0,3,4.7,5.22
37768,7,1,5.3,1.46
37769,7,0,5.1,4.45
37770,0,2,9.4,5.44
37771,3,4,9.7,2.41
37772,3,4,8.4,4.57
37773,2,3,5.6,5.96
37774,4,2,3.5,5.44
37775,5,0,1.6,4.42
37776,1,0,2.7,6.12
37777,7,2,0.4,3.33
37778,1,1,1.9,3.05
37779,3,4,3.0,5.62
37780,1,3,5.4,5.24
37781,0,2,8.1,7.08
37782,5,0,4.2,6.73
37783,1,4,4.6,4.9
37784,3,2,9.6,5.83
37785,3,1,2.4,3.49
37786,1,2,9.7,5.66
37787,5,1,7.1,3.73
37788,0,2,4.8,4.14
37789,6,3,7.3,3.9
37790,7,0,6.6,3.59
37791,3,4,1.8,2.8
37792,4,3,7.1,3.39
37793,5,0,8.4,5.33
37794,5,0,2.7,6.08
37795,7,3,0.4,5.82
37796,7,1,6.7,5.43
37797,0,3,1.1,4.91
37798,3,1,2.5,4.88
37799,0,2,6.0,5.24
37800,5,2,9.9,4.71
37801,6,4,4.0,6.78
37802,5,2,3.8,4.37
37803,6,4,6.4,3.35
37804,2,4,2.6,4.77
37805,4,3,6.2,4.91
37806,0,2,3.1,6.41
37807,2,4,7.0,3.44
37808,7,0,3.7,3.48
37809,4,2,9.2,6.16
37810,5,2,0.2,4.45
37811,1,0,1.7,3.35
37812,4,0,3.7,7.09
37813,7,3,2.3,2.16
37814,2,2,9.1,5.91
37815,1,2,2.3,2.7
37816,3,1,8.2,5.12
37817,5,0,7.3,5.34
37818,2,0,5.0,4.24
37819,4,4,7.6,5.12
37820,6,1,8.0,3.62
37821,3,2,1.0,5.29
37822,3,4,8.4,5.5
37823,7,0,3.8,7.36
37824,3,3,3.7,3.43
37825,3,0,4.4,6.32
37826,1,2,3.0,8.26
37827,3,1,9.8,4.5
37828,1,1,1.0,4.23
37829,5,3,3.8,3.6
37830,5,4,6.2,5.69
37831,6,4,2.8,4.35
37832,6,0,3.4,4.54
37833,1,1,6.1,6.87
37834,0,2,7.8,5.02
37835,1,0,0.5,5.46
37836,1,0,9.9,7.61
37837,4,0,2.0,3.82
37838,7,0,8.5,4.18
37839,5,0,9.5,6.07
37840,5,0,5.2,3.52
37841,1,1,7.8,5.85
37842,1,3,4.7,3.94
37843,2,0,6.8,3.43
37844,5,1,9.1,6.25
37845,6,1,9.9,4.86
37846,4,1,2.3,7.38
37847,0,2,0.0,5.7
37848,7,0,2.7,6.27
37849,4,2,4.1,4.26
37850,7,3,2.4,5.26
37851,2,2,6.4,6.27
37852,5,2,0.2,3.6
37853,3,4,3.5,6.7
37854,4,2,0.7,5.02
37855,5,2,8.4,7.05
37856,6,1,3.9,6.67
37857,2,0,4.0,3.49
37858,2,4,1.1,3.34
37859,4,1,8.4,4.28
37860,7,4,8.9,6.71
37861,2,0,3.4,5.62
37862,2,2,6.5,5.79
37863,1,3,4.6,6.17
37864,0,1,7.3,6.4
37865,0,4,1.7,3.74
37866,5,3,3.7,5.44
37867,3,1,4.7,6.7
37868,0,4,1.1,5.74
37869,6,3,4.0,5.38
37870,6,4,0.3,3.95
37871,1,3,8.4,6.02
37872,0,3,6.2,5.35
37873,5,4,4.7,4.49
37874,2,3,7.7,4.98
37875,2,0,8.6,2.93
37876,7,4,8.3,5.52
37877,1,0,7.4,5.67
37878,4,0,1.5,4.12
37879,1,2,9.0,4.7
37880,5,3,7.1,6.08
37881,1,4,5.0,4.46
37882,7,0,8.2,5.9
37883,5,2,4.5,5.27
37884,1,3,2.2,4.98
37885,6,4,2.2,5.45
37886,2,1,3.7,4.43
37887,0,2,3.1,5.17
37888,2,4,9.1,3.75
37889,1,2,9.3,3.15
37890,6,0,7.1,5.35
37891,2,2,3.4,6.15
37892,4,0,7.6,5.5
37893,7,4,0.4,4.14
37894,1,3,6.8,5.94
37895,3,4,7.1,5.77
37896,3,4,0.9,3.13
37897,6,4,5.3,5.82
37898,3,4,0.2,4.92
37899,0,3,8.1,4.65
37900,3,4,9.9,6.17
37901,2,3,8.2,5.58
37902,0,1,2.0,5.14
37903,4,4,6.5,6.23
37904,3,1,3.8,5.1
37905,5,4,0.6,3.64
37906,1,2,8.1,3.86
37907,7,3,8.0,4.74
37908,5,3,0.5,2.46
37909,3,3,6.1,7.91
37910,1,0,9.8,5.9
37911,5,4,2.7,5.94
37912,3,0,4.1,6.22
37913,2,1,9.2,4.6
37914,4,0,2.0,5.63
37915,3,4,7.4,7.25
37916,2,2,0.8,4.41
37917,7,3,9.1,5.29
37918,6,2,0.5,6.22
37919,2,4,8.5,7.21
37920,1,4,8.1,5.41
37921,4,1,7.8,3.88
37922,4,3,1.2,2.82
37923,2,2,4.8,5.46
37924,3,3,5.3,7.21
37925,5,4,0.9,5.5
37926,0,2,3.4,6.14
37927,7,0,5.5,5.35
37928,1,3,4.8,4.79
37929,5,0,9.9,4.74
37930,5,2,6.5,4.6
37931,6,0,1.5,4.63
37932,7,3,6.9,2.49
37933,2,3,4.9,5.51
37934,6,0,8.6,3.98
37935,4,3,7.0,6.18
37936,1,2,8.9,7.42
37937,2,2,5.2,5.35
37938,3,2,4.3,5.86
37939,5,2,5.5,4.4
37940,2,4,6.6,4.96
37941,0,0,1.6,4.82
37942,3,2,4.0,6.18
37943,0,0,9.3,5.98
37944,1,0,3.9,6.84
37945,4,4,0.7,4.8
37946,2,2,4.5,6.45
37947,0,1,6.3,7.38
37948,5,4,4.5,4.2
37949,0,1,4.0,4.64
37950,5,1,5.8,4.23
37951,5,3,10.0,7.31
37952,4,0,5.1,4.79
37953,3,1,2.5,4.98
37954,4,3,2.8,5.03
37955,1,1,9.9,7.34
37956,3,3,8.9,4.96
37957,3,1,0.2,5.43
37958,5,1,5.3,4.97
37959,7,0,2.4,4.23
37960,5,3,4.2,5.26
37961,4,3,6.8,4.85
37962,1,0,9.3,2.82
37963,4,1,8.4,3.78
37964,2,0,5.6,5.05
37965,4,4,6.0,5.29
37966,7,2,2.4,6.43
37967,5,1,9.4,2.8
37968,6,2,9.2,5.56
37969,0,3,4.5,3.65
37970,7,4,6.1,3.65
37971,6,4,1.2,4.08
37972,1,1,6.2,3.81
37973,7,0,7.2,3.7
37974,1,2,9.7,5.54
37975,5,2,7.4,5.23
37976,3,4,5.0,5.69
37977,3,0,0.6,6.53
37978,4,1,9.5,4.03
37979,1,2,1.4,6.34
37980,0,4,0.1,5.98
37981,5,1,6.5,3.83
37982,1,3,6.3,4.19
37983,2,4,3.4,3.72
37984,3,4,0.1,3.89
37985,1,1,6.5,4.81
37986,0,2,6.9,3.29
37987,5,2,2.7,7.13
37988,1,1,8.3,7.13
37989,6,4,1.7,6.18
37990,7,4,7.2,4.44
37991,6,0,0.7,3.35
37992,4,0,8.2,2.45
37993,7,4,3.2,4.22
37994,4,4,8.2,7.24
37995,6,1,7.2,4.62
37996,0,4,7.8,5.6
37997,7,3,2.5,5.3
37998,6,3,1.8,3.59
37999,6,2,3.0,7.02
38000,3,3,8.6,5.07
38001,6,1,8.5,5.3
38002,3,1,9.0,5.25
38003,2,2,0.5,3.42
38004,3,3,5.3,6.46
38005,7,4,3.5,3.09
38006,7,3,5.6,6.23
38007,1,2,5.4,6.89
38008,6,0,5.6,7.81
38009,4,1,2.3,6.02
38010,3,2,5.3,4.28
38011,3,2,5.8,5.85
38012,3,3,5.7,3.79
38013,2,4,1.3,6.59
38014,3,4,2.8,3.87
38015,2,2,4.8,4.55
38016,4,0,1.0,5.06
38017,1,0,3.4,3.62
38018,6,4,1.2,6.05
38019,2,1,3.2,2.13
38020,0,3,6.5,4.85
38021,4,2,7.9,4.23
38022,6,3,5.4,4.38
38023,7,3,6.6,4.99
38024,6,2,9.0,5.73
38025,1,3,1.2,4.81
38026,2,2,6.6,5.05
38027,5,4,6.5,3.9
38028,7,0,3.6,6.6
38029,7,2,1.1,6.8
38030,4,2,4.7,6.36
38031,7,0,5.2,5.58
38032,6,0,0.2,6.44
38033,6,1,9.5,4.15
38034,3,3,3.2,4.29
38035,0,0,8.7,5.32
38036,4,2,7.2,6.76
38037,0,4,6.9,4.88
38038,2,0,1.7,2.85
38039,6,2,3.3,4.39
38040,1,3,0.7,5.09
38041,7,2,1.9,4.48
38042,2,3,9.8,6.14
38043,6,0,9.0,4.12
38044,3,0,6.5,6.52
38045,1,1,8.6,5.83
38046,3,0,2.1,4.84
38047,5,2,0.5,4.98
38048,3,2,6.8,2.33
38049,3,0,7.5,6.68
38050,5,3,8.2,4.67
38051,6,1,3.5,4.74
38052,7,2,2.1,4.0
38053,3,4,6.0,7.05
38054,5,0,3.5,7.81
38055,5,4,5.8,5.3
38056,4,4,3.8,4.91
38057,2,3,3.0,3.66
38058,3,4,0.7,4.5
38059,6,3,3.5,4.73
38060,7,0,8.0,5.47
38061,7,0,1.4,5.97
38062,0,2,4.7,6.11
38063,6,0,0.2,7.34
38064,2,2,4.4,3.57
38065,2,4,6.5,5.91
38066,1,1,8.0,3.19
38067,2,2,9.0,7.02
38068,7,3,6.9,5.95
38069,2,3,2.1,6.38
38070,7,0,6.6,6.13
38071,5,1,9.3,3.87
38072,6,4,9.2,5.19
38073,1,2,7.8,5.2
38074,2,2,3.4,3.44
38075,5,1,3.9,5.17
38076,7,1,3.1,5.91
38077,7,4,4.0,4.84
38078,6,1,3.9,5.9
38079,7,3,7.2,3.94
38080,7,2,7.0,3.12
38081,6,3,1.5,5.79
38082,7,4,0.5,4.52
38083,2,4,2.8,5.19
38084,4,3,6.5,5.83
38085,5,4,3.4,5.12
38086,7,2,5.3,5.25
38087,5,1,6.4,3.35
38088,1,0,6.6,6.38
38089,7,0,7.2,6.28
38090,7,4,1.9,5.53
38091,5,2,9.3,5.85
38092,0,3,1.5,3.96
38093,3,0,8.9,4.71
38094,5,2,8.4,6.45
38095,3,0,8.1,6.35
38096,5,3,7.7,4.51
38097,1,0,3.4,6.44
38098,4,1,9.2,4.7
38099,6,0,3.1,6.51
38100,5,3,2.0,5.37
38101,2,0,8.0,7.54
38102,1,2,7.9,4.54
38103,6,1,7.8,6.08
38104,7,1,4.2,3.39
38105,3,1,0.6,6.86
38106,4,0,0.9,3.16
38107,5,0,1.8,5.27
38108,2,2,3.3,4.86
38109,5,1,8.4,5.07
38110,2,3,4.0,6.13
38111,5,0,4.5,3.93
38112,1,4,5.9,5.38
38113,4,3,6.5,6.54
38114,5,2,8.1,5.14
38115,5,2,0.9,5.99
38116,1,4,5.9,4.11
38117,4,4,2.7,2.5
38118,3,3,3.4,4.15
38119,4,3,4.7,5.07
38120,2,3,3.1,6.89
38121,1,1,1.1,3.79
38122,3,4,6.4,6.68
38123,0,2,1.2,3.81
38124,7,0,3.6,5.22
38125,5,1,3.7,5.0
38126,4,0,4.6,6.2
38127,7,2,2.1,4.14
38128,2,4,4.7,4.45
38129,1,3,3.5,6.9
38130,4,1,8.4,5.16
38131,4,0,2.9,5.5
38132,7,4,4.0,5.47
38133,3,3,8.1,3.98
38134,7,1,2.0,3.98
38135,0,1,6.3,5.45
38136,1,4,2.5,4.44
38137,3,2,6.3,3.61
38138,3,2,3.3,6.35
38139,5,3,3.2,5.11
38140,7,4,5.8,5.49
38141,3,4,2.5,5.64
38142,6,2,2.7,4.39
38143,3,0,7.4,4.39
38144,2,1,9.6,6.79
38145,3,0,0.1,4.43
38146,0,3,3.0,3.71
38147,6,2,1.9,5.67
38148,1,2,9.3,7.63
38149,4,0,9.8,4.22
38150,5,0,8.5,5.06
38151,6,0,4.0,4.52
38152,0,0,6.2,4.22
38153,5,4,6.8,4.93
38154,3,3,1.0,2.45
38155,1,1,9.7,4.64
38156,6,2,2.3,4.38
38157,0,3,4.1,3.72
38158,2,3,1.9,4.98
38159,6,2,4.6,5.46
38160,1,0,1.0,3.88
38161,3,3,6.2,3.61
38162,1,2,7.9,5.07
38163,0,0,8.9,2.28
38164,7,1,5.0,6.61
38165,2,4,1.1,5.07
38166,7,4,1.4,5.32
38167,4,1,0.5,2.33
38168,4,0,9.9,4.72
38169,5,1,5.9,4.2
38170,4,2,5.3,4.62
38171,6,3,0.3,4.66
38172,6,4,8.0,7.83
38173,1,1,7.3,4.74
38174,2,2,2.3,4.99
38175,5,2,0.2,5.87
38176,0,2,6.2,2.22
38177,6,0,9.5,5.55
38178,3,0,5.8,4.4
38179,0,4,7.9,3.75
38180,3,1,3.6,3.82
38181,7,2,1.5,4.96
38182,1,3,8.4,7.78
38183,3,4,2.4,4.59
38184,1,2,7.7,6.2
38185,2,1,3.5,2.52
38186,7,3,5.5,7.94
38187,0,3,4.9,5.54
38188,7,1,5.4,3.9
38189,1,1,2.6,3.88
38190,1,2,6.4,7.02
38191,7,0,1.9,4.91
38192,2,0,5.4,4.56
38193,7,3,2.9,6.25
38194,6,1,3.0,2.7
38195,4,4,6.8,6.8
38196,3,4,2.7,4.25
38197,4,4,2.0,4.76
38198,5,0,5.7,5.27
38199,6,4,5.8,4.99
38200,0,0,3.8,3.97
38201,5,1,8.9,4.33
38202,6,4,9.2,3.99
38203,3,4,8.0,4.2
38204,4,3,6.7,3.69
38205,2,3,6.0,3.54
38206,0,1,7.1,5.23
38207,3,1,0.3,5.41
38208,0,2,2.3,6.28
38209,7,3,3.6,3.02
38210,7,3,8.8,4.43
38211,0,1,8.3,5.25
38212,5,1,2.8,3.75
38213,3,1,6.4,5.48
38214,5,1,6.6,5.67
38215,5,1,4.9,3.42
38216,0,4,1.6,4.39
38217,7,4,9.7,5.73
38218,1,4,2.5,7.07
38219,2,3,2.8,5.59
38220,1,0,5.1,4.84
38221,2,1,2.6,4.86
38222,7,3,9.1,2.2
38223,4,1,3.8,4.59
38224,6,4,1.4,3.95
38225,2,2,5.4,4.19
38226,1,3,9.9,4.53
38227,2,1,0.8,6.09
38228,0,3,4.1,5.67
38229,2,2,9.0,7.01
38230,3,0,4.3,7.67
38231,3,2,6.0,3.98
38232,1,0,2.8,6.97
38233,0,2,3.2,3.16
38234,5,1,8.6,7.27
38235,3,4,1.4,2.24
38236,3,3,7.9,4.73
38237,4,4,1.5,5.8
38238,6,2,1.8,4.27
38239,6,3,8.2,2.69
38240,0,0,4.9,3.92
38241,3,2,5.6,7.03
38242,6,4,9.5,5.08
38243,6,3,6.6,4.3
38244,7,2,9.0,3.0
38245,3,3,4.8,3.85
38246,2,4,0.9,3.33
38247,5,2,0.1,5.87
38248,3,1,0.1,5.53
38249,4,3,8.7,5.53
38250,5,3,0.3,4.8
38251,1,4,0.7,6.72
38252,7,1,9.9,5.42
38253,3,4,8.1,5.19
38254,1,0,9.3,6.03
38255,6,2,2.3,5.0
38256,3,4,7.8,5.24
38257,6,2,3.2,5.86
38258,5,1,2.5,4.87
38259,2,2,7.4,4.12
38260,1,2,2.4,7.7
38261,0,4,8.1,4.85
38262,0,2,8.3,2.88
38263,2,1,8.1,5.97
38264,5,0,0.5,3.95
38265,1,1,2.9,4.82
38266,1,3,4.2,6.15
38267,0,2,0.7,4.86
38268,4,2,7.6,5.91
38269,7,1,8.2,4.87
38270,7,0,6.0,6.21
38271,1,3,1.7,4.84
38272,1,1,9.7,5.01
38273,2,0,7.4,4.41
38274,3,3,8.2,3.29
38275,6,0,3.7,4.93
38276,2,0,2.1,5.03
38277,2,4,4.3,7.33
38278,4,3,7.7,4.65
38279,2,3,5.4,3.5
38280,5,3,4.3,7.28
38281,5,3,6.2,4.57
38282,7,3,3.7,3.49
38283,4,4,9.6,6.68
38284,1,0,4.1,6.76
38285,4,2,1.0,4.09
38286,6,2,7.7,3.5
38287,4,3,9.9,1.0
38288,6,2,5.7,6.08
38289,0,1,1.8,6.15
38290,6,4,4.4,5.11
38291,4,1,8.1,6.41
38292,6,4,2.1,4.71
38293,1,3,2.9,6.21
38294,4,2,9.7,5.18
38295,4,1,8.3,6.17
38296,0,3,3.4,4.36
38297,5,4,1.1,3.93
38298,6,3,5.1,6.99
38299,0,3,2.7,3.13
38300,2,2,0.6,6.23
38301,6,2,3.4,4.59
38302,4,0,9.6,5.28
38303,5,2,4.8,4.19
38304,7,3,1.7,4.69
38305,3,1,2.7,4.48
38306,1,1,7.3,6.22
38307,0,4,8.1,4.4
38308,0,0,2.0,4.7
38309,5,0,7.4,3.88
38310,7,3,0.7,5.76
38311,4,3,0.3,4.42
38312,6,2,8.0,6.38
38313,7,1,8.2,4.97
38314,3,3,2.0,4.37
38315,2,2,5.6,4.45
38316,0,3,4.4,6.1
38317,3,3,6.3,4.39
38318,7,1,1.0,6.02
38319,6,0,5.7,4.99
38320,3,2,4.9,6.11
38321,0,1,8.3,5.57
38322,7,3,0.1,5.98
38323,7,1,3.1,5.45
38324,3,3,2.1,5.1
38325,6,1,4.9,3.31
38326,2,1,6.5,3.72
38327,4,2,1.3,4.53
38328,3,0,2.4,3.56
38329,3,0,0.8,6.58
38330,0,3,9.0,3.83
38331,1,0,1.5,5.84
38332,6,3,2.4,5.57
38333,3,2,9.9,6.27
38334,1,1,4.7,7.34
38335,6,0,2.5,6.29
38336,2,2,4.5,4.08
38337,5,4,6.8,4.68
38338,2,0,5.8,4.94
38339,1,3,1.4,3.4
38340,0,0,2.7,5.13
38341,3,4,4.5,5.46
38342,5,2,5.9,3.94
38343,1,3,6.1,3.48
38344,4,1,2.9,3.99
38345,2,3,5.3,3.57
38346,4,4,4.6,5.29
38347,4,0,0.2,5.93
38348,4,0,8.4,5.55
38349,0,2,9.8,4.72
38350,2,2,8.1,4.66
38351,2,0,3.0,4.93
38352,7,3,4.2,4.63
38353,4,4,7.1,3.02
38354,3,4,7.5,4.69
38355,4,1,9.2,4.08
38356,7,1,9.2,4.87
38357,6,0,3.9,2.98
38358,0,4,9.5,7.11
38359,6,2,7.2,2.62
38360,3,0,0.8,5.01
38361,0,4,9.9,3.68
38362,1,0,3.9,3.84
38363,7,1,1.7,5.13
38364,6,2,0.9,4.73
38365,3,3,6.3,6.27
38366,1,2,3.2,4.75
38367,5,1,3.0,3.3
38368,5,4,2.7,3.24
38369,1,2,6.1,7.15
38370,2,3,5.5,5.97
38371,5,0,5.8,4.26
38372,6,3,7.5,6.52
38373,5,4,0.9,3.46
38374,2,4,2.4,4.64
38375,1,2,4.2,5.02
38376,1,3,3.9,4.74
38377,7,4,6.6,6.73
38378,4,3,6.7,6.06
38379,1,4,7.4,7.25
38380,5,1,7.5,2.87
38381,0,1,3.2,7.38
38382,3,3,7.2,6.99
38383,4,0,6.6,2.54
38384,0,2,2.2,4.28
38385,2,3,8.6,3.34
38386,5,1,2.0,5.03
38387,2,0,7.1,6.36
38388,0,0,2.2,4.23
38389,0,4,8.9,3.83
38390,2,0,3.0,4.74
38391,7,1,0.2,6.48
38392,0,0,7.2,5.06
38393,0,3,4.6,4.97
38394,3,3,7.9,2.65
38395,1,2,4.3,7.35
38396,5,1,2.1,3.03
38397,1,1,2.3,3.23
38398,4,4,7.5,3.98
38399,7,4,6.3,3.64
38400,0,2,5.3,6.47
38401,6,0,0.1,4.05
38402,2,3,1.9,5.92
38403,5,3,5.0,5.7
38404,1,1,9.9,7.16
38405,2,1,2.1,4.91
38406,0,0,0.3,3.23
38407,0,2,3.8,3.58
38408,4,1,3.6,3.79
38409,6,1,0.9,5.48
38410,0,0,8.1,5.95
38411,3,4,8.8,5.12
38412,5,4,8.7,6.14
38413,0,1,3.7,3.27
38414,1,1,2.8,4.26
38415,2,4,3.7,5.67
38416,7,0,2.9,4.04
38417,3,4,1.7,7.48
38418,3,4,9.4,5.49
38419,1,3,9.2,3.04
38420,4,0,0.4,5.72
38421,4,2,7.0,6.32
38422,5,4,8.5,5.23
38423,3,0,8.8,4.49
38424,4,0,8.6,2.98
38425,0,4,3.7,4.09
38426,1,1,5.2,4.87
38427,5,4,6.7,5.34
38428,7,3,4.1,4.5
38429,3,4,1.9,4.31
38430,3,0,3.4,3.04
38431,4,1,7.5,3.24
38432,0,2,7.7,4.71
38433,6,3,5.8,7.21
38434,1,2,8.7,4.0
38435,4,3,6.3,4.06
38436,0,3,5.2,6.66
38437,4,1,7.7,4.79
38438,5,4,7.0,4.85
38439,4,1,3.8,6.16
38440,0,4,3.0,6.15
38441,6,1,8.4,4.97
38442,7,2,4.1,6.01
38443,1,3,9.4,3.95
38444,6,0,1.8,6.1
38445,1,3,3.2,6.12
38446,1,1,8.9,4.68
38447,6,4,5.9,6.17
38448,7,2,6.9,4.74
38449,1,1,7.5,4.51
38450,3,3,8.7,5.3
38451,5,4,3.5,4.75
38452,4,0,0.3,4.88
38453,7,3,8.3,3.48
38454,4,3,4.9,1.8
38455,3,4,2.8,4.76
38456,2,4,2.5,5.47
38457,2,3,2.4,4.0
38458,5,2,1.8,5.08
38459,6,4,0.9,4.31
38460,6,2,2.7,3.58
38461,0,0,2.2,6.65
38462,1,1,3.5,7.33
38463,3,0,8.5,5.13
38464,5,3,0.6,4.11
38465,1,2,5.9,5.29
38466,6,0,0.4,4.27
38467,4,4,0.1,6.95
38468,3,4,6.9,4.29
38469,2,4,2.3,7.22
38470,0,3,0.6,4.56
38471,7,4,9.5,5.12
38472,6,3,6.0,2.57
38473,5,2,0.1,5.17
38474,7,1,6.8,6.7
38475,5,2,0.0,3.96
38476,6,3,1.6,6.49
38477,6,4,7.4,4.95
38478,5,1,3.0,4.8
38479,6,4,8.8,3.97
38480,0,3,2.2,4.58
38481,7,2,2.3,5.12
38482,0,0,5.5,5.86
38483,2,0,6.1,4.13
38484,6,0,1.2,4.26
38485,6,3,1.8,5.06
38486,0,3,2.8,2.9
38487,0,4,5.3,6.47
38488,2,1,2.2,3.53
38489,2,1,7.0,4.16
38490,4,4,5.0,4.78
38491,7,3,1.2,6.22
38492,6,4,6.4,7.6
38493,3,4,2.9,4.89
38494,2,4,1.6,3.83
38495,5,1,9.4,5.84
38496,6,0,4.4,5.55
38497,3,3,8.3,5.27
38498,1,2,1.1,3.45
38499,6,2,4.8,5.58
38500,6,2,5.5,5.35
38501,2,2,2.0,3.47
38502,2,3,7.4,5.14
38503,1,4,5.7,5.09
38504,3,0,3.8,2.73
38505,5,3,0.9,3.38
38506,1,0,8.7,5.36
38507,7,2,9.6,3.28
38508,6,4,7.5,5.5
38509,2,2,4.1,6.86
38510,2,3,1.7,4.5
38511,1,3,5.1,5.13
38512,6,3,2.6,2.29
38513,3,1,9.1,5.67
38514,0,1,2.8,4.9
38515,4,1,6.0,4.75
38516,2,2,2.9,3.73
38517,3,0,3.3,4.37
38518,0,2,0.4,7.27
38519,5,2,7.3,3.62
38520,4,0,6.9,4.33
38521,6,4,1.5,7.35
38522,3,0,9.6,5.51
38523,4,4,7.7,3.52
38524,6,4,5.2,3.09
38525,0,3,5.8,6.62
38526,2,1,3.8,3.42
38527,4,4,2.1,5.77
38528,2,0,7.5,5.24
38529,6,3,3.9,5.56
38530,0,0,2.0,5.31
38531,3,1,8.1,4.39
38532,1,0,7.8,5.2
38533,3,2,6.3,4.95
38534,6,0,2.5,5.33
38535,1,0,8.3,4.46
38536,0,1,1.9,4.12
38537,6,2,8.6,2.91
38538,6,2,9.4,2.86
38539,0,3,2.1,4.9
38540,5,0,6.1,4.47
38541,1,4,7.5,4.18
38542,4,3,3.0,3.88
38543,7,1,1.1,2.72
38544,1,0,7.6,4.27
38545,1,3,1.3,5.53
38546,6,0,8.2,4.32
38547,3,0,2.8,2.39
38548,4,2,6.0,5.02
38549,5,2,4.0,6.1
38550,2,0,9.2,8.22
38551,4,0,0.8,5.72
38552,4,1,7.0,4.57
38553,3,3,5.1,7.11
38554,6,0,5.7,6.38
38555,0,3,2.7,3.08
38556,6,4,4.8,6.63
38557,0,2,9.8,6.26
38558,4,2,4.1,5.11
38559,0,1,7.0,6.08
38560,7,4,4.0,6.97
38561,7,3,9.5,5.48
38562,4,0,1.4,4.33
38563,2,2,9.2,5.64
38564,3,4,4.0,5.3
38565,6,4,4.5,3.76
38566,6,3,0.3,2.47
38567,3,3,5.1,3.08
38568,7,1,5.3,4.7
38569,2,1,5.3,3.86
38570,6,4,9.6,5.28
38571,4,1,2.6,3.34
38572,1,2,1.5,5.05
38573,7,3,9.3,6.98
38574,7,2,4.8,5.68
38575,0,3,2.4,4.46
38576,6,0,2.2,3.06
38577,6,4,6.9,5.28
38578,4,3,6.5,4.69
38579,3,3,3.7,5.34
38580,0,3,3.7,6.63
38581,7,4,8.2,6.67
38582,4,3,7.5,4.04
38583,5,3,9.7,4.77
38584,2,4,8.0,3.09
38585,5,0,7.0,2.93
38586,5,1,4.3,4.48
38587,3,2,3.9,3.91
38588,0,2,1.1,7.58
38589,4,0,0.8,3.17
38590,0,4,2.5,5.7
38591,3,3,0.4,3.72
38592,0,4,8.5,5.26
38593,5,2,0.1,3.98
38594,4,3,1.1,6.2
38595,7,3,8.8,6.03
38596,7,3,9.2,4.96
38597,1,1,6.7,4.28
38598,1,4,3.4,4.39
38599,2,3,8.3,4.59
38600,4,2,5.6,2.73
38601,4,1,1.9,5.02
38602,5,4,0.2,3.86
38603,5,4,3.9,6.61
38604,1,2,9.8,5.68
38605,2,1,0.8,4.65
38606,1,1,0.2,7.75
38607,0,4,1.4,3.14
38608,1,0,3.5,3.92
38609,3,3,9.5,3.45
38610,7,2,8.5,4.23
38611,4,4,6.3,5.75
38612,4,1,2.5,3.28
38613,7,1,6.7,7.02
38614,1,0,1.8,4.26
38615,5,3,8.7,5.55
38616,2,3,7.8,4.2
38617,5,2,7.3,8.27
38618,2,0,5.6,4.16
38619,2,1,2.4,5.17
38620,5,0,5.1,4.95
38621,1,2,3.9,6.81
38622,1,4,0.8,6.75
38623,3,0,0.8,4.96
38624,3,2,7.3,3.85
38625,1,2,9.9,3.96
38626,7,0,0.2,5.41
38627,7,3,4.8,3.17
38628,7,4,9.1,4.18
38629,0,2,5.2,4.57
38630,3,0,3.2,4.94
38631,1,0,3.9,4.94
38632,6,2,7.2,4.94
38633,7,1,0.9,6.24
38634,0,0,3.6,3.94
38635,2,1,5.4,7.96
38636,0,2,1.6,3.61
38637,6,4,8.8,6.51
38638,5,1,4.3,5.83
38639,0,2,4.9,4.71
38640,5,1,8.4,4.92
38641,6,3,3.8,3.63
38642,1,0,6.3,3.95
38643,1,1,0.6,5.65
38644,0,3,7.4,4.45
38645,5,4,7.6,2.49
38646,7,4,2.9,6.95
38647,5,1,9.8,4.18
38648,2,1,3.0,3.94
38649,6,4,6.7,2.66
38650,7,0,3.2,3.12
38651,1,4,8.8,4.79
38652,4,3,9.6,7.0
38653,1,2,2.7,6.67
38654,2,4,9.8,4.42
38655,3,0,0.5,3.61
38656,2,0,4.7,4.48
38657,4,3,6.7,6.04
38658,1,2,9.7,4.14
38659,3,3,5.3,4.49
38660,0,0,2.3,3.4
38661,1,2,1.0,6.89
38662,1,1,6.8,5.13
38663,0,3,3.3,4.28
38664,2,3,9.8,5.18
38665,5,1,3.3,6.84
38666,0,3,3.1,6.73
38667,5,1,3.9,3.26
38668,6,3,2.8,4.2
38669,0,0,9.4,4.28
38670,5,2,0.9,6.5
38671,1,2,2.8,7.29
38672,0,3,2.0,2.24
38673,6,4,9.2,4.32
38674,4,2,8.8,5.56
38675,1,1,2.1,4.16
38676,1,1,8.5,5.78
38677,2,1,1.4,6.38
38678,1,0,7.2,5.21
38679,2,4,7.2,3.22
38680,7,3,8.7,6.25
38681,7,3,5.4,4.71
38682,0,3,7.5,5.46
38683,4,0,5.0,4.91
38684,3,0,1.9,3.82
38685,4,0,4.6,4.73
38686,4,0,9.5,5.86
38687,6,3,9.5,4.72
38688,6,4,6.6,4.01
38689,2,4,5.0,5.16
38690,2,2,5.3,8.04
38691,7,2,9.7,7.36
38692,3,2,1.4,5.24
38693,0,1,8.3,5.15
38694,1,0,4.6,4.99
38695,2,1,4.6,6.11
38696,7,1,1.8,5.23
38697,6,1,0.0,2.77
38698,4,3,8.7,5.36
38699,3,1,4.6,7.21
38700,6,0,5.8,5.51
38701,3,1,0.2,6.65
38702,2,1,1.3,5.93
38703,1,1,1.4,5.25
38704,0,2,1.2,7.4
38705,1,1,5.5,5.24
38706,4,3,6.7,5.88
38707,2,3,4.3,4.39
38708,0,3,8.6,6.09
38709,7,4,5.9,2.67
38710,5,4,1.4,3.92
38711,7,2,9.3,4.52
38712,0,0,2.8,4.78
38713,5,2,8.1,4.64
38714,0,0,4.8,4.36
38715,4,2,7.7,4.11
38716,1,2,5.5,4.93
38717,1,1,7.0,5.23
38718,6,4,0.5,3.46
38719,5,3,2.6,3.68
38720,6,2,1.9,3.5
38721,1,3,0.5,4.46
38722,4,0,4.7,5.12
38723,0,0,2.0,6.5
38724,2,1,3.9,4.28
38725,1,3,6.0,5.15
38726,7,2,5.5,3.53
38727,6,4,3.1,5.1
38728,1,0,7.9,2.66
38729,7,4,4.7,3.54
38730,6,3,0.9,2.17
38731,6,2,7.6,3.54
38732,4,4,0.9,4.13
38733,6,4,3.5,4.16
38734,0,4,1.8,3.6
38735,1,1,5.1,4.42
38736,3,1,4.8,4.96
38737,5,2,0.9,4.36
38738,4,3,8.9,5.4
38739,6,1,1.9,4.73
38740,2,1,0.3,3.14
38741,3,1,9.7,4.15
38742,6,4,4.1,3.35
38743,6,4,1.3,5.13
38744,4,4,7.6,5.29
38745,4,1,2.4,3.39
38746,7,3,1.2,5.87
38747,6,4,4.1,5.97
38748,1,3,8.4,4.13
38749,5,2,8.7,5.74
38750,1,2,9.2,6.04
38751,6,2,6.2,3.98
38752,6,3,7.3,5.15
38753,4,1,8.3,6.24
38754,6,4,2.7,4.85
38755,3,0,4.5,4.58
38756,2,0,9.4,5.74
38757,1,1,4.5,4.1
38758,6,3,6.8,5.97
38759,3,1,9.1,3.9
38760,6,1,6.1,6.9
38761,3,0,9.7,4.87
38762,0,1,1.9,5.03
38763,5,4,5.2,3.91
38764,5,1,6.5,5.77
38765,1,3,2.3,5.0
38766,5,0,2.1,4.23
38767,2,1,5.8,5.36
38768,3,2,3.9,5.97
38769,7,0,2.9,3.94
38770,5,4,4.6,5.81
38771,7,1,5.9,4.44
38772,5,0,1.8,6.33
38773,7,3,1.6,2.9
38774,0,1,4.1,4.77
38775,6,0,2.7,5.22
38776,2,2,9.3,2.7
38777,2,0,5.3,4.85
38778,5,0,1.3,3.92
38779,0,0,2.4,6.03
38780,2,2,7.7,4.55
38781,1,0,1.1,6.68
38782,0,1,5.7,6.51
38783,7,2,3.3,5.13
38784,2,4,2.5,4.48
38785,5,2,5.1,4.75
38786,1,3,0.7,5.41
38787,7,1,8.3,5.44
38788,0,2,2.7,2.02
38789,0,3,1.3,3.44
38790,5,3,0.0,3.41
38791,2,2,7.0,2.81
38792,5,4,6.7,4.65
38793,2,0,5.1,5.09
38794,5,3,2.8,3.9
38795,0,3,8.5,4.89
38796,4,1,8.0,6.19
38797,0,2,8.1,4.8
38798,3,3,9.6,4.44
38799,7,2,5.1,7.53
38800,3,2,7.0,3.53
38801,4,3,8.1,6.9
38802,7,4,1.3,6.73
38803,2,3,3.2,3.99
38804,5,2,4.3,4.33
38805,4,0,2.9,3.99
38806,6,2,5.8,6.66
38807,3,2,5.3,4.76
38808,2,1,5.3,4.1
38809,1,0,4.9,4.33
38810,1,1,7.9,5.49
38811,0,0,9.2,4.86
38812,5,3,1.9,6.29
38813,6,0,8.7,5.02
38814,3,2,7.9,6.23
38815,2,3,2.1,5.84
38816,1,4,6.9,6.19
38817,6,0,3.7,4.84
38818,1,1,3.4,4.25
38819,2,0,4.7,6.06
38820,2,2,3.3,4.4
38821,2,3,7.2,6.68
38822,5,0,0.3,6.21
38823,3,2,1.5,5.3
38824,1,2,8.6,5.0
38825,3,0,1.6,5.74
38826,5,4,4.8,6.69
38827,1,2,8.3,3.88
38828,0,3,1.9,5.73
38829,1,3,4.9,3.67
38830,6,2,5.9,6.15
38831,1,0,6.4,3.57
38832,2,0,3.7,5.62
38833,4,2,0.4,6.26
38834,5,1,5.8,5.86
38835,6,3,4.6,5.76
38836,5,0,8.3,5.51
38837,6,1,6.3,3.65
38838,1,3,3.2,4.1
38839,5,2,0.3,3.4
38840,3,3,7.4,5.38
38841,7,3,8.4,5.25
38842,2,4,0.7,5.17
38843,6,0,8.0,6.28
38844,3,2,2.8,4.37
38845,6,2,0.5,6.81
38846,5,4,6.3,5.73
38847,2,0,9.2,5.61
38848,5,4,1.2,5.12
38849,1,0,9.1,5.04
38850,6,2,6.0,4.67
38851,6,0,4.5,3.67
38852,4,1,4.2,6.77
38853,2,0,9.7,4.18
38854,3,4,6.4,2.77
38855,7,3,6.2,3.52
38856,6,3,7.4,6.06
38857,7,3,2.0,2.67
38858,0,3,3.6,4.62
38859,2,0,10.0,3.91
38860,0,3,9.7,3.07
38861,5,1,5.4,3.85
38862,5,3,8.1,5.24
38863,7,1,7.2,4.65
38864,7,3,3.8,5.67
38865,2,0,5.6,3.35
38866,1,0,3.5,4.48
38867,7,2,6.7,5.35
38868,7,2,2.0,5.02
38869,6,2,9.9,3.96
38870,1,4,8.7,5.96
38871,3,1,2.4,4.09
38872,0,2,9.9,4.01
38873,4,0,9.6,4.11
38874,3,1,5.3,5.53
38875,6,2,8.1,4.65
38876,7,3,4.4,4.98
38877,3,4,5.6,4.29
38878,5,1,6.9,4.56
38879,6,2,1.5,4.45
38880,0,3,1.8,3.75
38881,5,3,9.5,6.08
38882,1,4,8.0,5.31
38883,4,2,3.8,4.32
38884,5,0,3.2,4.86
38885,5,4,6.2,3.73
38886,4,0,7.5,5.08
38887,4,0,5.1,6.04
38888,6,0,9.9,4.79
38889,6,2,8.6,5.24
38890,1,4,0.9,3.99
38891,5,2,3.3,4.96
38892,5,0,7.7,5.06
38893,5,0,6.3,4.64
38894,3,1,6.0,6.71
38895,0,0,8.4,4.52
38896,3,3,1.3,6.05
38897,0,4,6.6,2.58
38898,4,2,4.9,6.1
38899,1,4,5.2,5.87
38900,1,1,0.4,3.82
38901,4,2,4.4,5.01
38902,0,2,5.7,5.23
38903,7,1,4.6,4.73
38904,4,2,3.2,6.24
38905,6,1,6.2,3.93
38906,4,2,7.9,5.12
38907,1,1,3.9,5.21
38908,0,1,4.5,5.57
38909,0,3,5.5,6.52
38910,3,3,9.1,3.35
38911,5,1,7.5,3.33
38912,1,4,8.9,4.01
38913,5,3,4.2,6.62
38914,1,1,9.3,2.59
38915,1,0,1.0,4.76
38916,2,2,3.8,4.28
38917,6,3,0.9,4.24
38918,3,2,4.9,5.48
38919,3,1,0.3,6.79
38920,7,3,6.3,3.39
38921,4,4,7.8,4.12
38922,1,4,2.2,5.53
38923,5,2,7.4,7.7
38924,1,0,9.1,4.66
38925,2,4,1.2,6.56
38926,6,4,0.9,4.65
38927,4,1,8.1,5.21
38928,2,4,5.4,7.39
38929,6,3,1.1,5.53
38930,7,3,8.4,5.42
38931,2,4,8.3,3.0
38932,1,3,6.1,4.99
38933,4,4,0.7,2.77
38934,1,4,5.5,4.7
38935,2,4,9.2,5.36
38936,3,4,4.7,5.09
38937,5,2,6.5,5.68
38938,4,3,0.1,4.37
38939,4,1,4.6,3.35
38940,0,0,4.9,5.49
38941,0,1,5.9,4.4
38942,1,3,9.2,5.0
38943,1,4,9.9,4.74
38944,3,3,8.0,3.58
38945,0,1,1.1,6.07
38946,2,0,5.5,4.44
38947,5,4,3.8,5.64
38948,5,2,5.5,3.8
38949,0,3,2.3,5.52
38950,3,4,5.6,4.64
38951,7,2,5.1,4.28
38952,3,3,4.5,3.92
38953,3,1,8.6,3.9
38954,5,2,1.6,4.34
38955,6,4,1.9,5.45
38956,4,3,2.7,6.46
38957,6,2,6.5,2.86
38958,4,0,9.7,6.0
38959,7,1,8.3,5.6
38960,5,3,6.2,3.24
38961,7,3,6.6,5.06
38962,6,4,6.3,6.92
38963,3,3,5.4,3.57
38964,7,3,6.2,6.65
38965,1,2,2.9,4.82
38966,6,1,9.9,4.23
38967,3,3,7.1,4.29
38968,3,3,7.3,4.5
38969,1,2,3.3,5.67
38970,5,0,4.2,3.66
38971,6,1,9.1,6.64
38972,0,0,2.7,4.8
38973,3,0,9.3,3.65
38974,2,4,8.8,3.9
38975,7,3,4.5,5.39
38976,2,1,4.3,6.3
38977,4,0,9.6,5.72
38978,4,4,6.1,4.76
38979,2,2,3.7,2.7
38980,2,1,2.2,5.42
38981,7,4,3.5,3.75
38982,2,3,3.7,6.4
38983,5,0,6.4,5.32
38984,4,2,5.2,5.87
38985,4,3,0.1,4.53
38986,4,3,4.6,4.16
38987,5,3,6.2,4.95
38988,7,0,7.5,4.54
38989,4,3,8.1,3.21
38990,5,3,6.7,2.81
38991,2,3,3.7,5.22
38992,2,4,8.5,4.67
38993,0,1,3.5,7.83
38994,0,3,7.3,5.41
38995,4,2,8.9,4.92
38996,1,4,8.1,6.48
38997,4,0,4.3,6.43
38998,4,4,8.5,5.52
38999,1,4,4.7,3.9
39000,0,0,8.1,6.86
39001,1,2,6.2,4.73
39002,3,2,0.4,6.2
39003,4,1,2.4,3.41
39004,0,1,8.1,3.64
39005,3,1,9.8,4.83
39006,7,3,4.0,4.59
39007,7,1,7.5,2.4
39008,0,0,5.0,6.15
39009,5,1,4.5,4.77
39010,7,3,9.3,6.57
39011,6,1,7.3,6.5
39012,0,1,4.5,3.75
39013,0,2,7.0,3.53
39014,3,2,10.0,5.46
39015,4,0,3.9,4.74
39016,4,4,7.2,4.16
39017,4,2,6.4,7.89
39018,4,0,5.4,7.7
39019,5,4,9.6,4.86
39020,4,0,5.5,3.94
39021,6,2,5.1,5.24
39022,6,0,6.3,5.29
39023,2,3,5.4,4.37
39024,5,2,7.3,5.57
39025,7,3,5.2,5.87
39026,7,0,6.4,4.27
39027,6,4,5.1,5.5
39028,7,0,5.5,5.46
39029,1,4,6.9,5.32
39030,1,0,8.9,6.12
39031,4,1,9.5,5.95
39032,5,0,4.1,1.23
39033,7,1,7.9,6.56
39034,5,2,4.8,4.29
39035,3,0,4.8,4.41
39036,3,0,9.4,4.31
39037,7,1,3.1,5.69
39038,6,2,1.2,6.57
39039,1,0,1.7,5.63
39040,5,3,3.7,7.1
39041,3,3,5.6,4.16
39042,0,0,0.2,3.82
39043,2,2,5.0,4.95
39044,6,2,4.0,5.44
39045,2,0,8.3,2.54
39046,6,2,0.0,5.12
39047,2,1,2.5,4.64
39048,5,0,7.1,4.63
39049,6,1,2.5,4.31
39050,6,0,7.2,4.61
39051,1,2,1.5,2.74
39052,0,3,1.7,3.97
39053,7,0,2.4,5.06
39054,7,1,9.9,6.5
39055,4,0,9.9,5.73
39056,6,1,1.9,6.07
39057,4,3,2.3,4.0
39058,5,0,1.3,2.2
39059,5,3,3.6,6.52
39060,4,0,8.8,4.53
39061,7,2,5.5,4.11
39062,6,0,9.3,4.78
39063,3,3,3.2,4.95
39064,1,4,1.4,4.38
39065,6,2,4.9,4.89
39066,2,0,1.9,2.93
39067,7,0,5.1,5.71
39068,4,4,1.1,4.23
39069,5,1,3.4,5.58
39070,5,0,4.2,5.78
39071,3,2,8.9,5.92
39072,6,2,2.3,4.14
39073,6,0,8.0,3.95
39074,2,0,2.6,3.71
39075,5,4,4.1,4.05
39076,0,4,3.9,3.58
39077,6,2,7.4,4.4
39078,2,0,6.3,4.91
39079,2,2,2.2,2.53
39080,3,1,6.9,5.22
39081,5,4,0.0,5.45
39082,3,2,8.1,7.27
39083,6,0,0.8,5.71
39084,0,0,1.9,5.76
39085,3,3,1.8,5.0
39086,0,0,7.0,4.79
39087,4,2,1.6,4.61
39088,3,1,6.7,4.97
39089,2,0,4.0,4.66
39090,1,3,9.4,5.7
39091,0,3,8.8,5.45
39092,2,4,8.8,4.23
39093,2,0,6.9,6.05
39094,3,2,3.6,7.26
39095,5,1,8.2,5.2
39096,4,1,3.2,5.01
39097,3,4,2.1,6.61
39098,4,1,0.8,3.77
39099,6,0,6.7,3.27
39100,3,1,7.7,3.03
39101,6,1,6.6,3.01
39102,3,4,8.9,6.1
39103,2,3,4.7,4.71
39104,4,4,7.6,5.34
39105,2,1,9.8,3.26
39106,2,3,3.1,6.7
39107,5,1,6.8,6.47
39108,4,2,3.3,4.67
39109,0,3,9.5,6.0
39110,5,2,3.0,4.79
39111,3,4,9.7,4.58
39112,0,2,6.6,3.13
39113,1,2,2.9,4.21
39114,5,4,3.3,4.94
39115,5,1,3.8,3.78
39116,5,4,7.4,2.97
39117,2,2,3.5,3.86
39118,6,3,4.5,5.07
39119,0,4,1.3,6.83
39120,5,4,9.4,3.57
39121,7,1,8.1,6.45
39122,7,1,6.1,2.95
39123,3,3,5.1,6.05
39124,1,3,8.0,4.18
39125,5,0,3.2,3.02
39126,7,3,6.6,4.56
39127,0,1,0.9,4.33
39128,5,0,2.0,3.86
39129,2,3,3.6,6.3
39130,7,3,0.5,7.99
39131,3,2,0.9,4.56
39132,0,4,4.7,4.6
39133,3,3,1.1,3.56
39134,6,0,1.9,4.19
39135,6,1,8.3,6.17
39136,2,3,3.6,4.58
39137,7,4,5.9,3.38
39138,3,0,9.0,4.98
39139,0,2,3.4,5.11
39140,6,2,4.4,3.76
39141,6,0,7.0,6.37
39142,3,0,7.5,3.96
39143,5,1,4.5,5.81
39144,5,3,7.0,4.27
39145,4,1,1.1,5.69
39146,1,3,0.4,3.65
39147,2,0,7.3,4.72
39148,4,1,0.9,5.41
39149,3,3,5.0,3.09
39150,6,1,9.5,5.91
39151,6,2,7.3,4.47
39152,4,0,3.8,7.72
39153,3,2,0.6,3.42
39154,2,0,5.0,5.34
39155,7,4,5.9,4.8
39156,6,4,0.5,5.0
39157,7,0,0.9,5.75
39158,1,3,2.1,6.8
39159,4,1,9.6,4.25
39160,5,0,6.5,3.58
39161,3,4,2.2,6.18
39162,0,1,0.8,5.33
39163,4,3,3.7,4.83
39164,0,1,0.4,3.73
39165,1,2,6.7,5.36
39166,1,1,9.4,5.45
39167,5,0,1.0,3.92
39168,5,1,7.2,4.36
39169,0,1,7.3,6.91
39170,6,4,0.4,4.51
39171,0,4,7.3,5.51
39172,4,3,7.7,2.39
39173,3,2,6.9,3.44
39174,2,1,6.6,3.68
39175,4,3,5.0,4.4
39176,0,1,9.1,4.27
39177,6,1,7.1,4.98
39178,2,2,2.0,5.02
39179,0,0,6.8,4.03
39180,0,2,3.3,6.07
39181,5,0,5.1,4.48
39182,5,3,9.3,3.39
39183,7,1,8.8,3.96
39184,1,4,1.7,6.07
39185,3,4,7.9,4.13
39186,5,2,9.0,4.2
39187,3,1,3.6,5.35
39188,7,0,1.5,4.03
39189,6,1,8.0,4.79
39190,4,2,4.2,6.79
39191,4,1,9.1,4.33
39192,1,2,7.5,4.98
39193,6,4,9.5,7.1
39194,2,4,4.7,4.66
39195,3,4,7.6,3.35
39196,7,3,7.3,2.6
39197,0,1,7.5,4.63
39198,1,3,1.3,5.22
39199,1,2,7.8,3.08
39200,6,2,4.9,4.7
39201,5,2,4.4,3.9
39202,6,3,1.8,4.88
39203,0,2,0.8,3.92
39204,6,4,1.3,4.98
39205,5,3,1.4,5.58
39206,6,4,8.1,7.15
39207,4,0,8.1,5.38
39208,6,4,6.8,4.85
39209,1,2,7.0,5.52
39210,3,3,9.6,3.46
39211,7,1,4.1,3.64
39212,6,2,8.7,6.66
39213,1,2,9.6,4.46
39214,2,4,1.5,4.95
39215,2,2,4.7,4.93
39216,2,0,8.1,3.7
39217,4,2,3.8,6.01
39218,3,3,8.5,5.36
39219,3,0,2.9,4.87
39220,4,3,5.1,3.11
39221,1,3,0.4,3.29
39222,1,1,6.9,5.28
39223,6,1,9.5,6.38
39224,5,3,1.6,6.19
39225,2,0,0.2,6.25
39226,2,0,7.0,5.0
39227,0,0,3.0,3.82
39228,0,0,2.8,5.16
39229,1,1,4.3,6.36
39230,6,3,2.3,2.71
39231,5,0,0.6,4.57
39232,1,4,1.5,7.18
39233,6,2,1.7,3.32
39234,4,3,0.2,6.15
39235,1,2,5.2,5.71
39236,0,0,5.9,4.07
39237,2,2,2.3,5.11
39238,7,3,2.0,4.73
39239,7,1,0.2,5.41
39240,5,1,0.3,6.08
39241,6,1,4.6,5.3
39242,7,3,0.6,5.26
39243,6,0,4.4,3.1
39244,0,1,2.2,5.56
39245,7,3,8.9,4.2
39246,1,4,7.8,5.94
39247,7,4,5.8,6.82
39248,2,1,9.2,3.12
39249,5,0,2.8,5.78
39250,2,2,4.2,4.48
39251,3,0,7.6,4.92
39252,6,1,6.7,5.28
39253,0,1,3.3,6.29
39254,7,2,4.0,2.95
39255,1,0,5.3,6.46
39256,5,2,7.3,4.27
39257,7,3,4.8,4.28
39258,4,1,5.4,5.64
39259,6,0,2.7,4.9
39260,2,4,2.6,3.33
39261,4,0,7.6,3.92
39262,7,3,2.3,7.04
39263,4,4,5.2,3.06
39264,2,2,1.3,5.91
39265,6,2,4.0,6.4
39266,7,4,3.2,5.11
39267,5,3,0.7,2.67
39268,2,4,1.1,4.24
39269,1,4,1.1,5.04
39270,0,1,7.3,3.17
39271,4,1,2.6,6.34
39272,2,1,9.2,4.5
39273,3,0,7.3,4.54
39274,1,1,0.6,4.29
39275,3,2,4.8,6.49
39276,5,0,6.5,3.26
39277,5,0,1.3,4.39
39278,5,1,8.7,5.7
39279,2,1,1.7,4.55
39280,1,1,8.5,6.02
39281,0,3,9.4,4.79
39282,3,1,8.1,4.66
39283,5,1,1.4,4.94
39284,1,2,0.6,7.48
39285,1,3,6.4,5.81
39286,6,0,8.8,4.45
39287,0,4,2.9,6.16
39288,5,1,4.8,5.72
39289,2,2,4.0,5.02
39290,4,3,5.5,5.73
39291,1,0,3.6,4.59
39292,7,2,4.3,5.0
39293,6,2,5.1,4.22
39294,2,3,4.0,5.22
39295,2,4,6.6,3.95
39296,6,3,9.4,3.88
39297,0,4,7.2,3.89
39298,3,0,5.0,4.74
39299,5,2,7.8,7.47
39300,4,2,3.8,3.17
39301,6,4,7.8,3.54
39302,5,4,9.9,4.9
39303,1,1,4.7,2.08
39304,3,4,2.2,2.84
39305,2,4,4.0,4.1
39306,7,4,1.7,5.1
39307,2,4,9.6,3.62
39308,5,4,9.5,5.09
39309,3,2,4.1,4.74
39310,5,0,8.9,6.56
39311,3,0,3.9,5.5
39312,1,4,6.2,6.15
39313,3,1,4.9,5.86
39314,2,0,4.9,5.22
39315,7,2,6.3,5.93
39316,0,2,5.1,6.3
39317,5,2,1.1,7.85
39318,2,4,2.6,6.65
39319,6,1,8.8,4.64
39320,6,0,3.4,5.63
39321,5,4,2.4,5.11
39322,3,4,8.2,5.19
39323,0,0,8.4,6.98
39324,7,2,7.5,4.04
39325,6,4,0.5,6.5
39326,7,1,7.1,3.71
39327,6,2,5.9,5.45
39328,6,0,5.8,5.45
39329,5,4,6.7,5.81
39330,5,1,9.6,5.54
39331,0,2,4.9,6.37
39332,5,3,9.7,3.96
39333,6,4,9.7,5.22
39334,5,4,2.8,4.36
39335,3,1,6.4,4.76
39336,6,4,2.2,5.29
39337,3,4,6.6,4.23
39338,4,0,7.5,4.05
39339,6,4,7.5,7.25
39340,6,4,8.1,4.24
39341,2,2,1.8,4.98
39342,7,1,0.9,3.87
39343,0,2,8.2,7.57
39344,4,4,2.1,5.0
39345,0,2,4.3,6.88
39346,7,0,7.4,3.03
39347,7,0,5.9,5.83
39348,2,0,9.8,4.52
39349,3,0,6.3,5.63
39350,6,0,0.1,3.93
39351,1,1,7.3,5.37
39352,0,0,9.9,5.89
39353,0,1,0.1,6.41
39354,1,1,0.2,5.48
39355,2,2,8.1,7.28
39356,7,4,2.4,6.71
39357,0,1,0.7,5.49
39358,4,2,6.7,6.31
39359,5,3,3.9,7.35
39360,7,2,9.8,2.85
39361,6,3,1.5,5.76
39362,7,4,3.6,7.07
39363,2,3,0.1,4.94
39364,5,4,9.5,5.89
39365,2,0,3.5,3.49
39366,5,4,0.5,5.49
39367,4,4,5.1,4.15
39368,2,4,5.5,2.54
39369,6,1,1.3,3.66
39370,7,1,7.9,6.96
39371,3,4,3.9,5.11
39372,6,4,6.5,5.92
39373,7,2,6.7,4.44
39374,2,1,9.0,3.62
39375,0,4,9.3,6.29
39376,6,2,2.0,5.42
39377,6,2,7.7,5.22
39378,2,1,2.8,4.93
39379,6,2,0.6,5.77
39380,7,3,8.7,2.83
39381,2,1,3.9,5.02
39382,2,4,0.3,5.04
39383,7,0,7.0,6.62
39384,1,4,9.7,4.52
39385,5,0,2.3,6.27
39386,7,2,9.6,5.76
39387,4,3,4.8,4.15
39388,2,2,1.4,7.0
39389,1,1,2.1,3.39
39390,6,4,6.5,4.93
39391,3,2,5.5,4.3
39392,7,0,0.5,5.67
39393,2,3,5.9,3.54
39394,3,4,1.1,5.54
39395,5,4,2.9,5.47
39396,5,3,3.9,4.63
39397,5,4,4.0,5.16
39398,1,0,5.6,5.01
39399,4,2,0.6,5.72
39400,3,0,3.9,5.32
39401,7,2,8.4,4.03
39402,0,1,7.9,2.44
39403,3,0,4.3,3.89
39404,4,2,8.9,2.58
39405,7,4,7.5,7.15
39406,4,1,4.5,7.16
39407,5,1,3.3,5.56
39408,3,1,4.0,4.19
39409,4,0,7.8,4.61
39410,1,1,4.6,4.29
39411,3,0,1.4,4.25
39412,3,0,2.8,6.22
39413,1,1,2.2,6.32
39414,5,0,0.3,3.97
39415,6,1,0.2,3.84
39416,2,3,6.6,3.93
39417,1,2,3.8,5.45
39418,4,2,9.2,7.24
39419,1,2,9.6,3.42
39420,2,3,0.5,3.87
39421,7,0,2.6,5.62
39422,1,0,9.6,3.39
39423,7,3,6.1,6.38
39424,1,2,9.3,4.95
39425,4,3,5.2,3.14
39426,1,1,5.1,4.58
39427,7,2,9.7,4.65
39428,2,0,3.9,5.57
39429,6,4,6.3,4.21
39430,1,3,8.9,3.39
39431,1,4,1.9,4.51
39432,3,3,6.2,6.31
39433,3,4,2.5,5.58
39434,1,1,4.5,3.97
39435,7,2,1.2,5.85
39436,4,4,2.1,4.82
39437,1,1,0.1,6.18
39438,5,3,8.5,2.77
39439,3,4,8.8,3.09
39440,2,4,1.4,4.92
39441,3,4,6.4,5.67
39442,4,0,9.8,7.06
39443,0,4,7.7,7.11
39444,3,2,1.5,4.36
39445,6,1,4.5,4.94
39446,4,0,7.5,4.36
39447,2,1,7.0,3.76
39448,3,4,6.2,6.37
39449,1,3,9.3,6.15
39450,7,3,2.6,4.0
39451,5,3,1.8,3.82
39452,1,1,9.1,6.49
39453,7,1,9.5,3.37
39454,2,1,9.9,4.3
39455,3,1,9.2,3.07
39456,2,0,8.3,5.0
39457,7,2,9.4,2.39
39458,3,2,8.5,5.32
39459,4,0,3.2,2.19
39460,1,2,2.2,3.68
39461,6,4,1.2,5.2
39462,6,4,3.4,5.77
39463,5,1,7.8,7.08
39464,5,4,4.3,4.55
39465,2,3,4.7,5.31
39466,5,2,4.5,8.21
39467,1,0,9.9,4.89
39468,1,3,2.3,4.15
39469,6,2,5.3,3.41
39470,1,2,3.1,3.62
39471,3,4,7.4,1.65
39472,7,2,1.8,4.0
39473,0,4,0.3,4.21
39474,6,4,2.3,3.81
39475,7,2,4.1,6.17
39476,3,0,3.5,4.55
39477,1,1,6.6,7.96
39478,2,1,2.9,2.82
39479,5,4,7.4,2.37
39480,4,3,6.0,3.6
39481,2,0,9.9,7.04
39482,6,3,7.1,5.71
39483,0,3,8.9,4.25
39484,1,1,2.4,4.74
39485,3,2,5.1,5.19
39486,5,2,2.9,7.53
39487,7,0,0.8,6.13
39488,0,4,0.4,5.31
39489,7,2,9.3,5.39
39490,0,4,1.6,3.94
39491,6,3,0.5,4.09
39492,1,4,1.0,5.57
39493,4,2,4.1,4.73
39494,4,2,2.4,3.72
39495,1,0,6.0,2.99
39496,6,4,9.1,5.53
39497,3,3,3.0,5.02
39498,2,1,7.8,6.73
39499,2,1,0.5,3.32
39500,2,4,10.0,6.78
39501,7,4,9.9,4.11
39502,0,3,0.4,4.57
39503,7,2,1.6,7.68
39504,4,0,1.9,6.03
39505,6,2,3.0,4.88
39506,6,3,2.3,5.06
39507,7,1,3.0,4.67
39508,2,1,1.4,2.82
39509,1,3,0.7,4.0
39510,0,0,7.2,5.44
39511,7,0,0.6,4.49
39512,3,0,0.2,5.29
39513,2,2,1.6,5.77
39514,7,0,2.0,5.78
39515,5,0,2.8,5.35
39516,4,0,1.0,5.17
39517,7,0,1.8,4.72
39518,3,4,6.5,6.56
39519,1,3,4.0,6.79
39520,0,2,1.8,3.46
39521,0,3,3.0,6.12
39522,7,0,3.0,4.31
39523,3,3,5.4,5.22
39524,5,2,6.2,5.26
39525,4,3,10.0,6.86
39526,5,4,9.3,4.22
39527,5,4,2.5,6.31
39528,3,4,2.9,5.06
39529,6,2,0.0,3.84
39530,7,2,5.5,5.48
39531,3,2,4.1,7.33
39532,4,0,3.1,3.0
39533,0,4,6.3,3.59
39534,7,3,6.3,6.27
39535,0,2,4.1,5.99
39536,1,3,2.6,4.0
39537,2,1,7.5,5.47
39538,6,1,6.6,6.46
39539,4,3,9.1,3.79
39540,4,3,5.8,4.89
39541,6,3,2.0,5.85
39542,6,4,1.7,7.59
39543,2,1,5.6,5.85
39544,0,2,3.2,2.88
39545,4,1,1.6,3.66
39546,7,1,8.5,5.21
39547,7,1,8.2,3.88
39548,1,3,2.9,6.11
39549,3,1,2.0,6.11
39550,1,3,4.9,1.48
39551,1,2,3.7,4.84
39552,5,3,7.7,6.81
39553,2,2,8.0,5.2
39554,2,3,4.5,5.77
39555,7,0,1.4,2.49
39556,0,4,2.2,4.23
39557,7,1,4.2,6.8
39558,1,2,2.6,4.11
39559,4,1,2.6,5.82
39560,5,4,2.6,4.84
39561,0,3,6.6,6.94
39562,1,1,0.6,4.38
39563,6,3,3.5,4.82
39564,4,0,1.3,5.96
39565,1,1,1.8,6.26
39566,6,4,9.3,4.99
39567,6,1,9.9,3.43
39568,1,1,4.6,3.87
39569,5,4,5.8,4.02
39570,0,0,3.4,6.01
39571,4,0,6.1,2.8
39572,3,1,2.0,6.46
39573,2,2,5.1,7.18
39574,3,4,0.9,5.3
39575,3,0,3.4,4.28
39576,6,1,1.4,7.53
39577,3,0,0.5,3.85
39578,2,1,4.1,4.2
39579,2,3,7.9,6.93
39580,1,3,2.3,3.44
39581,1,0,3.1,5.4
39582,2,2,2.9,7.03
39583,0,3,0.3,2.99
39584,6,3,5.5,3.68
39585,2,1,2.1,6.92
39586,0,4,7.6,5.63
39587,6,0,4.2,5.97
39588,7,0,0.9,4.26
39589,6,0,0.0,2.76
39590,7,2,6.9,7.18
39591,6,1,3.9,6.35
39592,6,0,9.1,4.83
39593,5,0,2.2,5.2
39594,1,4,5.3,3.19
39595,4,2,5.3,5.25
39596,1,3,6.8,5.32
39597,0,2,2.3,4.84
39598,5,2,3.4,3.98
39599,1,4,4.2,5.16
39600,0,1,10.0,4.21
39601,2,0,0.9,5.26
39602,0,2,5.3,4.63
39603,0,0,0.1,3.3
39604,1,3,4.4,4.31
39605,2,3,5.9,2.94
39606,5,0,4.5,4.83
39607,7,2,6.8,5.67
39608,2,4,2.3,3.96
39609,0,1,5.8,6.06
39610,6,4,5.3,4.08
39611,7,1,5.1,6.29
39612,2,0,5.9,6.04
39613,0,2,3.7,3.37
39614,4,0,6.6,3.51
39615,2,2,3.2,4.91
39616,5,0,1.9,5.01
39617,3,3,3.6,2.46
39618,1,4,6.1,4.79
39619,6,0,9.6,3.98
39620,7,3,7.7,4.42
39621,5,1,8.0,3.48
39622,0,1,9.5,4.93
39623,3,1,2.2,5.16
39624,3,2,4.4,5.88
39625,4,1,6.8,7.33
39626,2,1,4.3,7.07
39627,4,3,1.6,3.27
39628,1,3,4.7,3.15
39629,7,3,4.7,7.24
39630,3,3,9.7,4.65
39631,1,4,5.9,4.2
39632,5,3,7.3,4.95
39633,3,3,9.6,3.64
39634,7,3,6.1,5.86
39635,5,1,2.3,3.8
39636,6,2,4.5,5.31
39637,7,0,7.4,5.77
39638,2,4,3.2,4.97
39639,2,0,4.7,6.79
39640,7,3,2.5,4.51
39641,6,2,2.6,4.99
39642,7,1,0.9,2.5
39643,0,2,5.8,5.41
39644,3,4,2.5,4.54
39645,7,0,0.7,7.07
39646,2,2,6.9,5.92
39647,5,0,2.8,3.38
39648,2,2,6.7,5.29
39649,3,2,1.5,6.49
39650,3,2,5.3,5.8
39651,6,1,3.9,3.21
39652,6,0,2.1,4.52
39653,0,0,9.2,5.68
39654,3,3,4.9,5.27
39655,1,4,2.7,6.22
39656,7,1,1.1,4.42
39657,1,0,0.7,3.69
39658,1,1,8.9,4.24
39659,3,0,8.6,6.62
39660,6,2,1.6,5.4
39661,4,2,9.6,4.28
39662,5,1,5.7,6.12
39663,5,4,2.8,4.95
39664,2,4,0.9,4.17
39665,5,1,6.5,6.53
39666,7,2,7.2,3.36
39667,2,0,4.6,6.76
39668,1,4,1.0,4.57
39669,1,2,1.1,5.96
39670,1,2,8.2,4.41
39671,5,4,4.2,5.29
39672,2,4,8.7,3.38
39673,5,2,0.4,3.59
39674,0,4,2.0,4.66
39675,3,2,2.0,4.38
39676,0,2,6.2,5.21
39677,7,4,2.6,5.54
39678,4,4,4.9,4.41
39679,2,1,7.7,5.46
39680,7,2,6.0,6.6
39681,0,0,8.7,7.24
39682,6,2,9.1,6.19
39683,2,1,5.0,7.56
39684,5,4,3.7,6.37
39685,5,1,9.9,4.42
39686,5,2,2.7,5.78
39687,6,4,3.2,4.75
39688,4,4,4.1,4.62
39689,7,0,7.1,7.02
39690,5,2,0.3,5.91
39691,7,0,3.3,5.1
39692,7,2,8.9,5.85
39693,1,3,6.9,4.44
39694,3,4,3.9,6.23
39695,4,2,7.2,4.42
39696,5,4,7.0,5.74
39697,0,2,6.5,5.67
39698,2,4,8.9,5.38
39699,1,4,3.0,2.96
39700,6,4,6.7,3.81
39701,0,1,8.2,5.06
39702,4,2,8.6,4.4
39703,0,2,3.0,5.67
39704,1,2,9.5,4.19
39705,6,2,9.3,4.19
39706,2,2,9.6,5.23
39707,5,3,2.2,5.0
39708,5,4,2.2,3.26
39709,3,3,1.9,4.08
39710,2,1,1.7,3.48
39711,4,1,7.3,4.04
39712,7,2,6.4,6.58
39713,5,0,7.5,6.28
39714,5,2,0.8,3.37
39715,7,1,7.1,6.73
39716,3,1,6.4,4.61
39717,7,2,3.8,7.07
39718,6,0,7.9,3.97
39719,1,1,9.8,3.26
39720,0,0,8.2,5.84
39721,4,4,9.7,2.92
39722,6,3,4.8,5.28
39723,0,2,9.2,6.29
39724,3,0,3.9,4.36
39725,1,1,8.0,4.98
39726,7,4,8.3,4.88
39727,6,4,1.7,5.54
39728,7,2,2.3,6.63
39729,0,2,2.2,4.58
39730,6,4,10.0,5.23
39731,7,1,9.6,5.64
39732,5,3,0.8,3.98
39733,2,1,8.0,4.85
39734,4,2,5.6,3.66
39735,2,0,9.9,6.49
39736,3,3,4.5,3.42
39737,7,2,4.3,5.25
39738,6,3,7.6,4.67
39739,1,0,2.7,5.93
39740,7,0,2.6,6.36
39741,1,2,8.6,5.56
39742,2,0,3.3,4.53
39743,1,3,1.3,5.99
39744,4,0,2.0,4.77
39745,2,0,5.1,4.96
39746,0,4,4.2,5.69
39747,5,2,8.3,5.09
39748,3,1,7.8,4.84
39749,4,0,7.7,7.16
39750,4,2,8.0,3.22
39751,7,0,6.3,4.86
39752,1,1,0.9,3.67
39753,5,1,2.1,3.91
39754,0,3,0.0,3.28
39755,7,4,5.4,4.92
39756,3,0,7.4,4.49
39757,4,3,1.7,3.61
39758,3,2,0.1,4.51
39759,7,4,8.7,5.83
39760,6,0,5.3,6.56
39761,7,0,2.5,5.74
39762,2,0,3.8,4.13
39763,1,1,6.6,4.44
39764,1,3,9.3,5.34
39765,2,1,8.6,5.33
39766,5,1,5.8,4.96
39767,1,1,1.9,2.98
39768,3,3,5.7,3.62
39769,3,4,0.5,6.73
39770,6,4,7.0,5.44
39771,5,2,3.0,3.78
39772,4,1,1.5,4.13
39773,6,1,2.0,4.09
39774,1,2,3.1,4.33
39775,5,1,4.5,5.26
39776,4,4,5.8,3.66
39777,6,4,0.3,4.99
39778,3,2,3.5,5.81
39779,0,0,2.8,4.08
39780,7,2,3.8,6.12
39781,1,1,5.6,4.16
39782,5,1,9.5,5.7
39783,1,1,6.9,6.27
39784,1,4,9.5,3.14
39785,7,2,7.3,4.78
39786,5,4,7.5,6.61
39787,5,1,0.6,4.7
39788,5,0,6.8,5.08
39789,1,2,0.9,4.51
39790,7,3,9.4,4.24
39791,7,1,4.9,4.21
39792,7,3,3.3,6.51
39793,7,4,5.5,4.91
39794,2,1,5.8,5.1
39795,4,3,7.9,4.6
39796,4,4,3.3,4.66
39797,0,3,3.4,4.98
39798,6,3,8.2,6.99
39799,0,3,4.5,6.1
39800,6,1,1.0,4.85
39801,0,0,6.5,4.93
39802,3,3,0.5,3.85
39803,3,4,8.1,5.28
39804,7,4,6.5,4.22
39805,0,2,4.8,6.45
39806,4,0,9.2,4.35
39807,7,3,9.7,4.41
39808,5,3,0.2,3.25
39809,4,3,4.8,3.02
39810,5,4,5.3,3.5
39811,0,4,3.5,4.4
39812,7,2,8.2,3.88
39813,6,2,0.3,5.6
39814,2,3,3.9,3.97
39815,7,4,3.1,6.89
39816,1,3,9.7,5.35
39817,4,1,1.7,6.21
39818,6,4,3.3,6.06
39819,7,1,4.2,5.53
39820,2,1,5.7,5.19
39821,5,1,0.8,3.25
39822,6,3,1.9,5.66
39823,6,0,2.0,3.42
39824,3,4,1.0,4.93
39825,1,4,9.8,5.61
39826,2,3,3.7,5.05
39827,3,0,8.9,4.46
39828,2,2,2.8,5.02
39829,7,4,2.6,5.14
39830,4,3,3.2,4.94
39831,0,1,4.3,4.79
39832,7,1,3.3,8.09
39833,6,4,0.7,4.2
39834,5,4,6.4,6.0
39835,6,4,4.1,4.38
39836,1,1,6.3,2.84
39837,5,2,2.2,4.92
39838,5,2,3.2,6.69
39839,7,4,9.6,3.05
39840,1,2,1.0,5.12
39841,3,3,4.1,4.45
39842,6,4,5.9,6.15
39843,0,1,1.9,3.73
39844,4,3,6.2,4.4
39845,1,2,4.6,5.72
39846,0,3,1.3,5.85
39847,7,1,5.3,7.06
39848,1,0,7.9,4.89
39849,1,3,6.7,3.23
39850,7,2,0.3,5.34
39851,2,3,2.9,4.04
39852,6,1,3.4,7.07
39853,4,4,9.5,6.17
39854,1,4,1.4,5.51
39855,6,1,5.5,5.44
39856,5,1,7.2,2.31
39857,3,3,8.2,4.61
39858,5,3,8.4,4.94
39859,5,3,1.7,4.85
39860,4,1,5.4,5.72
39861,0,1,8.3,5.15
39862,1,4,8.3,5.23
39863,0,4,8.6,3.35
39864,2,1,9.4,8.87
39865,1,1,3.1,5.07
39866,4,0,5.8,5.04
39867,4,3,3.0,4.89
39868,7,1,9.9,7.88
39869,3,0,8.0,5.36
39870,0,0,6.1,4.17
39871,3,1,8.1,7.07
39872,5,3,4.8,2.96
39873,1,3,7.6,5.25
39874,7,0,6.6,4.65
39875,6,1,1.0,5.87
39876,0,4,7.3,3.68
39877,6,2,5.8,4.01
39878,5,4,2.9,5.98
39879,2,2,3.0,6.41
39880,7,3,7.7,4.65
39881,2,2,6.9,4.55
39882,4,4,6.2,2.53
39883,7,1,6.6,4.12
39884,4,4,6.8,6.46
39885,4,1,5.0,4.73
39886,5,0,6.0,4.17
39887,2,2,4.6,4.93
39888,3,2,7.4,6.02
39889,1,1,2.8,5.26
39890,3,2,6.2,3.91
39891,7,4,1.1,5.49
39892,4,0,4.2,6.49
39893,0,4,0.1,3.31
39894,2,3,5.3,5.12
39895,5,3,8.2,2.92
39896,5,3,9.2,2.95
39897,7,3,8.8,3.59
39898,1,2,7.3,5.2
39899,6,2,3.1,5.07
39900,5,4,3.3,5.4
39901,0,4,0.5,3.9
39902,6,2,3.2,5.13
39903,7,2,10.0,6.05
39904,4,4,5.2,5.65
39905,3,2,6.6,2.94
39906,6,4,0.6,6.86
39907,4,4,4.4,5.08
39908,4,3,6.6,6.1
39909,2,2,4.1,4.69
39910,2,4,9.2,6.41
39911,5,1,1.4,4.92
39912,2,4,2.2,5.65
39913,5,2,9.9,5.46
39914,7,4,9.7,4.9
39915,4,4,1.1,5.06
39916,4,2,6.2,5.94
39917,4,0,1.1,7.12
39918,3,2,3.4,3.35
39919,7,2,1.3,3.68
39920,7,2,4.7,6.2
39921,2,2,2.8,4.01
39922,0,0,0.2,6.41
39923,2,2,4.0,5.52
39924,7,3,1.4,5.51
39925,6,0,2.8,4.6
39926,2,0,9.9,4.7
39927,1,1,2.9,3.49
39928,0,1,6.5,3.88
39929,2,3,2.6,6.14
39930,6,0,5.4,4.53
39931,6,3,2.1,4.41
39932,4,4,2.5,6.27
39933,1,2,2.5,4.63
39934,1,1,1.6,5.75
39935,5,2,3.8,4.45
39936,7,0,3.0,6.74
39937,0,3,2.8,3.23
39938,5,0,7.2,5.37
39939,3,1,7.1,6.78
39940,7,0,8.0,5.5
39941,1,3,9.6,4.87
39942,0,0,6.3,5.56
39943,1,2,8.3,3.79
39944,1,3,8.4,7.61
39945,1,0,5.7,5.85
39946,6,4,3.5,5.26
39947,2,0,7.3,5.53
39948,4,4,9.1,3.13
39949,6,3,4.4,4.89
39950,6,3,4.7,3.72
39951,3,3,4.4,4.25
39952,7,3,6.6,4.58
39953,4,3,9.3,4.73
39954,4,3,4.8,4.86
39955,5,0,0.8,3.79
39956,1,2,8.9,3.56
39957,4,0,9.7,7.68
39958,2,2,4.9,5.98
39959,3,1,3.4,6.31
39960,1,3,8.6,3.59
39961,2,0,2.2,6.18
39962,3,1,0.4,5.06
39963,5,3,7.1,2.59
39964,7,3,3.1,5.03
39965,4,2,5.6,4.78
39966,6,3,3.1,4.36
39967,3,3,8.6,3.84
39968,5,3,4.5,3.35
39969,1,1,1.5,3.37
39970,2,3,6.6,7.38
39971,5,1,0.9,4.88
39972,2,3,9.7,4.64
39973,1,3,0.3,5.35
39974,4,1,4.8,5.32
39975,4,4,6.7,6.44
39976,2,1,7.1,6.01
39977,4,1,8.9,4.82
39978,2,0,0.0,6.3
39979,0,1,0.3,5.12
39980,2,3,5.3,5.94
39981,2,2,2.5,5.0
39982,2,0,2.2,4.32
39983,1,3,3.2,3.99
39984,0,0,6.9,3.32
39985,5,4,10.0,4.31
39986,1,1,1.1,4.07
39987,0,2,8.8,6.82
39988,7,1,4.6,6.62
39989,7,2,1.7,4.47
39990,5,2,6.2,5.81
39991,1,0,3.9,5.25
39992,0,2,2.3,4.56
39993,2,2,8.3,7.23
39994,7,0,5.8,5.6
39995,4,3,7.1,3.48
39996,5,0,8.8,5.58
39997,4,0,8.0,6.84
39998,0,4,5.4,6.58
39999,2,1,4.7,5.03
40000,1,0,5.4,4.71
40001,0,0,0.9,4.44
40002,0,3,9.7,5.07
40003,4,3,2.1,4.6
40004,2,3,4.7,5.2
40005,5,1,3.2,4.33
40006,6,1,8.1,5.85
40007,5,4,3.2,4.4
40008,5,4,8.9,4.87
40009,2,2,4.3,5.58
40010,2,0,3.0,5.02
40011,1,2,4.4,5.12
40012,7,2,0.7,3.15
40013,1,1,7.1,5.3
40014,3,4,8.0,3.87
40015,0,2,7.0,5.25
40016,6,4,6.4,5.89
40017,4,3,4.5,4.26
40018,4,0,1.5,5.06
40019,7,2,0.2,2.76
40020,3,3,6.8,6.04
40021,0,4,8.7,6.44
40022,7,2,9.0,3.73
40023,6,3,5.6,4.56
40024,5,4,3.4,5.52
40025,2,1,6.3,4.6
40026,6,4,3.8,5.8
40027,5,0,3.4,3.15
40028,5,3,0.7,6.13
40029,4,3,3.1,5.86
40030,4,1,7.1,4.51
40031,2,4,5.2,6.36
40032,7,1,2.6,4.3
40033,0,3,6.9,5.41
40034,0,2,1.0,5.07
40035,6,3,7.3,2.68
40036,0,1,9.6,5.76
40037,0,0,0.8,3.94
40038,5,4,4.1,5.8
40039,2,1,0.4,3.85
40040,6,4,6.4,4.62
40041,6,4,7.3,2.99
40042,5,3,4.5,5.06
40043,5,1,0.6,4.25
40044,4,4,2.5,6.12
40045,0,3,3.5,7.05
40046,6,1,7.2,4.74
40047,6,1,7.2,7.26
40048,7,0,4.6,5.71
40049,5,0,0.2,3.72
40050,2,0,7.7,3.98
40051,0,2,2.6,5.25
40052,1,2,1.7,4.16
40053,5,4,9.5,5.19
40054,7,0,4.7,1.06
40055,1,4,1.7,4.34
40056,6,3,9.0,3.16
40057,0,2,9.6,6.63
40058,6,2,8.6,3.95
40059,4,3,8.8,3.9
40060,7,4,0.6,4.63
40061,3,2,7.4,5.23
40062,2,0,0.7,3.94
40063,2,0,3.2,6.51
40064,4,0,9.9,6.38
40065,0,4,3.3,3.92
40066,6,4,8.0,7.32
40067,1,3,5.2,4.41
40068,4,1,9.2,3.72
40069,6,1,8.9,4.52
40070,6,3,8.2,3.77
40071,1,0,7.6,5.67
40072,7,3,9.6,6.38
40073,2,3,1.5,4.11
40074,5,2,4.2,6.38
40075,7,4,8.2,5.19
40076,1,1,9.5,5.72
40077,5,0,5.2,6.15
40078,1,4,9.6,5.61
40079,1,0,7.8,6.91
40080,5,4,0.6,3.73
40081,7,2,9.6,4.26
40082,1,4,0.4,4.97
40083,3,4,3.0,4.51
40084,5,0,8.2,2.92
40085,7,3,4.7,2.94
40086,3,4,7.8,4.43
40087,4,4,8.8,4.03
40088,0,2,7.5,6.99
40089,4,4,4.0,6.24
40090,2,1,9.9,6.27
40091,7,0,8.8,6.38
40092,0,0,0.7,7.08
40093,7,1,9.4,6.31
40094,4,1,5.6,4.47
40095,0,1,2.5,5.59
40096,6,1,9.8,4.29
40097,3,1,3.6,4.39
40098,7,2,3.2,4.89
40099,1,2,4.2,4.41
40100,2,3,7.8,4.39
40101,1,0,7.4,4.2
40102,5,2,9.9,6.18
40103,0,2,4.4,4.49
40104,4,3,5.5,5.2
40105,0,1,0.4,6.53
40106,7,4,1.7,4.23
40107,5,4,3.5,6.35
40108,5,1,8.9,7.54
40109,7,4,5.4,4.3
40110,7,2,3.8,7.13
40111,6,3,9.4,3.39
40112,2,1,1.8,4.17
40113,3,2,2.4,7.01
40114,3,4,3.9,3.52
40115,0,2,2.4,4.91
40116,6,0,3.7,5.17
40117,4,2,7.4,4.38
40118,1,2,8.5,3.98
40119,5,1,1.8,6.08
40120,1,1,0.7,3.41
40121,6,3,6.4,3.28
40122,1,0,3.9,5.6
40123,5,3,0.1,3.58
40124,1,2,6.8,4.1
40125,0,1,2.8,6.37
40126,7,0,3.7,4.37
40127,7,2,6.7,5.55
40128,4,1,3.4,2.68
40129,6,2,4.7,5.47
40130,6,1,5.3,4.62
40131,5,3,7.7,3.75
40132,4,3,3.5,3.77
40133,3,3,1.3,6.68
40134,5,1,1.2,4.64
40135,5,4,4.6,3.98
40136,0,0,1.1,4.62
40137,5,4,3.5,6.42
40138,5,1,6.3,6.67
40139,7,3,1.2,6.01
40140,1,1,1.1,5.64
40141,3,3,7.9,5.76
40142,3,3,9.6,4.83
40143,3,0,9.9,4.56
40144,3,2,3.3,5.54
40145,3,2,2.8,6.22
40146,7,4,10.0,3.98
40147,1,1,6.9,5.41
40148,2,0,8.0,5.47
40149,4,3,7.1,5.99
40150,0,4,1.1,3.74
40151,3,0,3.8,5.09
40152,5,3,8.6,2.04
40153,2,1,3.7,5.35
40154,6,0,6.1,5.71
40155,0,4,2.8,4.97
40156,2,2,9.5,7.3
40157,7,2,10.0,6.25
40158,2,2,2.0,5.45
40159,0,2,6.7,5.05
40160,2,0,2.0,3.86
40161,5,2,9.5,4.22
40162,4,1,9.9,5.83
40163,2,0,5.4,3.81
40164,2,3,9.7,4.65
40165,2,3,3.7,4.59
40166,2,2,7.3,3.85
40167,7,0,9.6,4.49
40168,4,3,2.2,3.82
40169,0,4,7.9,3.98
40170,0,4,5.2,2.62
40171,6,1,1.7,4.39
40172,5,4,5.6,5.49
40173,2,3,0.4,4.43
40174,0,0,4.5,4.97
40175,5,0,3.3,3.53
40176,3,4,2.3,4.03
40177,7,4,9.6,5.94
40178,3,0,1.2,5.85
40179,3,2,4.2,5.04
40180,3,1,6.5,4.26
40181,2,0,5.8,4.75
40182,4,1,1.1,5.03
40183,0,1,8.7,3.4
40184,4,0,1.8,5.47
40185,1,4,3.3,3.87
40186,2,4,3.7,3.42
40187,7,0,6.9,4.02
40188,2,3,4.6,5.88
40189,3,1,7.3,5.61
40190,1,1,9.6,4.59
40191,4,2,7.8,4.67
40192,7,4,4.9,4.69
40193,0,0,0.3,4.64
40194,2,3,3.2,5.9
40195,0,3,5.6,1.8
40196,7,1,2.9,5.39
40197,5,4,1.2,5.08
40198,4,4,1.8,4.35
40199,0,3,3.9,4.47
40200,1,1,7.9,6.13
40201,7,1,7.3,4.9
40202,0,4,4.1,6.67
40203,1,4,5.9,4.86
40204,0,4,5.1,6.06
40205,7,4,5.5,5.01
40206,6,0,1.2,5.0
40207,0,0,0.6,5.81
40208,3,4,1.1,4.76
40209,7,1,3.4,4.51
40210,7,1,1.8,6.69
40211,1,3,6.0,6.47
40212,1,1,2.6,4.41
40213,2,0,1.6,6.25
40214,3,4,9.7,5.58
40215,7,4,6.7,4.23
40216,4,4,4.8,7.2
40217,5,0,3.1,5.53
40218,1,3,0.1,4.34
40219,4,1,8.1,5.26
40220,5,0,3.7,6.42
40221,4,0,5.7,4.62
40222,6,2,1.0,6.31
40223,1,1,5.8,3.87
40224,1,4,6.9,5.93
40225,4,4,4.9,4.12
40226,2,2,5.1,4.8
40227,5,3,5.4,4.27
40228,4,1,4.2,6.03
40229,0,2,8.2,4.77
40230,3,3,4.7,5.49
40231,2,2,5.0,5.76
40232,5,4,4.1,6.56
40233,0,2,7.2,3.74
40234,0,0,3.8,4.51
40235,4,4,8.0,6.75
40236,0,3,10.0,5.79
40237,6,1,8.4,5.9
40238,3,4,2.7,5.06
40239,6,0,3.8,4.44
40240,7,1,6.7,7.6
40241,5,4,0.8,3.89
40242,5,3,8.6,5.96
40243,2,2,1.7,3.97
40244,3,3,1.9,6.47
40245,5,4,9.0,4.11
40246,4,0,2.9,5.29
40247,5,3,3.6,5.43
40248,4,3,0.7,4.61
40249,1,1,8.6,3.37
40250,7,4,3.3,4.41
40251,4,3,1.4,6.32
40252,6,1,5.3,5.39
40253,7,0,8.2,5.65
40254,1,0,9.7,6.28
40255,1,1,0.1,4.89
40256,2,1,6.0,3.54
40257,6,3,9.7,2.5
40258,5,0,2.3,5.62
40259,0,4,4.0,4.26
40260,3,2,0.9,4.12
40261,7,4,4.3,5.91
40262,4,1,1.7,3.81
40263,4,4,4.3,5.28
40264,0,2,6.0,5.61
40265,2,2,8.1,6.42
40266,5,3,4.4,6.46
40267,0,3,3.2,5.38
40268,2,3,4.5,3.04
40269,7,0,7.6,7.61
40270,4,0,1.1,5.85
40271,3,4,9.3,7.14
40272,0,2,9.0,4.69
40273,0,3,9.4,2.71
40274,6,0,1.3,6.89
40275,2,0,3.4,4.29
40276,2,1,5.5,4.71
40277,1,0,0.6,3.14
40278,1,3,2.5,4.53
40279,4,1,1.9,6.16
40280,2,1,3.7,5.93
40281,4,1,0.1,7.24
40282,2,0,9.8,5.43
40283,5,2,1.3,3.74
40284,1,0,3.1,4.6
40285,7,1,6.9,6.16
40286,4,2,0.1,6.26
40287,5,1,0.3,5.67
40288,5,3,6.1,3.8
40289,2,2,8.2,4.22
40290,4,0,2.0,3.8
40291,1,4,8.1,5.55
40292,2,4,6.2,5.95
40293,2,3,7.3,4.53
40294,0,1,0.9,5.27
40295,4,0,3.8,6.03
40296,6,4,0.2,2.41
40297,7,2,3.5,5.74
40298,3,4,0.8,5.97
40299,7,1,0.9,4.98
40300,1,1,1.0,6.85
40301,1,3,3.4,5.16
40302,2,1,0.9,5.93
40303,2,2,5.8,5.16
40304,7,2,2.5,5.05
40305,4,1,6.5,5.05
40306,1,1,7.6,5.01
40307,1,0,9.8,2.15
40308,5,4,0.8,5.89
40309,0,4,4.9,5.88
40310,4,3,6.6,5.34
40311,7,3,8.2,7.27
40312,5,4,1.4,6.02
40313,2,2,5.2,7.08
40314,0,1,9.6,3.02
40315,6,2,1.5,4.12
40316,7,4,2.6,5.36
40317,3,0,8.2,3.38
40318,6,3,0.2,4.58
40319,2,3,8.4,5.52
40320,7,2,5.1,4.85
40321,0,1,8.7,4.6
40322,2,2,1.0,4.75
40323,4,4,4.8,3.32
40324,1,3,1.4,4.99
40325,5,3,0.1,5.2
40326,6,4,7.1,4.89
40327,6,4,2.7,4.33
40328,0,1,5.2,5.47
40329,0,1,0.9,5.73
40330,2,3,0.0,6.22
40331,5,1,5.8,3.51
40332,3,4,7.8,2.95
40333,7,2,0.2,5.06
40334,7,3,2.0,6.11
40335,6,4,8.5,5.31
40336,0,2,0.1,4.41
40337,6,2,5.9,4.59
40338,6,1,5.5,4.81
40339,1,3,8.2,3.44
40340,7,2,2.0,7.21
40341,0,4,3.4,7.15
40342,7,1,5.8,5.51
40343,2,1,2.6,5.25
40344,6,0,1.4,7.0
40345,1,2,3.2,3.53
40346,6,4,6.5,3.32
40347,6,3,2.0,3.78
40348,2,3,5.4,5.14
40349,2,1,5.9,2.96
40350,5,0,10.0,4.74
40351,0,3,0.8,7.17
40352,7,0,6.1,6.05
40353,3,1,5.7,4.82
40354,5,3,5.4,4.76
40355,4,1,2.7,6.06
40356,1,3,9.3,5.5
40357,3,3,7.6,4.71
40358,4,2,1.4,5.97
40359,5,0,9.7,5.09
40360,7,2,6.3,3.34
40361,2,3,0.0,5.99
40362,4,4,6.0,5.62
40363,0,4,4.3,3.78
40364,1,1,1.8,4.81
40365,4,2,10.0,7.27
40366,3,2,7.8,3.65
40367,7,2,8.9,3.43
40368,4,2,9.6,4.95
40369,7,0,5.2,6.55
40370,3,2,1.0,5.27
40371,6,3,7.0,5.28
40372,4,2,2.3,6.52
40373,2,0,6.4,2.34
40374,3,0,7.9,4.67
40375,0,0,4.2,7.15
40376,6,4,1.0,5.18
40377,4,2,4.1,5.99
40378,0,1,5.8,3.49
40379,3,0,6.1,3.09
40380,4,1,0.6,6.09
40381,2,0,9.3,3.38
40382,7,0,3.0,1.33
40383,4,4,8.5,3.52
40384,2,2,10.0,3.74
40385,0,1,4.3,3.47
40386,4,1,7.6,5.91
40387,0,1,1.2,5.32
40388,6,2,8.6,4.25
40389,5,1,7.3,4.51
40390,3,2,7.0,4.4
40391,5,1,6.1,6.77
40392,1,1,5.1,4.02
40393,6,4,4.5,3.85
40394,2,0,5.1,2.35
40395,6,0,3.2,2.89
40396,4,0,9.5,5.49
40397,2,2,3.5,1.4
40398,3,4,7.7,4.74
40399,6,2,7.8,4.15
40400,4,0,8.0,4.33
40401,5,2,4.5,5.37
40402,7,1,3.6,5.22
40403,7,4,9.8,4.02
40404,4,1,4.6,4.96
40405,4,1,6.3,4.31
40406,0,2,5.9,4.44
40407,0,1,8.0,4.8
40408,3,4,5.5,6.18
40409,2,4,0.1,2.49
40410,0,2,8.0,7.61
40411,3,4,9.7,2.76
40412,5,1,6.3,4.48
40413,5,0,3.7,2.29
40414,5,0,6.9,4.39
40415,0,3,0.2,5.04
40416,7,1,0.8,7.11
40417,1,3,3.7,6.17
40418,2,0,7.7,4.74
40419,7,0,9.2,4.63
40420,0,3,9.6,4.6
40421,6,0,8.1,7.0
40422,3,3,9.2,8.23
40423,6,2,8.7,2.73
40424,0,1,6.1,2.73
40425,2,4,0.6,5.72
40426,2,3,1.1,5.23
40427,7,0,2.1,6.08
40428,2,3,4.2,4.48
40429,4,2,9.8,5.93
40430,4,3,5.0,6.22
40431,1,3,6.6,3.85
40432,1,0,9.9,5.15
40433,0,4,3.8,4.27
40434,4,0,7.8,6.48
40435,7,4,3.9,3.66
40436,5,4,9.3,7.59
40437,4,4,0.8,4.5
40438,6,1,0.5,6.05
40439,0,4,9.6,3.51
40440,5,1,4.1,4.36
40441,4,3,9.0,5.04
40442,0,4,3.9,3.65
40443,2,1,1.4,3.51
40444,7,2,6.4,6.13
40445,6,0,8.9,7.73
40446,3,4,1.1,5.59
40447,1,3,6.5,3.31
40448,7,3,9.7,4.09
40449,3,0,2.9,5.13
40450,5,0,3.6,4.85
40451,7,0,8.2,2.9
40452,0,2,2.6,5.92
40453,3,4,0.0,5.74
40454,3,3,7.6,2.68
40455,7,4,3.9,4.89
40456,0,2,3.1,4.15
40457,4,1,3.0,4.39
40458,3,0,0.5,5.19
40459,4,4,5.4,3.26
40460,1,2,1.0,5.41
40461,5,4,3.1,3.16
40462,0,0,0.9,3.31
40463,7,0,4.5,2.5
40464,1,0,2.0,4.31
40465,5,4,0.9,4.13
40466,6,3,4.3,6.26
40467,2,1,8.0,4.29
40468,7,3,9.5,4.93
40469,2,3,4.3,4.75
40470,6,3,7.6,4.27
40471,1,1,3.2,5.33
40472,5,3,5.6,4.27
40473,4,4,5.2,5.27
40474,3,2,7.7,3.35
40475,2,2,7.3,5.69
40476,5,0,9.6,3.62
40477,3,2,6.0,5.63
40478,1,4,4.5,6.83
40479,4,4,7.5,4.72
40480,6,0,0.3,5.82
40481,7,1,0.0,6.48
40482,5,4,6.9,3.57
40483,2,2,3.2,4.54
40484,4,1,8.5,7.37
40485,0,4,3.0,5.21
40486,0,3,1.4,4.13
40487,2,3,2.5,4.85
40488,4,1,7.2,4.97
40489,4,3,5.2,6.02
40490,7,0,4.2,4.99
40491,4,3,5.0,7.53
40492,1,2,8.9,6.95
40493,2,4,9.7,5.25
40494,1,2,3.4,3.41
40495,5,2,5.7,2.37
40496,3,4,3.6,2.97
40497,1,1,8.8,7.12
40498,7,1,5.2,5.34
40499,2,3,4.2,3.43
40500,1,1,1.0,5.02
40501,1,1,7.4,3.64
40502,6,2,7.8,5.23
40503,5,2,9.0,5.04
40504,1,1,7.0,4.52
40505,1,0,3.7,6.68
40506,3,3,9.3,6.16
40507,0,0,4.4,5.95
40508,6,0,0.3,4.67
40509,0,3,3.4,3.96
40510,2,3,9.0,7.31
40511,2,4,5.9,6.15
40512,3,0,0.7,6.49
40513,3,4,1.7,4.74
40514,3,2,7.1,5.57
40515,7,4,5.8,4.36
40516,3,3,10.0,7.33
40517,2,1,0.2,5.99
40518,5,4,9.7,4.64
40519,0,3,0.2,4.06
40520,1,2,5.9,4.7
40521,7,1,2.8,5.78
40522,0,4,1.1,4.91
40523,2,1,3.6,5.93
40524,6,2,6.0,3.43
40525,3,1,6.4,5.33
40526,4,2,2.9,3.87
40527,2,0,3.8,4.64
40528,7,2,2.1,4.26
40529,3,3,4.9,3.42
40530,6,4,9.0,4.19
40531,6,3,1.5,5.28
40532,4,0,2.3,4.2
40533,5,0,9.5,3.36
40534,1,4,8.1,4.78
40535,0,4,8.8,4.91
40536,7,0,1.4,4.49
40537,4,4,3.7,6.46
40538,6,0,5.5,4.41
40539,0,3,4.7,6.08
40540,5,2,1.5,4.97
40541,7,1,3.1,3.63
40542,3,1,7.3,5.75
40543,3,2,2.1,6.32
40544,6,4,9.7,4.78
40545,7,1,5.9,4.76
40546,2,0,5.8,4.97
40547,5,2,5.0,3.45
40548,6,4,0.3,4.73
40549,6,2,0.9,4.08
40550,6,2,9.8,4.47
40551,0,3,4.8,4.35
40552,6,2,7.0,3.11
40553,0,2,9.1,4.81
40554,4,3,1.6,5.01
40555,3,0,7.2,3.89
40556,7,1,5.2,5.41
40557,6,1,0.3,3.51
40558,7,4,2.2,3.78
40559,6,2,5.8,4.58
40560,3,1,5.7,5.84
40561,3,2,0.1,2.91
40562,0,2,1.2,3.45
40563,7,3,3.6,5.1
40564,6,0,9.5,2.99
40565,5,1,1.5,2.74
40566,3,3,2.4,4.6
40567,1,2,6.3,5.09
40568,2,4,4.8,4.69
40569,6,1,9.6,5.61
40570,6,1,1.8,6.02
40571,6,1,4.1,4.45
40572,6,0,7.7,7.28
40573,3,3,2.5,4.01
40574,0,2,0.7,5.56
40575,1,2,0.5,2.34
40576,3,1,5.6,4.43
40577,5,3,8.4,4.39
40578,7,3,2.4,3.72
40579,4,4,0.7,5.16
40580,6,3,2.7,5.06
40581,0,3,4.0,6.67
40582,1,2,8.8,3.45
40583,4,1,7.8,4.2
40584,1,0,7.0,4.89
40585,2,2,1.6,6.09
40586,1,4,8.2,3.41
40587,2,4,7.3,4.58
40588,4,0,1.2,6.01
40589,7,0,2.5,6.69
40590,2,4,2.3,5.34
40591,4,1,5.3,4.82
40592,0,1,0.9,4.22
40593,6,2,3.3,4.32
40594,0,1,7.3,3.55
40595,6,1,1.5,3.68
40596,7,4,8.5,5.45
40597,4,0,9.2,5.21
40598,4,1,3.2,3.19
40599,3,2,1.6,5.68
40600,6,4,9.0,4.61
40601,7,0,2.7,3.87
40602,1,0,5.6,3.01
40603,7,1,8.5,6.24
40604,7,4,2.5,4.76
40605,4,4,6.5,5.37
40606,5,4,9.8,4.29
40607,6,3,1.9,3.47
40608,4,1,2.1,4.05
40609,7,1,3.0,4.92
40610,2,0,7.4,3.55
40611,5,4,7.6,4.36
40612,4,2,5.7,3.29
40613,3,3,3.4,4.66
40614,6,4,5.0,5.16
40615,0,0,6.6,6.68
40616,6,2,5.2,4.01
40617,7,1,7.9,5.94
40618,5,2,2.0,5.04
40619,5,2,2.2,5.93
40620,5,4,6.0,2.26
40621,1,2,3.7,5.13
40622,7,1,7.3,6.08
40623,2,1,3.3,3.76
40624,2,2,9.1,5.25
40625,6,2,10.0,5.28
40626,0,2,5.0,5.84
40627,1,4,1.4,5.62
40628,0,1,7.5,2.85
40629,7,1,9.7,4.2
40630,2,2,9.6,6.2
40631,1,2,2.7,6.33
40632,1,3,1.6,4.03
40633,2,1,9.6,5.21
40634,3,3,5.7,5.15
40635,2,2,7.3,2.22
40636,1,2,0.1,5.4
40637,0,4,9.5,4.37
40638,7,3,1.1,3.74
40639,4,2,9.3,3.74
40640,4,2,3.5,4.03
40641,2,4,2.5,5.53
40642,2,1,6.5,2.85
40643,4,4,5.2,4.38
40644,5,2,2.0,2.82
40645,0,3,1.4,7.08
40646,2,0,0.3,4.27
40647,5,0,0.4,5.57
40648,2,1,6.8,3.91
40649,1,1,0.5,5.98
40650,3,0,6.8,2.73
40651,6,2,9.5,4.47
40652,4,2,3.6,5.43
40653,7,1,5.0,4.7
40654,3,4,1.5,5.65
40655,7,3,0.4,6.83
40656,5,1,3.0,3.35
40657,5,2,9.0,4.99
40658,3,2,0.2,3.11
40659,1,0,9.8,4.59
40660,4,3,3.5,5.14
40661,5,4,7.7,5.53
40662,3,4,5.5,4.1
40663,4,3,4.8,5.72
40664,6,2,1.1,3.82
40665,3,3,5.9,3.96
40666,3,3,5.2,4.46
40667,0,2,3.7,5.49
40668,7,2,9.0,4.9
40669,0,3,1.4,2.33
40670,5,4,6.3,2.62
40671,5,1,8.1,4.15
40672,4,2,1.1,5.24
40673,6,3,4.9,3.81
40674,1,4,3.9,6.5
40675,1,2,3.0,6.26
40676,2,1,2.5,3.86
40677,3,1,7.5,6.21
40678,7,0,1.1,4.87
40679,2,3,1.8,6.27
40680,3,3,8.3,6.03
40681,6,4,9.4,4.74
40682,3,1,3.2,6.67
40683,4,4,7.2,4.22
40684,0,0,3.8,6.19
40685,0,1,0.8,5.1
40686,0,4,0.1,5.94
40687,0,2,3.0,6.73
40688,5,4,1.5,4.31
40689,0,0,6.5,5.16
40690,5,0,7.1,3.79
40691,4,0,9.8,5.36
40692,6,3,6.6,4.44
40693,1,4,9.1,4.1
40694,4,0,3.1,4.58
40695,1,0,9.3,5.41
40696,1,1,1.7,6.33
40697,0,4,4.6,4.51
40698,6,2,2.0,4.67
40699,5,2,9.1,5.79
40700,6,4,6.8,6.85
40701,2,1,2.1,4.03
40702,1,4,4.9,2.44
40703,5,2,9.2,5.32
40704,0,2,2.1,4.6
40705,4,0,0.6,5.72
40706,1,3,7.7,4.04
40707,5,0,6.7,6.82
40708,3,2,6.3,4.03
40709,4,0,6.6,6.35
40710,2,1,5.1,4.96
40711,1,3,1.2,5.19
40712,0,4,5.4,4.37
40713,0,1,6.5,7.9
40714,1,4,5.0,4.33
40715,4,3,3.6,3.33
40716,5,3,8.9,4.99
40717,5,1,3.0,4.59
40718,6,1,9.9,5.5
40719,0,4,5.3,2.8
40720,4,2,1.9,5.74
40721,7,2,3.7,3.28
40722,7,4,8.7,3.19
40723,7,4,3.7,4.12
40724,3,3,8.0,7.7
40725,6,0,3.5,4.01
40726,6,4,3.9,6.13
40727,0,2,0.8,4.84
40728,1,2,7.3,7.56
40729,0,3,7.5,5.87
40730,0,1,2.9,4.16
40731,7,2,5.8,6.11
40732,7,2,7.9,4.26
40733,4,2,1.9,2.39
40734,6,1,4.9,4.9
40735,7,3,5.9,4.85
40736,6,1,5.2,5.52
40737,7,3,0.4,5.1
40738,2,3,7.8,5.17
40739,7,2,7.7,5.37
40740,0,4,9.0,4.1
40741,2,4,6.5,6.41
40742,4,4,6.0,6.32
40743,6,1,0.4,5.79
40744,2,4,7.9,3.86
40745,6,1,0.6,4.57
40746,2,4,8.8,4.69
40747,1,2,4.1,6.69
40748,2,4,10.0,3.38
40749,5,1,2.3,5.06
40750,7,1,4.3,4.08
40751,1,2,2.4,4.65
40752,1,1,0.6,5.05
40753,4,1,9.0,6.23
40754,5,4,6.9,6.02
40755,7,3,2.9,5.97
40756,4,3,9.5,3.58
40757,3,4,4.2,3.46
40758,6,4,3.5,3.28
40759,2,2,4.1,3.66
40760,1,2,7.4,5.18
40761,5,1,2.2,3.99
40762,6,2,4.3,4.73
40763,0,3,9.8,6.15
40764,7,2,4.0,4.35
40765,7,1,4.6,4.29
40766,7,1,7.9,3.01
40767,4,3,2.4,4.26
40768,4,3,8.9,5.89
40769,5,3,7.2,4.37
40770,1,1,0.8,5.69
40771,4,0,4.2,5.14
40772,0,1,3.0,5.39
40773,6,0,1.9,4.81
40774,6,3,9.6,7.27
40775,1,3,5.2,1.81
40776,0,4,8.1,3.52
40777,7,3,3.7,4.83
40778,1,1,10.0,4.65
40779,3,2,2.1,5.71
40780,5,4,4.7,4.07
40781,4,4,6.8,5.33
40782,4,4,0.6,2.61
40783,3,1,4.8,5.52
40784,2,2,0.1,4.05
40785,0,1,1.8,4.52
40786,4,3,2.8,3.19
40787,6,2,9.4,4.75
40788,2,0,1.0,5.91
40789,0,0,6.1,3.61
40790,0,4,6.2,3.38
40791,1,4,1.5,5.87
40792,3,0,0.7,4.44
40793,0,0,8.1,3.96
40794,6,1,2.8,5.26
40795,6,4,0.0,5.18
40796,0,3,7.6,3.29
40797,5,0,5.2,5.16
40798,1,3,6.6,3.57
40799,0,0,3.2,5.74
40800,2,3,4.9,3.73
40801,7,3,0.7,5.72
40802,6,1,1.8,2.83
40803,2,1,8.7,5.03
40804,7,4,3.6,5.46
40805,6,4,4.9,4.03
40806,3,2,9.3,4.67
40807,7,0,7.0,5.51
40808,2,2,0.6,4.09
40809,0,2,4.8,3.89
40810,4,0,6.1,6.45
40811,0,2,2.2,3.79
40812,4,4,3.2,4.37
40813,4,3,1.6,6.9
40814,6,4,2.0,5.57
40815,3,2,0.3,2.49
40816,1,1,6.1,5.12
40817,7,3,2.4,6.16
40818,6,3,9.1,6.65
40819,5,0,9.5,4.59
40820,2,1,7.4,4.04
40821,1,4,1.7,5.4
40822,4,0,3.6,6.52
40823,4,4,5.3,5.33
40824,6,0,1.4,3.56
40825,6,2,6.9,4.5
40826,3,1,6.4,2.0
40827,3,1,1.7,4.79
40828,0,2,3.6,5.11
40829,5,3,7.9,5.73
40830,0,3,4.2,4.13
40831,2,4,2.5,7.1
40832,2,1,3.4,5.2
40833,0,4,7.6,6.34
40834,5,0,8.7,6.68
40835,0,3,1.6,5.31
40836,7,4,5.8,5.48
40837,5,2,5.5,6.21
40838,1,3,10.0,4.28
40839,2,3,9.7,5.17
40840,5,4,0.9,5.47
40841,3,0,1.3,5.12
40842,5,2,5.9,4.22
40843,2,0,5.1,7.04
40844,7,3,2.3,5.42
40845,5,2,4.7,6.61
40846,5,1,6.8,4.23
40847,7,0,1.8,4.68
40848,3,4,7.1,3.83
40849,4,4,6.0,4.32
40850,5,4,2.2,5.32
40851,4,4,8.7,6.63
40852,6,0,4.4,6.88
40853,2,1,9.9,7.02
40854,6,3,0.7,6.48
40855,4,2,1.1,4.35
40856,5,0,1.3,5.14
40857,5,1,2.0,4.95
40858,5,4,1.0,4.21
40859,2,0,4.8,4.36
40860,4,0,5.6,5.31
40861,1,1,6.6,7.84
40862,6,2,9.2,6.58
40863,4,4,5.3,4.06
40864,1,3,1.2,3.37
40865,0,1,4.8,5.97
40866,6,0,0.1,3.56
40867,5,2,2.0,6.71
40868,7,4,5.0,3.37
40869,6,0,5.8,2.39
40870,1,3,2.6,7.53
40871,3,1,7.6,4.52
40872,3,2,6.9,5.77
40873,5,1,1.1,6.46
40874,6,3,7.9,2.92
40875,2,1,9.8,3.79
40876,2,3,7.3,4.22
40877,4,3,9.9,6.6
40878,6,2,0.5,7.02
40879,1,0,0.7,5.1
40880,2,3,5.4,3.2
40881,1,3,4.9,5.74
40882,3,3,3.7,6.76
40883,4,2,4.5,4.99
40884,3,4,7.9,5.67
40885,5,3,9.9,5.93
40886,5,3,3.2,4.71
40887,7,4,7.5,5.11
40888,6,1,1.3,5.87
40889,4,2,3.2,6.51
40890,5,4,2.8,5.28
40891,7,4,4.3,4.9
40892,1,1,3.8,7.14
40893,7,3,6.2,2.52
40894,7,3,1.1,3.77
40895,3,4,2.5,5.51
40896,1,2,1.7,6.46
40897,1,2,1.4,4.63
40898,4,2,5.2,4.95
40899,6,3,7.2,7.57
40900,3,2,4.2,3.01
40901,3,3,6.8,5.33
40902,5,2,6.5,5.61
40903,5,0,4.2,5.12
40904,1,1,7.4,3.92
40905,5,0,6.8,5.22
40906,6,3,9.6,2.67
40907,6,0,7.5,6.17
40908,0,4,8.9,5.44
40909,6,4,5.9,4.61
40910,7,3,1.3,2.58
40911,1,1,6.6,5.57
40912,2,1,1.6,5.31
40913,5,4,3.1,4.15
40914,7,0,8.8,6.08
40915,2,1,7.0,5.27
40916,3,0,9.9,3.67
40917,6,3,8.7,3.12
40918,2,0,1.7,4.54
40919,1,4,9.6,4.33
40920,2,4,8.6,4.2
40921,6,1,9.6,7.44
40922,6,3,1.8,5.11
40923,4,2,1.9,7.34
40924,5,0,1.2,5.02
40925,3,4,3.3,5.41
40926,4,1,3.6,4.99
40927,7,1,0.9,5.19
40928,7,3,5.8,3.6
40929,0,1,4.8,5.22
40930,5,4,0.2,4.65
40931,3,2,4.6,3.7
40932,5,2,7.9,3.25
40933,4,3,2.5,5.88
40934,0,4,6.3,5.96
40935,6,1,6.7,4.56
40936,1,0,2.7,6.45
40937,2,3,5.7,3.71
40938,1,4,7.1,6.24
40939,2,3,5.6,6.47
40940,2,4,0.6,4.28
40941,7,1,4.2,5.64
40942,6,1,3.0,5.67
40943,7,3,5.2,4.88
40944,1,3,5.7,4.98
40945,2,1,2.6,5.91
40946,2,4,0.8,4.12
40947,5,4,0.1,6.01
40948,3,3,7.9,6.1
40949,1,3,5.2,5.62
40950,4,0,2.6,6.18
40951,4,3,8.6,5.15
40952,7,0,1.8,5.52
40953,5,3,2.3,4.49
40954,2,3,6.8,7.2
40955,4,0,6.5,6.09
40956,5,3,2.0,4.1
40957,4,4,1.4,5.98
40958,0,0,9.8,5.96
40959,4,1,3.2,4.89
40960,7,3,4.7,4.5
40961,0,0,2.9,5.4
40962,5,1,3.8,3.53
40963,6,2,0.6,3.83
40964,6,4,4.1,5.37
40965,3,2,9.3,3.8
40966,1,4,3.9,4.8
40967,7,4,8.7,4.39
40968,0,1,0.2,6.87
40969,5,0,7.0,4.61
40970,0,4,3.2,4.58
40971,7,0,2.4,3.72
40972,7,4,5.9,5.95
40973,7,4,7.0,5.26
40974,4,0,6.5,5.75
40975,3,4,4.1,2.72
40976,3,3,4.6,5.62
40977,6,4,6.1,4.36
40978,5,2,6.0,5.35
40979,5,3,4.4,5.97
40980,0,4,4.5,5.77
40981,4,4,5.7,5.5
40982,3,2,0.7,3.52
40983,6,2,4.4,5.19
40984,1,4,4.4,5.96
40985,7,0,0.1,4.9
40986,0,1,0.7,7.0
40987,4,1,3.2,5.19
40988,1,1,6.0,4.26
40989,7,2,7.6,4.16
40990,2,1,9.9,3.07
40991,1,0,3.6,3.83
40992,4,1,9.1,6.49
40993,3,2,0.2,5.27
40994,7,4,6.7,3.78
40995,0,4,3.6,4.95
40996,2,1,9.1,6.01
40997,3,3,7.2,4.83
40998,2,1,2.7,4.16
40999,3,0,0.0,5.13
41000,0,3,5.7,3.95
41001,3,1,6.8,6.11
41002,2,1,8.2,1.25
41003,1,0,1.5,5.17
41004,1,4,7.9,3.32
41005,3,4,0.3,5.04
41006,5,2,2.2,6.02
41007,0,1,6.7,6.16
41008,4,0,1.4,4.12
41009,6,0,6.9,5.32
41010,3,2,5.8,6.17
41011,6,3,0.9,6.45
41012,3,1,6.6,4.95
41013,4,2,7.7,6.21
41014,3,4,4.6,2.95
41015,0,2,5.5,5.09
41016,0,1,9.9,4.62
41017,1,0,7.5,5.98
41018,7,2,8.3,6.36
41019,2,3,8.4,7.02
41020,5,0,9.7,4.61
41021,2,1,6.3,4.89
41022,3,0,9.0,3.29
41023,2,3,3.9,4.86
41024,4,1,8.0,4.06
41025,3,0,3.5,3.75
41026,0,0,7.5,3.67
41027,1,2,7.0,4.1
41028,6,1,3.2,3.08
41029,2,2,1.9,5.6
41030,2,0,2.5,2.58
41031,5,4,8.8,1.75
41032,6,0,3.7,5.07
41033,2,0,5.6,4.8
41034,0,4,5.7,4.8
41035,2,3,5.4,3.27
41036,2,1,7.3,6.11
41037,2,2,0.6,5.41
41038,3,0,1.6,2.99
41039,6,3,1.5,4.16
41040,7,1,6.7,3.9
41041,4,4,8.2,5.53
41042,3,0,4.6,4.97
41043,2,1,2.5,3.46
41044,2,3,7.3,5.38
41045,4,2,5.1,6.03
41046,2,3,2.6,5.69
41047,4,1,5.0,4.8
41048,4,1,8.5,5.37
41049,7,0,3.5,4.02
41050,2,3,3.6,4.11
41051,3,1,7.7,5.77
41052,1,3,7.0,3.75
41053,2,4,6.2,4.76
41054,6,4,10.0,4.08
41055,5,2,2.7,7.89
41056,0,0,9.3,5.12
41057,1,2,0.1,3.15
41058,7,4,4.5,6.65
41059,0,4,6.5,5.37
41060,7,2,7.5,4.07
41061,0,4,3.1,4.59
41062,7,1,8.1,5.21
41063,5,2,1.1,5.82
41064,0,1,5.1,4.53
41065,6,2,5.9,6.06
41066,2,0,3.7,5.41
41067,2,4,5.0,7.2
41068,2,2,2.7,4.74
41069,4,3,0.1,4.82
41070,3,2,7.2,5.11
41071,1,1,5.9,3.75
41072,4,3,7.0,4.34
41073,2,2,8.2,5.23
41074,3,4,4.1,7.02
41075,3,3,3.1,6.18
41076,4,4,8.2,5.88
41077,7,0,4.0,2.79
41078,6,4,2.0,6.35
41079,4,1,7.4,7.02
41080,2,4,9.8,5.07
41081,7,2,5.5,6.32
41082,0,0,0.3,5.02
41083,1,1,8.7,4.59
41084,2,1,6.5,5.85
41085,6,4,10.0,6.27
41086,4,1,2.1,2.48
41087,5,1,7.7,4.44
41088,7,1,9.7,4.37
41089,5,4,5.1,4.63
41090,2,1,4.9,2.53
41091,6,0,6.1,4.83
41092,3,0,7.5,2.96
41093,1,3,0.8,3.83
41094,7,1,2.3,5.43
41095,7,2,8.1,5.16
41096,6,4,5.9,4.84
41097,1,1,0.1,2.89
41098,7,1,5.8,5.71
41099,2,2,1.8,6.75
41100,2,0,9.6,6.57
41101,4,0,2.3,5.67
41102,2,3,10.0,7.32
41103,4,4,3.6,5.66
41104,7,1,8.2,5.23
41105,5,3,4.3,4.12
41106,5,0,5.6,4.82
41107,3,3,7.4,4.57
41108,5,1,0.5,3.88
41109,2,3,2.5,5.5
41110,6,4,0.0,5.74
41111,2,3,7.8,3.54
41112,3,0,8.6,4.34
41113,3,1,5.8,6.26
41114,0,0,2.8,4.83
41115,1,2,8.7,3.65
41116,0,4,6.2,5.56
41117,7,4,3.5,4.17
41118,4,0,9.7,7.45
41119,7,4,9.8,3.96
41120,4,3,6.2,6.39
41121,7,1,5.2,2.84
41122,1,2,8.2,5.91
41123,5,3,1.6,5.34
41124,2,2,5.8,4.37
41125,3,0,5.2,4.39
41126,4,2,8.9,5.23
41127,6,0,1.1,7.34
41128,6,4,5.9,6.58
41129,3,0,5.4,6.4
41130,4,2,7.7,4.28
41131,0,0,6.0,3.95
41132,3,4,1.7,4.78
41133,0,2,5.8,7.45
41134,3,0,3.4,4.44
41135,3,3,2.2,6.36
41136,7,1,6.5,6.62
41137,2,0,8.5,4.79
41138,4,2,6.2,6.56
41139,7,2,6.7,2.65
41140,5,3,8.1,4.4
41141,5,2,5.8,5.14
41142,4,0,2.5,3.42
41143,0,0,6.5,5.26
41144,3,4,1.6,6.09
41145,5,4,9.2,3.45
41146,1,1,9.9,5.26
41147,5,4,6.6,5.27
41148,4,3,8.0,5.7
41149,5,3,5.9,5.62
41150,5,4,2.5,5.15
41151,3,4,1.4,5.06
41152,4,4,9.9,4.37
41153,7,1,1.7,2.62
41154,6,1,0.1,3.73
41155,4,3,6.8,5.56
41156,4,1,0.3,5.68
41157,4,3,2.7,3.82
41158,0,0,9.4,4.95
41159,5,4,1.9,6.65
41160,1,1,4.3,5.44
41161,5,4,9.4,4.92
41162,7,3,3.5,4.87
41163,2,0,7.2,6.35
41164,6,1,6.3,5.9
41165,0,3,9.0,5.26
41166,5,1,1.6,3.3
41167,2,0,9.5,4.99
41168,4,1,4.7,5.87
41169,1,0,9.2,6.34
41170,5,4,1.2,6.01
41171,1,2,8.2,4.1
41172,0,3,9.8,4.25
41173,1,3,0.7,8.37
41174,7,4,0.6,7.48
41175,5,1,9.7,6.13
41176,2,0,3.6,4.5
41177,4,3,4.6,2.86
41178,4,0,5.3,5.2
41179,2,3,1.0,4.97
41180,0,1,5.7,3.8
41181,1,4,0.7,4.98
41182,6,3,3.5,5.08
41183,7,0,4.3,5.84
41184,6,2,7.2,4.97
41185,2,0,5.4,3.61
41186,6,1,2.7,3.97
41187,0,0,7.1,4.82
41188,6,3,4.1,4.4
41189,3,3,7.2,4.76
41190,4,0,3.2,3.26
41191,7,0,7.0,2.66
41192,4,2,6.6,5.09
41193,5,0,10.0,7.31
41194,2,2,2.2,6.21
41195,2,2,1.6,5.64
41196,2,1,1.5,5.45
41197,5,4,5.6,6.14
41198,0,1,8.3,5.71
41199,6,1,6.2,4.8
41200,5,4,0.7,5.97
41201,0,4,4.0,6.94
41202,4,0,2.4,3.69
41203,7,2,7.0,7.05
41204,7,1,8.5,6.86
41205,7,0,8.2,3.51
41206,0,0,5.2,6.07
41207,7,2,4.6,5.26
41208,3,4,3.4,3.27
41209,5,2,1.3,4.76
41210,0,4,7.7,4.78
41211,3,1,0.3,4.04
41212,1,3,3.9,4.51
41213,6,0,9.1,4.35
41214,6,2,1.2,5.64
41215,2,2,9.9,4.74
41216,3,1,3.0,5.19
41217,7,4,6.7,3.93
41218,2,2,5.7,3.96
41219,0,4,4.3,4.46
41220,3,3,8.9,4.79
41221,5,0,4.3,3.75
41222,3,0,2.8,6.99
41223,2,3,8.4,4.4
41224,7,4,7.7,5.72
41225,7,1,7.0,6.45
41226,2,2,2.7,6.4
41227,4,0,8.9,6.11
41228,1,1,3.1,6.9
41229,7,2,9.9,7.41
41230,3,3,4.3,6.09
41231,2,3,9.6,3.29
41232,0,1,4.0,5.93
41233,2,2,0.4,3.4
41234,4,2,1.7,5.48
41235,3,0,1.4,5.42
41236,5,1,7.3,6.04
41237,4,0,0.7,5.11
41238,1,4,4.2,3.22
41239,4,3,0.5,3.65
41240,2,3,6.3,1.82
41241,5,0,3.3,3.74
41242,0,2,0.9,5.25
41243,5,4,1.4,4.42
41244,3,4,4.8,6.29
41245,3,1,8.2,6.37
41246,2,3,5.2,4.46
41247,3,3,8.8,6.25
41248,0,3,2.5,3.54
41249,1,1,2.6,4.12
41250,4,0,0.9,4.39
41251,3,1,1.7,3.28
41252,4,0,2.7,7.32
41253,1,4,1.2,5.09
41254,3,4,7.2,5.75
41255,4,1,4.9,5.31
41256,1,0,0.5,4.61
41257,2,2,4.7,6.28
41258,5,3,9.5,5.24
41259,1,0,8.7,3.75
41260,6,0,9.1,6.82
41261,2,1,9.2,5.29
41262,4,4,9.9,4.76
41263,5,2,6.8,5.11
41264,2,2,2.6,3.72
41265,0,0,6.2,2.57
41266,0,4,4.2,4.81
41267,1,1,6.8,4.61
41268,0,1,9.9,4.9
41269,2,3,9.2,3.13
41270,7,2,5.9,4.9
41271,5,1,6.5,5.05
41272,3,1,6.7,5.85
41273,7,4,5.0,5.35
41274,4,4,3.2,6.64
41275,2,4,1.8,2.85
41276,6,1,0.8,5.42
41277,2,4,2.9,3.79
41278,4,2,0.8,1.2
41279,3,2,9.8,6.85
41280,0,4,4.1,3.87
41281,7,3,8.0,3.86
41282,4,1,3.6,7.02
41283,4,0,9.2,4.49
41284,0,3,5.1,3.3
41285,4,1,1.8,1.4
41286,0,0,8.2,7.48
41287,5,2,2.2,5.71
41288,3,0,9.9,7.73
41289,1,0,5.4,7.46
41290,6,0,8.8,4.7
41291,7,2,8.0,4.13
41292,3,2,9.9,3.55
41293,7,4,9.3,2.97
41294,7,1,5.4,3.39
41295,7,4,4.5,5.09
41296,6,3,5.3,5.61
41297,7,2,8.7,4.17
41298,2,1,3.3,4.23
41299,5,1,2.2,2.81
41300,0,4,9.9,4.86
41301,1,1,7.3,6.68
41302,7,3,1.0,5.79
41303,7,3,4.1,4.35
41304,2,2,9.4,6.94
41305,1,2,0.9,4.66
41306,0,2,8.3,4.38
41307,7,1,0.2,3.75
41308,5,4,9.7,2.56
41309,4,4,4.1,5.94
41310,3,4,3.7,5.49
41311,5,4,8.8,5.4
41312,1,3,4.0,4.55
41313,7,2,2.3,4.14
41314,7,2,6.2,5.69
41315,2,2,8.2,4.31
41316,6,0,2.6,2.57
41317,3,2,6.0,5.69
41318,2,3,0.1,4.58
41319,3,0,9.1,7.53
41320,7,3,0.2,3.37
41321,7,4,9.3,5.41
41322,6,0,8.4,6.63
41323,2,3,3.2,4.01
41324,6,0,2.4,5.28
41325,6,0,7.0,5.35
41326,1,2,6.6,2.52
41327,6,1,3.7,3.72
41328,6,3,4.7,5.01
41329,7,3,8.5,5.26
41330,0,3,8.5,5.04
41331,0,4,7.1,4.65
41332,7,0,2.6,3.93
41333,0,1,0.7,5.92
41334,0,1,3.9,3.98
41335,3,1,8.0,2.5
41336,7,1,9.0,4.75
41337,3,2,5.1,5.25
41338,4,4,8.3,3.49
41339,1,3,1.9,4.88
41340,5,3,3.5,4.35
41341,3,2,2.9,4.63
41342,3,1,8.6,4.66
41343,2,0,6.5,2.91
41344,7,4,2.1,5.7
41345,5,4,1.3,2.03
41346,5,0,2.4,4.23
41347,1,2,8.4,3.99
41348,0,1,1.3,6.8
41349,2,1,6.7,5.35
41350,0,4,5.6,3.51
41351,6,3,6.6,2.49
41352,2,2,4.0,3.98
41353,0,4,0.2,6.62
41354,5,0,4.3,5.9
41355,4,1,6.5,4.79
41356,4,0,9.5,6.96
41357,2,0,7.3,4.97
41358,0,3,6.5,5.15
41359,6,3,4.3,7.84
41360,6,3,3.4,6.19
41361,0,4,4.8,5.27
41362,3,1,6.6,6.12
41363,2,1,4.8,5.91
41364,7,0,2.6,4.11
41365,0,0,0.8,4.3
41366,6,2,6.4,4.85
41367,4,1,7.5,3.86
41368,6,2,3.1,2.91
41369,5,1,5.9,4.25
41370,2,0,1.1,6.44
41371,2,4,3.6,6.58
41372,5,2,4.2,3.66
41373,4,1,6.2,4.18
41374,6,1,5.2,4.99
41375,6,0,0.8,5.42
41376,6,3,9.3,6.78
41377,6,4,2.5,4.8
41378,6,4,3.0,5.01
41379,2,1,7.2,4.12
41380,2,4,7.4,2.68
41381,7,0,1.1,6.6
41382,7,2,3.9,4.94
41383,7,1,9.1,5.14
41384,4,3,2.3,2.44
41385,1,3,3.6,7.54
41386,0,0,3.7,6.46
41387,4,0,3.0,4.93
41388,4,3,5.7,4.56
41389,1,2,3.3,5.77
41390,2,3,4.2,6.02
41391,2,1,9.0,4.74
41392,6,4,4.5,6.28
41393,4,3,3.9,2.64
41394,7,1,9.9,5.94
41395,6,3,6.7,4.17
41396,3,2,8.8,4.26
41397,7,0,0.2,7.78
41398,0,2,2.0,6.06
41399,6,3,9.5,4.02
41400,7,3,2.0,4.86
41401,0,4,5.8,6.16
41402,0,1,2.6,5.61
41403,7,2,5.0,4.02
41404,3,0,7.8,3.19
41405,1,0,4.0,5.59
41406,7,3,3.5,4.66
41407,1,1,3.8,6.09
41408,4,1,3.2,3.91
41409,1,3,3.0,3.98
41410,0,1,3.6,7.89
41411,7,1,6.5,7.18
41412,6,0,9.8,5.23
41413,4,4,3.2,4.09
41414,2,0,1.2,4.99
41415,0,0,5.2,3.5
41416,4,1,2.0,5.88
41417,2,4,8.0,6.73
41418,7,2,6.8,5.91
41419,4,1,2.3,1.97
41420,7,0,9.9,6.57
41421,0,0,6.8,4.96
41422,2,4,3.0,3.89
41423,6,1,6.6,3.19
41424,2,2,1.3,4.69
41425,7,3,6.8,4.21
41426,3,0,0.9,6.05
41427,7,1,9.1,4.11
41428,7,1,7.9,3.29
41429,1,3,2.2,3.09
41430,5,1,6.3,6.91
41431,5,0,3.6,6.04
41432,6,1,0.7,6.54
41433,1,3,9.9,4.34
41434,6,0,8.3,5.58
41435,1,2,5.5,6.62
41436,5,1,3.7,4.3
41437,6,0,4.0,4.52
41438,5,4,7.3,6.26
41439,1,3,7.5,4.5
41440,7,2,0.1,5.25
41441,3,3,1.9,6.11
41442,6,0,7.9,4.89
41443,6,0,7.1,5.96
41444,2,1,7.6,4.13
41445,6,4,0.3,5.72
41446,6,3,5.9,5.27
41447,1,3,1.3,3.42
41448,2,4,4.2,5.28
41449,4,2,1.2,5.46
41450,6,0,2.2,3.04
41451,4,4,1.9,6.3
41452,3,3,8.2,6.25
41453,4,3,4.5,4.94
41454,1,4,8.9,3.99
41455,5,0,6.3,5.3
41456,0,4,3.7,4.42
41457,5,0,8.3,4.42
41458,3,1,0.4,5.06
41459,0,1,6.7,3.58
41460,6,1,9.6,6.47
41461,0,2,8.6,4.44
41462,2,2,0.9,3.57
41463,7,2,1.7,6.72
41464,3,1,6.4,3.55
41465,5,1,9.9,5.43
41466,0,2,2.7,5.38
41467,4,3,0.2,6.39
41468,0,4,1.8,5.11
41469,5,4,4.0,5.24
41470,2,3,0.1,4.88
41471,4,4,0.7,3.28
41472,1,4,1.7,6.77
41473,1,2,4.6,4.01
41474,5,1,6.2,4.03
41475,0,3,2.6,5.86
41476,0,3,4.9,5.94
41477,1,3,1.8,3.67
41478,3,3,4.7,4.75
41479,6,4,6.7,3.91
41480,6,4,3.5,5.77
41481,2,2,8.8,5.74
41482,5,4,2.5,5.32
41483,3,3,6.2,3.53
41484,5,4,2.3,6.97
41485,3,2,8.9,5.15
41486,3,4,1.5,5.27
41487,7,1,4.0,4.16
41488,3,3,3.4,5.14
41489,3,3,9.3,5.83
41490,3,2,5.8,5.25
41491,2,0,2.1,5.9
41492,5,1,2.8,4.02
41493,2,2,3.7,4.25
41494,7,3,9.1,5.22
41495,4,3,3.9,5.3
41496,1,4,2.7,5.16
41497,6,1,2.0,3.37
41498,2,0,9.4,5.44
41499,5,0,6.4,4.88
41500,6,2,7.4,4.54
41501,4,0,7.9,5.96
41502,2,3,0.2,4.08
41503,6,4,9.4,5.48
41504,0,2,9.4,5.22
41505,6,1,2.1,4.85
41506,3,3,9.6,3.15
41507,2,4,0.5,4.43
41508,7,1,6.6,4.62
41509,5,2,8.8,1.99
41510,6,4,9.7,2.77
41511,3,0,9.1,2.69
41512,6,2,8.5,2.83
41513,4,2,8.7,7.16
41514,4,0,9.4,4.67
41515,2,1,1.8,7.34
41516,6,4,0.0,6.95
41517,3,3,0.0,6.97
41518,4,1,2.1,5.26
41519,3,0,8.6,6.05
41520,7,0,7.6,3.49
41521,3,2,5.0,3.73
41522,5,3,3.0,5.58
41523,7,4,6.4,6.81
41524,5,1,1.5,5.53
41525,3,2,2.2,3.99
41526,2,0,7.9,3.77
41527,1,2,4.3,5.63
41528,4,4,7.3,4.79
41529,7,0,4.8,7.36
41530,7,0,1.1,4.41
41531,0,4,2.8,6.02
41532,5,4,5.4,3.7
41533,5,0,9.1,6.87
41534,1,3,5.8,5.03
41535,6,3,1.2,5.09
41536,1,0,5.4,6.71
41537,3,4,4.6,4.45
41538,6,3,4.0,3.39
41539,7,2,2.9,4.07
41540,2,2,2.1,4.02
41541,2,4,4.5,4.79
41542,4,0,7.7,7.6
41543,3,0,1.3,6.47
41544,3,0,1.9,7.18
41545,6,2,4.8,2.78
41546,3,2,3.8,3.1
41547,1,2,6.0,5.73
41548,7,3,5.2,6.19
41549,3,1,0.0,5.72
41550,5,4,7.6,4.42
41551,7,4,1.4,5.03
41552,3,2,1.0,3.31
41553,0,4,1.3,5.76
41554,3,3,8.8,6.12
41555,5,0,6.0,2.6
41556,5,4,5.6,2.92
41557,4,0,5.5,4.35
41558,7,0,3.3,5.44
41559,0,2,7.1,6.74
41560,2,3,5.1,6.97
41561,5,0,5.9,6.44
41562,5,3,6.2,3.83
41563,1,3,3.0,5.44
41564,3,1,7.8,4.21
41565,5,4,5.2,5.51
41566,5,1,5.5,4.33
41567,5,2,2.1,5.51
41568,6,2,4.8,5.36
41569,2,3,9.0,2.91
41570,6,4,2.4,4.56
41571,0,3,5.5,7.09
41572,0,3,1.1,5.37
41573,3,4,2.9,5.54
41574,5,4,5.7,5.89
41575,5,2,9.6,4.59
41576,6,0,4.3,5.97
41577,6,1,3.8,5.93
41578,6,0,1.0,6.64
41579,6,1,3.9,7.61
41580,7,0,2.1,3.98
41581,7,0,1.8,3.58
41582,6,1,1.3,5.88
41583,1,1,3.1,4.95
41584,5,2,3.0,3.99
41585,7,1,6.7,3.96
41586,2,0,1.9,4.61
41587,2,4,4.0,3.64
41588,2,3,8.0,4.45
41589,0,0,5.4,5.49
41590,1,0,0.8,3.41
41591,6,1,7.9,7.57
41592,3,0,7.5,4.78
41593,2,4,1.1,5.48
41594,7,0,6.1,4.79
41595,3,1,5.7,5.61
41596,2,4,5.7,5.71
41597,0,3,3.1,4.29
41598,2,4,6.7,5.72
41599,3,0,2.5,4.01
41600,0,0,7.0,4.59
41601,7,2,3.0,6.38
41602,6,1,4.0,7.29
41603,2,2,9.2,5.61
41604,3,3,9.7,4.63
41605,6,3,9.8,4.26
41606,6,2,3.8,4.82
41607,4,1,6.6,6.71
41608,0,4,4.3,4.7
41609,2,0,0.9,4.4
41610,0,0,7.5,4.45
41611,3,4,9.4,2.91
41612,5,2,3.9,3.07
41613,0,0,9.9,3.26
41614,4,2,3.1,4.24
41615,5,2,0.0,5.86
41616,4,4,4.1,5.01
41617,1,2,7.3,3.36
41618,2,3,6.0,5.42
41619,1,1,8.8,4.14
41620,7,0,1.8,4.58
41621,3,4,0.8,7.06
41622,1,1,9.8,5.17
41623,1,0,7.8,6.14
41624,0,0,0.5,6.87
41625,6,1,0.5,3.12
41626,6,2,1.4,4.59
41627,3,1,0.9,5.66
41628,6,3,9.6,4.15
41629,3,4,1.9,5.57
41630,1,1,2.4,6.45
41631,0,2,2.2,2.22
41632,7,4,5.6,4.92
41633,7,3,9.3,6.82
41634,6,0,8.5,3.96
41635,0,4,7.5,5.66
41636,3,1,2.1,8.01
41637,4,0,6.0,2.49
41638,4,0,1.0,2.19
41639,4,1,6.7,6.32
41640,6,3,4.7,4.35
41641,2,3,5.5,4.38
41642,7,1,2.2,7.37
41643,3,1,0.0,4.62
41644,4,2,1.0,5.25
41645,4,3,8.9,2.64
41646,0,2,2.6,3.45
41647,6,1,5.4,7.26
41648,7,2,7.1,8.8
41649,5,0,7.2,4.89
41650,4,2,7.4,5.44
41651,4,2,1.9,4.78
41652,4,0,5.8,3.34
41653,5,4,8.2,6.8
41654,7,1,7.6,5.66
41655,5,2,5.3,3.78
41656,0,2,4.2,5.42
41657,4,1,3.3,7.5
41658,7,1,9.6,4.86
41659,6,2,4.7,4.24
41660,2,0,2.4,5.31
41661,4,4,3.9,3.68
41662,4,0,9.9,6.74
41663,2,3,1.5,6.28
41664,4,3,5.7,4.46
41665,4,3,8.0,1.59
41666,3,2,6.5,4.82
41667,1,3,3.1,4.07
41668,7,4,4.6,5.32
41669,2,4,5.5,5.45
41670,0,0,0.4,4.69
41671,0,0,0.4,4.73
41672,2,1,1.7,5.48
41673,0,4,9.2,4.61
41674,7,3,1.3,4.4
41675,0,2,9.1,4.0
41676,2,0,5.8,5.57
41677,4,2,7.8,3.09
41678,1,2,9.2,4.35
41679,2,2,6.4,5.87
41680,3,0,8.3,6.3
41681,7,2,3.9,4.72
41682,1,1,6.5,3.45
41683,6,3,2.6,6.06
41684,5,0,2.7,4.65
41685,1,0,2.4,6.74
41686,0,2,1.9,4.97
41687,1,3,5.2,5.97
41688,2,2,5.8,5.03
41689,5,4,6.9,4.46
41690,0,1,0.4,3.67
41691,0,3,4.0,5.36
41692,4,4,2.0,6.16
41693,7,3,7.0,4.97
41694,7,1,4.6,6.02
41695,2,1,7.7,5.88
41696,7,1,3.2,4.38
41697,7,1,6.8,4.16
41698,1,1,7.6,4.76
41699,3,1,3.6,5.19
41700,7,3,0.4,4.1
41701,4,2,6.0,6.82
41702,5,2,6.1,5.37
41703,4,2,7.6,3.62
41704,5,3,6.7,3.29
41705,6,4,4.8,6.45
41706,0,4,2.3,5.28
41707,1,2,8.2,5.16
41708,0,2,2.8,6.2
41709,6,4,8.4,5.15
41710,1,1,6.8,4.9
41711,2,0,3.9,3.28
41712,1,0,3.0,4.21
41713,3,0,6.8,3.7
41714,4,2,8.7,3.69
41715,0,1,2.3,4.23
41716,0,2,9.4,5.62
41717,3,3,5.8,4.58
41718,1,0,5.9,5.83
41719,0,3,0.7,4.99
41720,2,2,3.1,4.55
41721,2,4,2.8,6.8
41722,3,0,0.4,6.1
41723,7,1,3.3,4.31
41724,0,3,2.7,3.27
41725,6,2,1.3,4.39
41726,0,1,3.2,6.04
41727,5,3,3.4,3.64
41728,4,3,5.8,2.54
41729,2,2,3.3,4.33
41730,3,0,7.2,5.32
41731,6,2,0.8,3.4
41732,5,3,4.9,6.02
41733,0,0,5.2,5.58
41734,3,1,3.0,2.17
41735,7,3,2.1,4.59
41736,3,2,1.0,4.49
41737,3,4,7.5,4.39
41738,5,4,3.2,5.98
41739,1,1,5.3,3.3
41740,5,4,3.2,6.13
41741,7,4,5.9,3.4
41742,1,3,6.9,4.75
41743,0,2,3.8,3.95
41744,3,0,5.4,6.61
41745,0,2,8.9,4.74
41746,1,3,8.6,3.25
41747,6,4,3.2,3.61
41748,7,0,6.7,5.92
41749,4,4,6.0,4.49
41750,4,3,8.5,5.06
41751,3,2,8.3,6.12
41752,5,4,1.4,3.55
41753,3,3,0.4,4.95
41754,3,3,7.8,6.0
41755,2,2,6.2,5.17
41756,3,3,0.1,3.51
41757,3,2,1.4,5.93
41758,3,3,6.9,4.61
41759,3,0,9.7,7.6
41760,4,2,2.7,5.67
41761,4,4,3.4,5.71
41762,4,0,2.6,6.43
41763,6,3,6.5,5.26
41764,4,3,3.0,5.35
41765,4,2,3.9,4.15
41766,3,1,2.2,8.42
41767,4,3,3.8,3.13
41768,7,1,7.5,5.4
41769,3,3,5.1,3.69
41770,5,3,9.3,4.82
41771,4,1,5.5,6.07
41772,5,3,2.0,3.93
41773,1,1,5.6,5.18
41774,6,2,5.3,3.53
41775,2,2,0.0,5.96
41776,5,3,4.2,5.21
41777,6,1,9.6,6.47
41778,5,0,4.1,4.04
41779,5,2,4.1,5.31
41780,4,1,5.8,4.34
41781,7,3,7.0,3.41
41782,6,2,4.0,3.66
41783,6,2,0.7,6.21
41784,4,0,2.6,4.33
41785,4,1,4.8,3.69
41786,3,4,7.7,4.97
41787,0,3,6.8,7.33
41788,0,4,7.0,6.03
41789,4,4,0.4,4.1
41790,7,0,7.5,7.16
41791,7,1,0.7,6.55
41792,2,3,2.4,4.11
41793,5,0,2.5,5.58
41794,7,1,3.4,7.7
41795,4,1,0.9,4.8
41796,4,0,9.1,3.47
41797,6,3,5.6,2.93
41798,4,3,5.4,5.33
41799,3,2,2.8,3.47
41800,1,1,7.5,2.99
41801,0,4,2.7,3.29
41802,7,2,2.8,3.64
41803,7,2,0.1,2.61
41804,6,1,5.3,5.03
41805,5,3,2.9,5.79
41806,0,0,3.3,4.57
41807,5,2,7.3,3.22
41808,7,2,7.0,2.85
41809,5,0,4.0,5.94
41810,1,3,3.6,4.25
41811,0,1,1.0,2.86
41812,4,1,0.3,4.21
41813,4,0,7.6,4.72
41814,1,4,9.3,5.9
41815,3,3,2.4,3.13
41816,5,2,0.7,4.82
41817,6,0,6.2,3.09
41818,0,4,2.8,5.29
41819,1,4,9.3,5.23
41820,2,4,1.3,6.01
41821,7,1,0.5,2.72
41822,6,0,4.5,5.83
41823,1,4,9.6,6.02
41824,6,3,5.1,5.32
41825,3,0,7.3,3.22
41826,6,1,7.3,4.55
41827,4,0,4.4,6.09
41828,1,4,8.3,4.32
41829,2,4,9.8,5.37
41830,4,4,2.1,5.12
41831,0,1,5.3,3.47
41832,4,3,4.3,5.18
41833,4,2,3.6,7.35
41834,2,2,7.5,4.11
41835,1,2,1.5,4.45
41836,7,1,6.9,3.87
41837,4,4,3.8,4.85
41838,3,2,7.6,4.71
41839,4,1,8.1,5.46
41840,2,2,9.7,4.04
41841,3,0,0.9,5.9
41842,5,0,5.6,5.85
41843,5,2,4.4,5.31
41844,4,2,6.5,4.82
41845,1,1,2.6,7.24
41846,6,4,3.6,6.85
41847,0,2,1.3,3.5
41848,7,2,9.7,4.92
41849,3,3,5.5,5.34
41850,5,1,6.9,3.24
41851,4,4,8.4,6.21
41852,3,1,9.3,4.46
41853,2,0,2.2,6.48
41854,7,3,2.5,5.1
41855,3,1,6.0,5.65
41856,4,4,2.0,3.43
41857,1,0,1.8,5.43
41858,0,2,8.2,4.65
41859,1,3,7.3,3.94
41860,0,1,4.8,5.41
41861,3,0,2.3,5.22
41862,0,4,8.9,5.08
41863,5,3,7.7,3.86
41864,1,3,8.9,2.76
41865,7,4,4.3,4.3
41866,4,2,9.9,3.57
41867,4,1,3.4,4.81
41868,0,2,2.2,5.13
41869,4,3,3.3,6.05
41870,6,3,2.0,4.84
41871,3,4,8.7,5.5
41872,6,1,6.2,3.27
41873,1,3,6.2,4.87
41874,3,2,4.6,4.83
41875,7,3,9.4,6.1
41876,6,3,4.8,4.34
41877,3,0,9.2,3.74
41878,1,4,6.9,4.4
41879,5,3,7.4,4.13
41880,0,0,0.2,5.47
41881,5,3,4.8,4.91
41882,2,0,3.3,5.7
41883,5,0,3.3,5.24
41884,5,1,7.9,3.4
41885,5,1,9.3,2.66
41886,5,3,4.4,4.76
41887,0,2,4.5,7.22
41888,4,1,5.7,3.75
41889,0,3,4.1,4.83
41890,2,1,8.6,6.05
41891,0,1,5.3,6.09
41892,6,3,5.7,4.59
41893,7,4,1.6,6.03
41894,2,0,8.9,4.04
41895,0,1,8.4,6.08
41896,4,4,4.5,6.14
41897,4,0,4.8,4.48
41898,3,4,2.1,4.99
41899,3,0,4.4,5.47
41900,4,1,1.8,3.5
41901,3,4,8.8,3.91
41902,2,4,8.2,5.81
41903,1,1,0.1,7.04
41904,5,3,5.7,2.7
41905,2,2,6.9,2.54
41906,3,2,0.2,5.59
41907,6,1,8.6,5.54
41908,1,1,0.9,4.78
41909,4,4,6.7,6.35
41910,6,0,2.8,5.66
41911,3,3,9.5,3.71
41912,3,2,7.3,5.23
41913,0,1,9.4,5.01
41914,0,1,3.6,5.35
41915,7,2,9.8,4.33
41916,6,2,2.8,6.87
41917,5,4,4.0,4.25
41918,7,3,5.5,4.46
41919,0,2,6.2,5.2
41920,1,2,9.0,4.9
41921,7,0,7.8,5.81
41922,2,1,3.9,3.38
41923,4,1,6.6,4.18
41924,1,1,9.2,4.87
41925,3,4,6.4,5.74
41926,5,0,7.7,5.02
41927,4,2,5.6,5.75
41928,5,0,8.6,5.62
41929,7,1,7.9,3.81
41930,5,3,8.9,5.54
41931,5,2,6.5,4.44
41932,1,3,1.1,4.31
41933,2,0,2.3,2.11
41934,3,3,5.8,4.35
41935,1,4,2.1,3.32
41936,0,4,2.9,6.07
41937,2,0,5.8,3.73
41938,7,0,1.3,6.88
41939,1,0,10.0,6.09
41940,6,0,8.0,7.05
41941,5,4,9.9,4.2
41942,5,1,5.1,5.39
41943,3,0,1.9,5.19
41944,0,2,3.9,6.22
41945,6,3,4.1,4.37
41946,3,3,8.1,4.08
41947,3,3,9.6,5.85
41948,2,4,5.1,6.41
41949,3,2,2.7,3.11
41950,6,1,8.9,7.53
41951,5,2,4.9,3.88
41952,4,1,6.3,2.97
41953,4,2,6.9,6.67
41954,4,1,9.1,6.12
41955,2,3,3.4,4.77
41956,7,2,9.9,3.44
41957,6,3,9.5,2.66
41958,7,4,2.3,4.78
41959,7,0,6.9,6.09
41960,5,1,0.8,5.34
41961,4,2,9.8,4.88
41962,4,4,7.9,3.11
41963,6,1,7.8,4.56
41964,1,1,3.5,5.51
41965,2,1,4.2,4.89
41966,7,4,7.6,3.94
41967,0,2,6.8,6.03
41968,5,0,9.2,4.69
41969,6,2,4.5,5.69
41970,4,3,5.9,7.23
41971,1,0,5.3,5.64
41972,3,3,7.3,3.17
41973,2,3,1.8,5.79
41974,0,1,4.2,4.84
41975,2,1,6.6,1.78
41976,3,3,8.1,4.04
41977,5,1,6.4,4.43
41978,0,4,3.6,5.36
41979,7,4,4.6,4.02
41980,6,0,9.7,3.97
41981,2,1,4.0,4.44
41982,7,3,9.8,4.41
41983,7,0,0.8,3.47
41984,7,3,9.9,3.11
41985,6,3,3.7,4.65
41986,4,3,4.2,8.09
41987,4,2,10.0,4.2
41988,2,1,6.1,6.96
41989,1,1,3.4,4.59
41990,5,2,2.0,6.65
41991,7,4,3.3,2.72
41992,1,3,1.2,7.51
41993,4,2,9.9,4.29
41994,5,3,1.4,2.02
41995,0,3,6.6,4.67
41996,4,0,7.6,3.59
41997,2,4,0.6,5.24
41998,3,3,4.9,5.4
41999,4,2,4.4,4.71
42000,2,3,2.8,5.57
42001,2,4,5.6,6.03
42002,2,1,8.2,4.08
42003,6,0,6.0,3.63
42004,4,2,8.2,3.79
42005,6,2,5.0,5.99
42006,3,0,9.9,4.72
42007,0,1,4.7,2.92
42008,3,4,2.7,3.42
42009,5,0,1.0,5.87
42010,0,1,9.4,4.35
42011,4,2,0.4,2.55
42012,5,4,6.6,3.48
42013,6,2,9.4,5.37
42014,1,3,9.5,3.04
42015,1,0,3.6,8.2
42016,5,2,9.8,4.88
42017,2,4,9.0,4.71
42018,1,2,2.5,5.06
42019,4,0,5.7,5.32
42020,4,2,3.4,4.86
42021,5,3,0.7,5.47
42022,3,3,3.7,4.61
42023,1,0,0.7,4.62
42024,3,2,4.3,4.82
42025,7,0,5.4,2.69
42026,2,2,8.2,2.72
42027,6,0,9.7,4.5
42028,5,0,9.0,4.28
42029,1,2,3.2,6.37
42030,0,4,6.0,5.68
42031,7,0,5.1,3.79
42032,3,0,8.6,2.78
42033,5,3,1.3,5.05
42034,1,2,5.0,6.82
42035,0,4,3.2,7.03
42036,6,2,6.4,6.78
42037,3,3,1.9,6.77
42038,6,1,0.3,6.56
42039,1,0,3.0,5.31
42040,1,1,7.8,5.83
42041,6,0,7.0,4.54
42042,5,3,1.9,3.6
42043,6,3,6.4,5.36
42044,7,1,4.5,3.03
42045,6,0,7.8,5.17
42046,5,1,3.5,4.14
42047,2,1,8.6,3.39
42048,7,4,7.7,4.2
42049,4,3,7.0,5.24
42050,6,2,0.8,3.94
42051,3,2,7.4,3.92
42052,5,4,9.2,5.0
42053,1,3,2.7,4.53
42054,4,4,2.0,4.74
42055,3,3,9.8,4.94
42056,7,0,0.5,5.56
42057,0,4,0.7,4.56
42058,1,2,4.9,4.45
42059,2,1,9.9,2.62
42060,0,3,7.6,8.14
42061,2,4,4.6,6.3
42062,2,2,0.2,3.1
42063,3,3,9.0,2.83
42064,2,4,8.4,4.4
42065,0,1,5.1,3.16
42066,4,4,0.9,3.14
42067,7,4,5.4,3.28
42068,5,0,7.6,3.28
42069,1,1,6.8,3.81
42070,6,0,9.2,2.05
42071,5,0,4.4,6.55
42072,4,4,8.3,3.72
42073,6,1,1.3,3.5
42074,6,3,2.2,5.38
42075,1,1,7.5,6.41
42076,0,1,8.3,6.44
42077,5,4,8.3,4.9
42078,7,3,3.1,5.36
42079,4,2,1.9,4.76
42080,2,3,6.1,5.34
42081,0,4,1.2,5.23
42082,4,1,4.0,3.56
42083,0,2,5.6,4.88
42084,3,4,5.1,2.65
42085,5,3,1.6,5.32
42086,0,2,6.6,5.49
42087,0,0,0.2,3.94
42088,4,1,4.1,2.48
42089,7,1,7.0,5.14
42090,0,2,7.3,5.96
42091,3,4,4.8,7.62
42092,5,3,1.2,6.12
42093,1,1,8.5,4.17
42094,7,1,5.6,3.43
42095,7,1,2.1,5.93
42096,5,1,1.5,4.34
42097,0,3,2.9,5.41
42098,7,3,3.3,5.84
42099,0,0,7.5,3.44
42100,7,2,6.8,4.55
42101,0,3,9.4,4.41
42102,3,4,0.5,4.67
42103,4,0,5.3,3.22
42104,7,1,9.9,7.33
42105,0,4,7.9,5.76
42106,2,3,1.6,6.25
42107,2,0,3.5,5.15
42108,7,3,3.3,6.29
42109,3,4,5.9,6.32
42110,5,0,9.5,4.0
42111,5,0,2.2,4.7
42112,0,2,6.4,6.67
42113,1,4,6.0,6.74
42114,5,1,6.5,5.55
42115,3,1,5.2,4.46
42116,1,2,9.5,2.33
42117,4,1,1.4,4.84
42118,4,2,2.1,3.31
42119,7,1,7.0,5.47
42120,2,3,7.5,5.74
42121,7,1,5.4,3.73
42122,7,1,4.5,6.42
42123,0,4,9.4,5.6
42124,2,2,7.3,5.94
42125,1,4,8.0,6.23
42126,1,0,0.8,6.27
42127,2,2,3.9,5.34
42128,6,3,2.0,3.62
42129,2,0,9.3,6.48
42130,3,2,7.1,6.55
42131,1,3,9.1,6.07
42132,4,1,3.4,5.55
42133,1,1,2.0,4.34
42134,7,1,7.9,3.68
42135,3,2,4.8,3.6
42136,6,2,5.9,4.74
42137,2,2,5.0,5.65
42138,6,4,9.9,5.67
42139,6,1,1.3,4.88
42140,2,0,1.1,4.52
42141,1,3,9.8,6.07
42142,3,2,8.8,3.49
42143,4,1,9.7,6.36
42144,3,1,8.4,5.03
42145,7,2,0.3,6.6
42146,7,1,6.4,5.45
42147,3,3,7.7,6.44
42148,2,0,5.4,6.12
42149,4,3,0.2,4.68
42150,5,3,1.3,4.73
42151,0,1,6.5,3.57
42152,3,1,4.0,3.48
42153,3,4,6.4,4.16
42154,1,2,6.9,5.65
42155,4,3,6.8,4.37
42156,2,0,2.0,6.07
42157,3,2,2.6,5.93
42158,7,4,5.5,4.7
42159,6,3,7.1,4.17
42160,3,0,6.2,5.91
42161,2,0,2.0,4.82
42162,1,1,2.7,5.83
42163,4,3,4.6,3.05
42164,2,1,1.0,4.93
42165,3,0,2.9,4.42
42166,6,4,9.3,5.62
42167,0,3,3.3,2.44
42168,3,1,1.6,5.79
42169,7,4,1.3,3.4
42170,7,3,5.7,5.37
42171,1,3,5.0,5.2
42172,4,0,9.6,4.1
42173,3,1,2.7,6.42
42174,1,2,1.7,5.65
42175,7,2,5.7,5.41
42176,2,3,8.5,3.02
42177,3,1,9.4,5.78
42178,3,1,5.1,6.94
42179,4,4,9.2,4.36
42180,2,4,6.0,4.76
42181,3,2,3.8,4.61
42182,1,4,6.3,6.33
42183,4,2,5.0,4.98
42184,7,2,1.4,4.57
42185,7,2,0.8,3.4
42186,7,2,8.1,5.08
42187,4,0,7.7,4.54
42188,3,2,5.8,7.99
42189,5,0,8.2,6.2
42190,0,3,1.7,3.29
42191,1,2,9.0,3.28
42192,3,0,9.0,2.69
42193,6,4,0.3,6.44
42194,4,1,0.9,4.49
42195,4,2,1.6,1.56
42196,0,0,1.6,3.06
42197,4,0,3.8,3.98
42198,2,1,2.4,6.3
42199,6,3,9.9,4.05
42200,0,0,2.1,7.16
42201,4,0,6.0,5.64
42202,3,4,5.3,3.46
42203,2,4,1.1,3.72
42204,3,4,8.7,4.63
42205,5,3,4.1,5.87
42206,5,3,7.6,4.43
42207,6,4,2.6,6.26
42208,1,4,7.2,5.44
42209,1,0,8.6,1.76
42210,3,1,1.1,5.92
42211,7,2,4.7,4.34
42212,5,1,5.3,6.03
42213,6,1,10.0,6.2
42214,6,1,0.4,5.61
42215,4,1,6.6,4.69
42216,5,2,2.7,5.8
42217,3,1,4.3,5.78
42218,6,3,3.7,3.31
42219,3,1,6.9,3.59
42220,3,0,6.1,2.44
42221,0,3,8.7,5.29
42222,2,4,5.5,3.69
42223,2,2,0.9,3.44
42224,2,3,5.5,2.6
42225,0,3,8.9,3.56
42226,6,3,3.4,2.77
42227,4,0,2.3,1.89
42228,6,0,0.7,6.3
42229,7,4,3.7,5.64
42230,7,0,1.9,3.53
42231,2,3,0.5,6.56
42232,2,0,1.8,5.19
42233,2,0,7.8,3.28
42234,0,4,5.0,6.39
42235,3,1,4.3,4.1
42236,5,4,0.9,4.69
42237,6,4,5.1,3.92
42238,7,2,4.1,5.16
42239,2,3,0.0,4.12
42240,3,1,1.4,5.84
42241,1,1,6.9,4.77
42242,3,0,1.9,5.23
42243,4,3,9.4,5.96
42244,5,3,5.9,5.32
42245,1,3,9.7,5.75
42246,3,3,3.5,5.62
42247,2,2,4.0,6.22
42248,3,2,3.9,3.64
42249,6,2,9.8,4.03
42250,4,3,5.4,4.3
42251,6,3,8.5,5.12
42252,7,3,7.7,2.77
42253,6,2,7.3,5.38
42254,4,0,2.5,4.38
42255,3,1,3.2,3.6
42256,3,0,4.0,5.46
42257,4,4,3.6,3.54
42258,0,4,6.3,6.4
42259,3,3,8.6,5.05
42260,0,3,6.6,5.7
42261,1,2,4.8,3.54
42262,3,2,1.1,7.41
42263,6,1,9.5,4.77
42264,1,2,0.4,5.41
42265,1,0,7.5,2.81
42266,6,3,8.9,3.02
42267,1,1,5.6,5.83
42268,3,4,1.8,2.47
42269,1,2,5.7,6.34
42270,1,0,3.2,4.6
42271,5,1,8.1,2.94
42272,3,3,4.9,6.07
42273,0,1,9.5,5.43
42274,1,4,2.4,4.03
42275,2,0,4.8,3.61
42276,3,0,7.9,4.05
42277,6,3,9.3,6.8
42278,2,3,5.4,5.57
42279,4,4,1.1,5.66
42280,6,2,9.8,2.77
42281,1,2,0.8,4.69
42282,2,0,4.1,5.67
42283,3,0,8.0,5.69
42284,6,1,3.8,5.17
42285,1,2,4.8,6.51
42286,5,2,1.0,5.19
42287,7,0,6.2,5.56
42288,7,4,2.3,5.66
42289,3,1,0.5,4.33
42290,0,3,2.1,5.2
42291,4,2,5.0,6.26
42292,7,4,8.9,5.11
42293,5,2,8.4,6.02
42294,5,3,8.1,3.37
42295,3,3,8.8,4.38
42296,3,4,3.0,5.6
42297,7,2,3.9,7.51
42298,3,2,4.3,6.28
42299,1,4,7.2,3.51
42300,1,2,0.4,4.66
42301,7,3,9.5,5.05
42302,5,4,8.1,6.43
42303,1,1,5.3,3.98
42304,5,0,0.2,2.12
42305,1,2,0.8,4.54
42306,4,0,0.5,4.79
42307,7,1,5.2,5.11
42308,6,0,5.8,4.19
42309,3,1,4.2,3.91
42310,7,3,6.1,4.12
42311,2,0,7.6,4.4
42312,4,3,8.2,3.4
42313,2,3,4.6,5.25
42314,1,4,5.1,5.48
42315,3,2,0.2,1.08
42316,4,3,7.1,4.9
42317,5,3,4.2,4.13
42318,5,3,4.5,4.61
42319,1,4,0.5,2.87
42320,0,1,4.3,3.97
42321,5,2,4.7,5.21
42322,4,4,9.5,4.38
42323,3,0,7.3,7.18
42324,3,0,2.1,4.77
42325,5,2,4.6,3.28
42326,7,4,4.0,4.82
42327,6,0,7.9,4.15
42328,5,3,7.3,3.29
42329,4,1,4.4,6.62
42330,3,2,0.4,5.78
42331,7,4,7.6,5.03
42332,3,2,1.1,3.31
42333,4,4,1.4,5.74
42334,0,2,4.1,5.2
42335,6,0,10.0,5.11
42336,0,2,3.8,5.73
42337,5,3,0.4,7.0
42338,6,1,7.5,4.23
42339,1,1,7.0,3.27
42340,1,3,3.0,4.26
42341,6,3,7.3,3.82
42342,3,1,3.8,6.41
42343,6,3,6.4,3.7
42344,6,2,1.5,6.19
42345,5,2,1.5,4.63
42346,4,0,9.5,4.2
42347,1,4,0.5,3.85
42348,4,0,5.9,4.32
42349,3,4,3.2,5.77
42350,6,0,3.0,5.55
42351,4,4,3.5,5.5
42352,5,4,7.0,2.43
42353,6,0,1.0,4.36
42354,6,0,8.3,4.57
42355,1,3,5.3,4.61
42356,3,4,9.4,3.52
42357,1,4,10.0,7.89
42358,6,0,6.3,5.05
42359,7,2,4.9,4.02
42360,6,4,5.3,3.64
42361,5,2,1.8,5.05
42362,3,4,5.7,5.99
42363,2,2,3.9,6.57
42364,5,3,1.2,3.66
42365,5,0,2.7,6.38
42366,1,0,7.1,6.84
42367,6,2,6.7,5.3
42368,1,3,4.0,6.76
42369,5,3,1.7,5.74
42370,1,2,4.8,6.76
42371,4,4,1.1,5.88
42372,3,0,1.8,5.17
42373,4,3,3.9,6.84
42374,2,2,6.4,3.92
42375,1,0,1.4,5.3
42376,4,0,1.2,5.23
42377,5,3,1.0,2.47
42378,4,1,5.3,5.63
42379,2,4,0.9,4.59
42380,6,2,6.2,2.83
42381,2,4,1.2,5.24
42382,1,3,1.0,6.37
42383,4,0,6.7,6.0
42384,0,3,5.7,5.08
42385,4,2,9.1,4.02
42386,4,0,2.7,3.53
42387,6,3,2.2,2.78
42388,3,4,6.5,4.7
42389,6,3,2.2,3.65
42390,6,1,1.9,3.26
42391,5,0,2.2,4.69
42392,6,1,3.8,6.92
42393,4,4,9.5,5.06
42394,7,0,2.8,4.76
42395,7,4,9.4,6.61
42396,4,4,9.3,5.07
42397,2,1,3.9,5.86
42398,3,1,4.7,3.1
42399,3,3,2.7,5.46
42400,5,1,0.1,5.47
42401,6,0,9.6,5.01
42402,3,2,4.4,5.79
42403,6,4,4.8,5.53
42404,3,4,1.4,5.46
42405,0,3,6.9,3.13
42406,4,2,9.6,6.13
42407,3,4,9.3,5.28
42408,6,3,7.5,3.6
42409,1,4,0.5,4.09
42410,3,1,2.2,5.44
42411,6,0,6.3,4.94
42412,0,0,6.7,6.0
42413,1,2,4.6,5.84
42414,6,4,10.0,5.23
42415,7,2,0.5,4.23
42416,6,0,4.7,3.46
42417,1,1,6.7,3.94
42418,7,4,8.4,6.15
42419,7,4,3.9,5.42
42420,5,2,4.6,3.49
42421,0,0,6.6,5.61
42422,7,0,9.3,3.36
42423,6,1,1.7,4.58
42424,3,0,3.3,3.9
42425,4,1,9.5,4.44
42426,1,2,1.0,3.29
42427,5,4,6.1,5.4
42428,7,3,7.2,4.5
42429,5,1,5.5,5.03
42430,5,2,2.1,2.85
42431,2,2,9.2,6.32
42432,2,0,3.7,4.36
42433,6,4,7.0,5.22
42434,4,1,7.4,2.76
42435,2,4,8.3,4.57
42436,3,4,0.8,5.05
42437,6,2,1.1,4.82
42438,1,1,5.8,5.34
42439,3,2,7.8,4.55
42440,1,2,6.7,5.74
42441,2,1,7.5,2.46
42442,6,3,2.6,4.08
42443,6,0,6.5,4.51
42444,1,3,9.7,4.88
42445,3,1,1.4,5.03
42446,0,4,5.5,5.55
42447,7,0,2.2,3.63
42448,0,2,5.6,5.75
42449,0,1,2.3,4.39
42450,5,1,7.0,5.0
42451,4,4,0.2,4.95
42452,4,1,5.5,7.49
42453,7,0,5.1,4.22
42454,2,1,8.5,4.76
42455,6,2,9.8,4.2
42456,0,2,9.7,6.58
42457,4,1,7.2,3.64
42458,6,3,1.6,3.75
42459,1,4,4.2,4.46
42460,0,3,9.2,5.36
42461,6,2,8.6,5.72
42462,5,4,8.2,2.87
42463,0,0,7.4,5.29
42464,0,3,9.4,5.8
42465,6,1,3.3,4.71
42466,1,3,3.0,5.16
42467,0,1,3.4,4.16
42468,0,1,9.5,4.52
42469,3,4,4.7,5.22
42470,1,4,0.8,7.27
42471,3,2,1.6,5.74
42472,7,1,5.1,5.47
42473,2,3,8.7,3.44
42474,3,2,6.3,5.17
42475,1,2,0.8,3.45
42476,7,3,2.5,5.01
42477,1,2,1.9,4.72
42478,5,0,3.8,3.81
42479,2,4,1.7,3.93
42480,2,2,1.7,5.94
42481,3,2,1.1,6.0
42482,1,4,9.6,4.06
42483,3,0,9.6,5.37
42484,4,3,6.4,5.5
42485,5,3,8.7,6.54
42486,7,4,6.9,4.01
42487,5,1,4.5,3.63
42488,2,4,5.6,5.72
42489,1,4,9.1,3.02
42490,1,4,1.5,4.42
42491,3,4,7.8,6.1
42492,4,0,1.9,6.64
42493,6,4,6.1,4.4
42494,5,0,7.5,6.34
42495,1,4,0.6,5.1
42496,3,4,0.6,3.54
42497,7,3,2.6,5.59
42498,5,0,9.5,3.46
42499,0,3,8.2,5.31
42500,5,4,6.5,5.64
42501,3,1,2.0,4.86
42502,1,1,7.0,4.13
42503,5,3,2.1,4.33
42504,6,1,9.5,3.54
42505,0,0,1.6,3.69
42506,0,3,9.4,4.49
42507,5,3,8.0,3.97
42508,0,1,8.9,5.28
42509,7,4,2.5,7.53
42510,3,3,3.0,5.01
42511,2,4,6.8,3.96
42512,2,0,1.3,4.43
42513,6,3,7.5,5.51
42514,0,3,7.4,4.17
42515,5,0,1.3,5.9
42516,1,4,5.3,5.18
42517,1,2,7.8,4.26
42518,4,1,7.9,4.82
42519,6,4,7.3,4.63
42520,7,0,6.7,7.24
42521,4,0,9.4,4.54
42522,5,0,0.7,5.05
42523,3,2,2.3,2.88
42524,6,1,7.3,4.7
42525,5,1,9.4,3.92
42526,1,0,5.0,3.96
42527,1,3,8.2,5.31
42528,1,4,5.5,5.81
42529,2,1,9.8,4.72
42530,0,4,8.2,4.7
42531,5,1,3.7,5.0
42532,0,2,0.1,5.86
42533,0,1,8.9,4.55
42534,5,2,9.6,4.83
42535,7,0,2.6,7.12
42536,3,2,4.1,7.93
42537,1,1,7.8,4.89
42538,3,2,4.0,6.18
42539,0,3,9.5,3.56
42540,4,1,0.2,6.39
42541,0,1,8.1,4.79
42542,3,0,2.8,4.15
42543,7,2,8.6,3.03
42544,4,0,7.6,4.38
42545,3,4,3.2,3.67
42546,3,0,1.7,3.96
42547,6,3,9.7,4.57
42548,7,1,9.0,4.33
42549,5,0,5.5,6.54
42550,3,1,1.7,5.19
42551,4,0,5.6,4.32
42552,1,3,8.5,3.84
42553,3,2,3.2,4.21
42554,0,4,7.8,5.03
42555,0,2,5.8,7.39
42556,4,3,6.2,4.36
42557,4,2,6.8,5.57
42558,3,3,1.4,4.66
42559,3,4,0.2,3.9
42560,6,1,7.0,6.88
42561,2,4,6.2,5.47
42562,6,0,7.1,4.99
42563,5,4,8.0,6.41
42564,5,1,5.3,3.96
42565,5,3,4.0,4.09
42566,1,2,9.2,3.24
42567,1,4,2.2,5.9
42568,2,1,3.2,3.52
42569,4,4,2.5,7.29
42570,2,4,4.9,5.72
42571,5,4,5.1,4.68
42572,2,1,3.9,5.06
42573,7,0,5.5,2.27
42574,4,4,7.0,6.31
42575,6,2,2.4,4.94
42576,1,1,5.8,3.53
42577,0,0,2.8,4.02
42578,2,2,5.2,6.63
42579,0,0,4.9,2.75
42580,2,1,9.6,4.26
42581,6,3,1.1,3.19
42582,0,1,5.3,5.02
42583,2,3,9.8,5.13
42584,5,3,4.0,3.89
42585,2,1,4.5,5.61
42586,6,4,7.6,5.09
42587,4,3,4.9,6.51
42588,6,4,4.2,5.07
42589,1,1,7.8,2.95
42590,4,4,9.1,5.62
42591,7,0,1.4,3.68
42592,1,3,0.0,6.02
42593,0,1,4.2,4.02
42594,6,0,7.4,4.24
42595,3,0,2.4,5.67
42596,1,4,2.4,3.78
42597,6,0,9.8,5.56
42598,0,3,1.1,4.69
42599,4,1,4.8,4.79
42600,7,4,3.5,6.18
42601,2,4,8.3,3.6
42602,0,3,4.3,3.57
42603,5,2,3.2,7.26
42604,3,1,3.7,5.01
42605,4,1,8.4,4.15
42606,6,2,8.1,4.58
42607,5,1,3.5,4.19
42608,5,2,3.5,3.54
42609,1,1,7.1,5.51
42610,7,2,4.0,6.65
42611,0,2,0.6,5.41
42612,0,0,7.4,4.54
42613,5,3,6.9,4.5
42614,4,2,4.8,5.69
42615,3,4,3.4,4.82
42616,1,4,0.2,5.28
42617,1,3,7.3,5.89
42618,5,1,8.2,7.29
42619,5,4,6.1,5.46
42620,3,2,7.8,3.57
42621,6,1,0.8,5.21
42622,1,0,0.0,6.85
42623,4,2,2.4,5.63
42624,7,2,8.1,4.33
42625,2,0,1.0,2.91
42626,3,0,9.1,4.72
42627,7,4,8.7,6.12
42628,3,4,3.4,3.85
42629,7,4,8.7,5.39
42630,2,1,1.9,5.03
42631,6,1,6.0,5.71
42632,0,2,4.5,5.29
42633,5,2,9.9,4.11
42634,0,1,5.7,5.54
42635,7,4,9.2,3.07
42636,6,0,1.6,5.27
42637,4,3,0.9,5.26
42638,3,0,6.4,3.91
42639,2,2,2.2,4.58
42640,7,4,0.9,6.97
42641,6,1,6.3,6.48
42642,7,0,8.9,4.55
42643,6,4,7.9,7.24
42644,0,3,1.6,2.9
42645,4,2,2.5,4.51
42646,7,0,6.7,5.96
42647,6,3,9.8,4.44
42648,2,2,5.5,3.22
42649,2,4,2.7,5.26
42650,4,1,4.0,4.8
42651,0,0,0.1,7.96
42652,4,0,8.7,3.47
42653,1,3,1.5,3.48
42654,6,4,8.5,4.98
42655,2,0,2.9,3.59
42656,1,0,0.2,3.93
42657,7,0,1.3,4.6
42658,6,3,1.2,4.69
42659,1,2,7.3,4.66
42660,4,0,2.1,6.14
42661,6,0,3.2,5.57
42662,0,2,3.0,3.14
42663,0,3,0.8,8.17
42664,4,2,2.5,4.76
42665,4,0,4.7,4.06
42666,0,4,5.9,4.4
42667,0,1,7.0,5.47
42668,3,3,4.6,4.56
42669,7,3,6.3,4.47
42670,5,0,6.1,6.33
42671,1,4,4.8,4.62
42672,5,2,0.6,4.13
42673,0,0,0.8,4.66
42674,5,2,2.1,5.48
42675,7,4,8.4,4.67
42676,7,3,3.1,4.68
42677,6,1,0.6,5.51
42678,0,4,10.0,4.92
42679,1,4,2.5,5.06
42680,1,4,8.4,5.36
42681,2,3,6.0,5.02
42682,4,2,9.7,3.62
42683,0,2,7.1,4.27
42684,2,2,9.4,4.28
42685,2,1,7.6,5.29
42686,2,2,7.3,6.22
42687,4,4,8.7,6.1
42688,6,0,5.5,2.91
42689,5,4,4.9,5.25
42690,3,4,7.6,4.91
42691,3,2,3.7,6.45
42692,6,0,0.6,5.05
42693,7,0,7.7,3.16
42694,2,1,2.4,4.06
42695,5,1,4.8,6.08
42696,6,2,5.1,4.77
42697,0,3,7.2,5.77
42698,2,4,7.5,4.36
42699,7,2,4.3,4.72
42700,6,2,8.1,4.93
42701,7,3,6.8,6.33
42702,7,3,4.7,3.87
42703,2,3,9.0,4.24
42704,6,3,1.7,5.36
42705,2,3,6.8,5.89
42706,7,4,6.3,5.46
42707,7,1,6.2,5.4
42708,2,0,5.0,8.41
42709,3,2,4.9,7.09
42710,6,3,6.2,4.79
42711,2,0,8.5,3.4
42712,5,2,1.6,4.33
42713,6,0,4.9,4.1
42714,7,3,7.1,5.44
42715,6,0,6.1,5.11
42716,3,1,7.8,6.13
42717,0,1,2.6,5.1
42718,3,2,4.0,6.57
42719,4,3,1.0,5.21
42720,3,2,7.2,5.51
42721,0,2,0.8,4.64
42722,3,4,2.8,4.91
42723,4,4,9.9,5.77
42724,0,2,3.0,4.61
42725,2,2,6.3,6.17
42726,3,2,3.1,2.51
42727,1,0,0.2,4.86
42728,4,4,3.0,4.93
42729,6,2,8.6,3.33
42730,3,0,4.8,4.45
42731,1,3,4.2,5.15
42732,5,3,2.4,4.82
42733,1,0,9.5,6.11
42734,3,4,4.7,4.44
42735,3,4,4.9,3.62
42736,4,4,5.6,4.55
42737,3,0,9.8,5.51
42738,0,4,8.9,6.03
42739,3,4,4.5,2.86
42740,1,1,4.9,5.36
42741,2,1,0.6,3.96
42742,0,2,8.9,6.84
42743,7,2,6.8,4.93
42744,7,3,3.8,4.18
42745,7,4,3.9,6.23
42746,0,4,7.8,4.77
42747,6,3,0.5,3.36
42748,3,1,3.0,2.58
42749,0,4,1.4,6.07
42750,3,3,2.2,3.42
42751,6,3,3.5,4.79
42752,1,2,9.0,5.81
42753,4,1,9.3,4.81
42754,4,0,3.6,4.79
42755,0,0,6.4,6.5
42756,5,1,5.1,3.97
42757,2,4,9.1,3.9
42758,3,2,0.3,4.5
42759,6,2,3.2,5.82
42760,5,0,8.7,4.51
42761,0,4,0.1,3.56
42762,0,3,3.6,4.46
42763,1,3,8.9,4.17
42764,5,1,2.2,4.33
42765,4,3,1.1,3.48
42766,7,0,7.1,6.64
42767,0,1,3.0,4.41
42768,0,2,6.6,6.39
42769,1,1,8.4,5.65
42770,0,0,1.6,5.71
42771,0,3,8.9,4.09
42772,0,1,0.9,3.79
42773,1,1,0.5,7.04
42774,4,2,0.3,3.93
42775,2,4,5.9,6.52
42776,0,0,4.9,4.49
42777,2,1,4.7,3.35
42778,7,0,2.2,5.48
42779,1,2,2.4,7.02
42780,6,0,7.8,2.66
42781,5,2,6.7,3.87
42782,0,1,8.9,5.26
42783,5,0,6.5,5.02
42784,6,3,9.5,3.77
42785,1,2,3.7,3.94
42786,0,4,7.8,5.51
42787,4,3,8.8,4.98
42788,3,1,8.6,4.14
42789,6,0,9.1,3.34
42790,4,0,7.8,5.07
42791,7,2,9.5,4.75
42792,3,4,5.2,5.64
42793,2,2,9.8,5.41
42794,7,1,6.7,6.62
42795,6,1,3.4,4.46
42796,2,4,5.7,6.25
42797,4,1,4.1,2.01
42798,0,0,1.9,3.94
42799,3,3,7.2,5.23
42800,6,2,3.4,6.2
42801,4,2,4.8,5.89
42802,4,4,5.6,4.49
42803,6,4,7.2,4.69
42804,7,3,3.5,5.43
42805,3,1,8.5,5.76
42806,7,0,4.4,5.28
42807,6,2,1.4,2.88
42808,1,2,5.5,4.2
42809,4,1,5.9,4.07
42810,0,2,0.0,4.26
42811,6,1,7.7,5.02
42812,0,2,1.1,5.02
42813,2,3,4.3,3.72
42814,6,2,4.2,6.62
42815,1,3,8.0,4.64
42816,2,1,0.9,5.36
42817,6,1,10.0,4.14
42818,0,1,3.7,6.62
42819,3,0,8.4,3.09
42820,0,1,9.7,4.16
42821,3,3,1.5,6.46
42822,1,1,1.1,4.74
42823,6,3,5.8,4.7
42824,1,2,8.0,5.26
42825,0,0,3.7,4.59
42826,4,0,6.3,3.07
42827,1,4,1.6,5.81
42828,5,4,5.6,5.95
42829,6,3,1.2,4.38
42830,0,1,9.6,5.67
42831,4,2,3.8,4.15
42832,6,0,8.8,5.91
42833,7,3,0.7,5.98
42834,1,4,7.1,4.11
42835,7,1,6.4,4.89
42836,6,1,1.8,5.44
42837,3,4,5.2,5.21
42838,3,3,3.9,2.39
42839,0,3,1.7,5.9
42840,7,0,1.1,7.06
42841,4,2,4.9,4.86
42842,2,2,5.8,3.66
42843,7,4,8.8,4.27
42844,6,4,2.7,7.36
42845,2,3,8.7,3.22
42846,7,4,1.0,4.02
42847,7,4,3.6,3.99
42848,1,1,0.4,4.59
42849,6,3,3.8,4.08
42850,0,4,4.4,5.78
42851,1,1,8.0,5.45
42852,1,0,7.9,4.43
42853,6,2,6.4,5.32
42854,2,1,4.4,6.46
42855,2,1,8.8,6.14
42856,7,1,5.4,6.28
42857,3,2,0.7,5.79
42858,2,3,2.4,5.5
42859,3,4,4.6,3.32
42860,1,2,7.6,4.34
42861,3,4,10.0,6.85
42862,2,3,5.5,4.44
42863,4,2,0.5,5.99
42864,5,4,8.6,4.81
42865,0,4,7.3,4.02
42866,0,1,3.7,4.35
42867,2,0,6.6,4.0
42868,6,2,5.9,7.19
42869,0,0,0.5,3.35
42870,3,3,6.6,4.98
42871,7,1,5.4,5.01
42872,2,0,9.7,3.9
42873,0,3,9.2,4.26
42874,3,1,7.1,5.1
42875,2,2,7.1,6.56
42876,2,3,4.6,5.59
42877,0,2,3.1,4.19
42878,6,0,4.1,3.25
42879,2,2,1.9,5.17
42880,7,1,9.8,6.4
42881,6,1,2.5,5.39
42882,7,2,6.1,3.28
42883,6,2,0.7,5.14
42884,2,4,7.0,2.69
42885,1,3,3.4,5.94
42886,1,3,9.8,3.34
42887,5,2,4.6,4.77
42888,2,2,4.2,7.01
42889,3,0,1.0,7.53
42890,2,4,1.9,5.34
42891,2,0,4.3,5.31
42892,5,2,8.8,6.15
42893,7,0,3.0,4.21
42894,3,4,6.1,6.91
42895,7,0,0.1,3.61
42896,6,0,2.1,4.61
42897,0,3,4.0,2.45
42898,7,4,2.3,6.23
42899,3,3,8.5,5.94
42900,1,3,0.6,3.86
42901,5,3,3.3,3.59
42902,7,1,1.3,4.57
42903,1,1,3.3,3.97
42904,4,0,0.6,4.12
42905,5,2,7.1,4.78
42906,7,4,6.4,5.1
42907,5,4,3.7,4.91
42908,2,2,0.7,3.87
42909,2,0,3.5,4.56
42910,1,1,7.7,5.02
42911,5,2,2.7,6.32
42912,3,1,2.9,6.18
42913,4,1,0.8,2.21
42914,4,0,7.5,5.35
42915,5,0,1.4,6.49
42916,4,2,4.5,6.41
42917,4,1,1.6,6.42
42918,7,0,9.7,4.98
42919,2,0,4.1,4.56
42920,7,4,6.5,4.92
42921,5,1,1.6,3.25
42922,0,1,5.4,4.41
42923,1,4,0.9,6.48
42924,1,0,9.3,6.38
42925,3,2,8.1,3.76
42926,7,1,0.9,5.36
42927,6,3,8.6,3.76
42928,2,1,3.1,3.64
42929,4,3,7.0,4.05
42930,1,0,10.0,4.53
42931,5,4,6.8,5.39
42932,3,4,1.0,7.07
42933,4,2,7.6,5.05
42934,0,4,7.2,7.14
42935,0,1,5.4,5.23
42936,5,1,2.9,5.53
42937,2,4,5.1,4.84
42938,5,1,0.2,3.58
42939,3,0,3.7,4.05
42940,2,2,9.9,5.33
42941,7,4,4.3,2.57
42942,3,3,2.3,4.25
42943,4,2,6.8,4.42
42944,4,4,3.5,5.52
42945,7,2,2.0,6.39
42946,4,3,4.3,5.79
42947,0,1,7.9,4.38
42948,4,1,8.8,4.94
42949,4,3,6.3,2.53
42950,4,4,7.1,5.46
42951,3,4,2.6,4.4
42952,5,2,6.5,4.13
42953,1,1,4.0,6.33
42954,5,4,2.3,5.2
42955,2,4,0.5,4.59
42956,7,3,4.2,3.86
42957,5,0,0.8,3.02
42958,7,3,3.1,5.99
42959,1,0,7.1,5.78
42960,5,4,9.5,3.89
42961,6,0,7.0,4.66
42962,2,0,8.8,4.04
42963,2,2,8.8,4.32
42964,0,0,3.2,4.46
42965,7,0,9.9,3.94
42966,5,4,5.5,5.82
42967,4,3,7.2,4.22
42968,7,4,4.9,2.42
42969,0,3,8.9,5.11
42970,4,2,7.9,4.55
42971,5,4,0.5,5.54
42972,5,2,7.6,5.46
42973,5,2,0.0,4.73
42974,2,1,3.6,5.28
42975,0,4,3.2,5.82
42976,1,0,0.3,5.15
42977,7,0,3.4,5.45
42978,6,0,0.7,5.14
42979,4,3,7.3,2.95
42980,1,0,0.6,4.49
42981,0,0,7.2,4.96
42982,6,1,3.4,5.15
42983,2,1,0.6,7.12
42984,5,4,1.9,3.61
42985,1,2,1.8,6.32
42986,4,3,0.3,4.98
42987,1,2,0.6,4.85
42988,6,0,3.5,5.38
42989,7,2,8.7,5.05
42990,4,3,7.6,4.29
42991,1,4,9.9,3.94
42992,6,4,9.3,4.67
42993,1,3,5.8,4.84
42994,6,4,4.9,5.39
42995,7,0,6.8,4.44
42996,7,1,4.5,4.7
42997,0,4,3.3,3.42
42998,5,3,8.1,5.04
42999,6,1,9.1,5.76
43000,4,2,8.1,6.57
43001,2,0,7.4,6.92
43002,2,2,8.0,5.26
43003,1,2,3.2,5.92
43004,1,3,7.0,7.38
43005,1,2,7.5,3.06
43006,1,0,4.6,3.46
43007,2,0,0.3,2.99
43008,6,0,7.7,4.68
43009,4,4,0.2,4.49
43010,7,1,0.1,6.57
43011,6,0,3.4,5.9
43012,1,3,7.9,6.61
43013,5,4,9.7,4.59
43014,2,2,9.4,3.79
43015,3,0,5.8,5.51
43016,1,0,2.2,4.97
43017,2,4,0.2,2.5
43018,7,2,1.0,4.99
43019,0,0,3.9,4.46
43020,4,4,8.9,5.76
43021,6,2,7.1,4.96
43022,1,4,0.4,4.28
43023,0,4,4.7,2.52
43024,5,2,7.5,5.79
43025,6,0,9.3,4.74
43026,7,2,5.0,6.39
43027,2,3,3.8,3.41
43028,3,3,9.8,6.17
43029,5,0,2.2,5.4
43030,5,1,4.7,5.48
43031,1,4,9.1,4.0
43032,1,4,8.4,2.67
43033,0,4,1.0,4.7
43034,2,2,9.1,2.44
43035,7,1,2.6,3.79
43036,4,1,7.0,4.72
43037,1,4,3.2,3.76
43038,7,4,2.4,6.63
43039,5,0,3.9,5.09
43040,1,4,9.5,4.02
43041,1,1,0.3,5.7
43042,3,0,6.7,6.99
43043,5,4,0.3,6.31
43044,4,4,6.2,5.61
43045,5,3,1.1,5.74
43046,1,4,0.7,4.92
43047,2,4,1.9,3.71
43048,3,4,4.4,5.94
43049,7,0,3.8,4.39
43050,6,0,4.2,4.08
43051,6,1,8.2,3.95
43052,3,0,2.4,5.03
43053,3,2,2.5,4.85
43054,5,3,5.9,4.27
43055,7,2,9.7,4.92
43056,7,2,9.6,4.05
43057,2,0,4.2,5.19
43058,5,2,3.4,5.8
43059,4,2,5.6,3.9
43060,3,0,8.5,4.28
43061,0,3,3.0,3.08
43062,5,0,4.7,5.54
43063,7,0,7.2,5.29
43064,2,2,2.6,5.06
43065,4,4,6.8,6.63
43066,7,1,2.4,4.98
43067,1,3,5.8,6.95
43068,7,2,7.0,4.24
43069,2,1,2.6,1.77
43070,6,1,6.3,5.5
43071,6,3,6.5,5.12
43072,6,4,9.0,3.47
43073,3,4,7.7,5.18
43074,5,2,2.8,4.41
43075,0,2,7.0,2.81
43076,7,3,0.7,5.71
43077,7,1,5.7,4.19
43078,6,3,5.2,4.71
43079,6,0,1.7,4.72
43080,5,0,9.9,3.26
43081,4,4,7.1,5.97
43082,7,1,3.7,6.22
43083,1,1,3.4,3.75
43084,0,1,4.8,2.71
43085,5,2,3.3,5.24
43086,4,1,1.8,2.94
43087,3,1,5.3,3.01
43088,7,4,5.8,2.7
43089,3,1,5.3,3.77
43090,2,3,5.0,4.59
43091,0,1,8.1,4.2
43092,6,4,7.3,5.73
43093,1,1,0.4,5.05
43094,2,3,3.4,5.51
43095,2,1,8.9,4.39
43096,2,2,2.9,4.71
43097,6,3,5.8,3.93
43098,2,0,6.1,5.38
43099,3,3,7.0,5.25
43100,2,0,7.0,6.19
43101,4,4,2.8,4.89
43102,1,0,9.7,4.42
43103,5,3,2.4,2.73
43104,4,3,1.3,3.33
43105,1,2,4.0,5.49
43106,3,3,4.1,4.39
43107,6,4,4.4,6.56
43108,5,0,6.8,4.42
43109,7,1,0.7,4.71
43110,1,0,6.9,3.94
43111,2,4,0.6,5.93
43112,0,2,7.3,3.89
43113,7,1,1.5,3.3
43114,6,2,1.2,4.17
43115,5,1,7.7,6.86
43116,6,2,7.2,5.5
43117,4,1,2.7,5.72
43118,0,3,3.6,5.32
43119,6,3,7.0,4.18
43120,3,1,5.5,4.42
43121,3,2,1.7,3.9
43122,0,2,2.5,5.26
43123,1,3,3.5,5.57
43124,4,4,9.5,5.93
43125,4,3,1.2,5.53
43126,6,4,0.9,5.74
43127,4,3,5.1,5.72
43128,0,0,7.3,4.25
43129,7,2,9.3,3.53
43130,7,0,2.6,2.82
43131,5,1,6.6,7.1
43132,6,0,8.5,4.64
43133,6,2,9.6,4.39
43134,3,2,5.0,4.02
43135,5,1,6.8,4.13
43136,3,3,8.2,1.93
43137,3,4,4.3,3.92
43138,2,1,6.8,4.32
43139,3,0,6.1,6.51
43140,6,3,0.4,3.22
43141,2,3,6.2,4.81
43142,1,0,3.8,4.79
43143,7,3,1.1,4.3
43144,5,2,5.9,6.65
43145,2,3,2.4,7.64
43146,2,3,1.6,5.07
43147,7,4,8.6,6.3
43148,6,4,1.3,5.51
43149,0,1,6.2,4.86
43150,2,3,6.5,3.45
43151,7,1,7.3,2.27
43152,6,1,3.4,4.95
43153,7,4,7.4,3.56
43154,5,0,2.1,3.94
43155,3,4,6.7,5.08
43156,3,0,9.3,3.81
43157,0,1,0.2,4.15
43158,6,0,8.4,3.99
43159,2,0,0.5,3.81
43160,1,0,6.6,4.0
43161,7,0,4.7,6.07
43162,3,2,3.6,3.58
43163,2,3,9.4,5.31
43164,1,3,8.3,6.07
43165,0,3,4.0,7.01
43166,2,2,6.8,3.85
43167,6,4,4.8,4.11
43168,0,4,2.6,5.94
43169,0,3,3.5,6.17
43170,6,2,2.0,5.63
43171,0,3,0.4,6.31
43172,2,3,8.0,4.91
43173,6,2,9.6,6.47
43174,5,1,4.9,6.0
43175,7,2,2.7,4.6
43176,3,1,1.7,5.43
43177,4,1,3.5,6.51
43178,1,0,2.6,7.12
43179,6,2,3.1,5.08
43180,6,4,0.1,4.97
43181,3,0,5.0,3.92
43182,7,2,9.4,4.97
43183,4,3,0.6,6.76
43184,5,2,5.7,4.75
43185,5,0,7.2,3.94
43186,7,0,8.3,5.23
43187,1,2,3.3,5.0
43188,5,0,9.2,6.32
43189,1,2,7.5,3.07
43190,7,4,2.2,6.09
43191,4,0,1.6,4.14
43192,2,0,0.9,5.64
43193,2,2,2.0,5.76
43194,2,3,2.4,6.3
43195,3,2,6.5,6.57
43196,4,1,8.5,3.19
43197,7,0,0.8,5.27
43198,2,2,3.1,4.81
43199,0,2,5.4,4.98
43200,4,3,6.5,5.08
43201,6,4,4.0,5.45
43202,7,1,5.7,5.91
43203,4,3,1.2,7.02
43204,7,2,4.6,4.57
43205,1,1,8.6,3.9
43206,2,2,1.1,4.47
43207,3,0,4.5,3.24
43208,4,1,9.9,3.21
43209,4,2,4.2,5.18
43210,7,0,4.0,4.47
43211,5,2,2.6,5.64
43212,0,0,2.8,1.43
43213,1,1,9.1,3.94
43214,2,4,0.4,5.98
43215,6,4,0.3,5.16
43216,6,3,3.1,3.64
43217,7,1,2.4,5.33
43218,4,2,1.9,5.63
43219,2,3,8.2,6.63
43220,6,2,7.3,3.77
43221,1,2,7.9,3.58
43222,4,2,5.1,6.31
43223,6,0,8.2,4.08
43224,2,2,6.8,3.33
43225,7,0,4.4,4.66
43226,1,4,8.3,3.86
43227,7,2,8.6,6.22
43228,7,2,5.3,7.14
43229,4,1,9.3,4.72
43230,5,4,0.6,5.1
43231,3,0,9.0,5.17
43232,2,2,1.1,4.37
43233,2,1,1.0,3.42
43234,6,3,2.3,8.23
43235,2,4,0.9,6.26
43236,0,4,5.3,6.04
43237,2,4,8.4,5.73
43238,1,2,5.5,5.48
43239,6,2,0.4,3.84
43240,0,1,0.2,3.66
43241,1,2,8.3,5.32
43242,1,4,4.5,5.27
43243,7,3,7.5,5.32
43244,7,3,3.9,4.63
43245,4,4,6.9,5.63
43246,6,4,4.8,4.23
43247,6,3,7.5,2.72
43248,1,2,9.6,3.88
43249,2,1,7.6,3.2
43250,4,0,6.5,4.36
43251,3,4,2.8,2.65
43252,3,4,7.3,6.64
43253,6,2,1.4,6.14
43254,5,4,4.9,1.79
43255,3,1,6.1,4.64
43256,5,1,3.3,4.05
43257,5,1,8.0,2.89
43258,0,0,7.2,5.43
43259,3,4,0.1,6.18
43260,4,1,4.6,3.89
43261,4,4,2.8,4.54
43262,2,0,5.2,4.79
43263,7,4,8.2,5.08
43264,1,0,8.4,5.33
43265,5,2,2.6,5.74
43266,5,0,2.9,5.04
43267,1,4,1.3,5.11
43268,6,3,7.3,4.36
43269,7,4,5.3,4.65
43270,3,4,9.8,4.8
43271,7,1,0.4,4.36
43272,1,2,4.3,4.4
43273,5,2,2.3,6.22
43274,1,3,6.5,5.26
43275,5,3,4.8,4.2
43276,4,2,7.4,5.75
43277,5,2,8.2,4.75
43278,4,0,4.9,5.53
43279,2,0,4.3,4.35
43280,2,1,3.9,2.96
43281,5,0,0.1,4.74
43282,7,0,1.4,6.41
43283,2,2,7.3,4.47
43284,6,2,8.8,4.31
43285,2,4,5.6,7.65
43286,4,2,3.2,4.51
43287,3,4,0.9,4.27
43288,2,2,0.7,6.77
43289,6,0,5.1,6.05
43290,7,1,0.2,3.2
43291,7,2,2.8,6.88
43292,5,4,2.9,3.14
43293,3,2,7.5,5.04
43294,0,0,9.3,3.16
43295,4,1,3.7,2.92
43296,1,0,7.6,5.38
43297,5,4,4.4,3.11
43298,6,4,0.4,4.91
43299,7,1,1.6,4.37
43300,4,4,9.1,3.94
43301,7,3,7.7,5.24
43302,4,0,9.9,3.17
43303,7,4,0.6,5.56
43304,2,4,5.5,6.8
43305,5,4,1.0,4.26
43306,4,3,9.8,5.48
43307,3,0,2.8,5.53
43308,7,2,5.7,5.95
43309,4,3,4.6,2.68
43310,0,0,8.4,6.07
43311,4,4,2.8,4.45
43312,6,2,5.6,5.76
43313,1,2,3.2,3.45
43314,2,0,2.9,4.98
43315,7,0,6.0,4.64
43316,1,1,4.6,5.19
43317,2,4,3.4,5.73
43318,6,0,5.1,5.28
43319,5,0,8.8,4.68
43320,1,4,0.4,3.91
43321,0,3,8.7,2.31
43322,1,2,9.5,4.36
43323,5,2,3.0,5.91
43324,4,1,0.8,4.58
43325,7,3,1.9,6.64
43326,7,4,9.9,4.9
43327,2,1,8.0,2.79
43328,3,1,9.6,3.94
43329,2,2,5.4,6.26
43330,1,3,1.4,3.85
43331,0,1,9.3,6.35
43332,7,4,7.5,6.12
43333,5,2,4.3,3.94
43334,6,3,1.0,2.76
43335,6,4,9.9,5.83
43336,0,1,4.9,4.4
43337,7,1,8.5,4.24
43338,5,0,4.5,2.26
43339,3,2,8.0,5.76
43340,3,1,3.7,4.1
43341,6,2,4.3,5.57
43342,7,1,5.5,5.66
43343,0,0,6.8,5.76
43344,0,1,0.5,5.28
43345,6,2,0.3,3.34
43346,1,3,1.9,6.35
43347,4,3,3.2,6.47
43348,0,3,1.0,5.37
43349,5,4,5.2,3.46
43350,5,2,1.7,4.38
43351,5,1,8.4,6.29
43352,6,0,9.0,6.77
43353,4,2,7.0,4.48
43354,6,1,6.8,5.89
43355,3,4,7.3,4.25
43356,5,0,1.9,4.3
43357,6,2,8.1,6.01
43358,3,2,0.3,6.35
43359,4,2,4.2,5.77
43360,0,1,9.7,3.87
43361,3,0,2.3,2.48
43362,5,4,8.3,5.2
43363,7,4,4.6,4.56
43364,0,0,0.0,5.36
43365,2,2,0.0,6.34
43366,2,1,1.2,3.58
43367,4,3,1.6,4.05
43368,0,1,0.4,3.99
43369,1,2,0.3,6.44
43370,6,1,5.5,3.88
43371,4,1,4.7,4.15
43372,2,4,7.2,4.44
43373,5,4,7.3,6.96
43374,4,4,5.3,4.55
43375,6,0,8.6,4.04
43376,7,0,1.2,7.56
43377,4,4,4.2,3.88
43378,6,2,3.8,5.55
43379,1,4,0.6,3.92
43380,3,2,2.8,4.42
43381,1,1,1.9,5.99
43382,2,4,9.5,4.02
43383,1,3,2.9,4.77
43384,1,1,7.9,3.87
43385,7,4,2.6,6.54
43386,0,3,1.8,4.84
43387,5,0,7.1,6.01
43388,4,2,8.1,4.71
43389,4,2,1.9,3.12
43390,5,4,8.1,6.16
43391,4,2,5.1,4.66
43392,0,0,5.3,4.43
43393,0,2,0.7,5.68
43394,6,1,3.4,5.06
43395,6,4,2.2,6.13
43396,1,1,1.9,5.5
43397,7,1,1.3,5.99
43398,1,3,0.0,3.42
43399,6,2,6.7,7.29
43400,6,3,9.4,6.44
43401,6,1,3.5,6.04
43402,1,0,6.2,5.02
43403,2,2,3.6,5.84
43404,0,2,8.5,6.15
43405,2,3,2.7,7.1
43406,5,2,5.8,5.01
43407,2,2,8.8,5.2
43408,2,1,8.0,5.83
43409,2,0,7.3,5.38
43410,1,2,0.7,5.14
43411,2,2,7.0,4.3
43412,3,1,5.3,3.46
43413,3,1,1.0,5.67
43414,0,4,6.9,6.48
43415,2,1,6.6,2.9
43416,2,3,8.7,3.54
43417,4,3,6.0,4.29
43418,6,3,3.8,4.5
43419,3,2,7.6,5.53
43420,1,3,0.6,6.05
43421,2,2,4.2,5.21
43422,0,3,8.8,3.78
43423,0,1,6.4,3.65
43424,7,4,1.0,4.45
43425,3,4,4.2,4.72
43426,5,1,8.6,4.74
43427,0,0,2.5,6.23
43428,3,2,9.7,5.37
43429,0,4,8.4,6.08
43430,0,2,4.4,2.41
43431,0,1,9.2,6.14
43432,4,1,4.1,5.54
43433,7,0,4.8,5.3
43434,4,3,3.4,7.66
43435,1,2,2.9,5.52
43436,1,1,9.8,4.19
43437,5,4,4.5,6.01
43438,1,4,5.9,4.06
43439,6,3,8.3,6.8
43440,0,1,5.3,2.81
43441,4,3,7.5,3.88
43442,2,3,9.0,4.99
43443,6,4,6.9,4.91
43444,1,2,2.9,5.37
43445,4,2,2.3,8.08
43446,6,2,4.6,4.48
43447,4,3,4.3,5.33
43448,3,1,3.7,4.71
43449,0,2,6.4,3.62
43450,0,3,7.1,3.66
43451,6,3,3.5,4.15
43452,3,2,4.0,4.61
43453,3,4,6.9,4.33
43454,5,4,1.7,3.66
43455,7,1,10.0,4.03
43456,1,0,2.8,5.03
43457,6,0,5.7,7.4
43458,5,3,6.0,4.84
43459,2,0,4.3,4.14
43460,5,3,6.8,7.25
43461,7,3,0.6,6.9
43462,2,4,6.4,5.89
43463,0,1,0.9,6.08
43464,7,1,0.2,3.52
43465,0,4,9.6,5.05
43466,5,2,8.3,7.09
43467,1,1,5.0,6.5
43468,0,0,2.2,5.86
43469,0,4,0.6,4.26
43470,2,1,1.1,3.88
43471,0,0,9.4,5.66
43472,7,1,0.0,2.46
43473,0,0,0.8,4.7
43474,7,0,6.5,4.44
43475,3,1,3.7,6.88
43476,5,4,5.7,4.52
43477,0,2,0.2,3.81
43478,2,1,2.2,7.11
43479,4,4,8.9,3.86
43480,2,0,7.6,3.08
43481,3,0,0.2,5.44
43482,7,2,8.0,4.4
43483,1,2,0.5,4.29
43484,4,0,0.8,5.48
43485,7,1,7.5,5.01
43486,1,3,9.6,7.49
43487,5,3,2.3,4.16
43488,5,1,5.6,5.28
43489,5,0,4.8,4.32
43490,7,0,0.8,3.52
43491,0,0,4.8,4.07
43492,2,4,8.7,3.23
43493,4,0,5.0,4.78
43494,6,1,1.6,2.86
43495,1,4,5.3,6.95
43496,1,3,3.4,6.0
43497,4,0,8.8,6.6
43498,1,0,3.0,3.39
43499,1,1,6.4,7.8
43500,2,0,4.1,5.3
43501,0,1,0.6,5.01
43502,6,1,9.9,6.67
43503,7,0,3.1,5.75
43504,6,0,9.8,5.82
43505,7,1,0.3,5.8
43506,4,4,8.7,4.42
43507,6,0,9.9,5.28
43508,2,4,8.0,5.94
43509,2,1,7.5,6.29
43510,1,0,3.6,4.27
43511,1,3,5.0,2.54
43512,3,1,1.5,5.31
43513,7,3,5.7,6.6
43514,4,0,6.0,5.1
43515,1,1,6.6,2.92
43516,0,3,0.6,5.61
43517,7,0,7.2,5.46
43518,3,4,7.5,6.02
43519,2,2,8.5,4.48
43520,4,1,6.7,3.55
43521,6,4,5.8,2.75
43522,5,0,5.9,5.4
43523,2,4,8.1,6.9
43524,7,1,1.9,3.46
43525,0,1,5.1,5.11
43526,1,2,4.0,6.81
43527,4,1,3.4,3.66
43528,2,3,9.5,4.76
43529,6,2,3.7,5.17
43530,2,2,8.6,5.24
43531,2,1,1.7,6.14
43532,7,1,7.9,2.13
43533,4,1,8.4,6.09
43534,4,2,5.3,4.0
43535,5,0,5.2,4.6
43536,0,4,9.4,3.76
43537,2,1,8.1,5.48
43538,4,2,3.6,5.35
43539,6,3,9.9,4.84
43540,3,0,5.3,5.19
43541,2,1,9.6,8.04
43542,5,3,3.2,6.34
43543,4,2,3.7,3.91
43544,4,1,9.5,2.73
43545,7,4,4.5,5.59
43546,4,3,7.1,4.12
43547,5,1,8.2,4.17
43548,1,0,1.3,4.79
43549,3,0,4.2,7.86
43550,6,3,2.5,5.44
43551,6,1,2.8,5.43
43552,6,1,6.9,6.9
43553,1,4,2.6,3.75
43554,2,4,5.2,5.22
43555,3,1,5.9,6.39
43556,3,2,2.9,4.25
43557,3,4,9.3,5.79
43558,6,2,3.7,6.35
43559,4,0,1.9,5.75
43560,2,0,9.2,4.26
43561,6,0,8.1,5.64
43562,0,4,6.4,5.12
43563,4,2,0.5,5.76
43564,0,4,4.9,3.98
43565,1,0,9.7,5.5
43566,5,2,1.0,5.59
43567,5,0,8.2,3.82
43568,4,4,6.9,4.18
43569,5,2,0.6,4.6
43570,6,4,5.5,4.28
43571,4,0,5.4,5.2
43572,7,1,5.9,5.05
43573,5,1,4.8,3.75
43574,1,0,5.8,6.11
43575,7,4,4.5,3.6
43576,2,3,2.1,3.95
43577,2,1,3.6,5.12
43578,0,2,0.7,6.07
43579,2,4,7.5,3.78
43580,3,3,6.6,4.29
43581,6,1,4.6,3.59
43582,1,0,1.7,3.54
43583,4,2,3.2,2.97
43584,5,4,0.8,5.44
43585,5,4,7.0,4.11
43586,5,4,0.3,2.64
43587,2,3,7.7,5.87
43588,2,1,2.6,7.36
43589,7,3,1.4,4.46
43590,4,2,0.9,4.82
43591,5,2,4.4,5.36
43592,6,0,5.3,6.25
43593,0,2,9.7,5.76
43594,6,3,7.3,3.92
43595,1,1,0.6,3.42
43596,6,4,0.3,4.62
43597,1,1,0.9,5.82
43598,7,2,3.5,4.8
43599,5,4,1.0,3.83
43600,4,1,0.6,5.01
43601,4,0,4.8,6.73
43602,2,2,2.0,4.74
43603,4,3,2.8,5.1
43604,0,4,0.8,5.44
43605,3,4,5.6,3.75
43606,5,4,8.0,4.53
43607,6,4,4.1,4.35
43608,1,0,7.0,3.41
43609,4,1,0.1,4.6
43610,1,4,8.4,2.42
43611,5,1,5.4,5.65
43612,5,1,2.2,3.99
43613,5,2,6.9,4.88
43614,0,1,3.1,5.04
43615,4,0,7.1,4.32
43616,4,1,3.4,4.79
43617,2,3,9.8,4.61
43618,1,0,4.4,4.5
43619,6,1,4.6,4.76
43620,4,4,9.1,5.7
43621,5,4,2.7,5.2
43622,1,4,3.4,5.99
43623,2,0,6.0,2.45
43624,3,2,1.3,3.02
43625,3,3,5.9,5.73
43626,4,0,9.0,4.63
43627,2,1,8.8,6.05
43628,4,4,1.8,6.07
43629,6,4,5.2,2.87
43630,1,2,5.4,2.45
43631,5,1,5.0,4.07
43632,4,1,7.7,4.62
43633,2,1,1.5,4.73
43634,7,0,0.5,5.75
43635,3,1,4.9,7.3
43636,3,1,6.8,5.21
43637,1,2,2.7,2.04
43638,0,1,9.3,5.66
43639,4,2,7.6,3.89
43640,4,1,9.8,6.7
43641,4,2,2.3,5.55
43642,0,4,6.7,2.05
43643,1,2,3.7,6.08
43644,2,3,9.7,4.71
43645,6,2,3.5,6.2
43646,3,1,9.8,6.55
43647,2,4,5.2,5.15
43648,6,4,7.7,3.46
43649,7,1,3.1,5.72
43650,1,0,3.2,5.14
43651,6,0,2.5,6.17
43652,0,1,4.0,5.46
43653,1,4,5.5,3.5
43654,4,2,2.7,5.45
43655,7,1,2.7,4.73
43656,0,4,9.7,5.61
43657,1,2,4.5,5.36
43658,7,1,2.0,6.97
43659,0,0,6.0,4.17
43660,5,2,1.9,3.19
43661,0,4,2.2,6.76
43662,7,4,6.3,3.43
43663,3,2,3.3,6.41
43664,7,1,7.4,7.18
43665,0,0,7.9,4.16
43666,2,2,1.5,5.45
43667,4,4,5.4,5.76
43668,3,1,9.4,7.54
43669,4,0,8.7,6.0
43670,5,2,1.1,4.57
43671,3,3,6.1,6.0
43672,5,2,2.5,4.86
43673,4,2,2.2,6.48
43674,3,1,2.2,3.8
43675,2,4,6.2,5.09
43676,4,0,5.4,6.47
43677,1,0,5.1,4.62
43678,0,1,2.0,3.15
43679,6,4,2.4,1.74
43680,4,4,9.9,5.1
43681,6,2,8.8,5.53
43682,1,4,2.9,4.51
43683,5,0,4.1,5.79
43684,0,2,1.5,4.95
43685,4,3,0.9,5.6
43686,2,4,4.5,5.63
43687,0,4,7.5,4.58
43688,4,4,9.4,5.75
43689,3,0,8.2,6.15
43690,6,2,6.2,4.89
43691,5,1,0.3,4.46
43692,5,2,2.3,3.71
43693,1,1,3.2,4.03
43694,7,2,5.7,2.3
43695,1,3,9.1,5.62
43696,6,4,4.1,5.45
43697,4,0,7.7,2.76
43698,3,4,4.1,5.77
43699,7,2,0.8,4.59
43700,5,1,5.6,3.46
43701,7,0,7.8,5.34
43702,2,1,4.4,4.62
43703,7,0,5.2,3.41
43704,2,3,9.8,4.66
43705,5,0,7.8,5.14
43706,1,0,4.3,4.14
43707,3,0,8.1,6.5
43708,0,1,8.1,3.77
43709,5,1,2.8,4.05
43710,6,0,6.2,5.51
43711,7,0,0.4,5.35
43712,5,4,0.6,3.66
43713,1,4,10.0,6.15
43714,7,3,0.6,3.31
43715,7,4,2.0,5.39
43716,3,4,4.9,4.61
43717,0,3,8.7,5.41
43718,2,0,8.4,2.41
43719,2,3,5.7,3.36
43720,1,3,8.3,3.97
43721,4,3,1.3,2.15
43722,0,1,7.0,4.08
43723,7,4,3.2,5.41
43724,4,3,2.0,5.1
43725,0,3,6.6,5.42
43726,1,3,8.8,4.59
43727,4,1,4.5,3.35
43728,5,2,9.2,4.39
43729,2,0,5.1,5.64
43730,6,0,9.5,6.53
43731,6,1,6.2,4.07
43732,0,1,6.8,6.44
43733,3,3,7.4,4.16
43734,5,3,2.9,5.11
43735,5,3,6.7,6.9
43736,4,3,3.5,4.65
43737,7,2,4.3,4.62
43738,7,3,2.4,6.78
43739,3,2,6.2,3.91
43740,1,3,1.1,3.57
43741,1,3,7.9,6.23
43742,6,2,8.5,5.46
43743,1,4,4.2,4.76
43744,7,2,4.4,5.53
43745,7,1,8.1,6.47
43746,6,2,8.5,3.71
43747,5,3,3.9,6.64
43748,1,2,1.0,4.64
43749,2,4,7.5,5.24
43750,0,4,4.5,5.21
43751,3,4,2.5,4.25
43752,5,1,6.2,4.71
43753,6,0,0.4,5.31
43754,1,2,5.2,3.53
43755,7,4,5.8,5.07
43756,6,3,7.6,3.94
43757,0,4,1.5,4.65
43758,5,3,4.0,3.03
43759,4,4,2.0,5.46
43760,0,0,3.1,6.36
43761,5,4,4.9,7.46
43762,3,4,0.2,6.98
43763,7,1,8.6,7.12
43764,5,0,6.5,3.64
43765,6,1,3.0,5.48
43766,5,0,5.4,5.5
43767,1,0,6.8,6.29
43768,7,1,9.3,4.79
43769,5,0,6.3,4.24
43770,6,2,1.8,5.84
43771,7,4,9.7,5.02
43772,0,3,1.6,2.49
43773,0,1,6.4,5.92
43774,0,0,3.6,5.16
43775,5,2,0.2,6.21
43776,4,1,7.5,5.11
43777,6,2,5.9,4.32
43778,4,4,8.5,5.0
43779,3,1,8.2,5.52
43780,1,3,5.8,5.34
43781,7,3,0.8,6.72
43782,0,3,6.2,5.71
43783,3,3,6.4,5.56
43784,2,1,3.6,5.19
43785,6,2,9.1,2.58
43786,0,0,0.7,4.01
43787,5,4,0.9,5.01
43788,3,1,6.4,6.34
43789,6,0,3.3,4.88
43790,2,3,6.0,4.35
43791,7,4,2.8,3.84
43792,5,1,9.8,4.41
43793,7,0,3.6,4.91
43794,4,2,9.2,3.69
43795,1,4,1.8,4.43
43796,7,0,5.4,4.1
43797,6,1,4.2,4.02
43798,4,3,3.4,6.77
43799,1,0,8.4,4.43
43800,7,3,0.6,3.84
43801,1,2,4.2,4.34
43802,5,4,0.2,4.45
43803,4,0,8.7,3.87
43804,0,2,7.1,3.24
43805,6,4,2.9,3.45
43806,2,4,5.1,2.85
43807,7,1,4.8,4.24
43808,5,1,3.0,4.16
43809,7,2,9.5,4.82
43810,0,0,7.3,6.23
43811,3,1,2.6,5.42
43812,0,2,6.5,3.59
43813,1,4,1.6,3.87
43814,4,2,1.7,4.22
43815,5,2,6.2,5.92
43816,1,4,0.3,6.41
43817,3,0,5.8,6.21
43818,7,3,6.5,3.58
43819,2,1,5.6,2.53
43820,2,1,8.1,4.8
43821,4,0,7.2,4.99
43822,0,2,6.5,5.75
43823,7,0,1.5,6.56
43824,6,4,8.1,7.12
43825,6,4,8.0,2.41
43826,3,4,1.1,5.16
43827,6,1,9.0,7.12
43828,4,4,7.4,6.3
43829,6,3,4.7,6.06
43830,2,2,2.4,3.65
43831,3,0,3.4,4.28
43832,4,1,6.6,3.58
43833,0,2,1.7,2.68
43834,6,0,2.1,6.71
43835,6,2,3.2,4.18
43836,0,3,3.0,4.22
43837,3,2,2.2,5.91
43838,7,4,0.7,5.07
43839,2,2,1.8,5.73
43840,4,4,0.7,6.65
43841,5,1,6.3,3.7
43842,0,4,8.8,4.21
43843,6,3,1.1,4.15
43844,7,3,7.1,4.49
43845,4,2,8.9,4.23
43846,2,3,4.1,5.68
43847,3,3,9.2,4.37
43848,5,4,2.7,5.18
43849,6,0,3.8,6.04
43850,4,1,7.4,5.65
43851,6,1,9.0,1.86
43852,2,0,5.4,5.99
43853,0,3,3.4,2.43
43854,3,4,1.3,5.75
43855,6,3,6.3,5.15
43856,1,4,1.2,4.65
43857,4,0,2.1,4.71
43858,7,3,4.3,4.98
43859,7,4,9.0,4.71
43860,6,3,6.2,5.21
43861,4,2,9.7,5.48
43862,2,1,0.9,3.57
43863,7,2,7.4,4.5
43864,0,0,1.1,5.69
43865,4,3,8.6,4.21
43866,2,4,0.8,4.8
43867,3,1,3.1,6.2
43868,0,0,0.7,2.23
43869,6,1,9.5,5.81
43870,4,1,1.0,5.12
43871,7,3,3.7,6.59
43872,2,4,4.8,5.9
43873,7,0,1.2,4.02
43874,0,2,4.9,5.14
43875,1,3,8.6,7.36
43876,5,0,5.4,3.38
43877,3,1,3.4,5.57
43878,1,1,4.7,5.96
43879,1,2,5.4,5.82
43880,6,4,3.0,2.99
43881,2,0,1.4,2.57
43882,2,0,9.4,3.57
43883,1,0,7.5,6.44
43884,3,4,3.3,4.97
43885,6,3,3.0,4.74
43886,2,3,1.9,4.56
43887,1,3,0.1,4.65
43888,1,2,0.7,5.98
43889,5,4,4.2,5.47
43890,2,1,1.1,5.88
43891,3,2,5.7,7.16
43892,0,4,4.2,5.28
43893,5,4,3.2,4.99
43894,7,0,9.4,5.22
43895,5,3,1.4,4.19
43896,6,3,7.2,6.49
43897,4,0,9.9,4.63
43898,0,4,8.9,5.32
43899,5,3,8.9,6.21
43900,3,0,5.8,5.3
43901,5,2,1.0,6.06
43902,3,1,0.4,5.58
43903,7,3,7.9,6.63
43904,0,1,9.4,4.86
43905,1,4,9.2,6.94
43906,3,3,6.1,2.79
43907,5,2,1.7,3.8
43908,4,0,0.6,4.28
43909,3,3,6.8,2.82
43910,2,0,0.8,4.78
43911,2,1,9.6,4.21
43912,7,1,8.5,5.29
43913,4,2,7.0,4.0
43914,5,2,5.0,6.5
43915,6,3,9.0,3.94
43916,2,3,7.2,5.41
43917,6,3,0.2,7.86
43918,2,3,9.9,2.34
43919,1,1,5.9,5.69
43920,4,1,6.1,4.15
43921,4,0,1.4,2.54
43922,3,3,7.7,5.09
43923,3,3,3.2,4.33
43924,5,3,7.3,3.58
43925,2,4,1.0,5.42
43926,3,3,8.9,5.16
43927,4,0,2.9,4.33
43928,3,2,2.8,3.36
43929,4,1,7.9,5.12
43930,2,1,3.5,5.99
43931,3,3,6.5,4.06
43932,2,0,5.0,6.12
43933,2,1,6.3,5.33
43934,4,3,0.0,6.44
43935,6,0,6.2,5.16
43936,1,4,8.0,2.4
43937,3,0,8.2,4.77
43938,4,2,6.6,4.63
43939,5,2,2.1,6.35
43940,6,4,4.7,4.6
43941,4,3,4.4,6.58
43942,2,3,9.8,5.42
43943,0,3,5.5,6.46
43944,5,4,5.6,6.92
43945,5,2,0.1,5.45
43946,0,0,3.7,4.95
43947,0,2,1.3,5.88
43948,5,3,3.2,5.97
43949,2,3,7.8,6.37
43950,1,1,1.9,5.61
43951,2,2,1.3,7.39
43952,1,0,1.4,7.21
43953,6,3,6.2,6.01
43954,6,4,4.3,5.74
43955,1,1,4.2,4.42
43956,5,4,8.0,4.01
43957,7,3,4.0,6.52
43958,4,2,0.4,4.28
43959,0,4,3.1,7.19
43960,1,3,8.3,4.55
43961,3,2,1.6,4.99
43962,6,1,3.2,6.37
43963,5,2,10.0,3.04
43964,0,4,2.7,5.03
43965,6,4,5.9,2.87
43966,1,0,6.9,5.68
43967,4,4,6.1,4.6
43968,1,1,5.7,5.15
43969,2,2,6.6,3.55
43970,7,3,5.0,4.16
43971,2,4,3.0,5.37
43972,1,2,8.5,4.28
43973,2,4,5.0,3.94
43974,2,4,4.4,5.28
43975,5,0,3.5,3.06
43976,6,3,2.3,3.8
43977,1,3,5.3,7.36
43978,1,3,8.3,4.01
43979,1,1,3.2,3.76
43980,3,4,5.8,6.29
43981,1,4,3.1,5.47
43982,5,0,9.5,4.77
43983,3,1,4.9,4.79
43984,7,1,2.3,7.0
43985,0,1,7.0,4.81
43986,7,0,7.3,5.98
43987,2,3,1.5,3.06
43988,5,0,5.4,3.88
43989,3,2,0.2,4.7
43990,1,4,5.8,4.64
43991,3,1,6.1,5.43
43992,2,2,7.1,4.46
43993,2,4,6.1,6.93
43994,7,2,3.8,4.06
43995,7,1,9.2,5.43
43996,6,2,7.4,3.77
43997,6,1,3.1,7.28
43998,0,4,8.0,4.49
43999,7,3,3.5,3.65
44000,7,3,1.5,5.37
44001,3,0,4.8,4.83
44002,2,0,7.8,3.37
44003,1,3,4.0,4.32
44004,3,1,5.5,5.79
44005,4,4,3.3,6.38
44006,1,0,6.8,4.39
44007,2,4,9.8,4.35
44008,3,3,0.6,5.17
44009,0,0,6.0,5.72
44010,6,3,0.0,4.62
44011,6,1,3.3,5.02
44012,2,1,2.2,5.08
44013,6,2,4.2,5.09
44014,2,3,8.4,3.1
44015,0,0,3.8,5.12
44016,6,3,8.8,2.18
44017,7,0,8.8,4.99
44018,0,0,3.0,5.95
44019,2,2,3.7,4.33
44020,4,2,1.9,5.79
44021,1,2,4.0,5.75
44022,0,0,9.7,3.53
44023,0,0,3.0,4.98
44024,7,2,2.4,4.56
44025,6,3,4.7,5.65
44026,1,1,2.7,6.2
44027,0,1,0.3,3.1
44028,1,4,6.1,4.44
44029,5,4,4.9,2.78
44030,2,4,3.0,4.47
44031,7,2,0.0,6.69
44032,3,0,6.2,3.0
44033,7,4,4.3,6.58
44034,0,4,1.4,3.53
44035,0,3,1.3,5.26
44036,4,1,6.1,3.29
44037,7,1,3.5,5.01
44038,4,4,6.9,4.13
44039,7,4,8.1,5.17
44040,4,3,9.8,5.74
44041,4,0,9.4,5.44
44042,5,2,9.3,2.65
44043,4,4,3.4,2.94
44044,5,3,9.4,6.82
44045,0,2,2.2,2.84
44046,0,2,3.9,6.46
44047,7,4,4.3,4.65
44048,5,0,9.3,5.01
44049,3,3,3.7,6.7
44050,4,3,8.0,5.52
44051,4,0,1.5,5.09
44052,4,0,3.0,5.94
44053,4,0,7.9,2.59
44054,4,0,4.0,6.2
44055,5,4,6.1,3.88
44056,6,1,5.2,5.85
44057,1,2,8.4,4.64
44058,7,3,6.6,3.4
44059,2,4,4.7,6.18
44060,3,0,5.9,5.85
44061,2,3,2.5,2.65
44062,2,3,3.3,3.58
44063,4,4,4.9,6.46
44064,3,1,2.3,2.62
44065,7,2,2.7,6.15
44066,4,1,7.7,4.09
44067,5,4,8.8,4.9
44068,0,1,0.2,5.34
44069,5,0,2.2,5.46
44070,6,2,1.8,3.55
44071,1,4,6.8,4.85
44072,2,4,6.2,5.26
44073,4,3,4.6,5.54
44074,1,2,6.9,5.72
44075,3,3,4.2,6.21
44076,3,4,5.2,3.75
44077,0,1,9.9,5.8
44078,6,2,7.4,6.45
44079,0,3,1.4,3.64
44080,2,0,1.6,6.04
44081,5,2,7.5,4.12
44082,3,2,4.7,6.54
44083,6,4,3.8,5.2
44084,6,2,6.3,6.79
44085,0,4,8.7,6.87
44086,4,0,0.2,6.63
44087,6,3,4.1,5.18
44088,6,1,6.2,5.26
44089,4,0,3.2,5.03
44090,4,4,4.9,4.63
44091,1,1,7.5,4.75
44092,4,0,3.7,4.39
44093,4,1,6.4,3.85
44094,7,3,4.0,4.39
44095,4,0,8.5,5.33
44096,0,3,6.4,3.16
44097,1,3,9.3,6.12
44098,5,0,4.3,4.11
44099,1,4,2.8,2.74
44100,2,3,5.4,4.46
44101,3,1,9.1,5.08
44102,2,1,3.0,4.21
44103,6,3,5.9,5.5
44104,6,1,1.9,4.57
44105,4,3,4.5,3.8
44106,2,1,9.3,4.59
44107,0,4,2.1,5.59
44108,6,3,0.5,4.92
44109,0,3,6.5,6.63
44110,5,3,2.5,6.04
44111,1,2,3.6,5.68
44112,1,0,1.4,3.05
44113,1,3,6.2,5.77
44114,3,3,6.8,6.07
44115,1,2,2.7,6.47
44116,6,2,7.8,5.22
44117,7,2,9.1,4.81
44118,3,0,0.6,5.6
44119,1,2,4.3,5.71
44120,4,0,7.8,4.73
44121,7,2,4.1,5.61
44122,2,2,9.1,3.74
44123,4,0,6.7,2.81
44124,3,1,1.4,7.4
44125,5,3,7.4,4.72
44126,5,0,5.8,5.12
44127,1,4,4.9,5.98
44128,5,1,6.8,5.44
44129,3,2,3.8,4.03
44130,3,0,3.6,2.91
44131,7,1,7.7,6.32
44132,0,1,10.0,4.37
44133,1,4,8.4,6.05
44134,4,4,6.0,6.56
44135,1,0,3.8,5.71
44136,5,0,3.2,4.96
44137,2,3,0.6,3.35
44138,2,1,4.0,6.01
44139,1,2,1.1,3.01
44140,5,3,6.4,5.04
44141,0,2,4.7,6.31
44142,0,2,2.0,2.44
44143,3,0,6.4,5.22
44144,4,4,6.6,5.2
44145,7,2,9.1,4.22
44146,6,1,2.2,4.45
44147,5,2,7.9,5.86
44148,4,4,4.7,6.48
44149,6,3,4.0,3.89
44150,6,1,3.4,6.34
44151,6,3,4.5,4.07
44152,7,3,0.9,3.17
44153,2,3,5.6,6.02
44154,4,1,5.2,3.88
44155,2,3,6.0,3.45
44156,1,4,3.2,5.56
44157,2,2,7.0,6.55
44158,0,0,8.9,5.15
44159,7,2,1.5,5.9
44160,3,4,4.2,5.34
44161,5,4,3.4,4.31
44162,5,3,1.7,3.59
44163,4,2,7.4,5.95
44164,0,3,9.8,7.1
44165,7,1,3.4,2.86
44166,0,3,9.1,4.96
44167,7,1,3.6,6.16
44168,2,1,7.4,3.38
44169,6,2,9.6,5.37
44170,3,1,3.7,4.41
44171,6,3,7.3,7.65
44172,5,1,4.0,4.42
44173,1,4,8.2,5.39
44174,1,0,8.3,7.41
44175,3,0,9.2,4.49
44176,2,0,0.1,5.43
44177,7,4,7.6,4.36
44178,3,0,1.1,3.87
44179,3,4,6.2,2.56
44180,7,2,9.0,5.5
44181,2,0,2.9,4.04
44182,2,4,2.3,2.5
44183,6,0,3.2,5.33
44184,5,3,5.8,5.3
44185,2,1,3.7,3.99
44186,1,3,9.3,3.97
44187,6,4,5.1,5.15
44188,4,1,6.0,6.69
44189,4,0,6.1,6.24
44190,5,0,6.6,5.35
44191,3,3,1.1,5.47
44192,4,2,9.2,5.14
44193,7,3,4.2,5.22
44194,1,2,9.6,6.27
44195,5,3,4.9,5.52
44196,3,0,7.9,5.16
44197,3,0,5.4,5.26
44198,0,0,2.4,6.22
44199,7,0,5.7,5.33
44200,4,1,7.3,5.49
44201,6,4,8.4,6.05
44202,4,2,3.7,5.31
44203,4,0,8.9,5.38
44204,2,3,5.7,7.52
44205,1,1,1.3,3.84
44206,2,0,0.3,4.1
44207,2,4,3.5,4.91
44208,3,0,6.1,6.98
44209,2,0,4.9,3.77
44210,1,2,4.5,3.55
44211,1,1,7.1,3.73
44212,0,1,8.3,3.52
44213,1,3,9.9,6.42
44214,1,4,5.0,4.24
44215,4,0,5.9,3.31
44216,2,2,0.0,7.12
44217,6,3,9.3,5.83
44218,1,0,9.0,5.13
44219,5,2,8.3,5.79
44220,2,0,0.1,3.82
44221,6,1,0.5,5.69
44222,7,0,8.4,3.71
44223,4,1,5.7,4.96
44224,3,0,3.9,5.62
44225,2,2,3.7,4.78
44226,6,3,3.5,2.98
44227,1,1,1.1,4.08
44228,6,4,9.5,4.9
44229,0,4,7.0,5.19
44230,1,3,7.4,5.55
44231,2,0,1.3,5.8
44232,7,2,1.2,4.0
44233,6,4,4.4,1.91
44234,1,2,5.0,4.95
44235,3,0,1.9,5.4
44236,2,4,1.5,4.39
44237,0,3,2.0,6.54
44238,6,3,8.0,6.61
44239,3,4,0.3,7.04
44240,0,2,9.3,6.5
44241,2,2,7.0,6.48
44242,1,0,0.8,3.25
44243,0,3,4.7,4.62
44244,2,0,4.4,8.02
44245,2,1,5.5,8.24
44246,5,2,8.9,5.47
44247,0,0,6.0,4.58
44248,7,3,4.7,7.11
44249,7,3,4.6,7.43
44250,4,2,6.4,4.46
44251,6,2,7.3,5.92
44252,7,1,3.7,5.69
44253,7,1,5.8,3.23
44254,7,4,5.5,5.13
44255,0,4,4.1,6.08
44256,3,2,3.2,6.92
44257,4,1,1.8,4.29
44258,2,2,4.3,5.46
44259,2,2,8.3,5.29
44260,7,4,7.8,4.5
44261,0,3,5.1,5.6
44262,3,2,9.0,6.02
44263,5,0,0.5,5.27
44264,5,2,2.8,4.96
44265,1,1,4.3,3.76
44266,1,0,7.9,2.5
44267,3,4,0.9,5.06
44268,2,4,9.0,4.47
44269,1,0,8.9,5.44
44270,5,4,0.5,5.04
44271,4,1,6.4,6.16
44272,2,3,2.4,5.24
44273,6,0,9.0,3.33
44274,5,1,4.8,5.68
44275,3,3,8.3,6.38
44276,7,2,1.6,2.8
44277,7,0,9.1,5.24
44278,7,2,8.8,2.47
44279,2,1,9.6,4.94
44280,0,3,3.3,4.24
44281,1,0,3.4,5.1
44282,0,3,1.5,4.62
44283,0,1,5.9,4.75
44284,5,4,0.8,5.46
44285,2,3,2.2,4.84
44286,3,3,8.6,3.86
44287,6,1,0.5,3.93
44288,1,1,7.4,6.49
44289,4,0,0.6,4.45
44290,1,4,4.6,4.57
44291,1,1,6.0,3.71
44292,5,3,8.7,4.31
44293,0,2,1.4,6.46
44294,3,4,5.6,5.33
44295,0,3,7.7,5.04
44296,0,3,4.5,3.53
44297,2,2,8.1,6.37
44298,5,4,7.4,4.22
44299,1,3,5.2,4.66
44300,6,2,2.0,3.26
44301,3,3,2.3,7.15
44302,2,0,9.8,3.68
44303,5,3,1.1,3.03
44304,5,3,6.5,4.01
44305,2,0,8.5,2.63
44306,7,0,3.5,4.76
44307,6,2,1.9,6.45
44308,0,3,6.2,4.93
44309,5,3,5.5,4.42
44310,5,0,3.3,5.7
44311,2,3,2.4,5.61
44312,7,3,2.7,3.11
44313,7,4,5.2,4.4
44314,4,2,2.4,5.06
44315,7,0,7.1,4.97
44316,3,0,6.7,4.09
44317,1,1,6.9,5.44
44318,7,0,0.6,4.08
44319,5,4,3.2,6.62
44320,3,1,6.5,6.22
44321,6,2,9.0,3.1
44322,5,1,3.4,5.58
44323,6,2,8.6,6.78
44324,6,2,3.6,5.51
44325,7,4,0.2,5.79
44326,1,1,3.6,4.27
44327,3,3,5.4,4.86
44328,4,1,1.2,4.81
44329,7,1,8.6,6.48
44330,4,0,5.2,4.97
44331,0,3,5.3,6.07
44332,7,4,0.3,6.17
44333,3,2,2.7,3.78
44334,0,4,5.6,4.99
44335,2,3,9.4,6.51
44336,1,0,3.3,5.35
44337,0,0,7.3,5.13
44338,6,4,1.4,5.62
44339,2,4,9.1,6.37
44340,0,4,0.0,6.59
44341,6,3,6.8,7.29
44342,2,0,7.9,7.13
44343,0,0,3.5,6.81
44344,5,3,4.9,4.29
44345,2,1,9.1,4.43
44346,6,3,8.4,4.93
44347,1,2,4.1,3.74
44348,7,3,6.0,4.5
44349,4,3,6.6,5.18
44350,3,2,9.7,4.53
44351,3,1,6.8,5.39
44352,1,3,5.6,6.76
44353,3,0,6.0,5.12
44354,7,0,9.3,4.57
44355,4,4,7.2,3.47
44356,0,2,1.3,5.1
44357,3,2,7.4,3.53
44358,5,1,8.7,5.84
44359,7,3,4.8,4.26
44360,7,4,7.4,5.25
44361,2,2,4.3,3.62
44362,2,1,4.3,5.42
44363,7,2,2.9,3.08
44364,7,3,2.3,7.5
44365,1,1,4.1,5.52
44366,7,4,8.9,6.15
44367,4,3,8.4,4.55
44368,2,0,3.0,6.37
44369,5,0,3.5,5.06
44370,7,4,1.9,3.73
44371,2,1,3.3,6.64
44372,0,2,4.3,4.37
44373,7,4,2.8,5.5
44374,3,1,8.8,7.22
44375,2,0,3.7,5.54
44376,4,0,0.2,7.14
44377,0,1,8.6,3.79
44378,4,0,8.4,4.76
44379,2,2,4.8,6.01
44380,2,1,1.2,6.49
44381,5,4,8.0,4.54
44382,6,0,2.4,6.68
44383,7,4,3.3,5.97
44384,1,1,2.1,5.27
44385,4,2,3.7,5.73
44386,4,3,4.6,4.19
44387,2,1,5.0,5.61
44388,3,2,4.0,4.93
44389,7,0,3.0,4.38
44390,4,0,6.3,5.0
44391,5,3,6.2,3.96
44392,2,1,8.3,4.45
44393,6,2,2.7,6.42
44394,0,3,9.0,2.42
44395,7,4,1.1,7.43
44396,2,1,2.4,4.55
44397,2,1,3.0,6.67
44398,3,4,10.0,4.05
44399,3,2,6.6,6.1
44400,6,4,6.5,5.64
44401,4,2,4.8,4.14
44402,4,0,4.4,2.9
44403,6,3,2.4,6.53
44404,4,2,3.7,5.52
44405,2,0,2.9,1.78
44406,7,3,3.8,4.69
44407,0,1,5.3,4.83
44408,1,0,4.7,3.35
44409,5,0,3.4,4.08
44410,2,3,7.0,3.48
44411,6,4,7.8,3.81
44412,0,1,7.5,5.75
44413,6,3,0.8,4.15
44414,3,4,0.1,4.11
44415,1,1,8.7,4.56
44416,3,0,3.6,3.88
44417,4,1,4.9,5.13
44418,1,4,6.0,3.24
44419,1,4,2.7,4.22
44420,4,0,1.5,5.83
44421,5,4,6.5,4.58
44422,4,3,1.1,5.21
44423,2,0,7.7,4.88
44424,0,3,3.5,5.09
44425,4,3,3.1,4.84
44426,1,1,1.9,4.76
44427,0,2,8.4,2.21
44428,4,4,8.2,5.7
44429,1,3,3.3,3.36
44430,2,0,4.6,5.84
44431,1,2,6.2,2.57
44432,2,0,4.5,4.21
44433,6,4,9.1,6.2
44434,6,1,4.1,5.58
44435,3,3,7.1,2.66
44436,2,0,2.4,5.62
44437,2,3,6.9,6.49
44438,6,3,4.8,6.17
44439,3,1,7.8,4.86
44440,1,2,3.9,5.03
44441,6,0,7.5,4.96
44442,3,1,0.5,6.58
44443,3,1,1.6,5.44
44444,5,4,6.7,4.79
44445,0,0,3.7,4.54
44446,5,3,7.3,7.42
44447,6,1,6.2,4.99
44448,6,1,7.1,4.27
44449,0,3,5.6,4.8
44450,4,2,8.0,5.05
44451,2,0,1.1,4.32
44452,7,3,5.8,3.37
44453,2,3,0.0,4.67
44454,0,2,0.2,3.52
44455,3,0,9.1,6.11
44456,3,4,6.0,4.39
44457,5,0,2.9,4.28
44458,0,4,3.6,3.64
44459,3,3,6.9,7.44
44460,2,1,2.5,5.44
44461,5,1,1.5,5.77
44462,1,1,1.7,5.33
44463,6,4,9.5,2.61
44464,6,1,7.0,7.4
44465,6,0,8.5,5.08
44466,7,1,3.7,4.51
44467,5,2,8.3,5.13
44468,6,3,9.3,5.24
44469,7,1,2.4,6.78
44470,5,1,9.3,4.84
44471,6,3,7.8,5.66
44472,0,4,6.3,6.07
44473,1,3,9.8,5.85
44474,6,0,1.8,7.4
44475,4,2,6.4,1.52
44476,1,1,9.2,5.07
44477,7,3,1.3,6.51
44478,4,2,2.4,6.44
44479,1,3,5.1,4.09
44480,4,0,3.4,3.84
44481,2,3,0.7,5.73
44482,7,1,5.2,4.12
44483,3,4,2.2,4.52
44484,2,1,3.2,7.72
44485,3,3,5.8,5.8
44486,5,4,2.1,4.51
44487,3,3,2.9,4.91
44488,5,2,0.4,5.57
44489,2,4,6.2,5.98
44490,5,3,6.3,6.01
44491,2,4,4.5,4.9
44492,1,1,3.1,7.35
44493,0,1,0.4,6.3
44494,4,0,2.1,5.86
44495,6,1,1.7,4.64
44496,2,3,4.2,5.98
44497,3,4,3.7,4.27
44498,1,3,5.3,4.47
44499,2,3,0.3,4.54
44500,3,4,5.6,2.83
44501,7,0,7.0,4.01
44502,5,1,4.9,4.42
44503,1,2,0.1,4.33
44504,3,2,1.5,6.76
44505,7,1,9.3,3.56
44506,1,1,4.1,4.55
44507,5,4,2.2,6.75
44508,3,4,6.0,4.72
44509,6,4,4.2,5.89
44510,0,4,6.1,4.93
44511,1,4,2.7,3.02
44512,0,3,4.5,6.21
44513,2,4,2.7,2.88
44514,2,1,6.9,4.84
44515,6,3,2.7,3.31
44516,0,1,4.7,3.89
44517,0,4,1.1,5.54
44518,7,3,1.1,3.0
44519,4,4,1.8,3.66
44520,3,2,6.6,3.67
44521,0,3,8.1,5.14
44522,5,4,1.4,6.76
44523,7,3,6.3,4.91
44524,3,4,9.0,2.58
44525,6,3,3.7,4.65
44526,0,3,2.2,7.39
44527,0,0,2.0,4.84
44528,1,1,6.9,5.49
44529,2,2,8.3,4.48
44530,1,1,2.7,2.99
44531,3,4,7.1,4.51
44532,3,3,7.4,1.83
44533,4,1,7.8,7.23
44534,5,4,7.9,4.26
44535,1,2,6.7,5.69
44536,3,2,0.6,7.34
44537,0,1,7.6,4.35
44538,0,0,2.2,4.71
44539,2,0,0.0,4.62
44540,1,0,4.7,3.26
44541,3,3,8.4,7.55
44542,4,3,0.8,6.05
44543,6,3,9.7,3.05
44544,5,2,1.7,7.85
44545,5,1,3.8,5.95
44546,0,4,5.1,3.76
44547,0,0,7.0,2.46
44548,6,0,0.8,5.75
44549,1,2,4.9,3.08
44550,3,1,3.4,3.45
44551,6,0,9.9,4.48
44552,1,0,3.4,3.67
44553,5,2,8.7,3.17
44554,2,1,8.3,5.09
44555,5,2,7.6,4.53
44556,4,1,5.5,3.76
44557,4,2,8.3,6.59
44558,7,0,8.2,5.64
44559,0,4,9.1,4.99
44560,3,4,7.1,5.82
44561,4,4,5.5,4.28
44562,0,0,4.2,4.53
44563,7,1,6.4,1.61
44564,5,3,7.5,6.04
44565,6,3,4.2,4.81
44566,4,4,7.7,3.93
44567,5,1,0.4,6.7
44568,7,1,6.5,4.81
44569,5,3,5.8,4.87
44570,0,3,0.9,6.69
44571,1,2,8.6,5.56
44572,1,4,7.4,5.44
44573,0,2,2.6,5.24
44574,3,1,7.2,5.74
44575,1,2,7.4,6.93
44576,2,2,8.9,4.95
44577,0,2,5.0,4.08
44578,6,0,1.0,5.91
44579,4,3,0.5,4.95
44580,3,4,1.4,5.09
44581,1,3,1.5,4.03
44582,7,2,9.2,4.41
44583,2,3,7.3,3.9
44584,3,4,2.0,4.37
44585,6,2,0.7,5.36
44586,4,3,2.3,6.7
44587,2,2,5.0,4.35
44588,3,0,7.5,4.93
44589,0,3,1.5,5.35
44590,6,0,3.2,2.03
44591,7,4,0.2,3.43
44592,0,4,5.7,4.6
44593,7,2,3.5,5.59
44594,5,1,7.0,3.57
44595,4,2,7.5,4.72
44596,3,0,2.1,6.54
44597,0,4,7.2,4.98
44598,5,4,1.6,3.96
44599,5,4,4.6,5.43
44600,5,0,3.1,4.82
44601,6,2,0.3,6.16
44602,1,3,4.9,6.29
44603,7,0,8.1,2.27
44604,2,3,8.7,5.63
44605,7,0,6.8,2.42
44606,3,3,4.3,3.91
44607,4,2,4.4,5.14
44608,7,0,9.9,3.91
44609,6,3,4.3,7.37
44610,6,1,4.6,8.02
44611,6,0,1.6,3.86
44612,2,4,3.2,4.09
44613,7,4,5.9,4.52
44614,7,3,0.2,4.0
44615,0,0,5.6,4.71
44616,5,2,0.5,3.39
44617,7,2,9.0,5.23
44618,3,1,1.4,4.31
44619,2,0,5.2,6.79
44620,0,3,2.1,5.62
44621,4,0,3.1,6.38
44622,5,4,2.5,4.03
44623,3,1,9.8,6.97
44624,2,3,8.5,7.56
44625,4,4,0.4,4.96
44626,0,4,8.6,6.71
44627,0,0,1.8,4.98
44628,5,3,6.1,4.28
44629,1,2,6.2,3.84
44630,3,0,5.6,4.58
44631,5,3,2.7,5.01
44632,7,1,5.9,5.64
44633,3,2,0.4,2.4
44634,7,3,3.8,4.52
44635,3,4,4.1,6.79
44636,6,4,6.5,4.0
44637,2,4,3.4,4.07
44638,1,0,2.4,6.14
44639,2,2,9.7,6.4
44640,3,2,4.6,5.52
44641,1,4,3.6,2.61
44642,0,2,5.5,2.93
44643,7,2,1.5,4.82
44644,1,1,9.4,4.24
44645,7,2,8.7,5.29
44646,2,0,7.3,3.65
44647,2,2,1.3,5.45
44648,5,2,9.1,5.34
44649,0,2,10.0,4.75
44650,6,4,1.2,5.35
44651,7,4,6.8,4.4
44652,6,1,5.2,1.97
44653,4,3,5.7,4.56
44654,2,4,2.9,4.94
44655,1,2,9.7,4.53
44656,7,1,7.3,4.93
44657,3,0,3.3,2.77
44658,2,0,6.0,5.72
44659,1,2,5.7,3.72
44660,7,3,0.8,5.99
44661,0,4,6.5,4.52
44662,5,2,5.6,4.94
44663,0,4,9.0,3.32
44664,5,3,6.4,6.16
44665,6,2,1.9,7.11
44666,0,4,1.4,5.8
44667,6,2,6.3,4.62
44668,7,3,1.7,2.47
44669,7,3,8.1,6.36
44670,4,0,5.3,3.66
44671,5,3,2.9,7.01
44672,6,3,6.8,3.95
44673,1,0,7.7,6.29
44674,7,2,3.3,7.21
44675,2,1,9.2,5.82
44676,1,4,7.3,6.3
44677,2,4,2.8,7.27
44678,4,3,7.0,4.56
44679,5,0,0.2,4.27
44680,0,0,2.4,5.38
44681,1,0,6.4,5.12
44682,4,2,1.7,5.05
44683,3,2,8.4,5.59
44684,5,4,6.7,5.23
44685,5,4,0.4,2.92
44686,7,3,6.4,3.42
44687,3,1,1.9,6.0
44688,4,3,2.1,1.97
44689,6,1,5.6,3.7
44690,5,3,0.7,3.54
44691,0,0,1.8,4.15
44692,5,2,10.0,4.68
44693,7,1,3.0,3.26
44694,5,2,9.8,5.32
44695,1,4,2.2,6.91
44696,1,4,1.2,4.59
44697,0,4,4.8,4.89
44698,1,2,4.2,5.48
44699,2,3,6.5,4.23
44700,4,2,5.8,3.67
44701,7,0,9.0,5.08
44702,0,2,7.9,5.11
44703,4,0,8.1,5.32
44704,7,4,6.9,4.59
44705,1,0,8.3,3.85
44706,4,0,5.5,3.85
44707,0,1,5.1,2.87
44708,2,4,2.0,3.03
44709,1,2,2.7,7.65
44710,6,4,7.1,5.62
44711,3,1,2.0,5.86
44712,6,3,6.1,1.97
44713,3,4,1.7,5.29
44714,3,1,7.9,6.95
44715,2,0,5.3,4.21
44716,2,2,1.9,4.87
44717,0,4,4.1,5.53
44718,4,0,8.9,5.52
44719,4,1,7.9,6.08
44720,7,3,7.1,3.35
44721,7,3,7.5,5.65
44722,6,2,3.6,6.82
44723,1,4,5.5,7.81
44724,4,4,4.4,5.29
44725,6,3,5.1,2.17
44726,7,4,5.8,5.31
44727,4,0,6.8,6.66
44728,3,3,7.1,4.41
44729,3,1,5.5,6.62
44730,3,4,9.8,3.83
44731,0,1,2.1,6.14
44732,1,2,0.3,4.26
44733,7,4,0.5,5.02
44734,5,2,6.9,5.32
44735,6,1,1.1,5.22
44736,2,3,4.6,4.24
44737,5,3,0.8,3.18
44738,6,1,2.4,5.42
44739,7,1,2.8,5.21
44740,1,4,8.0,3.5
44741,1,2,7.1,4.76
44742,5,4,5.3,4.18
44743,7,3,1.0,4.26
44744,7,3,7.6,4.24
44745,4,2,5.9,7.16
44746,0,2,7.9,3.85
44747,7,2,2.1,7.34
44748,3,2,0.8,4.91
44749,7,0,2.4,5.57
44750,0,3,3.4,4.51
44751,6,2,5.0,3.6
44752,0,0,8.2,4.49
44753,5,2,5.0,7.35
44754,5,4,3.5,3.18
44755,7,1,1.5,3.54
44756,3,4,2.4,5.85
44757,0,2,4.3,5.4
44758,2,1,5.0,3.36
44759,3,4,5.3,4.27
44760,1,0,1.9,5.49
44761,7,0,0.3,3.76
44762,3,0,8.3,3.87
44763,0,4,5.1,4.27
44764,6,3,9.6,4.9
44765,3,4,9.7,7.34
44766,1,3,3.0,4.65
44767,7,0,5.6,4.37
44768,1,0,7.0,4.49
44769,0,0,3.8,5.09
44770,3,0,8.4,4.09
44771,1,1,8.8,5.56
44772,3,2,9.7,6.05
44773,6,4,4.3,5.33
44774,3,2,1.9,7.41
44775,7,1,1.3,6.51
44776,4,4,5.7,5.38
44777,0,1,9.8,6.24
44778,1,4,5.8,3.52
44779,7,2,5.1,4.99
44780,3,2,6.3,4.6
44781,1,3,3.5,4.25
44782,3,4,1.1,4.16
44783,1,3,2.2,4.9
44784,5,1,9.8,5.15
44785,7,3,1.1,5.64
44786,6,0,4.1,4.46
44787,1,3,8.9,3.6
44788,7,2,2.6,4.84
44789,3,4,6.7,5.61
44790,3,0,2.7,6.58
44791,7,2,8.3,6.08
44792,0,4,6.6,5.25
44793,6,0,0.2,6.36
44794,1,4,4.8,5.32
44795,4,4,6.6,5.12
44796,0,3,2.1,3.76
44797,6,4,1.1,1.79
44798,1,3,6.9,5.72
44799,5,4,1.3,4.38
44800,1,3,8.7,4.12
44801,1,4,1.9,4.89
44802,5,0,4.8,3.74
44803,3,0,7.0,5.74
44804,1,0,7.4,5.52
44805,4,3,3.8,3.49
44806,0,4,4.8,5.03
44807,4,2,9.6,6.51
44808,1,4,0.1,3.83
44809,3,4,1.3,3.94
44810,2,1,7.0,7.1
44811,0,2,4.6,8.19
44812,3,3,0.5,2.07
44813,2,1,5.9,3.39
44814,6,4,3.1,3.86
44815,1,4,6.0,5.42
44816,0,0,5.9,5.44
44817,4,1,4.1,5.76
44818,6,0,6.4,4.08
44819,5,2,0.0,5.32
44820,2,0,8.7,4.68
44821,2,4,4.8,3.46
44822,0,0,2.4,3.39
44823,7,4,7.4,3.32
44824,1,1,7.4,5.8
44825,2,4,0.3,5.29
44826,3,2,1.3,5.93
44827,5,0,1.3,5.24
44828,2,1,5.5,6.55
44829,4,1,6.9,6.25
44830,0,0,1.0,6.01
44831,7,4,4.8,3.9
44832,4,2,4.4,4.11
44833,6,1,5.6,4.83
44834,3,3,6.5,5.68
44835,7,1,8.2,5.02
44836,6,2,8.4,6.12
44837,6,1,3.4,6.01
44838,0,3,5.0,7.14
44839,2,1,6.6,6.47
44840,5,3,7.1,3.6
44841,3,4,2.1,2.49
44842,5,1,7.4,4.77
44843,6,1,7.4,4.36
44844,6,1,7.3,4.9
44845,7,2,3.4,5.07
44846,7,4,0.5,5.03
44847,4,0,0.1,5.22
44848,2,3,8.2,3.87
44849,6,2,1.6,3.3
44850,3,4,0.8,4.86
44851,2,0,0.0,5.51
44852,7,0,4.3,5.54
44853,4,0,5.0,6.37
44854,7,0,8.5,6.3
44855,4,3,1.6,2.65
44856,2,0,0.0,5.34
44857,0,3,2.4,3.78
44858,6,2,2.4,4.21
44859,3,0,3.0,7.11
44860,2,1,2.2,4.12
44861,6,2,1.7,6.27
44862,2,2,5.1,4.71
44863,4,3,0.6,4.58
44864,2,4,1.7,6.06
44865,3,1,2.6,4.88
44866,7,2,2.9,5.88
44867,5,4,7.0,3.97
44868,2,2,0.8,4.85
44869,3,3,2.3,5.69
44870,4,4,7.9,6.44
44871,1,3,2.5,4.94
44872,4,4,8.1,6.43
44873,6,0,2.0,6.01
44874,2,4,6.9,5.98
44875,7,4,0.1,5.87
44876,0,0,4.4,6.45
44877,7,0,2.0,3.86
44878,6,1,2.2,5.62
44879,7,0,9.1,5.25
44880,5,0,9.4,3.43
44881,1,2,2.6,3.44
44882,6,2,6.1,5.11
44883,1,0,1.1,6.63
44884,7,2,5.7,7.38
44885,7,1,5.2,3.73
44886,7,3,4.3,4.58
44887,3,0,7.8,5.26
44888,5,2,6.6,6.14
44889,3,4,2.1,4.89
44890,1,2,7.1,6.26
44891,2,1,2.3,5.18
44892,0,2,0.8,4.8
44893,3,1,5.9,6.45
44894,1,3,4.4,4.04
44895,4,0,1.7,3.29
44896,4,0,5.0,3.14
44897,4,1,5.6,3.83
44898,5,3,3.8,4.99
44899,7,4,0.6,5.29
44900,6,4,7.9,5.5
44901,0,0,6.2,4.15
44902,4,4,8.5,6.92
44903,3,4,9.9,4.12
44904,1,0,2.1,3.44
44905,3,2,5.6,5.91
44906,4,3,5.5,4.87
44907,6,4,5.0,3.85
44908,0,2,7.9,6.45
44909,1,2,4.8,4.83
44910,6,3,3.3,4.86
44911,6,1,4.6,3.75
44912,3,0,7.6,3.62
44913,1,1,8.7,5.41
44914,2,3,9.8,4.18
44915,4,4,6.2,7.45
44916,0,4,4.6,6.36
44917,6,0,3.2,4.47
44918,5,3,4.3,5.26
44919,7,2,0.1,6.12
44920,6,3,3.4,7.3
44921,3,4,9.8,4.95
44922,0,0,3.3,4.1
44923,6,4,1.3,2.4
44924,4,4,3.3,5.24
44925,1,3,1.7,6.25
44926,6,2,1.5,5.44
44927,2,3,8.9,3.35
44928,6,3,8.2,4.81
44929,0,1,8.1,5.4
44930,1,1,5.3,3.83
44931,3,1,8.6,4.87
44932,2,1,9.1,5.6
44933,2,3,9.5,4.63
44934,5,1,5.3,4.96
44935,1,4,6.9,2.96
44936,2,0,0.6,1.9
44937,2,1,7.3,3.13
44938,1,2,6.2,3.15
44939,5,3,6.6,3.69
44940,2,4,6.2,3.44
44941,2,0,5.5,5.93
44942,3,3,7.7,6.12
44943,2,1,5.9,5.08
44944,1,2,1.9,2.88
44945,3,2,4.6,5.7
44946,3,4,0.2,6.26
44947,7,1,3.8,4.67
44948,6,2,7.6,4.75
44949,1,2,1.3,4.14
44950,2,1,1.5,6.76
44951,5,4,8.7,4.54
44952,2,4,6.1,3.6
44953,3,1,0.9,5.2
44954,1,2,9.4,3.62
44955,2,2,5.6,5.73
44956,7,1,3.8,4.82
44957,7,2,8.6,4.06
44958,6,2,1.9,4.32
44959,7,0,2.1,4.8
44960,7,1,1.9,4.43
44961,5,0,6.0,6.21
44962,1,0,3.4,4.12
44963,6,1,6.4,5.41
44964,2,2,0.3,5.56
44965,5,1,0.2,4.42
44966,1,4,6.8,5.25
44967,5,2,2.1,4.34
44968,3,2,0.6,5.14
44969,3,4,1.9,5.7
44970,0,4,3.3,3.4
44971,5,4,5.3,5.11
44972,5,3,4.7,2.53
44973,1,4,1.6,6.73
44974,3,0,8.2,4.58
44975,5,3,9.3,3.39
44976,6,3,4.7,3.6
44977,2,3,3.0,5.55
44978,0,1,3.1,2.69
44979,0,2,8.3,3.91
44980,3,4,1.4,6.34
44981,7,0,8.5,4.99
44982,6,3,7.6,6.65
44983,4,4,0.1,6.23
44984,0,3,4.0,5.12
44985,3,0,6.6,4.18
44986,4,0,4.0,5.42
44987,4,3,3.5,3.83
44988,5,3,0.7,5.82
44989,2,3,5.2,4.51
44990,1,4,0.4,4.36
44991,0,0,6.7,3.53
44992,6,4,7.0,4.83
44993,1,2,10.0,2.97
44994,6,4,1.4,5.95
44995,5,3,4.4,6.0
44996,0,0,7.4,6.15
44997,1,4,2.4,3.79
44998,3,2,9.5,3.03
44999,6,2,0.4,4.26
45000,6,2,1.4,4.43
45001,3,4,2.4,4.98
45002,0,0,1.6,4.85
45003,3,1,4.3,5.15
45004,4,2,8.7,4.34
45005,6,1,1.9,5.69
45006,0,1,1.2,5.34
45007,3,0,5.4,3.2
45008,4,0,6.0,3.67
45009,5,4,2.3,5.68
45010,4,4,7.0,6.64
45011,0,4,9.8,5.26
45012,3,0,3.9,6.0
45013,4,2,3.6,5.01
45014,5,0,2.6,5.69
45015,5,4,6.5,7.22
45016,4,0,8.5,5.24
45017,6,4,7.5,6.4
45018,3,0,4.2,4.05
45019,3,1,4.0,5.35
45020,1,3,5.5,3.4
45021,2,0,8.3,3.29
45022,0,3,8.9,6.91
45023,4,1,2.7,5.46
45024,1,3,1.2,3.05
45025,5,3,0.7,5.53
45026,1,1,7.9,4.25
45027,7,4,8.6,4.97
45028,2,4,0.8,3.72
45029,6,0,0.7,4.53
45030,3,4,3.4,5.18
45031,2,0,1.4,3.06
45032,5,4,2.1,5.1
45033,6,3,4.2,3.47
45034,2,1,1.9,4.18
45035,1,4,5.5,5.93
45036,4,0,7.2,6.3
45037,3,1,7.5,5.47
45038,5,1,0.8,4.07
45039,3,4,4.7,4.44
45040,7,2,9.0,5.5
45041,4,1,6.3,5.94
45042,6,4,2.4,4.85
45043,7,3,7.4,5.43
45044,0,0,3.3,3.64
45045,2,0,0.2,3.12
45046,2,3,3.8,5.59
45047,1,2,3.8,4.47
45048,3,4,4.3,4.76
45049,4,1,7.8,4.06
45050,3,0,2.0,5.48
45051,0,3,5.0,3.71
45052,2,0,3.2,5.71
45053,5,2,5.9,3.71
45054,4,2,4.0,3.6
45055,3,2,9.8,4.87
45056,4,0,1.3,4.4
45057,1,1,4.5,4.19
45058,7,1,1.8,5.29
45059,7,3,0.1,4.61
45060,6,3,9.7,5.98
45061,2,2,4.4,4.53
45062,2,2,2.1,3.84
45063,3,1,8.3,4.42
45064,0,3,9.6,6.53
45065,3,0,7.4,2.5
45066,4,3,8.6,4.87
45067,4,2,1.1,3.96
45068,7,0,6.3,4.6
45069,5,3,5.5,4.14
45070,3,2,3.1,5.62
45071,1,0,2.8,4.35
45072,2,1,7.2,5.85
45073,5,4,5.2,7.76
45074,5,1,3.4,6.59
45075,5,0,7.9,6.59
45076,1,2,10.0,4.57
45077,7,4,9.4,4.88
45078,2,1,0.1,7.39
45079,1,2,4.8,6.46
45080,5,3,0.9,5.94
45081,1,3,0.6,5.5
45082,3,2,3.4,1.5
45083,1,0,4.0,5.53
45084,4,0,6.8,4.69
45085,1,4,3.5,4.83
45086,5,1,1.6,3.95
45087,0,1,1.2,3.04
45088,1,2,5.3,5.53
45089,4,1,1.6,4.4
45090,2,3,7.4,3.39
45091,2,4,4.3,5.33
45092,1,3,0.8,4.95
45093,4,1,8.9,5.41
45094,7,3,6.8,3.95
45095,5,3,3.0,6.7
45096,1,0,0.3,4.24
45097,2,4,1.6,6.65
45098,3,4,7.2,4.59
45099,0,4,8.2,6.35
45100,1,0,0.0,5.35
45101,0,1,4.7,6.31
45102,4,2,9.6,4.89
45103,3,0,3.0,4.7
45104,3,3,4.5,5.72
45105,0,0,7.9,3.47
45106,3,2,2.7,4.56
45107,0,2,2.5,5.0
45108,6,0,1.0,5.48
45109,1,3,9.4,5.69
45110,2,0,4.8,6.43
45111,3,4,4.4,4.49
45112,6,3,7.5,2.85
45113,5,3,1.8,5.42
45114,6,0,7.3,5.89
45115,2,3,5.9,6.03
45116,0,4,6.5,7.15
45117,4,2,4.9,3.23
45118,7,4,4.4,5.56
45119,3,3,1.1,4.08
45120,1,2,1.6,5.91
45121,7,3,2.5,3.23
45122,7,2,7.9,4.04
45123,1,3,5.3,2.89
45124,2,4,1.8,3.05
45125,2,0,9.9,3.92
45126,4,3,4.1,4.64
45127,5,2,4.6,4.24
45128,1,3,0.3,5.79
45129,2,0,9.9,4.43
45130,6,0,3.7,5.0
45131,7,4,6.0,4.59
45132,0,3,1.3,6.38
45133,2,3,1.6,2.18
45134,3,1,10.0,4.91
45135,6,0,9.5,6.05
45136,3,0,0.2,7.86
45137,6,0,9.9,5.54
45138,6,2,9.2,5.41
45139,1,2,5.4,5.41
45140,0,0,7.6,4.04
45141,3,2,4.4,4.71
45142,0,1,9.3,3.39
45143,1,3,6.5,4.99
45144,3,0,3.1,6.03
45145,0,3,5.0,5.12
45146,3,3,2.8,6.44
45147,6,0,2.7,6.76
45148,0,1,5.3,4.34
45149,0,4,8.5,5.99
45150,3,3,9.7,4.77
45151,4,0,5.1,5.26
45152,2,1,1.2,5.04
45153,7,0,7.1,5.17
45154,7,4,9.3,2.82
45155,0,3,7.7,6.55
45156,5,2,6.8,3.7
45157,2,1,2.6,3.1
45158,3,2,5.6,4.12
45159,6,1,1.6,4.55
45160,4,4,4.0,6.52
45161,1,0,8.1,4.21
45162,5,3,4.3,4.35
45163,5,3,9.2,6.87
45164,2,1,2.2,1.65
45165,6,0,5.7,4.77
45166,0,2,0.0,5.64
45167,4,0,7.1,6.81
45168,4,4,2.9,6.09
45169,1,1,0.6,4.81
45170,5,0,3.0,4.87
45171,6,3,2.4,4.26
45172,4,3,6.6,4.63
45173,0,1,8.9,4.31
45174,6,3,1.4,4.67
45175,3,1,2.8,5.55
45176,0,4,4.4,6.04
45177,4,1,4.2,5.07
45178,3,4,1.8,4.71
45179,2,1,3.4,4.6
45180,1,4,8.1,6.94
45181,6,0,0.9,4.49
45182,7,1,9.5,4.73
45183,5,3,1.2,2.9
45184,5,3,7.1,5.15
45185,4,4,7.1,6.77
45186,1,0,8.6,5.81
45187,2,3,6.5,4.45
45188,0,0,8.4,5.62
45189,0,2,4.7,7.62
45190,2,4,6.8,4.26
45191,5,2,9.7,3.9
45192,5,1,3.6,4.88
45193,5,1,0.3,2.91
45194,3,0,5.4,3.95
45195,7,1,2.1,6.51
45196,1,4,2.6,3.98
45197,1,0,2.2,4.93
45198,0,3,2.3,4.24
45199,3,1,9.9,5.75
45200,0,1,3.3,5.76
45201,3,3,1.3,4.84
45202,4,3,6.5,5.39
45203,7,0,2.3,4.93
45204,1,3,0.1,7.47
45205,5,3,8.2,5.28
45206,0,4,3.0,6.54
45207,0,3,8.9,3.57
45208,0,0,8.1,3.87
45209,5,1,2.2,4.81
45210,3,1,8.3,2.86
45211,6,4,7.9,3.95
45212,6,0,7.6,5.28
45213,4,3,9.6,5.03
45214,6,0,7.8,5.52
45215,7,2,8.1,3.4
45216,7,2,8.4,5.98
45217,6,3,0.0,5.58
45218,1,1,0.9,4.01
45219,5,2,7.5,3.46
45220,5,0,3.9,4.12
45221,0,4,8.0,4.27
45222,0,4,1.4,4.86
45223,6,1,5.4,3.82
45224,7,3,3.8,4.65
45225,6,4,8.1,5.28
45226,6,3,0.1,4.57
45227,0,4,5.2,5.56
45228,0,0,7.2,5.63
45229,2,4,1.6,5.45
45230,5,1,4.5,6.64
45231,0,3,3.6,4.9
45232,2,0,6.7,5.18
45233,5,2,0.1,5.05
45234,1,3,3.2,6.2
45235,4,4,9.5,5.9
45236,2,0,2.2,3.23
45237,0,4,5.9,5.66
45238,0,2,4.8,5.83
45239,0,3,1.8,5.5
45240,7,2,6.3,7.35
45241,5,0,8.5,4.28
45242,5,1,0.0,5.09
45243,3,3,9.0,4.92
45244,0,4,3.0,2.89
45245,2,4,5.7,4.34
45246,0,1,9.1,5.02
45247,4,4,8.3,6.79
45248,1,2,2.4,4.15
45249,5,2,4.9,4.49
45250,2,0,7.0,3.73
45251,6,4,1.3,4.85
45252,5,4,1.6,6.66
45253,2,1,9.5,6.62
45254,4,3,9.1,3.8
45255,5,3,9.5,4.04
45256,3,1,3.0,5.13
45257,0,1,2.8,5.82
45258,2,3,3.6,4.27
45259,4,4,3.0,3.6
45260,2,2,1.2,5.01
45261,6,1,0.4,2.34
45262,7,4,5.8,6.22
45263,0,3,4.6,5.23
45264,0,2,3.9,3.62
45265,1,1,9.1,2.86
45266,1,0,2.8,4.34
45267,2,3,7.0,5.0
45268,4,0,5.5,6.89
45269,2,4,7.2,1.7
45270,4,4,2.0,5.69
45271,4,0,4.8,6.15
45272,0,3,6.8,5.02
45273,7,1,7.3,4.61
45274,0,1,0.2,4.79
45275,0,3,0.5,5.71
45276,4,2,1.6,7.55
45277,6,1,9.1,4.99
45278,4,1,1.3,4.39
45279,1,3,3.4,3.54
45280,5,1,3.4,6.92
45281,5,2,3.1,4.46
45282,4,1,7.1,4.63
45283,6,2,0.4,5.52
45284,7,0,1.2,5.61
45285,4,0,3.0,4.03
45286,5,4,6.1,4.15
45287,2,2,3.2,2.6
45288,5,0,3.5,4.49
45289,0,0,9.3,3.86
45290,7,3,6.3,4.52
45291,1,0,9.5,5.04
45292,6,0,1.7,7.56
45293,3,0,3.5,5.86
45294,2,1,5.2,4.07
45295,6,2,2.3,6.02
45296,1,0,3.5,5.3
45297,6,2,1.9,4.25
45298,1,2,8.0,3.94
45299,4,1,6.2,3.66
45300,7,0,1.9,4.58
45301,2,3,3.0,3.76
45302,6,1,5.2,6.23
45303,5,4,6.6,6.18
45304,2,2,4.4,4.28
45305,1,1,5.3,3.79
45306,0,3,8.5,6.12
45307,4,1,7.4,4.15
45308,3,2,9.2,4.88
45309,4,1,1.4,6.12
45310,5,3,1.8,4.63
45311,5,3,4.2,5.67
45312,1,3,4.6,3.96
45313,0,0,9.0,6.22
45314,1,2,4.2,4.24
45315,6,0,6.5,4.16
45316,3,4,8.4,5.31
45317,4,1,0.4,5.3
45318,3,3,3.8,5.85
45319,4,2,7.0,3.95
45320,2,0,5.4,2.79
45321,6,0,9.8,5.28
45322,1,4,7.9,2.56
45323,6,2,4.2,5.13
45324,6,1,8.0,4.34
45325,2,4,4.9,5.5
45326,3,2,8.5,5.13
45327,1,1,0.1,6.75
45328,4,4,2.2,6.33
45329,7,2,3.5,4.95
45330,4,4,8.5,4.64
45331,0,2,5.8,6.04
45332,1,2,6.5,5.83
45333,3,4,0.1,5.2
45334,5,4,1.9,4.93
45335,5,4,6.3,6.26
45336,1,0,7.1,3.47
45337,2,0,9.5,3.68
45338,6,3,9.2,4.78
45339,7,3,9.6,4.21
45340,1,0,0.7,5.59
45341,7,4,1.8,4.98
45342,6,3,7.4,4.14
45343,3,4,0.2,5.99
45344,1,2,2.5,4.72
45345,5,2,6.8,4.47
45346,7,4,3.4,5.19
45347,7,3,8.0,3.55
45348,0,2,4.1,6.4
45349,4,4,0.3,5.74
45350,5,3,6.4,2.85
45351,5,3,7.9,5.09
45352,4,2,4.8,6.13
45353,7,2,8.4,4.67
45354,4,1,2.9,8.05
45355,1,1,8.8,4.43
45356,3,1,3.5,2.94
45357,0,3,0.2,4.88
45358,7,0,5.6,4.71
45359,3,0,2.4,3.63
45360,1,0,2.3,3.5
45361,2,2,9.6,3.97
45362,0,0,5.7,3.05
45363,2,1,1.6,3.93
45364,4,1,0.5,6.75
45365,7,4,0.2,5.29
45366,4,1,7.8,5.29
45367,0,0,3.6,3.76
45368,5,2,8.5,5.55
45369,2,4,4.2,6.46
45370,0,1,1.4,6.1
45371,3,2,7.4,6.65
45372,3,4,3.1,5.02
45373,1,1,1.9,7.07
45374,1,2,3.5,4.83
45375,3,2,1.0,4.55
45376,1,1,4.5,3.75
45377,1,1,1.5,4.91
45378,6,4,8.8,7.55
45379,5,1,3.2,5.68
45380,1,4,5.0,4.25
45381,5,1,7.0,5.27
45382,0,1,7.3,2.78
45383,3,1,5.0,3.58
45384,4,3,4.6,2.69
45385,4,3,1.4,5.1
45386,0,2,1.2,4.16
45387,0,3,0.4,4.83
45388,1,2,9.0,5.91
45389,0,0,8.5,4.99
45390,5,1,1.1,4.13
45391,6,1,1.9,4.0
45392,2,2,2.2,7.43
45393,6,2,4.1,6.14
45394,4,4,2.1,2.97
45395,7,4,8.8,5.92
45396,6,1,3.6,6.49
45397,3,3,4.8,5.68
45398,3,4,6.0,3.28
45399,3,4,9.7,7.01
45400,1,2,7.2,4.02
45401,4,1,3.4,6.03
45402,3,3,9.3,4.09
45403,3,2,5.9,3.12
45404,7,0,7.7,4.21
45405,3,4,2.9,5.94
45406,2,1,0.6,5.61
45407,2,1,4.1,4.41
45408,3,1,1.0,3.57
45409,5,3,9.6,5.78
45410,3,2,3.5,3.2
45411,6,3,2.8,4.14
45412,7,1,9.1,3.22
45413,5,0,8.6,6.69
45414,3,0,1.9,5.09
45415,5,4,2.2,6.57
45416,1,1,4.8,4.4
45417,1,2,8.4,4.84
45418,5,3,2.8,5.18
45419,3,4,9.1,3.88
45420,2,0,6.9,4.54
45421,1,4,10.0,5.2
45422,6,2,4.3,6.31
45423,0,2,3.6,4.08
45424,7,0,5.8,6.18
45425,3,0,4.2,3.89
45426,6,1,9.4,7.43
45427,1,4,1.9,6.78
45428,3,3,6.9,3.43
45429,0,0,3.1,4.66
45430,7,3,0.2,3.95
45431,5,1,5.9,5.3
45432,3,3,0.3,4.97
45433,1,0,1.0,4.61
45434,3,0,8.8,5.34
45435,1,2,4.6,2.64
45436,1,1,0.3,5.57
45437,2,0,3.6,3.11
45438,7,3,6.7,4.01
45439,1,0,3.8,6.24
45440,0,2,8.9,7.61
45441,4,0,4.9,6.18
45442,1,0,0.8,7.01
45443,2,4,7.3,5.85
45444,5,0,8.7,4.98
45445,7,1,7.0,4.64
45446,1,4,2.5,6.14
45447,1,0,6.3,3.82
45448,4,2,0.6,3.87
45449,7,3,2.2,5.24
45450,7,2,1.2,2.63
45451,5,3,5.9,5.79
45452,5,2,3.6,3.91
45453,2,1,9.6,5.42
45454,0,0,1.1,6.29
45455,6,4,4.3,5.49
45456,5,2,1.6,5.41
45457,6,3,8.6,3.13
45458,7,4,5.1,6.07
45459,0,0,9.2,4.9
45460,7,3,5.3,5.89
45461,0,4,6.5,5.79
45462,1,3,9.0,4.96
45463,1,0,6.2,5.0
45464,5,3,1.1,3.82
45465,6,4,5.2,3.47
45466,3,1,6.9,4.6
45467,3,4,2.0,4.47
45468,2,2,2.9,4.71
45469,3,0,4.8,5.77
45470,5,0,1.9,2.25
45471,2,4,5.0,4.95
45472,2,2,3.2,6.67
45473,5,3,6.1,4.24
45474,0,3,2.8,5.15
45475,3,4,0.1,5.24
45476,7,0,2.1,5.93
45477,1,0,1.9,4.07
45478,7,1,3.8,5.45
45479,1,2,8.4,7.22
45480,5,4,1.5,2.23
45481,4,3,6.0,6.38
45482,6,4,6.3,3.64
45483,1,4,1.6,6.51
45484,4,4,5.5,5.17
45485,7,3,5.9,5.78
45486,0,1,1.5,6.71
45487,1,3,3.5,5.31
45488,5,4,7.5,5.65
45489,7,2,8.4,4.75
45490,0,3,2.5,4.37
45491,0,4,7.1,2.47
45492,1,2,5.8,4.12
45493,1,2,6.7,4.88
45494,3,2,8.2,4.73
45495,6,0,4.3,3.72
45496,1,3,9.6,4.3
45497,7,4,3.3,3.84
45498,0,0,0.9,3.37
45499,5,1,6.8,4.42
45500,3,3,9.9,5.63
45501,5,2,5.3,5.57
45502,1,2,4.2,5.06
45503,5,0,9.5,6.34
45504,7,2,8.9,5.04
45505,0,4,7.8,4.47
45506,1,4,10.0,6.53
45507,0,2,2.2,5.81
45508,1,3,7.6,5.83
45509,7,3,0.5,4.06
45510,4,2,0.7,5.03
45511,2,4,4.1,5.18
45512,3,2,4.4,4.11
45513,2,4,2.1,6.13
45514,1,3,4.8,6.24
45515,2,4,7.5,5.88
45516,6,0,10.0,4.1
45517,0,2,7.6,3.4
45518,4,3,5.4,7.02
45519,5,0,3.7,6.03
45520,3,0,0.1,4.35
45521,5,1,1.8,5.34
45522,4,0,9.3,4.25
45523,0,0,7.8,4.29
45524,7,2,4.6,6.04
45525,0,0,0.9,5.56
45526,3,3,9.8,3.58
45527,0,0,1.1,4.11
45528,1,2,6.0,4.09
45529,5,0,4.0,3.77
45530,2,0,1.9,2.17
45531,2,4,7.0,5.82
45532,6,0,6.4,5.02
45533,4,3,5.2,4.52
45534,1,1,1.4,5.39
45535,4,1,2.7,3.27
45536,6,2,8.5,4.39
45537,3,0,7.3,4.84
45538,1,3,2.4,4.18
45539,5,0,0.6,5.73
45540,4,1,6.4,3.9
45541,6,2,5.1,5.54
45542,5,1,0.4,2.91
45543,7,0,4.5,3.94
45544,3,2,5.8,5.22
45545,6,4,9.8,4.35
45546,2,2,1.4,6.04
45547,4,3,9.1,4.77
45548,3,1,9.3,4.55
45549,5,4,3.6,4.04
45550,2,3,7.2,7.23
45551,4,3,4.0,5.26
45552,2,4,8.4,4.51
45553,7,0,2.9,5.74
45554,6,1,0.6,5.45
45555,3,4,8.9,3.01
45556,0,0,2.9,5.01
45557,6,1,7.6,5.9
45558,7,4,3.7,3.55
45559,5,4,8.1,5.22
45560,1,4,0.9,5.04
45561,2,1,9.6,7.14
45562,2,3,7.3,5.28
45563,1,1,6.4,6.36
45564,4,1,9.0,5.21
45565,6,4,2.5,4.02
45566,1,4,8.1,6.27
45567,7,0,6.7,2.49
45568,6,3,0.1,6.55
45569,6,2,1.9,4.66
45570,6,4,3.2,6.6
45571,1,3,1.2,4.31
45572,6,2,8.3,3.93
45573,1,0,5.5,5.81
45574,2,1,9.3,7.6
45575,3,3,6.0,5.53
45576,6,4,4.0,4.49
45577,2,4,0.2,5.22
45578,2,1,7.1,5.67
45579,0,2,7.7,5.09
45580,5,0,5.6,5.01
45581,7,0,6.6,5.64
45582,7,3,7.9,3.93
45583,7,4,3.3,4.86
45584,3,3,4.2,4.89
45585,4,0,8.6,4.21
45586,5,3,2.4,6.84
45587,1,1,9.1,5.24
45588,2,4,0.7,4.13
45589,2,1,6.3,5.04
45590,0,0,0.6,4.51
45591,0,2,7.5,2.54
45592,7,4,5.3,7.62
45593,3,0,1.3,4.37
45594,0,1,2.3,5.05
45595,2,4,9.7,2.76
45596,5,2,0.3,4.38
45597,4,0,0.8,3.75
45598,2,0,6.3,4.47
45599,1,0,1.9,6.79
45600,2,4,1.8,6.66
45601,6,2,6.5,4.57
45602,6,4,5.9,2.85
45603,2,0,0.9,3.82
45604,6,0,1.9,5.7
45605,3,2,6.2,3.32
45606,3,1,6.7,3.83
45607,4,2,5.2,5.69
45608,5,2,4.8,5.55
45609,6,0,2.1,4.35
45610,5,4,5.2,5.27
45611,2,0,8.1,5.96
45612,1,1,9.4,5.44
45613,0,2,5.4,5.61
45614,0,3,5.9,5.03
45615,5,4,7.0,4.58
45616,4,4,4.5,5.68
45617,1,4,4.4,4.45
45618,1,1,7.9,4.96
45619,6,3,2.7,5.44
45620,4,0,0.5,5.04
45621,4,2,7.6,6.14
45622,1,4,4.3,3.97
45623,1,2,6.6,3.2
45624,2,3,5.4,3.76
45625,0,3,0.7,7.16
45626,3,2,10.0,7.17
45627,2,4,9.4,5.13
45628,0,0,2.7,5.27
45629,0,4,7.1,3.83
45630,1,4,6.9,4.7
45631,0,3,6.9,4.07
45632,5,2,2.4,4.47
45633,5,3,2.6,4.57
45634,3,2,8.1,4.68
45635,1,3,0.1,5.13
45636,7,3,7.2,2.82
45637,6,4,5.4,2.83
45638,1,2,6.0,4.07
45639,6,2,0.2,5.76
45640,6,2,5.6,3.65
45641,3,4,2.7,2.78
45642,0,2,2.1,5.42
45643,3,1,0.8,3.03
45644,2,3,1.5,8.69
45645,3,0,8.9,5.71
45646,7,1,6.5,5.84
45647,4,4,4.7,7.18
45648,5,3,1.0,4.81
45649,4,0,7.5,4.83
45650,6,1,8.9,7.55
45651,3,2,1.5,5.79
45652,2,0,7.0,6.44
45653,6,1,3.4,3.49
45654,7,1,5.1,6.03
45655,4,4,8.5,4.97
45656,6,0,2.9,5.36
45657,1,1,6.1,4.75
45658,6,3,3.3,4.62
45659,5,1,0.1,6.57
45660,7,4,0.2,6.13
45661,4,0,5.3,5.88
45662,2,0,9.6,5.98
45663,1,0,3.0,5.07
45664,0,2,5.0,5.52
45665,4,3,8.5,3.04
45666,3,4,3.7,2.88
45667,6,3,4.6,4.44
45668,0,2,5.6,5.05
45669,0,3,7.0,4.67
45670,0,2,2.0,5.76
45671,3,2,9.9,7.3
45672,3,4,7.3,5.43
45673,3,2,8.6,6.73
45674,4,0,8.5,5.08
45675,0,0,2.3,3.8
45676,7,2,8.1,4.07
45677,1,2,8.0,6.0
45678,0,2,8.5,5.02
45679,3,0,0.0,3.58
45680,7,4,4.3,6.81
45681,0,1,4.2,4.36
45682,0,4,9.0,5.4
45683,2,3,0.1,4.85
45684,5,4,2.6,5.91
45685,0,1,2.4,4.84
45686,4,0,3.5,6.55
45687,7,0,1.9,6.83
45688,1,2,4.5,6.69
45689,2,4,1.5,3.85
45690,4,0,5.9,6.65
45691,7,0,0.4,5.72
45692,2,0,2.5,4.44
45693,2,1,3.4,3.6
45694,1,2,9.7,4.0
45695,7,4,9.2,3.46
45696,3,3,3.9,5.68
45697,5,3,0.6,3.55
45698,3,3,4.2,3.84
45699,5,2,0.6,6.29
45700,2,1,7.8,4.38
45701,0,1,1.9,2.84
45702,2,1,4.6,4.01
45703,0,1,3.3,5.03
45704,6,0,2.4,6.73
45705,0,4,4.2,3.31
45706,5,0,6.3,3.28
45707,2,3,1.0,5.2
45708,6,3,4.6,6.22
45709,6,2,4.6,4.08
45710,5,0,4.5,7.04
45711,2,0,3.7,5.02
45712,6,1,6.6,3.4
45713,5,3,5.0,3.91
45714,3,2,2.7,6.33
45715,0,0,6.7,6.16
45716,6,1,8.0,4.43
45717,3,4,9.5,3.78
45718,4,3,1.3,4.26
45719,6,1,0.3,6.18
45720,6,3,8.2,7.2
45721,0,0,0.4,6.0
45722,7,2,7.3,5.37
45723,2,1,1.5,4.58
45724,2,0,4.8,4.72
45725,3,1,5.5,5.32
45726,3,2,8.2,6.77
45727,0,4,4.2,5.91
45728,4,0,1.5,4.13
45729,3,4,6.3,4.22
45730,4,0,2.6,4.01
45731,3,1,10.0,4.73
45732,4,4,2.9,5.12
45733,4,0,6.1,5.24
45734,0,3,7.9,5.19
45735,3,1,1.0,5.19
45736,4,3,7.6,7.23
45737,7,4,0.8,5.92
45738,3,4,6.1,4.89
45739,6,0,8.2,4.78
45740,6,1,9.3,4.95
45741,0,4,5.0,2.55
45742,6,3,5.2,5.65
45743,5,3,4.1,4.61
45744,0,3,1.4,3.85
45745,0,3,2.1,4.73
45746,6,2,6.9,7.06
45747,6,3,9.1,6.63
45748,2,0,0.7,5.51
45749,2,0,9.0,4.51
45750,1,3,6.6,3.29
45751,4,0,9.3,4.32
45752,1,4,1.1,5.27
45753,5,4,3.6,2.46
45754,6,0,1.1,5.7
45755,5,0,4.1,4.04
45756,3,3,1.6,5.52
45757,7,0,6.3,4.81
45758,3,1,1.9,4.55
45759,5,2,0.1,4.07
45760,5,4,6.1,5.31
45761,5,2,4.4,5.85
45762,5,4,6.1,5.64
45763,6,4,8.0,6.22
45764,0,4,1.3,7.13
45765,1,3,5.3,4.87
45766,2,3,7.7,5.68
45767,6,1,5.5,5.59
45768,5,1,6.9,6.68
45769,4,0,1.2,5.52
45770,5,4,5.1,5.15
45771,0,1,3.8,4.25
45772,1,4,0.3,5.6
45773,5,0,6.5,4.46
45774,2,3,5.7,2.24
45775,4,0,2.3,7.21
45776,5,4,2.6,4.49
45777,0,4,7.5,5.14
45778,3,3,7.6,2.82
45779,1,1,0.3,3.9
45780,7,3,8.6,4.9
45781,2,2,5.6,4.95
45782,5,2,3.7,3.39
45783,4,3,3.7,3.08
45784,6,4,3.9,8.53
45785,6,2,5.8,4.2
45786,0,3,4.1,5.15
45787,0,4,7.1,5.3
45788,4,0,2.6,2.34
45789,6,3,9.7,7.05
45790,7,1,5.0,5.11
45791,6,4,2.3,4.75
45792,0,2,5.4,5.72
45793,4,1,6.0,3.36
45794,1,0,2.3,7.76
45795,3,3,3.4,3.84
45796,1,3,1.4,3.89
45797,3,0,4.1,6.53
45798,0,4,7.4,4.42
45799,4,0,2.0,3.28
45800,1,4,9.2,3.81
45801,0,2,7.4,5.13
45802,7,4,8.7,3.21
45803,7,1,9.7,5.18
45804,1,0,10.0,4.17
45805,1,3,5.1,2.81
45806,2,0,6.5,3.69
45807,3,4,8.4,5.73
45808,7,4,8.1,5.13
45809,2,2,4.5,4.64
45810,7,2,8.5,5.88
45811,6,4,5.7,4.15
45812,0,0,2.4,3.78
45813,0,4,7.0,3.96
45814,2,0,8.3,5.81
45815,5,0,9.7,4.72
45816,5,1,7.9,3.99
45817,4,3,9.2,4.77
45818,6,0,8.3,4.13
45819,1,4,9.4,6.57
45820,1,1,5.9,5.06
45821,2,3,4.3,4.35
45822,5,0,5.1,3.66
45823,4,3,7.8,5.3
45824,0,1,0.8,4.33
45825,4,1,4.7,5.38
45826,4,4,0.4,4.77
45827,6,3,6.6,4.1
45828,1,4,4.5,4.47
45829,5,2,4.5,6.43
45830,2,0,4.4,3.81
45831,7,4,2.9,3.28
45832,0,3,0.9,2.85
45833,4,1,9.0,7.09
45834,7,1,0.9,6.0
45835,1,4,2.1,4.37
45836,6,0,4.0,4.86
45837,2,3,5.6,4.53
45838,0,1,2.3,7.0
45839,5,3,6.2,3.23
45840,6,0,5.0,4.6
45841,4,4,5.7,3.47
45842,3,4,8.8,7.59
45843,1,4,2.1,8.08
45844,0,2,0.4,2.56
45845,5,4,0.6,6.23
45846,2,1,7.0,6.7
45847,2,0,9.1,5.2
45848,1,3,6.3,6.47
45849,7,0,7.4,6.55
45850,2,3,9.4,6.38
45851,7,1,3.7,6.92
45852,0,0,6.1,4.84
45853,0,0,5.5,3.06
45854,0,1,4.8,4.78
45855,3,2,2.4,3.73
45856,4,1,2.2,2.99
45857,1,1,3.8,3.67
45858,2,0,2.4,6.72
45859,2,0,3.6,5.62
45860,4,2,9.6,4.04
45861,6,0,5.3,6.31
45862,5,3,0.2,4.0
45863,7,1,7.4,4.81
45864,3,3,8.0,5.52
45865,6,2,9.4,2.88
45866,1,0,6.9,5.36
45867,4,1,2.9,5.63
45868,0,2,1.8,2.98
45869,3,0,0.0,6.49
45870,4,1,3.5,4.51
45871,7,3,9.4,5.56
45872,3,1,4.4,4.39
45873,5,4,7.6,6.0
45874,4,0,7.8,5.83
45875,6,3,1.9,5.52
45876,5,1,5.5,6.08
45877,6,2,5.1,6.05
45878,5,4,0.9,4.47
45879,7,0,3.5,4.37
45880,7,0,4.7,5.72
45881,7,0,6.5,7.37
45882,4,0,6.2,5.34
45883,3,0,8.5,4.68
45884,7,1,9.6,4.73
45885,3,2,0.7,7.09
45886,7,4,2.7,5.4
45887,2,3,4.7,4.54
45888,0,0,4.5,4.74
45889,2,2,5.7,4.24
45890,3,4,7.3,3.77
45891,3,1,0.5,4.04
45892,6,3,6.5,5.6
45893,6,3,3.9,4.21
45894,6,1,2.5,4.21
45895,7,4,1.5,5.08
45896,7,3,9.5,2.39
45897,6,0,5.4,6.13
45898,5,0,8.5,4.2
45899,0,4,7.2,6.25
45900,0,2,0.1,3.55
45901,5,4,0.3,4.0
45902,7,3,5.6,5.97
45903,6,4,9.8,2.99
45904,4,0,8.2,4.57
45905,3,4,4.8,3.27
45906,0,0,7.4,3.66
45907,5,1,5.2,5.96
45908,7,3,0.8,6.57
45909,7,2,4.3,4.88
45910,0,0,2.3,6.44
45911,1,1,1.0,5.82
45912,0,3,1.9,5.02
45913,6,2,3.3,4.29
45914,3,0,3.6,4.16
45915,5,1,5.2,5.43
45916,1,4,2.3,5.35
45917,3,1,7.8,3.0
45918,1,3,8.9,6.75
45919,3,4,3.3,3.97
45920,3,1,5.5,5.92
45921,5,2,2.8,7.02
45922,3,4,5.7,3.78
45923,5,4,0.2,7.54
45924,4,0,6.3,5.69
45925,3,1,9.2,4.46
45926,7,1,3.3,2.76
45927,2,0,5.1,4.95
45928,4,1,5.3,5.32
45929,6,2,2.1,4.59
45930,4,4,8.8,4.13
45931,1,3,2.4,4.33
45932,6,1,6.0,4.74
45933,5,0,4.0,4.8
45934,3,0,0.6,7.61
45935,1,3,0.5,4.11
45936,1,0,7.0,4.53
45937,5,2,7.8,3.93
45938,1,1,5.9,2.96
45939,3,0,4.7,5.34
45940,3,0,9.4,6.08
45941,2,1,7.5,4.58
45942,2,1,6.7,3.52
45943,6,0,9.8,5.12
45944,2,0,5.8,5.21
45945,0,2,1.9,3.79
45946,7,4,6.2,5.08
45947,4,4,7.2,5.97
45948,5,1,1.0,6.9
45949,7,4,6.5,7.05
45950,3,3,1.2,4.53
45951,5,1,2.4,3.21
45952,4,4,2.9,5.21
45953,4,1,4.7,5.49
45954,5,1,2.2,3.38
45955,7,3,3.5,6.67
45956,3,2,2.3,5.2
45957,2,2,5.1,6.54
45958,1,0,2.9,6.57
45959,7,1,0.3,4.45
45960,6,0,2.2,5.84
45961,5,3,7.8,6.06
45962,3,1,8.7,4.83
45963,3,3,0.1,3.95
45964,6,4,2.9,4.77
45965,0,4,5.3,5.13
45966,6,3,1.6,5.18
45967,7,0,9.7,6.15
45968,6,1,3.9,4.47
45969,5,3,0.7,4.93
45970,0,2,5.5,5.11
45971,4,0,9.9,5.15
45972,2,2,0.5,5.88
45973,1,3,5.4,5.15
45974,7,1,6.3,4.87
45975,2,0,9.2,5.62
45976,1,1,6.9,4.74
45977,1,3,1.6,5.62
45978,0,4,0.6,6.6
45979,5,4,0.6,5.54
45980,2,4,3.0,3.42
45981,2,2,9.8,8.01
45982,0,2,5.8,4.73
45983,3,3,8.8,4.7
45984,6,2,4.8,3.35
45985,3,3,2.1,4.83
45986,2,2,8.1,5.38
45987,7,4,0.4,4.83
45988,7,4,5.9,5.82
45989,2,0,6.1,5.61
45990,4,2,2.9,6.62
45991,3,3,9.1,4.62
45992,2,0,4.9,5.37
45993,4,1,2.3,7.88
45994,0,1,4.1,5.15
45995,0,2,1.7,7.06
45996,6,3,1.6,2.06
45997,1,3,4.3,5.24
45998,0,3,4.4,4.77
45999,3,4,6.7,3.88
46000,5,2,3.3,4.81
46001,4,3,8.7,6.26
46002,3,3,9.0,5.1
46003,3,0,5.8,6.47
46004,5,0,5.4,5.17
46005,0,3,8.4,4.31
46006,3,4,8.1,5.62
46007,7,2,0.5,5.87
46008,1,0,7.2,3.92
46009,0,0,3.1,5.81
46010,0,1,5.0,4.76
46011,2,4,6.0,4.19
46012,0,2,7.5,5.83
46013,0,2,5.5,4.04
46014,2,2,3.1,4.9
46015,4,1,6.9,6.55
46016,1,0,5.6,5.37
46017,4,3,7.9,5.44
46018,3,0,5.3,6.13
46019,2,0,6.9,6.35
46020,6,2,1.5,2.89
46021,0,2,3.6,5.81
46022,1,1,2.9,5.96
46023,6,1,4.6,5.16
46024,4,1,7.1,5.3
46025,7,1,6.3,5.56
46026,7,4,9.5,4.36
46027,7,3,7.6,4.74
46028,0,1,7.2,4.26
46029,7,3,9.2,5.4
46030,4,4,6.9,4.87
46031,3,4,3.0,5.68
46032,2,0,9.8,6.07
46033,7,3,2.4,6.06
46034,6,3,3.7,6.98
46035,4,0,8.7,6.11
46036,6,0,8.4,5.81
46037,3,0,8.4,3.26
46038,6,3,6.3,5.35
46039,7,2,7.0,4.66
46040,7,1,8.6,6.0
46041,1,2,0.9,5.0
46042,5,2,9.1,4.89
46043,0,3,3.8,1.74
46044,0,0,2.3,4.21
46045,3,4,9.1,3.85
46046,3,3,3.2,4.95
46047,0,1,9.1,5.67
46048,5,2,1.3,3.78
46049,6,3,5.3,6.3
46050,7,3,1.9,5.5
46051,0,2,7.9,5.24
46052,5,3,10.0,5.33
46053,7,2,8.2,4.98
46054,1,0,10.0,3.01
46055,0,0,9.9,4.58
46056,3,1,9.5,4.69
46057,4,2,6.2,5.02
46058,7,2,3.9,5.7
46059,6,2,9.7,5.59
46060,7,2,4.6,6.02
46061,4,2,0.1,4.54
46062,1,1,3.8,6.48
46063,5,0,1.7,4.06
46064,0,3,6.2,5.1
46065,3,2,2.3,3.94
46066,1,4,5.8,6.45
46067,3,2,4.2,5.25
46068,1,2,2.6,6.43
46069,1,0,4.9,3.42
46070,0,4,7.7,5.48
46071,1,3,9.2,6.34
46072,5,1,7.5,4.63
46073,0,4,1.5,4.52
46074,4,3,3.5,5.53
46075,1,1,5.6,7.38
46076,7,4,4.2,4.68
46077,1,4,8.4,4.58
46078,3,1,7.1,5.7
46079,4,0,3.8,4.78
46080,2,2,5.7,3.84
46081,6,0,9.0,4.28
46082,4,0,9.9,2.37
46083,1,2,4.7,3.45
46084,1,1,1.3,5.85
46085,5,4,5.1,2.95
46086,3,1,7.4,4.51
46087,7,4,7.1,5.59
46088,3,3,9.7,6.35
46089,5,0,4.3,3.47
46090,1,0,7.4,5.35
46091,4,4,1.1,5.47
46092,1,3,9.8,5.41
46093,4,0,2.6,4.74
46094,7,1,8.4,6.47
46095,1,4,1.4,5.83
46096,2,4,4.2,6.72
46097,7,4,7.3,6.26
46098,7,3,5.7,3.85
46099,6,1,0.7,6.4
46100,3,0,1.1,4.78
46101,7,0,0.9,3.85
46102,0,1,2.9,6.15
46103,1,0,9.0,5.15
46104,1,4,2.4,3.92
46105,0,4,6.2,5.45
46106,0,2,6.0,4.31
46107,4,1,5.4,5.92
46108,6,0,0.5,6.41
46109,0,2,0.7,2.23
46110,5,1,6.1,5.47
46111,0,3,3.8,4.32
46112,3,4,1.3,4.92
46113,4,1,9.4,5.89
46114,7,1,0.2,3.7
46115,1,4,2.5,5.16
46116,4,1,5.1,6.19
46117,2,2,4.2,4.72
46118,4,3,3.6,7.03
46119,4,0,6.0,1.38
46120,5,4,6.5,5.7
46121,4,0,6.2,4.19
46122,3,0,4.6,3.84
46123,4,2,6.2,6.92
46124,0,2,9.1,4.31
46125,2,3,0.1,4.82
46126,6,1,7.7,4.72
46127,5,2,2.8,4.73
46128,5,3,9.1,5.29
46129,5,0,3.4,7.66
46130,3,3,9.4,5.11
46131,2,3,0.6,3.04
46132,1,0,1.3,4.99
46133,1,2,0.1,5.08
46134,6,0,8.2,5.24
46135,7,2,6.7,6.05
46136,1,4,9.3,6.76
46137,1,4,4.5,4.89
46138,3,4,3.7,3.08
46139,0,3,5.0,4.9
46140,2,0,0.0,4.93
46141,3,4,3.1,5.07
46142,1,1,2.9,5.26
46143,2,0,3.3,5.29
46144,6,3,6.9,3.84
46145,4,1,7.5,5.85
46146,1,4,3.5,5.44
46147,3,1,9.0,5.65
46148,1,2,7.4,6.77
46149,2,0,7.6,8.41
46150,4,4,3.8,2.62
46151,5,3,1.7,5.61
46152,3,0,8.8,5.83
46153,0,1,0.2,5.75
46154,1,1,6.0,4.8
46155,6,2,0.2,4.83
46156,7,2,6.6,3.62
46157,2,2,2.3,4.96
46158,4,0,6.2,4.78
46159,3,1,1.0,3.41
46160,6,1,9.4,3.98
46161,3,0,0.5,3.65
46162,1,4,7.7,3.6
46163,5,1,4.8,4.27
46164,6,0,0.5,5.36
46165,5,4,1.7,4.51
46166,1,2,3.9,4.45
46167,1,2,3.9,5.54
46168,2,3,4.6,5.78
46169,3,2,2.0,3.19
46170,7,3,7.3,4.59
46171,5,4,4.0,6.11
46172,7,0,4.8,5.66
46173,6,1,0.6,4.56
46174,4,0,2.4,4.12
46175,6,3,7.9,3.67
46176,2,3,5.9,4.92
46177,4,2,1.5,3.38
46178,0,2,3.6,6.23
46179,0,3,1.7,6.44
46180,6,4,6.7,6.4
46181,7,2,7.9,5.89
46182,4,4,8.3,4.87
46183,2,0,1.3,4.99
46184,2,3,5.6,4.0
46185,5,1,2.6,5.06
46186,2,4,3.0,3.64
46187,4,3,4.7,6.15
46188,1,4,6.4,3.44
46189,2,2,1.6,3.87
46190,7,3,0.1,5.45
46191,0,3,1.3,5.37
46192,5,4,1.9,6.51
46193,5,2,6.2,2.92
46194,3,3,7.6,4.36
46195,0,1,6.0,5.03
46196,4,3,4.0,5.88
46197,2,0,7.8,3.59
46198,1,2,8.3,4.61
46199,5,2,4.7,4.94
46200,2,3,6.3,4.15
46201,1,3,1.5,5.11
46202,6,4,0.7,3.94
46203,2,2,5.0,8.22
46204,3,1,3.3,5.98
46205,4,3,3.9,6.31
46206,1,0,9.0,2.11
46207,3,2,6.9,7.09
46208,5,0,6.0,5.73
46209,3,1,2.0,2.97
46210,3,3,8.6,3.48
46211,0,3,9.5,4.65
46212,5,1,3.8,3.29
46213,6,1,5.4,3.37
46214,0,0,4.3,6.99
46215,7,2,5.3,4.19
46216,2,3,8.8,5.7
46217,0,2,1.4,4.03
46218,5,2,0.1,4.69
46219,2,4,2.5,4.34
46220,3,2,8.7,3.98
46221,6,2,4.2,4.27
46222,2,1,9.2,5.34
46223,2,0,0.6,4.73
46224,0,4,1.4,4.87
46225,4,3,8.4,5.07
46226,7,0,6.9,5.5
46227,3,2,7.0,3.12
46228,2,3,1.3,2.15
46229,1,4,2.6,3.39
46230,0,3,6.8,5.4
46231,3,3,1.5,6.07
46232,7,4,3.8,5.19
46233,5,4,6.0,5.68
46234,6,2,5.7,4.5
46235,0,1,1.9,5.43
46236,2,3,0.0,4.61
46237,2,1,2.2,6.04
46238,5,4,2.5,4.68
46239,5,4,5.7,4.34
46240,0,2,3.7,4.21
46241,1,3,3.3,5.86
46242,0,3,6.1,5.84
46243,6,2,0.6,6.2
46244,4,3,4.0,3.79
46245,1,3,7.9,7.23
46246,7,4,4.4,5.2
46247,1,3,5.3,6.54
46248,2,4,7.3,5.89
46249,4,4,1.0,5.23
46250,2,0,0.1,4.78
46251,4,3,8.1,3.32
46252,5,1,9.8,5.85
46253,2,2,4.3,5.67
46254,2,1,3.4,5.05
46255,0,0,0.0,7.18
46256,1,4,2.3,4.75
46257,4,1,5.6,4.18
46258,7,0,0.3,3.68
46259,4,4,2.2,3.53
46260,6,2,1.2,5.67
46261,2,0,4.3,4.66
46262,4,0,4.8,3.96
46263,6,0,3.1,5.76
46264,0,4,6.7,3.76
46265,4,4,4.0,4.53
46266,4,0,8.4,3.03
46267,4,2,6.3,6.56
46268,2,0,2.9,4.2
46269,4,3,3.4,4.27
46270,5,3,8.5,4.83
46271,1,1,6.2,4.86
46272,6,3,0.1,5.14
46273,3,3,4.6,3.45
46274,2,3,6.2,5.46
46275,7,3,0.7,3.63
46276,0,1,8.0,4.11
46277,1,0,8.7,4.2
46278,1,0,5.9,4.41
46279,1,4,7.9,6.68
46280,4,4,6.8,5.42
46281,1,0,7.1,6.08
46282,1,0,3.9,6.16
46283,6,3,5.7,3.73
46284,7,0,5.4,5.62
46285,5,4,8.6,5.11
46286,7,0,9.2,4.44
46287,6,2,9.9,5.41
46288,3,4,0.6,6.31
46289,6,4,9.4,3.96
46290,1,4,6.4,5.47
46291,3,1,1.8,5.7
46292,1,1,9.2,4.78
46293,6,0,7.9,4.51
46294,5,2,2.7,8.42
46295,3,2,3.1,5.95
46296,5,3,7.2,4.83
46297,7,4,4.7,4.52
46298,7,0,6.8,3.38
46299,2,0,5.7,5.9
46300,2,3,2.2,4.93
46301,6,0,8.7,4.55
46302,4,1,6.4,5.46
46303,6,0,6.6,6.26
46304,2,3,4.5,5.44
46305,2,3,3.4,5.27
46306,2,0,0.6,4.51
46307,0,1,4.5,4.48
46308,2,1,2.3,6.08
46309,0,2,3.8,4.83
46310,5,3,6.7,6.38
46311,7,0,7.8,1.84
46312,3,0,1.1,5.24
46313,7,0,6.0,6.0
46314,2,0,9.4,6.88
46315,3,0,1.5,3.83
46316,6,0,7.5,5.85
46317,5,1,9.8,6.51
46318,2,2,9.6,6.75
46319,0,2,4.6,5.67
46320,4,2,4.7,3.89
46321,5,2,2.7,5.41
46322,0,2,6.1,3.17
46323,3,3,4.5,5.74
46324,0,1,1.1,5.03
46325,0,0,5.6,5.65
46326,7,2,7.1,3.96
46327,3,3,8.7,3.46
46328,3,1,9.8,3.36
46329,5,4,3.2,5.03
46330,3,1,5.0,4.91
46331,2,1,3.4,4.72
46332,0,0,3.3,5.47
46333,5,4,8.0,4.18
46334,1,0,6.4,4.14
46335,3,0,4.8,2.92
46336,0,3,6.3,5.15
46337,3,2,4.2,4.31
46338,7,3,4.5,4.5
46339,2,0,2.9,6.33
46340,3,1,6.5,4.5
46341,2,2,2.4,6.26
46342,0,1,9.3,5.48
46343,3,0,2.1,5.84
46344,1,2,0.2,4.21
46345,4,4,3.0,2.53
46346,5,1,1.5,4.97
46347,3,4,7.5,5.59
46348,1,1,1.3,4.57
46349,6,1,1.8,4.28
46350,0,3,2.8,7.88
46351,5,2,2.9,5.57
46352,6,2,3.6,4.06
46353,3,0,8.0,4.86
46354,4,3,7.9,5.75
46355,3,0,2.8,4.72
46356,0,3,4.9,5.77
46357,1,0,8.1,4.18
46358,2,3,8.3,6.06
46359,6,3,8.1,3.38
46360,3,4,5.3,5.77
46361,1,3,3.5,4.92
46362,3,3,9.5,6.27
46363,3,3,1.0,5.45
46364,2,1,8.0,6.25
46365,4,4,1.7,5.02
46366,5,1,0.4,4.22
46367,2,4,6.8,5.7
46368,4,4,4.6,5.47
46369,7,4,6.0,5.04
46370,7,3,5.2,3.01
46371,3,2,0.9,4.89
46372,6,1,0.6,6.03
46373,0,0,3.4,5.62
46374,0,4,3.4,4.41
46375,4,2,6.5,5.74
46376,6,3,1.5,3.4
46377,2,1,2.7,3.09
46378,0,3,3.4,5.25
46379,6,0,0.3,6.22
46380,5,3,4.5,6.57
46381,7,4,1.1,4.11
46382,5,3,3.7,4.7
46383,1,3,4.0,6.39
46384,5,2,2.3,3.32
46385,5,3,3.1,6.75
46386,2,1,1.6,5.48
46387,2,3,3.0,6.85
46388,2,2,0.9,8.66
46389,3,0,4.5,4.08
46390,0,2,5.2,5.12
46391,1,3,7.7,3.82
46392,3,2,7.3,5.43
46393,6,3,9.5,6.37
46394,4,0,7.0,7.07
46395,1,4,3.5,4.95
46396,0,3,5.5,5.21
46397,2,3,3.2,4.8
46398,3,4,1.8,3.35
46399,1,3,6.9,5.29
46400,5,4,6.2,5.19
46401,3,2,2.3,4.13
46402,7,1,4.9,6.39
46403,1,1,9.6,4.57
46404,7,4,4.5,5.17
46405,6,4,8.0,6.12
46406,4,0,2.0,5.37
46407,6,1,1.8,5.82
46408,4,0,4.4,2.84
46409,0,1,6.2,4.59
46410,6,1,2.4,7.07
46411,6,3,4.0,5.13
46412,6,1,3.1,4.6
46413,4,1,3.3,6.35
46414,4,3,1.6,5.76
46415,0,0,0.0,3.41
46416,1,0,6.7,5.01
46417,3,1,5.4,5.92
46418,5,4,5.8,6.82
46419,5,3,4.4,5.43
46420,0,3,6.7,4.05
46421,4,2,0.4,3.18
46422,3,1,4.3,5.22
46423,4,2,4.0,3.27
46424,6,2,0.4,4.44
46425,0,0,8.4,5.95
46426,1,0,6.6,5.26
46427,2,0,8.5,4.99
46428,7,1,4.0,5.89
46429,4,0,3.4,2.17
46430,3,0,9.2,6.32
46431,0,1,8.8,2.03
46432,0,0,7.3,4.28
46433,5,1,8.3,6.01
46434,0,1,0.6,5.95
46435,0,2,8.1,5.6
46436,4,1,7.9,3.73
46437,3,3,2.8,6.47
46438,3,3,6.1,4.63
46439,6,1,0.5,5.13
46440,4,1,4.8,4.27
46441,0,1,7.0,4.03
46442,7,1,8.2,4.53
46443,1,4,7.6,4.9
46444,0,4,8.5,4.6
46445,6,2,8.1,5.52
46446,4,0,7.3,6.73
46447,3,1,7.7,3.95
46448,0,4,7.2,6.43
46449,6,3,1.4,5.05
46450,1,0,9.4,5.49
46451,3,1,6.1,5.45
46452,6,2,7.5,4.35
46453,5,2,7.4,3.14
46454,6,4,9.9,5.62
46455,4,4,4.4,6.15
46456,6,4,0.8,4.16
46457,5,2,5.7,4.14
46458,0,1,7.8,5.52
46459,0,0,6.3,3.22
46460,6,0,0.6,7.15
46461,7,1,3.0,7.02
46462,4,2,3.3,4.21
46463,6,0,3.8,4.87
46464,0,3,2.7,3.24
46465,1,2,2.0,6.69
46466,1,0,9.7,3.9
46467,6,4,8.7,5.21
46468,1,0,6.9,5.4
46469,5,3,7.1,6.63
46470,0,4,9.8,4.58
46471,0,2,6.8,4.94
46472,2,1,2.7,6.05
46473,4,4,0.7,6.06
46474,0,4,4.0,6.34
46475,3,4,7.8,4.21
46476,1,3,6.5,4.66
46477,6,4,8.1,3.98
46478,1,1,9.4,3.87
46479,3,0,6.2,4.92
46480,3,1,8.2,2.11
46481,1,1,8.3,5.59
46482,2,2,2.3,4.71
46483,0,3,7.2,5.8
46484,4,2,10.0,2.95
46485,0,4,8.4,4.21
46486,6,1,0.5,3.98
46487,0,4,0.9,2.6
46488,0,0,4.8,6.6
46489,1,3,1.4,6.8
46490,7,4,5.6,3.99
46491,2,4,0.5,4.16
46492,7,4,0.8,3.79
46493,0,2,2.6,4.4
46494,7,0,0.5,6.17
46495,2,2,8.3,3.66
46496,2,1,8.1,4.63
46497,2,2,4.3,4.06
46498,7,3,9.9,5.83
46499,1,3,9.6,4.67
46500,6,2,0.0,5.12
46501,6,2,1.6,5.87
46502,3,3,0.7,5.93
46503,5,2,8.1,3.97
46504,4,0,4.0,2.67
46505,5,2,9.6,7.56
46506,7,4,3.6,3.75
46507,0,0,6.9,3.84
46508,7,0,0.7,5.16
46509,2,3,8.9,4.22
46510,6,3,6.4,3.19
46511,1,3,5.0,6.28
46512,7,0,1.1,6.47
46513,2,1,4.7,3.67
46514,3,2,7.1,4.26
46515,1,4,0.3,5.17
46516,5,4,7.8,6.25
46517,3,4,0.2,5.65
46518,0,2,4.4,5.48
46519,7,2,9.2,5.6
46520,1,0,2.4,5.41
46521,4,0,6.5,4.49
46522,4,3,8.5,6.2
46523,0,1,7.8,3.34
46524,3,2,2.8,5.36
46525,5,1,3.6,6.07
46526,1,3,8.4,3.96
46527,1,3,2.9,5.6
46528,0,3,7.0,4.18
46529,6,2,8.4,4.4
46530,3,4,3.5,5.43
46531,1,0,7.8,4.89
46532,0,2,0.5,5.85
46533,3,3,6.9,2.69
46534,6,4,7.3,4.14
46535,7,3,5.1,5.18
46536,0,4,9.6,4.22
46537,7,2,8.4,4.64
46538,3,4,6.7,3.27
46539,3,1,3.6,3.81
46540,1,4,6.9,6.86
46541,3,3,1.1,2.67
46542,3,4,4.0,4.3
46543,6,1,1.6,4.07
46544,6,0,2.6,5.29
46545,6,4,6.9,4.72
46546,7,4,7.5,5.43
46547,5,3,0.4,6.93
46548,1,4,6.4,3.95
46549,4,1,0.6,4.28
46550,3,2,5.0,2.74
46551,1,1,9.8,5.31
46552,2,3,7.8,5.79
46553,4,4,6.9,3.86
46554,0,1,5.8,5.06
46555,7,4,3.8,4.79
46556,4,0,8.7,4.27
46557,6,4,6.5,2.28
46558,5,1,8.8,6.66
46559,6,1,0.1,4.38
46560,4,3,8.3,4.83
46561,1,0,2.1,5.61
46562,1,2,0.1,5.56
46563,4,4,2.0,5.32
46564,0,1,6.4,2.6
46565,1,4,6.6,4.19
46566,7,2,4.1,5.5
46567,4,4,4.3,3.75
46568,6,2,1.2,4.07
46569,5,2,7.9,6.22
46570,3,4,7.1,5.76
46571,1,0,1.7,5.79
46572,5,0,2.9,4.8
46573,4,0,3.2,5.2
46574,1,4,8.1,4.95
46575,2,2,2.2,2.26
46576,0,0,7.1,5.6
46577,2,3,3.6,4.31
46578,1,2,3.2,4.22
46579,7,3,1.2,3.99
46580,7,1,6.7,5.5
46581,6,2,6.4,5.01
46582,7,1,3.3,6.91
46583,7,4,6.5,4.95
46584,0,2,10.0,2.81
46585,1,3,9.6,5.15
46586,1,0,4.2,5.54
46587,7,4,8.3,3.77
46588,3,4,7.2,5.37
46589,1,2,9.0,3.12
46590,2,1,0.1,5.35
46591,2,3,9.7,4.24
46592,0,3,3.5,4.67
46593,3,1,2.1,5.25
46594,0,3,9.1,3.84
46595,7,2,4.8,5.28
46596,7,4,5.8,3.79
46597,1,2,9.1,4.85
46598,4,1,3.3,5.22
46599,7,2,5.2,5.77
46600,7,1,8.2,3.35
46601,6,1,9.5,6.79
46602,0,4,6.7,6.41
46603,2,4,0.7,3.45
46604,6,2,5.5,5.4
46605,4,4,9.0,7.49
46606,7,0,2.0,5.07
46607,0,4,1.8,2.77
46608,6,0,9.6,6.52
46609,3,3,9.6,2.5
46610,6,2,1.7,3.8
46611,2,1,3.8,4.88
46612,3,4,5.6,5.76
46613,1,2,7.4,4.48
46614,5,2,1.6,4.94
46615,3,0,6.1,4.36
46616,7,0,5.9,5.87
46617,0,1,8.3,5.79
46618,4,2,9.8,4.93
46619,1,1,4.1,4.47
46620,1,1,9.4,6.24
46621,2,3,2.2,7.19
46622,3,4,1.6,5.22
46623,4,4,5.6,6.81
46624,2,3,9.2,4.28
46625,5,3,5.6,6.76
46626,4,1,7.3,5.44
46627,0,4,6.8,3.7
46628,2,1,2.0,7.29
46629,7,4,2.1,5.91
46630,5,0,0.9,4.53
46631,5,0,6.2,5.81
46632,0,1,7.8,4.11
46633,3,1,1.7,4.4
46634,1,0,1.6,5.47
46635,0,3,9.6,3.29
46636,4,4,2.7,3.93
46637,2,2,3.5,3.02
46638,2,0,7.8,5.69
46639,0,4,0.4,2.34
46640,2,0,1.6,3.79
46641,1,1,1.8,5.63
46642,5,1,1.4,5.35
46643,1,3,2.1,4.37
46644,2,3,5.4,4.0
46645,0,1,5.2,3.65
46646,5,0,8.8,4.34
46647,6,2,5.8,4.41
46648,6,3,2.1,6.38
46649,2,3,2.8,5.1
46650,1,0,4.7,2.21
46651,3,1,1.4,3.22
46652,2,3,3.1,4.91
46653,7,2,8.6,6.39
46654,7,4,2.3,3.86
46655,0,1,9.4,3.67
46656,0,3,3.5,5.41
46657,1,2,9.1,6.99
46658,1,1,2.6,5.26
46659,7,1,0.6,5.8
46660,1,3,3.1,4.84
46661,6,0,3.2,2.52
46662,4,2,9.0,4.56
46663,6,0,8.5,5.16
46664,6,1,2.8,5.95
46665,1,2,9.9,6.06
46666,3,3,5.7,6.13
46667,5,4,0.4,5.11
46668,0,1,8.9,6.19
46669,7,0,3.6,3.64
46670,3,0,9.4,4.17
46671,0,1,2.7,3.71
46672,3,0,8.8,5.48
46673,5,1,5.9,4.77
46674,2,1,0.8,6.6
46675,2,0,4.5,5.39
46676,1,0,5.9,6.56
46677,2,4,6.9,7.29
46678,4,1,1.2,6.6
46679,5,3,7.4,4.99
46680,7,4,1.8,4.7
46681,1,0,3.1,4.8
46682,5,0,1.3,3.28
46683,6,0,2.7,6.09
46684,5,2,9.0,4.04
46685,5,4,6.7,5.11
46686,5,1,9.1,4.92
46687,6,1,4.7,5.39
46688,0,4,0.4,6.06
46689,6,2,4.1,4.99
46690,5,2,1.0,4.79
46691,7,1,0.0,3.12
46692,4,1,1.9,5.67
46693,7,2,5.7,3.76
46694,6,1,6.6,3.27
46695,4,1,9.0,4.77
46696,4,4,4.1,4.46
46697,4,3,0.1,6.99
46698,7,2,8.9,3.83
46699,2,4,3.3,4.71
46700,7,0,0.6,4.22
46701,1,3,5.8,3.35
46702,1,2,5.3,5.03
46703,4,4,4.2,5.39
46704,3,0,9.0,0.94
46705,0,4,9.0,5.54
46706,6,3,3.7,4.53
46707,6,4,2.3,5.07
46708,6,3,6.7,4.41
46709,6,3,0.2,5.59
46710,7,2,1.3,4.92
46711,4,2,3.1,3.38
46712,2,0,1.2,4.57
46713,2,0,9.8,4.87
46714,6,3,9.9,5.7
46715,2,2,2.1,2.18
46716,0,3,1.5,6.3
46717,1,2,4.6,2.8
46718,7,1,4.0,4.92
46719,3,0,2.8,7.82
46720,0,2,1.7,4.52
46721,5,2,2.9,4.52
46722,4,1,1.2,3.69
46723,0,0,0.6,3.87
46724,7,1,3.9,4.42
46725,5,2,4.0,5.56
46726,1,2,5.3,2.67
46727,5,1,1.0,3.46
46728,7,1,6.5,5.53
46729,4,4,7.6,3.69
46730,0,4,6.3,5.91
46731,7,1,5.3,4.88
46732,1,3,9.8,5.52
46733,6,3,6.6,1.83
46734,3,2,4.5,5.81
46735,1,4,1.0,5.25
46736,2,0,0.2,4.92
46737,7,4,4.1,6.3
46738,0,3,3.8,4.33
46739,2,4,1.5,5.14
46740,6,1,7.3,3.83
46741,6,1,4.3,7.63
46742,7,4,6.1,5.66
46743,7,0,4.8,3.95
46744,2,0,9.7,5.45
46745,7,1,7.4,4.55
46746,4,4,1.3,4.12
46747,4,0,7.1,2.82
46748,6,0,9.9,4.26
46749,4,3,6.6,3.43
46750,6,2,1.8,6.48
46751,0,1,4.7,3.06
46752,6,1,7.2,3.84
46753,7,2,2.4,3.6
46754,2,2,0.1,4.95
46755,4,2,9.2,3.64
46756,5,0,6.0,6.87
46757,2,2,1.2,4.14
46758,6,0,0.9,4.64
46759,2,2,8.5,5.28
46760,5,0,8.6,6.95
46761,3,3,1.6,4.2
46762,2,1,7.3,5.27
46763,6,2,3.6,5.35
46764,3,1,2.0,5.8
46765,7,4,3.4,5.66
46766,3,4,4.1,4.44
46767,0,4,4.6,3.94
46768,1,1,8.6,5.0
46769,7,0,2.3,4.31
46770,3,4,7.7,5.77
46771,7,2,5.8,6.09
46772,6,3,2.8,5.66
46773,6,4,8.9,4.08
46774,3,3,4.8,3.36
46775,4,4,1.8,3.63
46776,4,2,9.1,4.88
46777,0,1,9.2,4.81
46778,2,0,8.2,6.17
46779,6,1,8.5,3.8
46780,0,4,7.0,5.03
46781,4,1,7.0,4.97
46782,7,3,7.1,4.85
46783,4,1,0.6,6.59
46784,0,1,1.6,4.42
46785,4,4,4.2,3.31
46786,4,1,4.9,7.08
46787,2,2,6.5,6.72
46788,6,4,5.2,6.57
46789,3,4,2.0,3.97
46790,1,2,6.3,6.07
46791,5,2,7.3,4.12
46792,7,3,6.1,4.41
46793,5,1,1.7,5.71
46794,4,1,2.0,4.34
46795,3,4,4.8,7.09
46796,7,2,9.1,5.04
46797,1,0,0.9,5.74
46798,7,2,8.8,4.57
46799,5,3,8.4,6.22
46800,6,3,3.2,4.8
46801,5,1,1.7,5.89
46802,7,1,3.3,5.18
46803,2,1,0.6,6.11
46804,4,2,7.3,4.65
46805,7,4,7.5,5.09
46806,5,2,0.1,5.09
46807,2,0,8.2,4.52
46808,2,1,8.4,6.33
46809,1,4,9.8,4.08
46810,0,1,4.5,5.45
46811,0,1,0.8,4.02
46812,1,2,9.5,5.32
46813,4,4,9.8,4.52
46814,7,2,3.3,6.38
46815,3,0,8.4,4.13
46816,7,4,2.8,6.09
46817,6,4,1.9,4.29
46818,5,4,7.1,4.0
46819,6,3,8.2,6.07
46820,7,1,6.0,2.74
46821,3,4,4.1,6.46
46822,4,2,7.5,4.39
46823,0,1,5.5,4.17
46824,1,3,9.5,6.43
46825,2,0,2.8,5.6
46826,1,1,9.3,3.06
46827,0,2,0.8,7.47
46828,6,4,9.1,6.04
46829,7,4,2.7,4.79
46830,7,2,2.7,7.18
46831,7,1,3.3,6.95
46832,2,1,6.3,7.34
46833,5,3,9.5,3.72
46834,4,3,6.0,4.94
46835,7,0,8.6,5.44
46836,0,3,2.2,6.67
46837,1,0,9.1,4.84
46838,1,3,1.7,4.32
46839,1,1,4.5,7.52
46840,1,2,4.6,5.55
46841,4,0,7.3,5.76
46842,2,3,3.1,4.16
46843,6,3,3.0,6.52
46844,4,0,5.4,2.7
46845,3,3,2.5,5.62
46846,5,2,1.5,2.6
46847,1,1,7.3,3.04
46848,6,4,2.0,7.74
46849,0,4,3.5,4.31
46850,5,4,3.9,5.93
46851,2,3,1.4,5.01
46852,6,1,1.5,3.11
46853,2,1,2.8,3.43
46854,1,1,4.6,4.02
46855,2,4,9.3,4.78
46856,6,0,5.2,4.79
46857,5,4,1.1,3.87
46858,7,2,5.0,5.09
46859,2,4,5.7,4.43
46860,1,1,5.2,3.95
46861,3,3,3.1,4.75
46862,1,0,0.7,5.8
46863,4,4,8.0,3.36
46864,7,4,2.8,5.18
46865,0,1,8.8,5.02
46866,5,0,5.8,3.67
46867,4,0,2.3,5.36
46868,2,3,8.2,2.31
46869,5,1,2.1,3.96
46870,1,4,4.3,3.79
46871,3,3,9.0,4.6
46872,0,1,9.9,4.36
46873,5,4,8.3,5.95
46874,3,4,7.7,5.35
46875,0,3,2.3,5.59
46876,5,3,5.2,5.1
46877,7,2,0.7,3.57
46878,4,1,3.2,4.59
46879,2,3,2.2,4.65
46880,4,1,3.8,3.98
46881,2,4,6.8,6.63
46882,5,2,2.0,4.12
46883,7,2,8.4,3.38
46884,1,3,3.1,5.08
46885,0,1,1.6,6.13
46886,3,1,0.2,6.27
46887,3,2,1.2,4.61
46888,3,4,7.7,2.66
46889,3,0,2.1,5.04
46890,1,0,8.1,6.25
46891,6,0,6.3,6.27
46892,4,3,0.7,6.32
46893,1,2,4.3,4.61
46894,3,0,7.8,4.87
46895,7,2,6.8,5.65
46896,7,4,1.5,6.01
46897,3,4,7.4,3.76
46898,1,3,9.1,6.4
46899,7,3,5.1,3.38
46900,1,3,6.1,4.29
46901,3,4,0.9,4.22
46902,0,3,9.6,3.08
46903,0,2,6.8,3.94
46904,3,3,6.2,5.29
46905,0,4,3.1,5.3
46906,0,3,2.5,6.26
46907,4,2,5.1,5.29
46908,7,3,0.2,5.85
46909,6,4,4.6,4.04
46910,3,1,9.4,5.29
46911,0,4,5.9,4.54
46912,7,4,0.3,3.47
46913,0,2,0.7,4.74
46914,1,0,5.5,3.74
46915,6,0,3.6,3.68
46916,0,4,1.7,5.52
46917,6,2,3.9,4.34
46918,6,1,1.9,3.61
46919,3,0,4.1,4.02
46920,1,2,9.1,2.96
46921,1,2,1.4,4.82
46922,6,2,0.4,2.82
46923,6,2,1.5,4.43
46924,3,3,7.8,6.09
46925,4,4,5.8,5.3
46926,2,1,0.4,3.77
46927,0,3,5.3,6.62
46928,5,0,9.8,4.86
46929,0,3,4.3,4.12
46930,7,0,0.6,4.5
46931,0,4,4.0,5.58
46932,1,3,3.5,3.64
46933,5,3,7.5,7.33
46934,6,3,5.7,6.77
46935,4,4,6.7,4.76
46936,3,0,5.2,5.89
46937,3,0,7.5,3.84
46938,4,3,9.6,4.0
46939,2,1,4.2,5.54
46940,7,1,4.8,2.26
46941,3,1,1.6,5.4
46942,3,3,5.8,6.08
46943,5,2,2.9,5.42
46944,3,0,2.5,6.67
46945,2,1,6.4,7.24
46946,3,1,2.5,6.49
46947,2,3,8.3,3.26
46948,0,1,2.8,4.32
46949,2,2,2.3,6.4
46950,7,4,4.7,3.74
46951,4,0,1.3,3.78
46952,5,2,7.0,4.4
46953,5,4,7.6,6.12
46954,5,4,3.7,3.59
46955,4,2,6.3,6.38
46956,1,1,8.8,5.04
46957,5,3,7.9,4.38
46958,4,3,7.0,5.01
46959,3,3,7.8,4.2
46960,4,0,1.9,7.08
46961,7,2,6.2,3.96
46962,2,4,8.5,5.18
46963,5,1,2.3,4.69
46964,0,0,0.1,3.38
46965,4,2,5.8,3.5
46966,7,0,9.0,6.2
46967,0,0,2.9,3.62
46968,6,2,2.1,3.68
46969,1,0,3.7,4.22
46970,2,4,4.9,4.5
46971,6,1,4.5,5.47
46972,0,0,0.3,4.3
46973,5,4,9.1,2.34
46974,3,2,1.0,4.95
46975,4,4,4.1,4.38
46976,4,2,1.4,5.27
46977,3,2,0.7,4.96
46978,1,3,6.1,3.92
46979,0,0,5.5,5.71
46980,4,4,4.4,3.98
46981,0,3,5.0,5.37
46982,3,0,9.7,4.36
46983,6,0,5.9,6.65
46984,3,0,3.6,7.05
46985,5,3,1.9,5.41
46986,7,2,5.5,5.13
46987,7,4,7.5,4.62
46988,6,3,5.0,5.15
46989,5,3,1.2,5.04
46990,7,0,5.5,3.51
46991,7,4,6.5,3.67
46992,6,2,0.4,4.59
46993,2,4,7.4,2.73
46994,7,0,7.5,7.22
46995,5,4,9.8,6.13
46996,3,0,6.7,5.01
46997,3,2,4.1,4.22
46998,4,0,0.7,3.7
46999,5,4,0.9,5.07
47000,3,2,9.0,4.58
47001,4,1,1.7,4.22
47002,1,3,8.3,4.69
47003,5,4,4.7,5.55
47004,0,1,0.4,4.74
47005,5,0,2.9,5.46
47006,3,1,4.3,5.91
47007,3,4,7.5,5.48
47008,4,4,2.5,4.03
47009,7,0,5.6,6.0
47010,0,3,1.0,4.16
47011,3,0,3.7,4.86
47012,0,1,7.4,3.59
47013,6,2,6.7,3.36
47014,0,3,2.3,4.04
47015,6,0,7.2,5.74
47016,5,3,4.1,3.78
47017,1,1,8.5,3.36
47018,1,4,2.0,4.06
47019,3,2,5.1,6.06
47020,2,2,6.0,6.01
47021,6,4,9.0,3.76
47022,2,0,0.2,5.65
47023,2,0,0.2,5.96
47024,4,3,4.7,3.94
47025,7,4,9.3,4.27
47026,5,1,2.1,4.22
47027,3,0,5.3,6.43
47028,1,1,3.5,2.34
47029,7,4,0.4,3.66
47030,7,2,5.8,4.9
47031,4,3,5.3,1.98
47032,0,2,5.4,3.16
47033,7,3,4.1,2.64
47034,1,4,2.8,5.01
47035,4,0,4.2,4.56
47036,7,3,6.9,4.48
47037,1,4,6.3,4.98
47038,3,4,3.2,5.09
47039,0,2,3.7,5.28
47040,5,2,3.0,4.88
47041,2,4,5.4,6.08
47042,3,3,1.9,6.23
47043,7,3,0.2,4.72
47044,4,0,7.4,4.23
47045,1,0,1.9,5.54
47046,6,0,9.9,3.41
47047,5,1,3.0,4.71
47048,1,3,6.0,6.52
47049,2,4,8.3,7.16
47050,2,2,8.2,6.38
47051,3,1,0.2,5.4
47052,2,1,7.2,4.92
47053,6,2,0.5,5.48
47054,2,3,2.8,6.25
47055,5,3,8.8,6.09
47056,6,0,7.7,4.95
47057,1,0,1.2,4.79
47058,7,4,1.2,5.37
47059,4,0,9.5,6.38
47060,2,2,2.1,3.83
47061,0,0,0.6,6.19
47062,3,3,9.5,3.86
47063,7,3,6.0,4.15
47064,1,3,3.9,5.65
47065,6,4,2.4,5.17
47066,3,1,7.2,5.58
47067,1,2,4.5,6.8
47068,4,0,6.7,3.04
47069,3,3,1.5,4.96
47070,4,4,5.9,1.88
47071,0,4,4.6,6.38
47072,7,4,0.5,3.5
47073,7,3,8.9,3.47
47074,3,2,8.4,2.44
47075,0,3,9.2,5.49
47076,0,3,2.7,5.7
47077,7,2,4.6,6.31
47078,4,1,1.6,3.27
47079,1,1,2.7,4.98
47080,5,3,2.9,5.21
47081,1,0,7.0,5.13
47082,7,3,4.9,4.96
47083,0,3,0.5,4.64
47084,2,3,1.8,6.41
47085,0,3,7.7,5.06
47086,5,4,7.1,6.25
47087,5,1,4.5,4.45
47088,7,3,9.7,6.47
47089,6,4,7.8,4.34
47090,3,0,5.1,4.82
47091,1,4,5.5,5.74
47092,3,2,5.3,6.84
47093,1,2,1.2,6.31
47094,1,3,6.3,5.56
47095,1,4,1.3,6.42
47096,6,4,2.9,2.47
47097,3,3,5.3,5.16
47098,3,0,0.4,3.78
47099,2,3,3.7,6.6
47100,0,3,4.5,5.68
47101,6,2,7.1,4.64
47102,6,2,0.2,7.08
47103,7,4,8.4,3.44
47104,0,0,8.5,4.13
47105,3,4,7.0,3.63
47106,3,4,3.0,3.88
47107,3,1,3.8,5.84
47108,4,0,6.0,3.4
47109,7,2,4.1,5.72
47110,5,0,0.4,3.41
47111,1,4,1.2,6.41
47112,1,0,7.9,6.15
47113,2,3,9.5,4.15
47114,3,4,1.0,6.26
47115,5,3,0.0,5.98
47116,6,0,9.6,5.56
47117,6,1,8.8,4.89
47118,4,3,6.9,3.78
47119,6,3,1.1,5.82
47120,0,1,1.8,2.66
47121,7,3,10.0,3.82
47122,6,1,6.2,4.34
47123,7,0,7.6,4.95
47124,6,2,8.8,6.24
47125,3,0,5.5,4.13
47126,5,4,7.7,2.03
47127,3,4,9.5,5.99
47128,7,3,0.1,6.31
47129,2,4,2.5,4.56
47130,3,0,8.4,5.48
47131,3,2,9.6,5.71
47132,4,1,3.2,5.95
47133,4,0,1.0,5.46
47134,7,1,9.7,6.01
47135,4,2,0.1,4.2
47136,1,3,4.4,4.91
47137,0,2,3.9,6.82
47138,4,1,8.2,6.68
47139,7,2,7.2,4.66
47140,7,2,4.6,4.81
47141,1,1,8.8,4.86
47142,5,2,5.9,4.82
47143,2,0,4.1,5.55
47144,4,4,5.0,3.46
47145,6,2,1.9,3.09
47146,1,0,0.2,5.49
47147,0,1,8.2,4.61
47148,0,4,10.0,6.04
47149,5,4,8.8,6.93
47150,7,4,8.8,3.82
47151,6,0,3.5,4.32
47152,4,3,1.1,2.16
47153,2,4,8.8,3.23
47154,4,4,5.3,4.72
47155,0,2,1.9,3.76
47156,5,2,3.6,5.93
47157,1,4,4.1,4.68
47158,1,1,7.1,5.0
47159,4,2,10.0,4.57
47160,7,3,7.1,4.23
47161,4,2,2.5,4.73
47162,6,4,8.4,5.18
47163,7,4,4.4,6.3
47164,3,0,1.5,2.98
47165,4,1,6.9,4.68
47166,2,2,2.1,6.02
47167,0,3,3.3,4.93
47168,5,1,5.4,5.16
47169,3,3,2.7,7.25
47170,1,0,0.2,4.83
47171,6,4,7.7,5.27
47172,3,2,2.8,3.66
47173,3,1,4.9,2.78
47174,2,1,8.9,5.41
47175,1,0,7.6,3.21
47176,7,3,1.3,5.85
47177,3,1,2.9,3.62
47178,4,2,7.7,6.05
47179,0,3,5.8,4.25
47180,5,2,4.9,5.27
47181,5,2,2.8,8.65
47182,3,3,0.2,6.14
47183,1,4,4.3,3.59
47184,4,0,3.7,3.7
47185,1,1,4.5,6.23
47186,0,3,0.5,4.15
47187,0,1,7.4,6.18
47188,4,1,9.0,5.28
47189,3,1,0.3,5.45
47190,6,3,7.6,5.73
47191,5,0,0.0,5.12
47192,5,4,8.7,5.69
47193,0,4,4.4,5.4
47194,4,2,5.4,5.57
47195,6,2,3.0,6.53
47196,4,2,6.6,6.45
47197,7,3,0.1,3.83
47198,6,3,7.2,6.65
47199,1,4,1.6,4.67
47200,1,4,0.5,5.17
47201,1,0,0.7,5.13
47202,4,4,1.7,5.67
47203,2,2,7.9,4.97
47204,5,4,2.5,4.71
47205,3,3,3.4,6.09
47206,5,3,1.0,4.65
47207,6,3,5.7,5.42
47208,5,0,9.5,7.32
47209,4,2,1.3,6.0
47210,2,0,6.4,5.82
47211,3,3,4.1,4.88
47212,1,2,4.3,5.51
47213,0,2,7.0,6.93
47214,3,4,2.3,3.25
47215,7,3,2.9,5.72
47216,5,4,7.5,5.95
47217,2,4,6.4,4.47
47218,3,4,9.6,4.74
47219,5,3,7.0,6.32
47220,0,0,9.6,5.43
47221,4,4,2.4,5.88
47222,2,2,0.5,6.31
47223,4,2,0.9,4.92
47224,6,1,4.7,6.69
47225,6,2,3.3,3.34
47226,6,3,5.3,5.08
47227,7,0,2.0,3.7
47228,1,4,0.2,6.35
47229,4,3,1.4,3.1
47230,4,4,9.0,4.75
47231,3,4,9.0,3.42
47232,4,4,9.8,2.97
47233,7,3,7.4,4.25
47234,3,2,5.3,4.15
47235,7,2,5.1,4.54
47236,6,4,0.4,6.59
47237,3,0,4.2,4.99
47238,4,4,6.9,6.48
47239,3,0,3.9,3.71
47240,0,3,4.1,5.33
47241,5,4,4.6,6.69
47242,2,2,3.6,4.45
47243,4,0,9.1,3.62
47244,1,0,9.5,4.85
47245,3,0,8.4,5.52
47246,4,4,6.0,2.83
47247,5,0,3.5,7.12
47248,3,4,9.7,2.82
47249,5,0,1.9,6.0
47250,7,0,10.0,5.56
47251,4,4,7.7,3.52
47252,1,2,8.0,5.63
47253,2,1,8.4,4.0
47254,3,2,4.7,5.36
47255,6,1,0.4,5.03
47256,2,1,0.6,5.54
47257,2,3,9.5,5.59
47258,1,3,9.0,4.48
47259,6,3,7.6,3.65
47260,1,3,4.7,3.78
47261,7,0,5.7,3.06
47262,0,0,8.6,4.22
47263,3,0,1.7,5.89
47264,4,1,4.1,4.77
47265,0,0,3.1,5.04
47266,5,0,8.4,6.01
47267,2,4,0.8,4.9
47268,4,1,6.1,4.98
47269,1,3,2.4,5.45
47270,4,4,8.2,7.34
47271,3,2,4.8,4.33
47272,5,0,2.3,2.96
47273,7,4,0.3,5.08
47274,6,4,1.8,6.69
47275,4,1,2.4,6.28
47276,5,0,2.0,3.93
47277,0,0,2.4,6.36
47278,1,1,3.2,6.37
47279,4,4,7.8,5.55
47280,3,1,2.9,4.46
47281,6,3,0.3,3.67
47282,6,4,5.1,3.77
47283,7,4,5.9,4.84
47284,7,1,2.2,4.93
47285,2,4,2.4,4.84
47286,5,0,9.0,4.33
47287,1,4,8.9,3.48
47288,4,2,9.9,3.93
47289,5,1,4.2,5.52
47290,0,3,4.5,3.98
47291,1,1,6.7,6.16
47292,3,4,2.6,5.64
47293,6,2,3.8,4.71
47294,2,3,0.1,5.11
47295,2,1,3.1,6.11
47296,3,1,8.8,7.14
47297,0,1,9.2,5.61
47298,7,1,8.9,6.07
47299,2,3,4.3,6.29
47300,2,2,5.3,3.76
47301,2,2,7.7,7.0
47302,6,3,9.7,7.02
47303,7,2,2.3,4.52
47304,1,2,5.6,6.68
47305,7,3,1.2,5.33
47306,0,3,1.2,6.11
47307,7,0,0.4,4.64
47308,6,1,9.5,4.39
47309,6,4,8.2,3.7
47310,0,2,8.9,6.08
47311,7,0,2.8,4.94
47312,4,1,7.3,5.95
47313,6,3,9.2,8.36
47314,0,4,1.6,3.73
47315,0,3,6.3,6.0
47316,2,4,4.6,4.77
47317,7,1,3.9,5.5
47318,5,4,0.1,4.52
47319,3,1,6.1,5.0
47320,3,0,5.9,3.83
47321,7,1,4.3,4.73
47322,6,2,7.9,6.27
47323,4,2,4.9,4.86
47324,0,1,4.2,6.9
47325,6,4,9.9,5.97
47326,2,1,2.1,5.24
47327,7,4,1.3,5.58
47328,7,2,0.1,5.22
47329,6,1,1.9,4.08
47330,5,0,5.0,4.24
47331,7,4,5.1,5.85
47332,1,3,1.7,5.27
47333,1,2,5.1,4.39
47334,0,1,2.3,4.41
47335,5,0,4.2,4.28
47336,2,0,8.0,3.38
47337,2,1,1.4,4.77
47338,7,2,7.9,5.55
47339,0,1,1.6,2.59
47340,7,2,7.6,5.79
47341,0,2,8.8,4.12
47342,6,0,9.5,5.29
47343,5,4,2.3,5.3
47344,1,1,8.2,4.64
47345,4,3,0.8,3.69
47346,7,0,2.0,4.35
47347,5,4,1.3,2.49
47348,1,1,2.9,3.79
47349,5,1,0.4,4.58
47350,5,0,4.3,6.44
47351,4,3,4.5,7.24
47352,0,3,6.5,4.78
47353,0,2,2.9,4.12
47354,5,2,0.3,5.12
47355,0,3,1.0,4.53
47356,4,2,4.8,4.21
47357,2,1,4.1,6.63
47358,4,3,6.0,4.69
47359,4,1,1.2,4.86
47360,2,1,9.2,4.57
47361,1,3,4.5,6.02
47362,3,4,3.1,5.74
47363,7,0,3.8,3.56
47364,7,1,6.5,4.88
47365,4,1,2.2,4.23
47366,7,1,7.0,4.03
47367,6,0,2.7,3.13
47368,4,1,0.7,3.58
47369,7,1,6.2,5.72
47370,1,4,5.0,3.11
47371,4,4,6.7,6.52
47372,7,4,9.8,6.83
47373,5,1,1.3,5.53
47374,2,0,3.1,5.31
47375,1,1,0.4,5.39
47376,4,2,0.8,6.46
47377,6,1,2.4,4.41
47378,0,4,4.6,6.39
47379,4,2,8.5,4.68
47380,5,1,2.7,2.6
47381,6,0,4.8,3.76
47382,0,4,4.2,5.82
47383,5,4,5.3,4.21
47384,7,4,0.0,6.14
47385,6,1,7.9,6.27
47386,2,1,2.7,5.54
47387,4,2,1.9,7.47
47388,7,0,7.2,5.49
47389,4,0,8.8,4.57
47390,6,4,3.8,5.17
47391,5,4,6.5,4.42
47392,5,4,1.0,3.65
47393,5,2,5.9,6.97
47394,6,2,1.3,6.08
47395,1,4,9.7,5.89
47396,0,2,9.3,4.06
47397,6,3,7.6,3.42
47398,7,0,6.8,4.2
47399,4,2,9.6,4.15
47400,7,3,3.5,4.94
47401,4,1,4.6,5.59
47402,3,2,0.2,7.58
47403,6,4,6.1,5.43
47404,5,2,2.1,4.53
47405,3,4,2.2,4.94
47406,6,0,2.2,3.62
47407,7,0,7.7,4.29
47408,5,2,4.5,5.56
47409,3,4,6.2,4.71
47410,4,4,5.2,5.37
47411,5,1,5.6,4.24
47412,3,1,0.7,2.96
47413,0,1,4.5,6.34
47414,5,0,8.1,4.94
47415,0,2,3.9,7.16
47416,0,2,7.9,5.28
47417,0,3,0.9,5.39
47418,1,4,2.7,5.34
47419,3,2,6.2,4.98
47420,5,2,7.1,4.97
47421,0,1,5.7,4.05
47422,2,0,1.0,5.74
47423,4,2,5.3,5.26
47424,0,3,2.9,3.56
47425,1,0,1.5,5.25
47426,6,2,1.1,4.3
47427,4,2,7.3,4.28
47428,6,0,9.7,3.12
47429,5,2,9.4,3.45
47430,0,3,8.5,3.02
47431,7,1,6.9,5.32
47432,6,3,5.0,4.03
47433,5,3,6.8,6.57
47434,4,1,3.3,4.39
47435,6,0,6.3,4.49
47436,1,3,8.5,4.25
47437,7,1,8.6,4.73
47438,1,4,9.6,4.32
47439,2,3,6.7,5.09
47440,2,3,0.6,6.61
47441,6,1,9.0,3.9
47442,0,1,7.6,2.58
47443,4,2,6.8,7.7
47444,4,2,5.0,7.09
47445,0,3,6.5,4.79
47446,3,0,2.7,4.46
47447,7,4,5.0,4.69
47448,2,1,5.3,3.61
47449,3,4,4.9,3.44
47450,2,0,10.0,4.77
47451,6,4,6.6,5.41
47452,7,0,4.9,4.27
47453,0,4,8.0,5.71
47454,4,1,1.2,3.78
47455,2,1,6.3,4.75
47456,7,0,3.9,5.55
47457,7,2,8.0,6.92
47458,3,4,9.1,4.47
47459,4,2,0.6,3.9
47460,0,4,2.4,6.1
47461,7,4,1.4,6.6
47462,7,0,9.2,5.43
47463,4,1,3.7,4.42
47464,0,3,3.4,4.64
47465,6,4,2.5,4.29
47466,3,0,2.2,2.75
47467,6,0,9.7,5.42
47468,4,3,2.3,3.74
47469,3,0,2.0,4.65
47470,3,3,8.6,5.13
47471,1,4,8.2,4.06
47472,1,0,2.8,4.41
47473,7,4,5.1,4.79
47474,7,3,2.9,2.75
47475,6,1,0.2,5.94
47476,1,4,3.2,6.14
47477,1,1,8.0,1.81
47478,1,1,3.8,5.7
47479,0,3,0.9,5.98
47480,3,2,3.6,6.48
47481,4,2,2.9,4.27
47482,5,1,7.8,3.72
47483,4,2,2.0,5.2
47484,7,2,7.1,6.92
47485,6,4,7.4,4.16
47486,1,0,0.1,7.14
47487,5,4,1.7,3.82
47488,3,3,2.3,6.94
47489,1,4,1.6,5.08
47490,5,4,8.6,5.5
47491,4,0,9.1,4.35
47492,4,3,0.5,3.73
47493,3,2,3.3,5.13
47494,7,4,1.7,3.83
47495,6,2,2.3,6.35
47496,7,4,1.7,5.76
47497,4,0,6.5,5.29
47498,2,3,7.8,5.51
47499,2,3,5.8,6.17
47500,4,1,2.4,5.53
47501,5,4,8.8,5.89
47502,0,1,7.0,4.84
47503,0,4,5.2,4.34
47504,3,2,4.3,4.06
47505,2,4,1.4,5.82
47506,7,2,5.1,5.8
47507,0,1,6.8,4.33
47508,4,2,1.1,4.06
47509,1,3,9.5,4.86
47510,2,3,3.4,5.45
47511,4,4,8.6,4.78
47512,4,3,8.0,6.18
47513,3,4,8.9,4.35
47514,0,3,8.5,4.85
47515,0,3,1.6,4.91
47516,4,4,3.1,7.55
47517,6,1,2.9,5.77
47518,3,2,4.5,3.24
47519,0,4,8.7,5.55
47520,6,0,6.7,4.51
47521,2,0,1.1,5.02
47522,0,1,8.6,5.33
47523,1,2,1.7,4.58
47524,6,0,8.7,5.27
47525,5,2,1.4,3.55
47526,3,3,8.0,3.5
47527,3,1,7.2,4.27
47528,7,2,1.4,5.89
47529,6,3,7.4,6.8
47530,6,2,9.5,3.63
47531,2,2,7.8,2.82
47532,0,4,7.8,5.42
47533,0,1,1.4,4.34
47534,2,3,7.2,2.9
47535,3,2,1.8,2.73
47536,1,4,1.4,4.46
47537,2,1,0.1,5.6
47538,7,4,2.2,5.0
47539,2,2,4.6,4.79
47540,2,2,9.3,4.54
47541,6,4,2.4,6.36
47542,7,4,1.3,5.74
47543,1,4,10.0,3.32
47544,7,4,6.4,4.75
47545,4,4,7.1,3.92
47546,5,2,0.6,5.35
47547,7,4,3.2,4.83
47548,4,1,3.2,5.85
47549,4,0,2.7,3.54
47550,5,0,8.1,5.03
47551,5,2,9.4,7.07
47552,5,3,7.7,6.2
47553,2,3,7.8,3.86
47554,5,2,9.4,4.6
47555,0,4,0.9,3.62
47556,7,2,6.4,3.63
47557,7,3,2.6,4.4
47558,6,1,5.2,4.99
47559,6,2,1.2,3.28
47560,4,1,0.9,4.16
47561,4,2,8.1,3.9
47562,5,1,0.9,3.45
47563,2,4,0.5,5.08
47564,5,1,10.0,2.93
47565,5,1,3.2,4.44
47566,3,2,5.5,3.45
47567,4,1,5.8,2.51
47568,1,4,2.0,3.96
47569,2,1,4.7,4.55
47570,0,0,8.1,6.8
47571,6,2,8.8,4.34
47572,0,3,0.7,5.0
47573,7,4,9.0,5.5
47574,5,2,3.5,5.39
47575,1,3,7.9,2.88
47576,0,4,0.8,6.48
47577,2,4,3.7,3.82
47578,1,4,1.7,3.92
47579,5,2,7.7,4.86
47580,0,2,8.5,7.81
47581,6,4,0.9,4.85
47582,5,0,2.8,6.71
47583,6,1,7.8,6.2
47584,3,4,8.5,6.05
47585,7,2,5.0,5.15
47586,4,1,0.4,7.21
47587,5,3,1.1,3.7
47588,1,3,4.1,7.76
47589,1,4,9.2,6.92
47590,7,0,1.0,4.35
47591,6,1,6.2,2.89
47592,2,3,9.1,5.28
47593,3,4,7.9,5.12
47594,6,4,4.7,7.15
47595,7,1,7.4,4.04
47596,3,2,7.7,4.05
47597,4,1,9.1,4.38
47598,0,1,4.7,5.07
47599,7,4,5.4,3.95
47600,7,3,1.5,6.79
47601,6,0,2.6,6.8
47602,1,2,0.7,5.98
47603,2,0,2.9,6.86
47604,6,0,8.5,5.78
47605,2,3,3.1,5.55
47606,3,4,4.0,4.37
47607,0,3,1.4,6.27
47608,7,3,8.7,4.81
47609,7,0,9.9,4.6
47610,6,4,3.4,5.05
47611,7,1,0.2,5.88
47612,3,4,1.4,7.53
47613,4,0,3.6,5.2
47614,7,0,6.4,5.41
47615,0,0,4.1,3.92
47616,3,0,8.9,4.76
47617,0,0,7.1,5.05
47618,3,4,3.0,4.5
47619,5,1,3.5,5.67
47620,1,3,9.8,4.91
47621,1,4,2.9,5.07
47622,5,4,3.2,5.0
47623,2,0,7.9,2.93
47624,6,1,7.0,6.55
47625,1,2,1.8,4.1
47626,2,4,2.0,3.77
47627,4,2,3.4,5.75
47628,6,3,2.9,5.42
47629,7,3,7.3,2.78
47630,6,3,4.3,7.03
47631,2,1,2.9,4.38
47632,7,4,0.5,2.93
47633,5,1,9.2,5.04
47634,5,2,1.4,3.32
47635,5,1,1.3,2.97
47636,0,1,1.3,3.04
47637,2,2,7.4,3.66
47638,5,0,1.1,5.51
47639,0,2,0.0,5.75
47640,6,3,8.9,2.52
47641,0,3,8.8,4.08
47642,1,1,8.3,4.64
47643,0,0,1.0,7.06
47644,4,2,1.4,1.93
47645,5,4,3.9,6.45
47646,2,4,1.4,5.51
47647,5,3,6.0,5.81
47648,6,0,9.7,5.03
47649,3,0,0.9,3.78
47650,3,0,7.4,3.67
47651,5,0,5.6,4.29
47652,3,1,3.5,4.57
47653,0,1,4.8,4.88
47654,2,3,5.8,4.38
47655,3,4,7.3,3.24
47656,3,3,9.8,4.44
47657,1,1,7.4,5.65
47658,0,3,5.3,4.94
47659,1,2,7.6,3.22
47660,7,0,5.9,6.72
47661,5,3,8.2,6.55
47662,0,1,5.4,3.4
47663,2,3,6.5,6.22
47664,5,1,4.7,5.5
47665,7,1,5.5,6.06
47666,2,2,7.0,4.91
47667,4,2,5.5,5.78
47668,2,3,6.9,4.52
47669,6,0,6.5,4.32
47670,1,2,4.9,6.2
47671,0,1,1.0,4.9
47672,7,4,5.7,4.48
47673,3,0,3.4,5.6
47674,7,1,3.1,3.75
47675,1,0,2.7,3.57
47676,5,1,9.5,6.32
47677,1,3,6.8,3.04
47678,2,1,7.9,5.33
47679,0,4,9.8,5.9
47680,0,4,3.0,6.48
47681,7,1,1.5,6.02
47682,3,3,5.0,5.6
47683,2,0,2.2,5.18
47684,3,2,6.1,5.71
47685,6,3,4.0,5.4
47686,7,1,1.2,4.58
47687,1,2,5.8,4.57
47688,0,1,7.0,5.23
47689,5,4,8.7,3.46
47690,1,1,0.8,5.53
47691,5,4,6.5,6.2
47692,0,4,1.9,7.2
47693,0,0,2.1,4.55
47694,7,4,3.0,6.91
47695,2,1,5.0,3.76
47696,7,2,0.9,4.45
47697,2,0,4.0,4.41
47698,2,1,6.6,4.39
47699,5,2,9.4,3.54
47700,2,1,9.4,5.79
47701,2,0,2.5,4.29
47702,0,2,9.3,5.81
47703,0,4,2.9,4.25
47704,5,0,7.5,5.3
47705,6,0,9.9,5.76
47706,6,2,2.8,5.79
47707,0,2,5.6,3.85
47708,5,4,3.1,6.36
47709,0,1,1.0,6.08
47710,3,0,1.9,3.62
47711,0,1,5.3,5.11
47712,4,2,5.7,6.83
47713,2,1,4.6,5.43
47714,7,3,1.1,3.5
47715,2,2,6.1,4.39
47716,3,0,1.1,6.02
47717,6,1,7.6,3.98
47718,2,2,6.4,6.81
47719,2,4,4.0,6.26
47720,0,2,3.1,5.43
47721,0,3,8.3,2.92
47722,3,2,9.3,5.59
47723,5,2,7.5,3.21
47724,0,1,8.3,4.27
47725,1,3,1.0,4.09
47726,7,3,9.1,3.99
47727,6,3,5.3,5.9
47728,3,0,7.6,4.32
47729,2,4,8.0,6.16
47730,1,0,9.7,7.06
47731,4,2,7.8,7.03
47732,3,0,1.0,4.68
47733,1,2,0.0,5.17
47734,0,1,7.0,3.42
47735,7,3,4.6,5.58
47736,2,1,5.6,4.08
47737,7,4,0.9,1.82
47738,4,3,9.6,4.49
47739,4,3,4.5,4.79
47740,2,1,7.8,4.62
47741,0,2,0.9,7.02
47742,5,4,6.2,6.0
47743,0,4,3.0,3.94
47744,3,2,4.4,5.11
47745,0,3,9.7,5.42
47746,3,0,2.1,6.79
47747,6,4,0.2,4.9
47748,1,2,0.3,3.37
47749,1,1,0.3,3.02
47750,5,3,3.1,3.66
47751,0,1,5.3,4.78
47752,5,0,2.3,6.51
47753,2,4,1.5,5.91
47754,6,4,7.0,5.4
47755,6,1,1.5,4.3
47756,3,2,5.3,3.71
47757,2,4,2.0,6.3
47758,3,2,7.6,3.65
47759,7,2,7.3,3.92
47760,1,0,5.7,6.22
47761,5,4,7.6,4.39
47762,4,4,1.5,6.36
47763,3,2,9.9,7.04
47764,5,2,6.5,3.51
47765,1,1,4.5,2.92
47766,0,4,4.2,6.18
47767,4,0,2.3,7.85
47768,4,2,9.3,6.23
47769,5,2,8.2,4.8
47770,6,2,0.2,3.75
47771,0,1,2.6,7.59
47772,5,4,4.6,5.43
47773,7,2,4.4,3.46
47774,0,3,4.9,5.69
47775,0,4,3.9,6.12
47776,6,3,3.3,5.23
47777,5,3,0.3,7.45
47778,5,4,4.5,4.32
47779,3,2,2.7,5.88
47780,6,3,0.9,5.17
47781,6,1,1.0,7.26
47782,5,4,2.6,6.42
47783,3,4,3.3,5.51
47784,0,0,3.2,3.07
47785,2,0,8.1,3.83
47786,6,3,6.0,4.6
47787,5,2,2.9,3.31
47788,7,0,6.0,5.2
47789,1,3,3.4,5.48
47790,6,2,9.0,5.06
47791,7,0,1.9,4.72
47792,7,3,0.7,4.82
47793,5,1,5.3,5.86
47794,2,1,5.0,3.55
47795,5,1,0.6,6.16
47796,0,4,0.3,4.82
47797,4,4,4.0,6.02
47798,5,0,5.1,5.59
47799,3,1,9.5,2.91
47800,0,2,7.1,6.77
47801,6,3,0.1,6.06
47802,0,4,7.5,4.6
47803,4,4,6.5,4.01
47804,7,2,7.9,6.28
47805,3,4,9.5,6.12
47806,2,0,3.7,5.64
47807,0,0,2.6,4.45
47808,7,2,8.7,3.66
47809,7,3,4.6,3.48
47810,4,0,3.1,5.62
47811,5,4,6.4,5.35
47812,1,2,1.6,6.48
47813,4,4,5.7,3.87
47814,0,4,4.0,4.23
47815,6,2,0.6,4.15
47816,0,1,5.4,3.24
47817,4,4,2.1,5.72
47818,4,1,7.3,6.43
47819,6,1,1.1,5.42
47820,1,2,3.6,5.05
47821,7,2,5.0,2.92
47822,7,4,4.2,3.69
47823,4,3,2.9,3.33
47824,1,2,2.5,5.0
47825,3,3,8.1,4.95
47826,6,1,4.7,4.16
47827,0,2,7.3,5.81
47828,6,1,2.2,4.67
47829,1,0,5.6,6.1
47830,7,0,2.6,5.5
47831,5,0,7.2,4.5
47832,7,1,9.4,5.28
47833,3,0,7.2,2.59
47834,3,3,1.5,3.75
47835,2,2,7.5,6.08
47836,3,3,7.2,6.16
47837,4,0,1.9,5.44
47838,0,2,9.5,4.83
47839,4,3,5.9,4.59
47840,5,2,7.9,4.8
47841,5,1,8.2,6.24
47842,0,4,1.9,3.2
47843,6,4,0.3,4.07
47844,4,1,0.1,4.27
47845,6,3,7.8,4.9
47846,7,1,4.1,7.18
47847,6,2,9.3,6.88
47848,7,1,6.5,3.54
47849,4,3,6.6,4.23
47850,6,2,8.1,4.47
47851,3,3,1.6,3.53
47852,7,4,6.7,4.88
47853,3,1,9.4,4.36
47854,4,2,5.3,3.25
47855,7,4,7.3,6.26
47856,5,0,7.4,8.29
47857,3,2,1.7,3.32
47858,4,4,1.6,6.72
47859,6,3,5.3,6.1
47860,5,2,9.8,4.7
47861,7,3,6.6,3.68
47862,4,4,7.8,2.96
47863,7,3,7.2,6.26
47864,0,2,0.7,3.56
47865,2,0,3.2,6.84
47866,3,0,3.8,5.73
47867,2,0,6.5,4.72
47868,5,1,9.1,5.14
47869,1,2,0.8,4.61
47870,3,2,10.0,4.04
47871,1,4,0.4,3.91
47872,4,1,6.6,4.3
47873,1,2,9.0,3.12
47874,1,0,4.5,6.03
47875,2,1,5.0,4.32
47876,0,2,6.8,4.48
47877,1,1,7.1,4.91
47878,3,1,5.5,5.89
47879,7,1,2.3,6.29
47880,0,2,0.2,5.25
47881,3,3,8.0,6.24
47882,6,2,2.5,5.71
47883,3,1,5.6,6.91
47884,1,3,7.0,2.46
47885,4,2,9.3,5.44
47886,7,1,5.1,4.66
47887,3,2,1.7,4.21
47888,4,4,9.4,4.21
47889,2,1,7.9,4.71
47890,4,1,1.6,7.77
47891,0,4,9.5,4.31
47892,5,1,4.7,4.98
47893,0,2,4.4,5.97
47894,6,4,9.0,4.94
47895,2,2,2.2,5.29
47896,6,1,0.4,5.25
47897,2,0,2.3,5.75
47898,0,4,9.7,2.81
47899,5,3,0.9,2.33
47900,0,3,4.6,4.69
47901,6,2,4.9,6.32
47902,5,0,2.4,4.77
47903,1,0,5.3,3.96
47904,4,2,3.3,5.61
47905,6,4,8.3,6.82
47906,3,4,9.9,5.53
47907,6,3,8.9,4.53
47908,4,1,6.6,7.71
47909,7,1,4.2,5.11
47910,0,3,5.7,6.3
47911,1,4,1.0,6.3
47912,6,3,9.4,5.5
47913,1,4,5.4,5.78
47914,5,2,9.7,5.68
47915,5,0,6.5,5.04
47916,4,4,1.7,4.84
47917,2,2,1.4,6.53
47918,6,3,8.3,4.54
47919,0,4,7.3,4.76
47920,1,1,5.4,5.44
47921,1,1,6.6,7.97
47922,0,3,9.8,3.73
47923,1,2,4.8,4.78
47924,0,1,9.5,6.36
47925,2,1,0.2,4.58
47926,2,0,4.5,3.74
47927,5,4,0.3,6.32
47928,6,2,9.3,4.08
47929,5,4,5.5,4.28
47930,2,4,6.7,3.88
47931,7,1,7.0,4.39
47932,0,1,4.7,4.38
47933,0,1,4.9,4.9
47934,3,3,4.5,6.49
47935,4,0,9.7,5.6
47936,7,0,5.2,2.64
47937,2,3,2.3,6.41
47938,3,3,9.0,5.69
47939,6,3,9.8,4.27
47940,0,1,4.6,5.95
47941,3,2,8.6,8.16
47942,4,0,1.3,6.34
47943,7,3,0.9,4.16
47944,4,3,1.7,4.02
47945,4,4,6.8,4.36
47946,1,0,3.9,3.98
47947,1,4,5.3,6.29
47948,1,3,9.5,5.66
47949,3,0,2.9,6.23
47950,4,2,10.0,4.43
47951,5,2,3.9,3.09
47952,5,1,7.3,3.79
47953,2,3,1.5,4.41
47954,2,3,0.0,2.97
47955,0,3,9.2,6.8
47956,7,2,3.0,5.14
47957,5,4,5.4,6.42
47958,7,0,7.4,6.95
47959,0,1,7.3,6.13
47960,7,0,4.7,5.8
47961,2,3,0.2,5.74
47962,6,4,0.0,5.11
47963,0,0,8.1,3.5
47964,0,3,7.0,3.12
47965,4,3,6.2,4.82
47966,1,1,2.6,4.14
47967,7,1,4.8,5.47
47968,6,3,4.2,2.95
47969,5,3,4.2,3.6
47970,0,0,8.5,4.59
47971,3,4,1.5,4.13
47972,6,0,2.2,5.02
47973,6,2,2.4,4.41
47974,1,0,9.9,6.74
47975,5,4,2.0,6.53
47976,6,1,0.1,5.61
47977,1,4,0.7,5.2
47978,1,3,7.1,4.69
47979,3,0,8.3,4.18
47980,4,3,8.0,3.99
47981,3,0,9.5,4.96
47982,0,4,7.2,3.45
47983,7,1,3.8,6.25
47984,1,1,6.1,6.7
47985,7,2,0.1,6.45
47986,5,4,0.6,6.24
47987,5,2,1.5,4.5
47988,3,2,3.1,6.17
47989,2,1,4.6,3.36
47990,7,2,6.8,5.15
47991,5,0,9.4,2.61
47992,0,4,8.7,2.98
47993,6,2,6.1,5.56
47994,1,2,4.1,4.39
47995,2,1,6.1,5.21
47996,7,2,2.4,4.38
47997,7,0,0.2,5.24
47998,5,4,0.8,7.32
47999,7,1,5.0,3.37
48000,2,4,6.9,5.77
48001,0,3,5.9,5.72
48002,2,0,2.7,5.82
48003,2,0,4.7,5.26
48004,1,3,5.4,5.67
48005,4,3,8.7,6.35
48006,0,0,5.8,5.95
48007,0,0,4.5,5.04
48008,7,3,4.5,5.59
48009,6,4,1.9,4.95
48010,3,1,1.5,5.04
48011,6,4,4.3,6.12
48012,3,3,8.0,5.43
48013,6,1,5.8,5.58
48014,4,3,0.8,5.96
48015,2,0,8.7,5.54
48016,0,0,2.1,5.04
48017,1,2,8.3,3.15
48018,7,0,5.0,5.31
48019,1,2,5.9,6.64
48020,1,3,4.3,4.3
48021,0,2,7.6,4.27
48022,5,3,6.4,6.51
48023,1,2,1.0,5.49
48024,2,3,2.7,3.38
48025,4,2,9.6,4.16
48026,4,0,6.8,7.02
48027,2,2,1.8,2.89
48028,4,0,0.3,5.76
48029,4,2,1.5,4.38
48030,0,3,10.0,6.1
48031,6,2,9.4,4.92
48032,4,2,1.1,4.87
48033,1,1,4.2,2.2
48034,0,2,7.9,5.78
48035,4,2,6.1,5.05
48036,3,2,0.9,7.11
48037,2,0,9.1,3.11
48038,0,4,8.6,4.68
48039,1,3,1.0,6.09
48040,6,1,0.6,4.62
48041,6,2,4.6,4.03
48042,1,1,7.6,4.77
48043,7,1,0.9,5.86
48044,2,0,7.1,1.73
48045,7,1,0.8,5.08
48046,3,1,7.6,4.07
48047,0,1,1.7,3.91
48048,3,4,6.4,3.66
48049,4,4,6.3,3.75
48050,0,2,3.4,5.01
48051,7,3,6.4,4.54
48052,4,0,1.0,3.87
48053,4,1,0.5,3.74
48054,3,3,6.7,3.81
48055,6,4,6.6,6.26
48056,1,3,9.4,8.24
48057,6,3,3.0,1.63
48058,5,1,8.7,4.52
48059,1,4,8.8,2.19
48060,0,1,6.6,4.8
48061,2,0,8.1,4.17
48062,2,2,1.7,2.25
48063,6,1,4.6,4.36
48064,7,2,10.0,6.61
48065,4,4,1.3,4.41
48066,4,1,2.4,4.63
48067,5,3,7.0,6.11
48068,2,0,5.6,4.91
48069,3,1,6.5,5.19
48070,1,0,3.4,4.03
48071,2,1,7.3,4.67
48072,6,0,0.3,3.71
48073,4,3,5.9,5.94
48074,7,2,3.2,4.89
48075,3,4,2.9,5.93
48076,1,1,4.6,3.42
48077,5,1,9.8,4.5
48078,3,2,6.5,7.19
48079,7,0,2.1,5.75
48080,3,3,1.9,3.0
48081,1,4,2.5,5.48
48082,4,3,3.9,4.21
48083,0,3,7.5,4.67
48084,5,0,6.2,3.98
48085,7,1,8.5,5.14
48086,5,3,9.0,6.09
48087,6,4,0.9,6.31
48088,5,4,8.6,3.82
48089,4,3,3.8,4.85
48090,7,1,8.6,4.2
48091,1,3,3.6,2.98
48092,2,3,6.0,5.2
48093,7,3,9.5,5.14
48094,1,4,4.4,4.66
48095,3,0,6.7,5.15
48096,0,4,9.2,6.19
48097,2,2,5.1,4.74
48098,6,4,5.1,3.91
48099,4,4,8.5,4.41
48100,1,0,0.8,5.1
48101,3,3,4.6,4.37
48102,3,0,7.2,3.96
48103,4,2,3.2,3.16
48104,0,3,8.0,3.95
48105,7,2,7.3,5.06
48106,4,0,9.5,4.87
48107,0,3,2.8,4.96
48108,3,4,7.8,3.66
48109,4,3,8.2,5.23
48110,1,0,6.1,7.01
48111,2,0,5.5,5.5
48112,4,2,1.8,3.46
48113,6,3,8.0,5.68
48114,3,3,2.6,4.42
48115,2,1,7.2,5.2
48116,2,1,5.5,3.81
48117,4,1,2.5,2.33
48118,7,2,5.3,4.9
48119,3,2,7.4,3.66
48120,5,0,4.7,5.16
48121,5,2,1.0,6.36
48122,2,1,4.1,4.75
48123,4,2,0.0,6.5
48124,3,1,6.8,5.98
48125,4,1,0.6,3.52
48126,5,3,8.4,4.34
48127,6,0,3.2,4.92
48128,5,2,6.4,4.02
48129,3,3,8.7,5.35
48130,3,0,6.1,5.13
48131,1,2,8.1,6.5
48132,0,4,1.2,5.91
48133,2,4,6.4,5.77
48134,2,0,0.2,2.76
48135,5,3,4.1,5.79
48136,6,3,1.6,3.98
48137,1,0,5.7,4.07
48138,3,3,1.1,4.84
48139,0,1,7.2,2.38
48140,3,2,3.2,4.81
48141,6,4,2.1,4.12
48142,7,3,5.3,4.84
48143,0,4,4.1,6.06
48144,2,3,4.1,5.99
48145,7,0,5.7,6.75
48146,2,1,1.3,5.86
48147,4,1,4.2,6.37
48148,3,3,2.4,4.42
48149,7,2,5.4,4.18
48150,1,1,8.5,4.14
48151,4,1,8.7,6.47
48152,5,3,9.2,4.57
48153,5,0,7.7,5.69
48154,0,3,6.2,3.97
48155,4,1,5.5,3.61
48156,6,4,8.8,3.45
48157,1,1,3.8,5.14
48158,1,2,8.3,4.5
48159,1,3,3.0,4.71
48160,0,3,8.5,5.34
48161,0,1,6.4,4.34
48162,2,3,7.4,6.38
48163,2,4,5.1,4.13
48164,2,2,1.8,3.64
48165,0,1,1.2,4.79
48166,0,1,4.1,4.43
48167,7,4,2.4,4.61
48168,7,3,2.6,6.59
48169,0,3,9.2,5.62
48170,2,3,4.5,5.0
48171,1,3,4.7,6.78
48172,4,0,7.3,4.75
48173,1,1,1.3,2.58
48174,2,3,4.1,6.35
48175,5,1,4.9,7.43
48176,7,0,0.3,4.06
48177,7,2,9.2,2.14
48178,0,3,4.6,6.24
48179,1,0,1.4,3.78
48180,6,2,0.8,5.61
48181,7,2,9.3,8.22
48182,1,1,3.1,4.54
48183,4,0,2.8,6.07
48184,1,0,5.0,4.02
48185,5,2,9.4,3.29
48186,6,1,1.3,5.79
48187,6,4,0.9,3.85
48188,2,3,1.9,4.93
48189,4,3,3.1,5.12
48190,0,2,9.1,6.34
48191,0,2,6.4,7.81
48192,4,2,9.6,6.03
48193,4,3,0.3,5.74
48194,5,3,3.5,6.61
48195,2,4,5.1,3.37
48196,4,2,1.2,5.92
48197,2,3,9.8,5.57
48198,6,3,5.2,5.23
48199,0,0,9.8,7.24
48200,2,2,0.2,4.97
48201,1,1,2.7,3.44
48202,2,4,8.8,4.05
48203,7,1,3.9,6.36
48204,1,4,0.1,4.1
48205,6,2,2.0,3.05
48206,0,2,9.3,4.57
48207,4,0,7.1,5.03
48208,0,3,4.4,3.09
48209,2,1,8.9,1.76
48210,5,4,6.5,5.56
48211,2,2,5.0,4.08
48212,4,0,7.6,5.61
48213,7,4,4.8,6.38
48214,2,1,8.8,3.3
48215,1,4,10.0,7.9
48216,7,0,8.1,2.88
48217,5,4,3.3,5.04
48218,5,2,5.7,5.16
48219,0,0,4.9,2.55
48220,1,2,3.5,4.99
48221,3,1,3.0,4.43
48222,6,0,1.6,5.48
48223,2,1,1.3,3.51
48224,7,1,6.6,3.45
48225,2,0,3.7,7.01
48226,0,2,9.3,5.32
48227,5,2,6.5,5.36
48228,3,4,5.9,4.1
48229,6,3,3.0,7.62
48230,5,4,7.2,4.28
48231,5,3,0.2,5.01
48232,3,1,4.7,5.3
48233,4,0,0.8,5.89
48234,6,2,5.2,2.69
48235,7,3,4.5,7.87
48236,0,3,3.4,5.55
48237,1,4,2.8,7.29
48238,1,3,6.6,4.14
48239,5,3,1.5,5.55
48240,4,0,9.8,6.06
48241,4,2,4.6,5.39
48242,0,0,3.0,6.61
48243,2,4,7.6,5.72
48244,1,4,2.2,5.25
48245,7,1,9.9,2.67
48246,0,1,3.1,4.87
48247,5,0,3.6,5.26
48248,2,2,4.3,3.89
48249,3,2,9.6,7.31
48250,1,3,1.7,5.59
48251,6,1,8.2,5.7
48252,5,4,9.5,5.1
48253,6,4,3.1,5.07
48254,5,0,7.2,4.15
48255,4,2,7.7,5.32
48256,2,0,8.7,6.31
48257,1,1,8.3,3.14
48258,4,2,5.9,5.27
48259,3,0,2.1,5.94
48260,0,3,6.6,3.92
48261,4,1,7.4,5.5
48262,1,1,7.7,4.68
48263,4,3,1.0,7.54
48264,5,4,3.8,2.71
48265,0,3,6.5,5.23
48266,2,1,6.2,3.58
48267,1,2,8.9,5.37
48268,1,2,3.0,2.75
48269,6,2,6.2,3.02
48270,2,2,1.7,5.81
48271,2,4,1.0,4.3
48272,5,1,5.8,4.07
48273,5,4,3.8,7.26
48274,4,0,0.3,4.12
48275,4,3,0.5,5.01
48276,3,0,9.9,6.18
48277,3,3,5.5,5.72
48278,5,2,6.2,3.59
48279,4,3,2.6,5.97
48280,3,0,0.1,5.93
48281,1,1,7.9,4.81
48282,3,1,2.2,5.5
48283,0,4,2.0,5.48
48284,1,2,2.3,4.18
48285,0,4,8.4,4.8
48286,6,1,3.9,4.85
48287,7,2,4.7,4.81
48288,0,4,5.8,7.06
48289,5,3,5.5,7.19
48290,1,1,1.6,6.23
48291,1,3,8.1,5.25
48292,1,1,1.7,4.39
48293,0,0,8.7,6.89
48294,5,1,2.2,4.42
48295,3,0,7.6,6.6
48296,5,1,4.9,5.7
48297,3,4,0.2,4.75
48298,5,0,5.3,6.82
48299,2,4,7.2,6.01
48300,4,2,5.6,5.57
48301,7,1,1.6,6.24
48302,7,0,5.6,4.41
48303,7,2,8.5,5.03
48304,2,0,5.0,5.64
48305,6,4,8.1,5.64
48306,3,1,1.1,2.66
48307,5,2,2.8,4.05
48308,3,1,0.9,5.79
48309,2,0,7.0,4.91
48310,4,3,7.1,4.12
48311,4,1,0.5,7.11
48312,5,4,0.2,4.72
48313,0,3,4.4,3.25
48314,7,2,4.9,3.71
48315,7,2,1.4,5.53
48316,3,3,5.1,3.55
48317,0,1,8.8,5.48
48318,3,0,1.7,4.62
48319,1,3,1.8,1.99
48320,5,3,3.1,5.09
48321,4,1,9.2,4.14
48322,2,1,9.0,6.84
48323,3,0,1.7,6.6
48324,2,0,6.3,3.17
48325,5,4,7.3,6.17
48326,2,3,1.2,4.42
48327,2,2,7.1,4.8
48328,6,1,4.9,4.9
48329,4,3,1.7,7.08
48330,4,4,1.6,5.32
48331,1,2,9.2,5.35
48332,2,4,2.9,2.66
48333,1,3,5.3,3.69
48334,7,2,6.0,5.87
48335,3,4,3.0,5.14
48336,0,4,4.8,5.06
48337,1,2,4.2,4.57
48338,2,0,3.7,4.82
48339,3,0,6.7,6.71
48340,4,4,1.8,5.37
48341,7,3,0.5,7.08
48342,0,1,7.7,4.21
48343,3,1,4.3,4.18
48344,5,3,0.4,3.55
48345,4,0,9.9,4.92
48346,5,2,1.1,6.92
48347,4,1,5.2,5.64
48348,0,1,3.1,2.9
48349,5,3,4.4,3.55
48350,1,4,9.1,4.93
48351,6,4,7.5,4.81
48352,2,0,9.5,4.37
48353,2,1,5.2,7.28
48354,3,1,6.6,5.48
48355,0,0,3.4,3.96
48356,6,1,6.2,5.52
48357,4,0,9.1,6.0
48358,5,1,3.3,4.79
48359,3,1,1.4,5.95
48360,3,2,8.8,3.23
48361,1,2,2.9,6.08
48362,7,3,5.7,5.99
48363,3,3,4.8,5.25
48364,6,0,0.6,4.42
48365,1,4,2.1,4.86
48366,6,2,4.1,4.27
48367,4,1,8.4,5.78
48368,6,2,4.9,7.26
48369,6,4,1.2,5.2
48370,1,2,3.1,3.48
48371,1,2,4.0,5.06
48372,6,4,0.2,5.72
48373,5,2,7.6,5.65
48374,5,2,8.5,4.78
48375,2,0,0.1,4.56
48376,2,1,4.1,6.94
48377,2,3,5.1,3.34
48378,0,1,7.9,5.29
48379,2,4,9.9,3.39
48380,0,0,6.5,6.06
48381,6,3,4.9,3.71
48382,5,2,6.3,6.87
48383,7,2,6.3,5.45
48384,2,3,8.9,1.86
48385,4,1,6.3,4.45
48386,7,4,6.4,4.54
48387,1,4,4.7,4.34
48388,1,2,2.5,4.48
48389,1,2,4.6,4.5
48390,5,2,1.5,4.98
48391,0,1,3.7,3.67
48392,1,1,3.1,7.23
48393,4,1,7.4,5.6
48394,7,0,0.8,5.6
48395,4,1,8.9,6.06
48396,0,4,9.1,5.8
48397,4,2,6.3,6.35
48398,0,1,0.2,4.28
48399,2,1,8.6,3.08
48400,5,1,6.1,5.11
48401,5,3,4.5,3.35
48402,2,1,3.8,5.0
48403,0,4,0.4,5.93
48404,2,2,5.5,4.33
48405,5,3,7.3,6.32
48406,1,4,8.5,5.7
48407,4,0,1.9,3.17
48408,5,0,7.3,2.63
48409,2,1,9.2,3.75
48410,2,0,3.1,6.22
48411,3,4,8.7,4.92
48412,5,1,2.5,4.68
48413,1,3,5.5,6.2
48414,1,2,9.6,5.32
48415,2,3,9.6,4.5
48416,3,1,2.5,2.83
48417,6,2,3.6,7.06
48418,0,1,9.8,4.38
48419,0,4,9.6,3.96
48420,2,1,6.5,5.59
48421,1,3,10.0,3.91
48422,1,0,4.4,5.1
48423,7,1,3.1,4.42
48424,4,3,2.6,6.11
48425,6,1,3.9,4.86
48426,7,4,5.3,4.74
48427,4,1,1.8,3.54
48428,6,4,5.2,4.24
48429,7,4,2.0,4.39
48430,4,4,7.9,4.1
48431,6,4,1.4,2.36
48432,5,0,2.8,3.87
48433,6,3,1.7,4.65
48434,4,0,5.1,4.29
48435,7,4,0.1,5.16
48436,4,2,8.4,5.77
48437,7,0,2.3,3.98
48438,0,0,8.8,6.09
48439,0,0,4.5,5.85
48440,2,4,1.3,5.72
48441,0,0,9.5,4.08
48442,2,0,2.5,7.03
48443,3,0,2.2,4.64
48444,0,0,6.2,4.12
48445,3,3,0.1,4.71
48446,5,2,0.4,2.57
48447,4,0,5.3,5.18
48448,6,4,9.8,5.45
48449,7,0,7.3,4.8
48450,7,3,2.4,5.83
48451,3,1,4.8,6.51
48452,5,0,7.3,2.36
48453,2,4,4.7,2.49
48454,6,3,4.4,5.58
48455,7,3,1.9,5.94
48456,1,2,9.2,6.96
48457,5,1,2.2,2.77
48458,5,3,2.9,4.93
48459,6,1,4.1,8.5
48460,0,3,1.7,4.7
48461,6,1,3.6,4.57
48462,3,3,5.0,4.81
48463,4,1,5.2,4.71
48464,6,2,5.7,4.74
48465,3,1,5.6,5.47
48466,1,3,2.5,5.93
48467,7,4,5.6,5.25
48468,5,2,0.7,5.42
48469,0,0,6.9,2.79
48470,3,3,9.9,6.74
48471,2,2,0.3,3.49
48472,0,4,1.9,3.13
48473,5,0,7.0,4.6
48474,2,1,3.8,5.57
48475,0,4,0.8,4.23
48476,0,1,9.7,5.1
48477,6,3,5.4,5.03
48478,4,0,2.3,4.88
48479,5,2,6.7,6.6
48480,0,4,6.6,3.65
48481,4,2,9.6,3.81
48482,1,4,1.0,3.91
48483,1,3,6.7,4.18
48484,1,0,2.2,4.96
48485,2,3,9.9,5.38
48486,7,1,5.6,5.42
48487,0,2,8.2,4.16
48488,6,0,9.5,5.56
48489,6,0,5.2,4.21
48490,6,2,8.4,6.12
48491,0,2,5.1,4.41
48492,0,0,1.2,3.67
48493,3,3,3.3,5.51
48494,1,2,0.0,2.19
48495,2,0,1.9,5.83
48496,6,4,8.0,4.49
48497,0,3,0.1,6.52
48498,6,2,4.5,6.29
48499,2,1,8.4,4.68
48500,1,3,3.8,5.77
48501,3,0,9.9,5.35
48502,4,3,9.9,5.4
48503,4,4,2.3,5.96
48504,0,3,4.1,6.42
48505,4,1,3.0,6.26
48506,1,2,3.2,5.46
48507,2,3,4.2,3.42
48508,1,4,3.0,4.67
48509,1,0,3.3,4.76
48510,7,0,2.7,6.24
48511,2,4,9.1,4.7
48512,4,3,8.9,3.78
48513,0,1,2.2,5.34
48514,0,2,6.4,6.14
48515,2,4,2.7,4.12
48516,3,4,3.1,6.19
48517,4,1,5.3,3.86
48518,0,2,1.2,6.71
48519,0,1,1.1,3.25
48520,1,4,1.2,3.1
48521,6,3,7.3,7.52
48522,3,3,3.5,5.7
48523,5,1,3.3,5.44
48524,1,1,9.7,6.42
48525,4,0,7.9,7.52
48526,6,4,5.1,5.08
48527,6,1,7.4,3.66
48528,1,2,0.5,5.08
48529,4,2,5.6,5.34
48530,5,1,7.8,5.09
48531,4,2,5.6,5.05
48532,4,0,2.5,4.09
48533,5,4,6.8,4.63
48534,2,0,8.5,5.82
48535,1,0,3.0,1.87
48536,4,4,8.5,3.09
48537,5,1,5.0,4.65
48538,3,1,7.8,6.95
48539,1,1,1.5,5.34
48540,6,1,8.3,3.83
48541,7,3,6.1,3.1
48542,3,3,7.3,6.8
48543,0,3,1.8,4.07
48544,3,1,5.3,6.36
48545,4,2,3.5,4.03
48546,1,2,7.1,4.75
48547,0,1,6.5,3.32
48548,0,1,9.4,4.17
48549,1,0,5.8,6.18
48550,0,0,2.8,3.35
48551,5,0,4.4,4.3
48552,0,2,6.0,5.18
48553,7,0,3.4,4.32
48554,0,1,6.4,5.3
48555,4,2,3.7,4.23
48556,0,1,9.5,6.22
48557,2,0,9.0,3.43
48558,7,3,3.8,5.15
48559,0,3,1.5,2.32
48560,4,2,8.0,4.54
48561,1,4,4.0,2.73
48562,1,4,7.3,5.76
48563,1,4,0.4,5.32
48564,6,0,0.4,5.14
48565,7,3,7.4,4.39
48566,1,0,6.2,5.88
48567,0,3,8.5,3.1
48568,0,4,3.8,6.32
48569,1,1,3.1,3.68
48570,0,1,8.0,4.56
48571,5,0,5.9,4.7
48572,6,1,8.0,5.6
48573,1,3,4.3,7.43
48574,7,2,2.2,5.27
48575,5,1,4.8,4.7
48576,3,4,2.3,4.87
48577,4,3,6.1,6.89
48578,1,2,1.9,4.22
48579,0,0,2.6,5.06
48580,6,1,3.2,6.25
48581,6,1,4.2,6.41
48582,2,1,1.7,5.09
48583,4,3,4.6,6.21
48584,6,1,9.1,4.02
48585,2,0,5.1,3.48
48586,5,4,8.4,4.75
48587,5,1,5.3,4.97
48588,7,2,3.6,5.35
48589,7,3,3.1,5.18
48590,7,3,9.4,6.22
48591,3,4,5.5,3.33
48592,1,0,4.5,4.87
48593,2,1,7.8,4.26
48594,7,4,6.6,6.36
48595,7,4,2.4,5.58
48596,5,3,3.7,5.23
48597,6,1,3.7,5.04
48598,1,0,6.8,4.5
48599,1,0,1.9,5.05
48600,3,0,6.4,4.59
48601,3,3,5.1,2.83
48602,6,2,8.4,4.16
48603,1,3,5.3,3.28
48604,5,2,4.2,4.84
48605,4,3,7.5,4.6
48606,2,3,5.6,5.23
48607,3,3,8.3,3.37
48608,4,4,0.9,5.17
48609,7,4,7.0,4.88
48610,4,0,2.0,3.17
48611,2,4,0.8,5.92
48612,4,3,8.6,5.46
48613,0,0,9.5,5.3
48614,4,3,6.0,5.55
48615,1,2,8.7,2.72
48616,2,2,0.2,2.57
48617,2,4,3.0,4.94
48618,1,4,1.8,4.46
48619,2,3,4.9,4.07
48620,7,3,4.3,4.82
48621,6,3,1.9,4.74
48622,1,0,7.7,4.28
48623,3,4,9.2,6.84
48624,3,3,3.6,4.42
48625,5,1,0.4,3.01
48626,5,2,8.3,6.78
48627,4,2,0.4,3.35
48628,3,0,9.4,3.32
48629,1,2,4.7,3.28
48630,0,4,2.4,4.55
48631,2,1,9.6,6.06
48632,3,1,6.5,5.95
48633,0,0,8.6,6.94
48634,0,3,5.1,5.54
48635,0,1,8.1,6.36
48636,3,1,9.9,3.92
48637,4,0,6.2,5.04
48638,6,2,2.0,2.53
48639,7,4,7.9,3.78
48640,1,1,8.2,6.54
48641,0,4,3.6,3.14
48642,7,0,9.4,4.16
48643,1,3,0.5,6.03
48644,5,4,5.5,5.31
48645,4,2,0.7,2.46
48646,2,3,4.2,3.2
48647,0,4,2.3,3.29
48648,6,0,2.4,4.73
48649,0,2,5.8,5.26
48650,7,0,6.0,3.62
48651,7,3,8.7,3.36
48652,2,1,0.9,3.57
48653,0,0,8.7,4.29
48654,2,2,1.1,4.11
48655,5,4,6.6,4.94
48656,7,4,5.7,2.2
48657,4,4,5.0,6.8
48658,2,0,9.9,5.16
48659,6,2,2.6,4.83
48660,6,4,1.2,5.3
48661,4,2,2.5,8.41
48662,1,1,7.0,5.02
48663,3,2,6.9,4.82
48664,2,2,7.1,2.78
48665,2,2,2.5,3.53
48666,1,0,2.5,3.84
48667,6,2,8.0,7.52
48668,6,2,1.9,6.59
48669,2,2,8.1,5.4
48670,5,0,6.8,6.37
48671,6,3,6.6,3.09
48672,5,4,2.8,7.56
48673,1,2,5.7,5.82
48674,3,2,1.6,4.65
48675,2,2,0.1,5.96
48676,6,2,7.5,5.48
48677,0,4,8.3,5.16
48678,6,2,2.2,3.56
48679,2,3,1.2,6.49
48680,7,1,4.2,4.13
48681,4,2,3.4,6.57
48682,0,2,0.7,5.25
48683,2,4,5.3,3.58
48684,5,4,6.0,4.56
48685,2,2,2.3,4.64
48686,5,3,8.2,3.18
48687,0,1,3.1,6.18
48688,3,4,0.4,6.19
48689,0,1,4.5,5.98
48690,1,0,8.0,6.95
48691,3,3,8.9,7.71
48692,0,0,1.6,4.58
48693,2,1,7.2,4.97
48694,3,1,9.3,5.69
48695,4,4,9.1,6.58
48696,4,0,1.4,4.35
48697,0,1,2.7,4.67
48698,3,3,0.7,3.97
48699,2,0,4.2,4.31
48700,5,1,4.2,4.07
48701,1,1,4.3,5.48
48702,5,3,8.8,4.16
48703,3,4,8.3,4.24
48704,1,3,1.7,5.5
48705,1,2,0.4,4.69
48706,2,2,4.2,6.92
48707,7,3,0.3,5.57
48708,2,2,1.8,2.76
48709,4,1,5.6,4.44
48710,0,1,5.2,3.22
48711,5,2,5.1,4.29
48712,7,1,6.7,5.99
48713,2,4,9.0,6.97
48714,2,4,4.4,5.07
48715,7,2,0.1,6.26
48716,0,1,2.8,2.97
48717,2,4,4.8,6.18
48718,2,2,3.6,6.24
48719,3,3,9.7,2.84
48720,5,4,2.6,6.09
48721,0,2,10.0,6.62
48722,2,2,2.3,5.24
48723,1,3,2.9,2.65
48724,4,1,2.7,6.47
48725,2,3,2.1,5.49
48726,7,3,3.4,4.14
48727,0,0,4.1,2.86
48728,7,2,7.7,3.5
48729,2,4,7.1,5.86
48730,6,2,1.9,3.4
48731,7,1,4.0,6.06
48732,3,3,5.7,5.56
48733,0,0,8.7,4.61
48734,4,3,5.3,3.38
48735,5,2,3.7,3.52
48736,1,3,10.0,5.78
48737,6,2,5.9,5.15
48738,4,4,9.6,6.44
48739,2,4,5.7,5.01
48740,1,1,8.7,5.88
48741,1,2,3.9,4.64
48742,5,3,0.7,4.0
48743,4,3,5.9,3.58
48744,6,4,0.1,5.88
48745,1,0,7.7,5.1
48746,0,0,3.4,3.59
48747,5,1,2.8,3.68
48748,1,0,6.2,2.72
48749,3,4,4.0,4.37
48750,7,0,5.0,3.73
48751,4,1,1.1,5.89
48752,0,2,5.9,5.04
48753,7,0,4.2,6.42
48754,4,3,6.4,6.41
48755,1,2,7.5,5.17
48756,3,4,5.7,7.14
48757,5,0,7.4,5.14
48758,1,4,5.2,2.84
48759,3,3,8.0,5.2
48760,7,0,8.6,4.1
48761,6,2,7.0,2.68
48762,3,0,1.2,5.92
48763,2,4,4.2,5.92
48764,0,0,1.4,3.76
48765,7,2,9.1,6.94
48766,0,3,1.0,4.38
48767,3,2,2.6,2.27
48768,1,3,6.8,4.07
48769,2,4,3.3,5.83
48770,1,2,4.3,5.69
48771,7,2,0.4,7.14
48772,2,1,8.4,7.63
48773,7,4,0.9,4.59
48774,4,4,2.3,3.46
48775,1,1,9.9,4.63
48776,1,1,2.8,5.61
48777,3,1,0.9,7.67
48778,4,1,8.6,4.36
48779,2,4,7.9,5.46
48780,1,3,1.6,6.63
48781,1,3,2.4,2.83
48782,4,3,4.1,3.67
48783,5,1,6.7,6.27
48784,2,3,8.2,4.06
48785,4,4,3.5,4.17
48786,7,2,6.5,5.61
48787,1,0,3.3,3.87
48788,5,1,2.4,3.83
48789,1,4,8.0,5.93
48790,7,2,5.4,4.55
48791,7,3,3.8,4.11
48792,2,2,2.1,5.19
48793,7,3,0.5,3.51
48794,5,0,6.5,5.65
48795,3,1,4.8,6.43
48796,1,0,0.8,5.27
48797,5,1,8.0,6.12
48798,6,4,6.8,4.29
48799,2,3,9.3,4.41
48800,4,1,8.6,4.93
48801,2,2,0.8,1.86
48802,1,1,7.2,6.16
48803,6,2,3.0,5.72
48804,0,3,0.0,4.49
48805,4,2,2.0,3.45
48806,0,4,1.8,4.21
48807,6,0,6.7,4.69
48808,4,4,3.1,4.91
48809,7,0,2.1,3.09
48810,0,2,9.0,4.53
48811,3,4,1.4,2.7
48812,5,2,1.6,4.89
48813,4,2,3.1,2.55
48814,5,3,2.3,6.67
48815,2,3,1.9,4.28
48816,6,2,8.9,6.88
48817,0,4,6.2,5.41
48818,4,3,1.2,4.73
48819,5,2,5.8,4.98
48820,4,2,9.9,4.12
48821,2,1,4.7,4.75
48822,7,3,8.3,4.54
48823,1,1,6.3,5.7
48824,5,1,9.5,7.76
48825,3,2,4.9,5.57
48826,3,0,3.7,5.71
48827,7,4,3.4,4.64
48828,2,2,3.9,7.87
48829,7,0,1.2,3.63
48830,4,2,10.0,4.93
48831,7,3,8.6,6.77
48832,5,4,6.8,5.84
48833,3,1,1.3,5.71
48834,5,1,6.4,3.04
48835,0,0,4.5,5.7
48836,4,4,7.4,4.56
48837,5,3,0.6,5.18
48838,6,1,4.1,6.31
48839,5,0,7.6,3.08
48840,5,2,7.9,3.94
48841,0,2,8.2,3.81
48842,2,4,5.4,4.1
48843,3,3,9.5,2.85
48844,6,2,8.6,5.31
48845,4,1,5.2,2.31
48846,4,3,7.1,5.74
48847,2,2,2.2,5.03
48848,3,0,1.0,4.6
48849,0,0,9.2,5.49
48850,0,2,2.8,4.77
48851,6,4,7.9,4.3
48852,2,2,7.5,5.42
48853,3,3,5.1,4.63
48854,5,4,9.4,3.36
48855,7,0,1.5,2.18
48856,7,1,2.9,4.73
48857,6,1,8.0,5.04
48858,1,1,1.9,3.96
48859,1,2,3.3,6.93
48860,5,4,6.3,4.44
48861,3,4,7.2,5.9
48862,5,3,9.1,5.47
48863,3,3,1.4,2.19
48864,2,0,4.5,5.47
48865,7,2,9.1,6.52
48866,1,3,6.0,3.76
48867,2,0,6.9,4.99
48868,0,4,6.4,4.0
48869,7,3,0.5,6.28
48870,4,3,8.0,5.53
48871,1,0,10.0,6.55
48872,0,2,8.5,3.81
48873,4,0,4.1,6.29
48874,0,0,8.9,5.28
48875,2,0,6.5,4.73
48876,6,3,0.0,6.17
48877,2,2,1.6,4.82
48878,5,1,6.3,4.67
48879,5,2,1.1,5.57
48880,5,1,1.1,5.35
48881,4,2,1.6,5.56
48882,1,2,0.4,5.01
48883,7,1,7.8,3.33
48884,1,3,0.4,6.93
48885,4,2,5.0,4.24
48886,3,3,4.9,4.7
48887,5,4,6.2,5.37
48888,2,3,8.8,5.72
48889,0,2,4.0,5.13
48890,5,0,1.5,4.8
48891,0,4,9.5,2.41
48892,6,2,9.8,6.64
48893,3,0,5.5,4.5
48894,2,3,9.2,5.27
48895,3,0,1.0,3.84
48896,5,2,8.6,3.25
48897,4,2,5.5,3.59
48898,4,1,3.2,5.9
48899,4,2,3.0,4.12
48900,6,1,2.1,3.63
48901,6,0,8.7,4.13
48902,4,1,8.8,5.92
48903,2,4,8.7,5.83
48904,3,0,7.3,6.43
48905,3,3,0.8,5.47
48906,6,4,1.3,4.83
48907,5,4,7.3,5.16
48908,7,2,7.5,7.44
48909,6,2,0.7,6.74
48910,1,1,9.7,3.79
48911,1,4,3.7,4.7
48912,3,1,2.3,4.76
48913,1,0,9.8,3.48
48914,1,3,9.7,5.25
48915,1,0,0.5,5.16
48916,2,2,8.4,4.59
48917,7,1,1.5,5.15
48918,1,1,7.3,4.64
48919,0,0,3.3,4.83
48920,1,4,8.9,3.51
48921,0,4,9.6,3.52
48922,7,3,7.5,3.97
48923,5,0,0.7,7.62
48924,0,2,5.9,5.08
48925,3,2,0.7,5.14
48926,6,3,4.7,5.93
48927,7,3,1.8,6.0
48928,3,1,8.3,3.63
48929,5,1,0.6,3.67
48930,7,2,5.3,3.21
48931,4,4,5.3,5.12
48932,2,1,6.0,4.48
48933,4,3,5.3,5.9
48934,7,1,0.4,3.93
48935,1,4,5.6,3.49
48936,7,3,9.2,3.49
48937,5,4,2.7,4.25
48938,0,4,9.5,2.88
48939,3,0,1.1,2.29
48940,6,4,2.8,4.63
48941,6,0,6.9,5.57
48942,6,3,6.9,4.41
48943,1,2,4.2,5.35
48944,5,3,7.4,7.0
48945,1,0,5.5,7.19
48946,0,1,0.8,4.07
48947,7,3,5.5,5.84
48948,4,1,2.5,5.16
48949,6,4,1.0,4.55
48950,7,3,6.1,3.15
48951,4,0,9.5,5.51
48952,5,0,7.7,5.04
48953,1,0,5.7,4.88
48954,2,2,0.7,3.18
48955,0,4,8.1,5.61
48956,0,4,7.7,3.12
48957,5,3,6.0,5.7
48958,7,0,3.7,5.81
48959,5,3,9.8,5.55
48960,0,3,6.0,6.47
48961,1,4,5.7,4.46
48962,7,0,1.6,5.27
48963,4,2,3.0,4.21
48964,0,0,4.7,6.1
48965,1,1,9.6,5.68
48966,6,0,1.3,6.16
48967,5,3,1.4,6.37
48968,6,1,7.3,4.06
48969,0,0,9.0,7.8
48970,1,0,7.9,6.96
48971,0,0,8.7,6.5
48972,0,4,0.1,7.35
48973,0,1,5.9,5.35
48974,7,4,7.5,4.5
48975,7,1,6.8,3.76
48976,2,1,2.5,6.54
48977,2,4,7.3,4.26
48978,2,0,1.5,4.26
48979,7,1,6.7,4.31
48980,6,3,3.9,4.45
48981,6,3,0.5,4.43
48982,5,3,8.3,5.75
48983,4,0,8.9,7.37
48984,4,3,6.4,5.25
48985,5,3,2.6,5.8
48986,6,3,6.0,5.2
48987,0,4,1.6,6.94
48988,0,2,3.2,5.89
48989,6,4,3.5,4.8
48990,5,1,6.3,5.04
48991,1,2,3.7,5.19
48992,2,1,3.1,2.42
48993,3,4,5.6,3.84
48994,5,2,3.7,5.46
48995,6,1,8.3,7.44
48996,7,1,9.9,5.66
48997,5,3,5.9,3.59
48998,5,4,2.7,6.48
48999,3,2,9.0,6.23
49000,1,1,7.1,6.35
49001,5,0,0.9,5.19
49002,3,3,3.8,7.27
49003,0,3,0.6,4.59
49004,5,3,2.6,3.73
49005,7,3,4.8,3.6
49006,6,4,7.7,3.75
49007,7,4,8.2,7.55
49008,6,1,10.0,4.13
49009,4,0,9.9,6.18
49010,0,3,8.6,5.72
49011,5,4,9.7,5.98
49012,5,1,8.9,6.31
49013,0,2,2.4,5.04
49014,3,1,4.4,4.82
49015,7,0,7.8,5.94
49016,0,2,8.4,3.23
49017,0,1,7.9,6.75
49018,1,0,2.4,3.29
49019,3,0,9.1,6.35
49020,2,1,0.3,5.07
49021,2,4,0.5,4.19
49022,2,4,7.4,4.09
49023,4,4,5.5,4.99
49024,5,1,2.1,4.1
49025,2,4,8.1,4.78
49026,1,1,5.9,4.22
49027,1,4,8.1,4.03
49028,5,1,2.6,7.17
49029,7,2,1.5,5.9
49030,3,0,4.7,5.41
49031,1,3,6.9,7.22
49032,6,4,9.3,4.79
49033,0,3,1.5,4.38
49034,2,1,0.8,7.08
49035,0,3,8.6,6.08
49036,6,1,0.7,3.91
49037,6,2,8.6,3.96
49038,4,1,3.3,7.44
49039,7,0,3.9,6.59
49040,3,1,8.2,6.73
49041,1,3,1.6,5.1
49042,1,1,9.5,5.74
49043,4,0,10.0,7.05
49044,4,2,5.1,4.84
49045,1,1,7.6,2.72
49046,2,0,2.4,2.45
49047,7,1,7.2,6.26
49048,1,4,7.2,3.7
49049,1,1,0.2,6.22
49050,7,0,8.7,6.28
49051,0,2,6.8,3.62
49052,2,4,9.2,2.93
49053,5,4,6.2,5.06
49054,6,3,6.4,4.81
49055,5,4,5.0,4.69
49056,7,2,5.6,6.39
49057,7,0,4.0,3.79
49058,3,2,8.2,3.75
49059,3,3,7.3,4.56
49060,2,3,1.7,5.51
49061,1,4,7.0,6.62
49062,0,4,6.8,4.98
49063,5,1,2.2,4.06
49064,4,2,5.7,4.51
49065,3,2,5.2,3.41
49066,0,3,0.0,4.47
49067,4,3,2.4,3.08
49068,0,0,2.0,4.94
49069,1,3,6.1,6.36
49070,4,1,5.4,4.58
49071,1,1,5.5,5.88
49072,2,4,1.4,4.64
49073,5,2,3.8,5.24
49074,5,4,7.2,6.87
49075,6,2,2.2,4.14
49076,1,1,5.3,6.56
49077,1,4,7.4,6.64
49078,0,3,3.1,5.76
49079,7,1,6.1,3.93
49080,2,4,4.8,4.1
49081,2,1,6.9,3.98
49082,5,0,9.5,5.01
49083,1,3,9.1,4.45
49084,2,0,9.2,7.88
49085,2,1,3.0,4.83
49086,6,1,3.2,5.68
49087,2,2,3.7,6.05
49088,4,1,9.6,4.02
49089,2,2,8.7,4.93
49090,6,4,2.4,6.42
49091,0,3,8.9,6.45
49092,0,4,3.3,5.31
49093,1,2,3.2,5.61
49094,6,1,4.5,6.38
49095,7,1,7.6,4.62
49096,3,3,1.3,6.68
49097,4,1,2.3,7.16
49098,3,0,4.2,5.73
49099,6,3,2.9,2.65
49100,6,0,7.6,5.09
49101,3,3,4.0,5.25
49102,3,0,2.9,7.23
49103,4,0,0.2,7.22
49104,0,2,1.5,3.45
49105,2,0,2.3,4.48
49106,5,0,0.6,6.85
49107,7,0,4.8,4.69
49108,4,2,9.7,6.52
49109,2,1,9.8,3.98
49110,2,2,3.6,5.24
49111,1,3,6.9,4.61
49112,3,4,3.5,3.54
49113,3,4,7.4,6.81
49114,6,4,4.8,5.48
49115,2,3,7.8,4.26
49116,0,0,4.3,5.07
49117,0,4,6.4,3.94
49118,2,2,9.2,5.15
49119,0,2,0.7,4.95
49120,1,3,2.8,5.56
49121,1,3,6.9,6.3
49122,5,3,0.7,5.59
49123,6,2,9.6,2.13
49124,6,3,2.9,4.67
49125,3,0,9.1,4.59
49126,1,0,5.5,4.95
49127,6,3,1.6,5.58
49128,6,4,8.9,5.28
49129,2,2,8.8,2.97
49130,0,3,6.7,5.13
49131,0,4,2.9,7.98
49132,7,3,8.7,5.6
49133,1,0,4.6,4.31
49134,6,1,2.4,4.85
49135,7,4,3.8,5.08
49136,0,1,2.6,5.33
49137,5,3,7.1,2.94
49138,7,2,4.9,2.98
49139,6,0,1.0,5.37
49140,5,1,9.5,4.68
49141,6,0,6.8,4.78
49142,2,1,5.1,5.86
49143,4,2,2.3,6.35
49144,2,1,1.5,6.26
49145,4,3,7.3,3.7
49146,0,0,0.1,7.16
49147,6,0,9.1,3.79
49148,2,4,3.2,4.69
49149,2,0,4.4,3.45
49150,2,2,0.2,4.28
49151,4,3,4.2,5.42
49152,2,2,10.0,7.22
49153,7,2,2.8,3.44
49154,2,4,9.7,2.56
49155,0,0,1.8,5.21
49156,0,2,7.4,4.53
49157,0,3,1.9,5.4
49158,4,0,2.9,4.37
49159,7,1,3.5,5.6
49160,5,1,6.2,5.78
49161,3,2,7.8,4.41
49162,3,3,5.9,4.59
49163,1,2,1.9,4.28
49164,0,0,1.3,4.14
49165,4,2,7.2,6.29
49166,4,4,2.9,4.86
49167,7,0,3.4,4.54
49168,2,3,2.8,5.81
49169,1,4,0.2,4.36
49170,4,4,0.4,5.64
49171,2,1,7.1,5.57
49172,6,4,8.4,5.85
49173,0,3,6.2,6.71
49174,5,0,1.5,2.76
49175,1,1,5.2,3.92
49176,2,3,1.9,3.57
49177,0,0,4.8,4.26
49178,6,3,3.1,2.95
49179,7,4,1.9,3.0
49180,0,1,8.1,4.63
49181,1,4,9.0,4.95
49182,5,2,1.7,5.74
49183,3,2,7.6,4.94
49184,5,2,9.8,5.24
49185,1,0,4.3,3.76
49186,0,0,3.2,6.42
49187,5,3,2.6,3.77
49188,7,3,7.3,4.73
49189,7,2,4.1,2.33
49190,0,3,9.5,5.71
49191,1,2,1.1,5.23
49192,5,4,8.6,6.64
49193,4,4,1.8,5.17
49194,2,3,4.6,8.48
49195,5,3,8.7,3.23
49196,1,3,5.7,6.36
49197,5,1,8.5,5.22
49198,2,0,8.2,3.48
49199,5,0,2.5,5.29
49200,2,4,5.1,3.91
49201,0,1,8.9,5.16
49202,5,2,4.4,4.54
49203,5,4,0.4,4.68
49204,1,0,8.6,3.36
49205,0,1,7.7,6.17
49206,5,1,1.8,6.84
49207,2,2,9.5,6.38
49208,3,2,4.0,6.67
49209,3,1,7.0,5.25
49210,2,2,0.1,6.67
49211,7,4,5.5,4.58
49212,2,4,4.4,5.92
49213,7,3,0.9,3.6
49214,1,0,4.1,4.08
49215,2,1,7.4,6.68
49216,5,2,9.6,4.12
49217,0,1,6.3,4.58
49218,3,4,7.1,4.32
49219,0,1,1.2,6.3
49220,7,2,5.9,5.94
49221,5,2,3.6,4.75
49222,5,3,4.2,3.9
49223,4,3,6.3,3.72
49224,3,3,7.2,3.41
49225,5,4,8.0,6.12
49226,1,0,9.8,4.52
49227,1,3,4.6,5.3
49228,2,2,4.6,5.29
49229,5,3,2.3,4.15
49230,6,0,8.2,5.32
49231,0,1,5.2,5.6
49232,3,1,6.1,5.21
49233,3,2,0.1,3.92
49234,6,3,1.8,4.57
49235,5,3,8.3,3.53
49236,2,3,8.4,5.76
49237,1,0,7.4,4.33
49238,2,1,2.8,4.58
49239,1,3,9.5,5.78
49240,6,3,3.9,5.54
49241,1,1,1.9,4.91
49242,2,2,0.2,3.54
49243,7,4,9.4,5.53
49244,5,4,6.8,4.45
49245,1,2,8.2,6.66
49246,5,3,7.4,4.1
49247,0,4,9.2,3.91
49248,4,2,0.2,6.23
49249,1,4,6.4,3.04
49250,1,0,4.2,1.97
49251,1,0,2.8,5.57
49252,2,3,3.5,3.51
49253,7,4,2.1,3.18
49254,0,0,3.5,4.61
49255,2,3,7.2,5.49
49256,5,2,2.9,6.23
49257,2,3,4.2,6.02
49258,1,2,9.6,6.79
49259,0,3,9.2,5.19
49260,5,0,8.5,5.26
49261,1,0,3.5,4.22
49262,6,3,5.5,8.17
49263,5,4,0.0,5.0
49264,6,3,1.1,3.99
49265,3,0,8.7,4.0
49266,3,1,5.3,2.35
49267,4,4,1.0,7.62
49268,2,2,6.3,5.4
49269,7,3,4.7,4.02
49270,7,3,8.0,5.54
49271,1,3,6.2,3.87
49272,6,1,6.0,6.45
49273,7,3,3.2,4.7
49274,1,3,4.0,5.63
49275,6,1,2.5,5.1
49276,6,2,5.8,3.36
49277,4,1,8.2,3.42
49278,1,1,7.1,4.78
49279,1,1,5.4,5.03
49280,3,3,0.3,6.39
49281,0,1,1.4,2.99
49282,0,4,4.5,4.48
49283,6,2,5.4,3.48
49284,1,0,8.2,5.11
49285,6,4,6.4,5.48
49286,3,3,8.7,4.25
49287,1,1,7.4,4.42
49288,7,4,9.2,3.79
49289,5,0,7.3,5.96
49290,2,4,1.2,4.49
49291,2,4,3.6,5.11
49292,6,0,8.9,5.85
49293,4,0,7.5,6.02
49294,2,3,6.1,4.55
49295,1,1,2.1,6.18
49296,0,3,9.0,5.12
49297,6,2,9.3,4.44
49298,7,3,4.3,6.17
49299,1,2,4.8,5.75
49300,1,1,9.0,4.91
49301,3,4,8.9,4.88
49302,6,2,1.9,3.36
49303,7,0,2.1,2.7
49304,1,0,0.1,4.71
49305,1,4,2.3,3.22
49306,5,2,3.7,6.2
49307,6,2,6.0,4.47
49308,4,4,8.0,7.42
49309,4,0,0.9,5.69
49310,6,4,5.0,5.45
49311,3,4,5.1,5.82
49312,2,1,3.2,6.29
49313,0,0,8.9,4.66
49314,5,2,1.5,4.97
49315,3,4,2.9,4.52
49316,0,2,7.4,6.17
49317,6,0,4.9,3.38
49318,7,3,4.0,2.6
49319,1,4,1.3,3.68
49320,0,2,6.5,4.39
49321,7,0,3.0,5.85
49322,3,1,0.9,5.12
49323,5,2,1.8,2.46
49324,3,3,5.2,3.93
49325,1,4,2.8,6.33
49326,0,3,5.6,5.77
49327,7,4,8.3,5.07
49328,6,1,4.6,7.04
49329,7,2,8.6,3.15
49330,6,1,3.3,4.65
49331,1,1,7.1,3.87
49332,3,2,7.6,3.81
49333,7,0,1.1,2.79
49334,2,2,7.2,5.89
49335,0,4,7.2,4.25
49336,6,1,7.0,6.34
49337,5,1,9.2,4.84
49338,3,1,2.5,6.09
49339,1,1,3.8,4.89
49340,2,0,7.3,3.96
49341,1,0,2.9,4.86
49342,0,1,1.5,6.28
49343,5,3,5.2,6.53
49344,2,4,2.4,2.85
49345,4,4,1.5,5.39
49346,2,0,2.8,4.87
49347,7,3,1.2,2.8
49348,6,4,6.8,4.46
49349,2,4,7.0,4.58
49350,3,3,3.7,3.22
49351,0,4,2.6,4.62
49352,0,0,1.0,4.85
49353,5,1,0.5,6.31
49354,1,2,2.5,2.42
49355,5,4,6.3,6.06
49356,5,1,8.9,5.85
49357,4,2,7.7,5.96
49358,2,4,5.0,6.04
49359,4,0,8.3,3.77
49360,0,1,1.0,4.98
49361,3,0,6.0,4.8
49362,0,4,7.0,4.51
49363,6,1,4.3,5.21
49364,6,2,0.6,7.89
49365,5,1,6.5,3.15
49366,0,2,4.4,5.2
49367,6,1,6.4,3.08
49368,7,3,0.3,6.91
49369,7,2,3.0,3.64
49370,1,0,5.0,6.57
49371,1,1,9.6,6.33
49372,4,4,9.1,5.64
49373,2,2,6.9,4.66
49374,1,3,0.6,4.81
49375,3,3,2.6,3.73
49376,2,2,1.3,6.21
49377,5,2,2.0,6.3
49378,4,2,2.5,3.64
49379,2,4,8.5,4.34
49380,5,1,4.2,5.54
49381,2,4,8.1,4.74
49382,4,2,5.1,5.16
49383,7,3,7.0,3.96
49384,4,3,8.3,5.95
49385,2,1,7.5,5.17
49386,3,2,9.8,6.64
49387,2,1,6.5,6.7
49388,6,4,8.5,5.79
49389,5,3,8.9,6.7
49390,7,0,7.7,4.8
49391,3,4,8.8,4.84
49392,3,2,5.3,5.09
49393,0,0,5.8,5.96
49394,7,1,1.4,5.02
49395,5,3,1.3,5.81
49396,7,4,5.8,7.62
49397,0,2,7.1,2.87
49398,6,1,9.8,6.42
49399,0,3,7.0,5.75
49400,7,1,3.2,5.48
49401,0,1,6.2,2.59
49402,2,4,2.1,5.26
49403,6,0,4.2,5.92
49404,4,1,5.9,5.63
49405,2,4,5.0,2.22
49406,6,1,1.6,6.16
49407,7,3,4.7,6.46
49408,2,3,8.4,7.26
49409,3,4,8.9,4.85
49410,6,0,1.5,5.16
49411,3,0,6.0,5.41
49412,3,3,4.1,4.29
49413,1,3,7.1,5.58
49414,7,2,6.4,3.58
49415,4,4,4.8,3.65
49416,1,4,8.1,5.17
49417,7,1,6.2,6.31
49418,0,0,8.4,4.47
49419,4,4,4.2,1.86
49420,7,2,3.3,5.07
49421,0,4,7.1,4.22
49422,3,2,9.8,5.67
49423,4,0,1.6,4.82
49424,4,2,7.9,3.9
49425,7,1,3.2,4.08
49426,6,3,3.2,6.7
49427,4,3,5.5,4.28
49428,1,3,1.7,6.73
49429,5,4,0.4,6.11
49430,3,4,9.9,4.62
49431,7,4,4.1,7.14
49432,0,1,7.6,4.03
49433,5,4,2.5,7.02
49434,6,4,3.9,5.68
49435,0,2,9.3,5.47
49436,3,4,6.9,7.75
49437,3,2,0.9,6.76
49438,4,3,1.7,3.92
49439,6,1,2.5,4.8
49440,1,1,6.2,4.18
49441,3,3,2.9,5.73
49442,4,0,8.4,4.62
49443,3,3,7.1,6.09
49444,0,0,4.6,4.23
49445,1,3,6.1,5.5
49446,6,3,7.1,5.01
49447,7,2,3.1,6.72
49448,4,2,9.5,2.79
49449,4,3,0.7,5.87
49450,2,3,0.7,5.28
49451,3,4,8.7,3.16
49452,6,4,3.2,3.88
49453,6,0,1.7,3.63
49454,7,2,1.9,6.51
49455,4,2,8.7,5.47
49456,3,1,0.3,4.36
49457,4,4,6.5,6.59
49458,2,0,2.3,3.22
49459,3,2,8.3,4.55
49460,1,2,7.0,5.82
49461,3,4,6.2,5.36
49462,0,3,1.0,3.09
49463,6,0,0.3,4.5
49464,2,2,1.1,5.01
49465,5,0,3.8,3.93
49466,0,0,4.3,5.18
49467,1,3,4.4,7.71
49468,7,2,0.6,6.27
49469,0,1,2.7,2.92
49470,4,1,3.8,4.44
49471,6,2,1.8,4.84
49472,0,1,8.2,5.33
49473,0,1,4.4,5.52
49474,3,4,4.6,5.41
49475,2,2,0.5,5.8
49476,7,3,1.2,5.18
49477,5,2,1.7,4.95
49478,1,2,9.5,5.91
49479,7,4,2.3,5.36
49480,3,2,2.5,3.56
49481,0,1,4.3,5.06
49482,0,2,9.8,4.51
49483,6,2,2.0,6.48
49484,7,3,0.6,6.5
49485,3,0,6.9,6.37
49486,2,0,4.2,2.44
49487,7,4,1.2,4.08
49488,3,3,6.8,5.87
49489,6,4,0.0,1.77
49490,7,2,6.3,5.43
49491,6,1,6.9,3.72
49492,5,2,8.1,6.72
49493,0,3,3.9,4.07
49494,6,3,4.4,2.44
49495,7,2,0.7,5.97
49496,3,3,3.1,5.67
49497,3,4,8.2,5.37
49498,1,2,2.8,3.21
49499,7,3,6.1,5.63
49500,4,2,5.2,5.98
49501,6,2,5.4,6.33
49502,3,3,4.5,5.77
49503,6,2,8.0,3.34
49504,1,2,6.2,4.35
49505,5,0,5.3,3.17
49506,2,0,9.0,6.28
49507,6,0,1.5,7.1
49508,2,4,1.7,4.29
49509,0,0,2.8,4.77
49510,4,3,8.4,5.35
49511,2,1,9.1,3.62
49512,0,2,4.0,3.52
49513,3,1,1.0,4.93
49514,7,2,7.9,3.48
49515,2,2,7.0,4.3
49516,1,1,6.3,4.89
49517,3,1,4.3,4.57
49518,5,3,2.5,4.35
49519,3,3,2.4,5.61
49520,6,1,8.6,3.54
49521,3,4,8.6,3.54
49522,0,1,1.2,3.23
49523,4,4,2.7,5.97
49524,3,0,6.9,2.39
49525,2,0,7.3,3.9
49526,6,4,9.0,5.29
49527,2,4,5.1,6.07
49528,7,1,9.1,5.6
49529,7,2,2.5,3.8
49530,5,0,3.3,5.82
49531,2,3,6.0,4.79
49532,3,4,1.3,3.75
49533,1,2,2.1,6.16
49534,2,4,5.3,6.36
49535,2,1,4.4,4.45
49536,3,0,2.1,4.44
49537,6,0,8.1,4.4
49538,1,0,6.9,6.05
49539,6,0,3.7,6.67
49540,1,4,7.4,5.31
49541,7,3,4.9,5.53
49542,2,4,0.8,4.54
49543,0,4,1.4,3.84
49544,5,4,4.9,4.66
49545,2,3,1.0,5.07
49546,6,0,2.2,3.84
49547,0,2,8.7,6.15
49548,3,3,3.6,7.36
49549,1,4,2.3,3.95
49550,7,0,1.6,3.65
49551,0,4,5.4,5.78
49552,4,0,3.8,5.34
49553,4,1,7.0,4.2
49554,6,2,4.0,5.3
49555,0,1,6.1,4.08
49556,7,1,8.3,5.57
49557,3,0,1.4,5.06
49558,2,1,9.2,6.04
49559,0,3,0.7,3.49
49560,3,4,9.5,4.91
49561,4,3,6.2,3.84
49562,2,4,9.5,5.16
49563,2,2,7.6,3.84
49564,3,4,8.1,3.27
49565,3,3,2.5,3.76
49566,3,3,5.9,4.76
49567,1,2,4.8,6.38
49568,5,0,2.7,5.21
49569,6,3,0.2,4.75
49570,3,4,2.5,3.75
49571,1,3,3.4,4.95
49572,7,1,1.9,3.83
49573,5,4,6.0,4.85
49574,3,0,2.7,4.79
49575,5,2,0.7,3.2
49576,6,4,0.4,5.44
49577,1,1,3.3,5.07
49578,2,0,2.6,4.2
49579,6,4,5.1,6.52
49580,1,0,5.3,3.65
49581,7,4,7.5,5.39
49582,6,4,6.6,8.23
49583,2,1,1.6,6.45
49584,1,2,3.2,5.18
49585,2,2,0.9,5.2
49586,2,0,2.3,4.45
49587,6,1,3.3,4.81
49588,1,3,7.9,5.02
49589,1,3,5.3,3.96
49590,7,4,5.6,4.97
49591,4,3,8.0,3.62
49592,6,1,9.0,4.52
49593,0,0,9.4,5.28
49594,4,2,3.7,4.68
49595,5,0,3.1,4.51
49596,2,2,0.3,4.82
49597,5,2,9.8,6.98
49598,0,4,4.9,3.27
49599,3,4,6.8,4.71
49600,5,1,0.6,5.11
49601,3,2,3.8,5.73
49602,6,1,7.6,6.39
49603,2,4,7.7,4.25
49604,1,1,7.2,5.82
49605,6,4,0.8,3.42
49606,0,1,3.9,3.68
49607,0,1,3.1,4.4
49608,7,0,6.2,2.55
49609,1,2,0.3,5.76
49610,1,0,5.5,6.76
49611,5,3,8.7,2.33
49612,7,4,2.4,4.52
49613,7,0,8.0,4.5
49614,0,0,3.8,3.83
49615,0,3,8.2,5.93
49616,4,3,2.8,4.94
49617,1,1,4.3,6.07
49618,1,3,4.0,6.16
49619,5,2,1.8,7.68
49620,3,3,8.0,6.17
49621,3,0,4.4,6.73
49622,4,2,0.2,6.48
49623,2,2,3.3,5.39
49624,0,3,5.0,4.53
49625,3,3,3.8,4.34
49626,2,4,4.6,3.38
49627,7,1,8.5,2.67
49628,4,4,2.6,5.19
49629,4,4,3.5,5.57
49630,6,1,7.3,5.78
49631,2,1,7.6,3.88
49632,1,3,1.7,4.56
49633,2,4,1.3,8.24
49634,6,0,2.0,4.11
49635,1,3,7.4,4.79
49636,0,0,7.4,3.15
49637,2,4,7.1,4.61
49638,1,2,1.1,3.02
49639,6,0,0.7,5.73
49640,7,1,3.4,5.29
49641,5,0,9.7,4.37
49642,1,1,2.1,5.49
49643,0,2,9.4,4.11
49644,4,2,8.6,5.55
49645,7,3,1.7,3.53
49646,1,3,7.0,4.53
49647,3,4,2.8,6.55
49648,0,3,7.5,3.2
49649,5,2,4.8,4.95
49650,5,3,4.4,6.17
49651,5,3,5.6,5.51
49652,2,4,3.4,3.64
49653,5,4,0.8,5.07
49654,0,3,5.7,4.21
49655,6,2,2.1,3.44
49656,4,2,8.5,6.28
49657,5,1,1.3,5.34
49658,0,1,9.6,5.28
49659,0,3,1.8,5.43
49660,0,2,6.4,5.32
49661,5,2,8.3,4.72
49662,0,0,3.1,6.01
49663,0,4,8.7,6.35
49664,4,3,3.7,6.32
49665,1,1,0.8,4.6
49666,0,1,4.7,5.55
49667,7,2,9.6,2.94
49668,2,3,1.3,5.96
49669,3,2,6.9,5.37
49670,1,3,1.4,4.75
49671,2,3,2.0,1.89
49672,3,0,5.3,5.91
49673,4,1,0.1,3.7
49674,5,1,0.1,5.09
49675,5,3,9.4,6.63
49676,4,4,0.0,3.52
49677,0,2,9.4,4.57
49678,7,3,5.1,5.25
49679,2,0,1.1,4.04
49680,3,2,5.1,4.25
49681,3,3,9.4,5.42
49682,5,2,4.4,3.22
49683,3,2,1.3,4.73
49684,7,1,6.5,4.87
49685,3,1,5.9,4.91
49686,2,2,0.8,5.71
49687,1,0,4.3,4.45
49688,0,2,8.8,4.99
49689,5,2,1.7,4.4
49690,7,4,2.5,4.01
49691,5,1,7.0,4.39
49692,3,0,3.2,4.17
49693,0,1,2.5,6.22
49694,4,0,10.0,5.96
49695,2,3,4.0,4.99
49696,1,2,9.1,5.5
49697,6,0,5.8,2.26
49698,4,2,7.6,5.96
49699,4,4,6.7,5.44
49700,0,0,0.5,6.13
49701,4,3,8.9,5.56
49702,1,1,7.2,4.56
49703,5,1,9.0,4.62
49704,3,4,8.2,3.77
49705,2,3,5.5,3.56
49706,4,2,7.9,5.84
49707,6,1,9.9,6.62
49708,6,0,3.2,5.93
49709,5,2,8.9,7.11
49710,5,0,8.1,5.5
49711,3,0,2.9,6.34
49712,5,0,3.6,3.36
49713,0,2,8.3,4.99
49714,1,4,7.3,7.79
49715,5,3,1.9,7.32
49716,7,3,5.3,3.54
49717,0,3,1.5,6.28
49718,4,0,4.5,7.16
49719,4,0,5.2,5.24
49720,3,2,7.7,3.92
49721,1,4,5.7,4.47
49722,7,1,5.3,5.68
49723,2,4,6.2,5.04
49724,7,4,6.2,7.52
49725,4,2,4.4,5.61
49726,2,2,5.0,3.74
49727,5,2,7.3,4.97
49728,4,1,5.1,3.91
49729,2,0,3.2,4.81
49730,7,0,7.2,6.4
49731,2,4,8.3,6.06
49732,2,4,0.9,5.65
49733,3,2,4.2,5.04
49734,1,3,9.4,5.82
49735,7,2,8.1,3.86
49736,0,2,6.8,6.97
49737,3,0,6.1,5.43
49738,2,0,1.0,6.16
49739,4,0,4.1,4.6
49740,3,4,3.8,3.98
49741,0,4,0.9,6.39
49742,7,2,3.0,5.94
49743,1,4,1.1,7.65
49744,6,3,8.5,6.76
49745,0,0,3.8,4.35
49746,0,1,7.1,3.58
49747,2,1,7.2,5.13
49748,6,2,6.7,5.6
49749,3,1,0.7,5.0
49750,5,4,0.3,6.4
49751,2,0,3.8,5.76
49752,0,0,0.4,4.79
49753,4,4,3.8,5.27
49754,5,2,5.9,5.06
49755,5,4,8.9,6.42
49756,2,1,4.7,6.43
49757,0,0,6.9,5.26
49758,3,3,8.9,5.02
49759,2,0,6.2,4.24
49760,4,3,6.7,4.72
49761,7,0,8.1,4.91
49762,4,3,6.8,3.83
49763,6,1,5.5,2.98
49764,3,2,0.6,6.27
49765,1,1,4.6,6.39
49766,5,1,7.0,4.8
49767,6,2,4.1,5.64
49768,2,1,1.3,7.17
49769,4,1,1.1,3.47
49770,7,1,7.2,3.14
49771,3,1,0.6,6.27
49772,2,2,3.7,4.72
49773,6,3,5.2,5.11
49774,1,3,1.4,5.44
49775,6,3,2.2,4.25
49776,0,3,0.3,4.64
49777,1,0,0.7,5.62
49778,7,2,7.3,5.74
49779,4,1,1.7,6.52
49780,0,1,6.9,4.31
49781,7,3,0.1,4.34
49782,7,1,4.9,5.01
49783,4,3,7.8,3.5
49784,2,2,5.8,4.5
49785,7,4,4.7,5.83
49786,4,0,3.0,4.13
49787,2,0,6.9,5.53
49788,6,2,7.8,3.9
49789,6,3,4.2,6.8
49790,6,4,4.4,4.14
49791,4,0,9.2,6.1
49792,2,2,3.2,3.74
49793,0,4,5.5,5.42
49794,4,1,5.6,5.01
49795,0,3,8.5,4.19
49796,1,4,8.1,5.79
49797,7,4,4.0,6.29
49798,7,2,4.6,4.74
49799,2,1,10.0,4.81
49800,1,3,2.4,4.29
49801,4,1,0.4,5.59
49802,4,3,3.9,2.95
49803,2,2,2.5,4.84
49804,7,4,3.5,5.34
49805,4,2,5.5,6.26
49806,6,2,7.8,4.27
49807,2,2,3.4,5.8
49808,5,3,1.2,5.54
49809,3,2,4.2,3.7
49810,2,2,4.2,5.5
49811,4,0,4.2,4.59
49812,0,0,2.7,5.18
49813,1,4,2.9,6.68
49814,5,1,7.5,5.49
49815,3,1,3.9,5.48
49816,7,4,0.2,6.15
49817,5,3,1.2,5.75
49818,6,3,4.7,4.83
49819,3,0,6.6,2.9
49820,7,1,3.4,4.6
49821,1,2,3.2,6.11
49822,0,3,6.6,5.93
49823,3,2,7.8,7.12
49824,7,4,1.5,4.35
49825,5,3,2.1,6.07
49826,6,3,2.7,2.56
49827,7,2,2.1,4.59
49828,1,2,6.1,3.85
49829,7,2,1.2,3.33
49830,5,4,5.3,5.96
49831,4,2,1.6,6.21
49832,3,0,8.7,3.97
49833,2,3,7.1,5.3
49834,0,4,6.5,4.34
49835,5,3,1.5,7.14
49836,7,3,9.0,5.95
49837,7,0,4.6,4.81
49838,0,0,6.5,4.04
49839,6,1,1.4,5.55
49840,1,3,9.8,6.53
49841,1,1,6.9,5.44
49842,4,0,3.8,5.67
49843,0,1,9.2,6.53
49844,0,0,1.8,7.14
49845,5,0,9.8,5.53
49846,2,2,1.4,4.26
49847,1,2,4.4,3.48
49848,5,2,3.8,6.17
49849,2,0,3.5,5.02
49850,7,0,2.9,5.16
49851,3,3,0.6,4.56
49852,1,4,1.5,6.51
49853,7,4,0.1,4.68
49854,3,2,7.4,5.24
49855,3,2,9.4,3.98
49856,3,1,10.0,4.25
49857,7,4,0.6,7.11
49858,7,0,3.3,5.02
49859,2,4,0.4,5.77
49860,5,3,5.4,5.32
49861,5,1,9.7,2.65
49862,6,1,1.8,5.61
49863,7,4,1.6,3.11
49864,6,2,1.5,5.58
49865,3,4,2.6,5.21
49866,6,4,3.3,4.36
49867,4,1,3.8,3.48
49868,5,2,0.3,6.15
49869,2,0,2.7,4.09
49870,1,4,5.9,4.27
49871,3,0,5.4,4.83
49872,2,2,9.5,4.42
49873,7,2,3.0,5.6
49874,3,1,2.2,6.08
49875,2,0,6.7,6.56
49876,2,4,7.1,6.3
49877,5,1,9.5,5.4
49878,1,4,7.9,2.86
49879,4,1,7.6,6.35
49880,3,0,3.9,5.42
49881,0,1,0.5,6.34
49882,5,4,8.4,6.19
49883,2,2,4.8,4.96
49884,4,0,5.4,5.39
49885,7,0,7.6,4.94
49886,5,3,5.0,3.76
49887,7,4,8.9,4.8
49888,0,1,8.8,4.26
49889,2,4,0.2,4.97
49890,7,0,6.8,5.83
49891,0,3,1.2,5.51
49892,5,4,7.4,4.72
49893,5,2,2.9,4.18
49894,4,2,6.7,6.14
49895,1,4,2.8,2.84
49896,2,0,0.3,4.51
49897,4,3,8.1,1.9
49898,6,0,3.1,3.72
49899,6,0,3.2,2.05
49900,3,3,7.2,5.88
49901,7,0,2.3,4.16
49902,5,3,8.3,5.95
49903,5,4,9.5,5.11
49904,0,2,1.5,3.9
49905,4,3,3.7,5.27
49906,6,1,5.5,5.4
49907,2,1,3.9,4.68
49908,3,0,1.0,2.1
49909,6,4,7.2,4.83
49910,7,4,9.9,2.53
49911,2,1,9.1,4.99
49912,7,1,0.7,4.85
49913,6,1,3.7,4.17
49914,3,2,9.5,4.07
49915,3,4,5.0,4.06
49916,7,1,7.1,6.65
49917,3,2,0.1,4.88
49918,5,0,5.0,5.39
49919,6,0,5.1,4.52
49920,4,1,4.1,6.58
49921,2,4,3.5,2.8
49922,5,1,7.9,6.32
49923,0,3,0.5,4.88
49924,0,2,2.0,4.94
49925,4,3,1.8,4.68
49926,6,1,9.6,3.83
49927,1,0,6.5,5.49
49928,0,2,2.8,7.33
49929,6,0,0.2,5.36
49930,6,2,1.7,3.66
49931,5,1,0.8,5.01
49932,7,2,2.2,4.81
49933,3,2,4.9,4.8
49934,4,0,6.7,5.65
49935,7,0,3.7,4.4
49936,2,1,6.5,7.35
49937,1,4,7.2,2.73
49938,1,3,8.5,5.69
49939,3,0,2.2,5.24
49940,0,4,3.1,5.67
49941,4,1,4.8,5.74
49942,7,2,6.9,5.31
49943,0,2,0.9,3.76
49944,1,2,4.4,5.12
49945,1,4,7.2,6.45
49946,4,1,7.6,4.92
49947,6,4,1.0,5.71
49948,4,1,3.0,5.97
49949,5,1,8.8,2.89
49950,0,0,3.5,3.69
49951,0,0,1.2,4.09
49952,1,3,1.6,5.26
49953,0,1,9.0,5.21
49954,0,4,3.0,3.19
49955,7,0,1.3,5.51
49956,3,0,7.6,4.1
49957,2,2,0.7,4.96
49958,3,3,3.1,4.81
49959,6,2,5.4,5.19
49960,2,2,4.3,5.64
49961,3,0,8.7,3.06
49962,5,1,8.0,4.78
49963,0,0,3.4,6.66
49964,1,3,9.0,4.97
49965,2,0,2.8,6.1
49966,5,2,2.0,5.14
49967,2,1,5.2,4.56
49968,3,3,4.9,2.88
49969,7,1,4.5,4.11
49970,7,0,5.1,4.19
49971,1,4,8.0,5.1
49972,1,4,9.9,5.19
49973,1,2,1.3,4.83
49974,7,0,3.1,4.84
49975,7,0,0.1,4.15
49976,6,3,4.2,3.6
49977,7,1,3.1,4.2
49978,5,2,0.9,4.67
49979,2,1,5.7,5.2
49980,2,3,6.0,5.36
49981,2,1,7.6,4.46
49982,3,4,7.5,2.87
49983,7,3,0.7,5.49
49984,2,4,9.1,4.85
49985,5,4,7.4,4.44
49986,1,0,3.2,5.13
49987,3,1,7.5,6.08
49988,1,0,4.7,5.39
49989,4,0,2.2,5.7
49990,6,2,1.1,4.09
49991,2,2,9.5,4.63
49992,4,2,9.3,1.18
49993,2,1,4.2,5.65
49994,3,3,3.0,4.55
49995,3,0,1.0,3.63
49996,2,1,0.4,6.03
49997,0,0,2.7,6.02
49998,4,4,7.5,6.54
49999,4,0,7.4,3.76
