,Cancer_Type,Cancer_Stage,Survival_Years,Target_Severity_Score
20433,3,4,3.5,5.55
28866,2,3,7.4,5.72
42817,6,1,10.0,4.14
9543,7,0,8.6,5.01
20619,1,1,5.2,3.82
10242,3,2,2.7,4.39
42866,0,1,3.7,4.35
21641,1,1,7.2,5.49
33219,1,2,5.6,6.87
6222,6,0,3.1,4.33
21529,6,0,0.3,3.65
40628,0,1,7.5,2.85
41747,6,4,3.2,3.61
44923,6,4,1.3,2.4
4693,1,0,0.4,5.68
21305,5,1,5.8,4.59
33901,5,1,5.2,5.67
40344,6,0,1.4,7.0
46541,3,3,1.1,2.67
30106,4,0,6.3,5.49
17049,6,2,0.3,4.15
41940,6,0,8.0,7.05
35426,1,0,8.7,5.87
9594,6,0,3.0,3.05
4568,6,1,8.3,5.01
49981,2,1,7.6,4.46
35251,6,4,2.9,4.53
14070,6,1,0.1,3.19
884,7,1,2.4,5.54
22629,6,4,8.1,2.97
11581,6,2,3.0,4.1
1197,1,0,2.6,6.01
12174,2,1,9.4,5.23
9629,6,1,1.0,3.62
43904,0,1,9.4,4.86
27544,7,4,2.2,5.68
23847,1,3,7.0,6.04
12094,5,4,2.6,2.34
30732,0,2,5.4,4.42
14322,0,2,7.2,3.56
19097,0,1,5.0,5.1
3256,3,1,3.5,4.3
27924,3,4,7.4,5.34
2204,6,0,5.5,7.3
17564,7,3,5.9,4.82
17963,1,2,2.9,5.3
18431,0,1,8.2,5.14
34373,4,2,2.5,7.4
31446,3,4,6.4,4.48
14858,1,1,4.5,6.75
40421,6,0,8.1,7.0
15986,5,1,8.4,4.61
3148,1,2,4.4,6.67
207,0,2,2.2,4.09
2874,1,2,8.9,6.97
44485,3,3,5.8,5.8
45634,3,2,8.1,4.68
882,6,0,5.8,3.7
43560,2,0,9.2,4.26
37985,1,1,6.5,4.81
23892,7,3,5.0,4.84
22170,0,1,8.9,5.56
15199,0,0,8.0,6.59
6631,1,4,5.9,4.4
39449,1,3,9.3,6.15
16975,6,0,6.7,2.76
27592,4,0,2.3,6.26
19591,0,3,0.5,5.81
8812,2,3,0.5,4.08
29018,7,2,4.1,3.77
14120,2,4,7.1,2.02
3881,3,0,9.7,4.24
41122,1,2,8.2,5.91
44063,4,4,4.9,6.46
34172,0,3,8.5,5.95
35781,3,2,8.7,5.96
3291,0,1,7.1,4.88
11481,1,1,9.4,6.01
16955,2,4,4.9,3.91
26076,5,2,0.4,6.67
38503,1,4,5.7,5.09
46529,6,2,8.4,4.4
44721,7,3,7.5,5.65
27886,2,0,4.8,5.05
14984,6,0,2.3,5.82
6066,2,2,9.2,3.0
5083,3,3,2.9,5.24
23097,5,4,4.9,3.34
2668,3,4,3.0,4.52
11389,5,2,2.5,6.01
37690,4,2,3.5,3.43
32994,1,0,2.5,6.8
10653,4,4,0.2,4.26
33088,5,1,8.5,5.83
24258,2,4,4.5,4.85
40617,7,1,7.9,5.94
43146,2,3,1.6,5.07
15315,2,0,2.6,4.92
44935,1,4,6.9,2.96
37724,6,1,4.6,3.84
15058,6,4,6.5,4.8
21999,3,0,6.9,6.12
38167,4,1,0.5,2.33
45866,1,0,6.9,5.36
10487,1,2,2.2,5.56
39423,7,3,6.1,6.38
29575,1,2,6.2,5.22
45368,5,2,8.5,5.55
26553,2,2,6.0,6.08
1104,1,3,0.2,5.72
29223,6,3,3.6,5.13
2169,3,4,6.1,7.63
37153,0,4,0.2,4.3
36552,7,1,1.2,6.67
40468,7,3,9.5,4.93
22692,0,2,5.8,5.56
2524,2,4,6.5,6.29
35336,5,1,4.9,4.58
47673,3,0,3.4,5.6
1977,1,1,5.2,3.94
21680,1,0,1.1,4.88
38575,0,3,2.4,4.46
36401,7,0,5.9,4.17
43620,4,4,9.1,5.7
40471,1,1,3.2,5.33
22628,4,2,0.1,5.04
5539,0,2,8.8,6.8
34600,2,4,8.0,3.39
21433,2,0,9.8,4.22
49142,2,1,5.1,5.86
37933,2,3,4.9,5.51
4351,1,3,1.7,5.05
15499,0,0,6.6,3.24
6140,4,3,5.8,6.65
27782,1,1,5.8,4.45
44648,5,2,9.1,5.34
45031,2,0,1.4,3.06
47820,1,2,3.6,5.05
33018,6,3,9.5,5.76
43137,3,4,4.3,3.92
17628,5,4,8.1,4.85
44938,1,2,6.2,3.15
15769,3,4,6.1,5.93
19146,5,4,6.7,5.63
33829,0,3,0.5,2.99
12718,3,3,8.6,5.78
32504,1,4,0.1,3.33
21594,0,3,3.1,5.37
27494,5,3,5.8,4.36
20644,1,3,6.6,2.62
45264,0,2,3.9,3.62
43727,4,1,4.5,3.35
2727,0,0,0.2,7.02
12497,2,0,2.6,3.57
19118,5,4,1.9,3.92
41183,7,0,4.3,5.84
42676,7,3,3.1,4.68
19505,6,0,1.2,5.12
18501,5,3,2.7,7.24
16545,2,3,5.5,3.32
44219,5,2,8.3,5.79
37976,3,4,5.0,5.69
34235,2,3,7.1,4.79
25720,3,3,5.1,3.83
48591,3,4,5.5,3.33
43001,2,0,7.4,6.92
19213,1,1,6.9,5.27
1793,6,3,7.2,5.5
12316,3,0,5.4,3.58
4838,5,4,7.5,5.48
14318,5,3,9.0,4.58
3116,1,3,9.4,5.71
38926,6,4,0.9,4.65
45855,3,2,2.4,3.73
29110,7,0,7.3,4.79
34910,4,0,5.0,7.67
6464,1,3,1.8,5.79
13331,3,4,7.7,4.42
26604,4,4,9.4,4.85
3864,2,2,3.5,5.67
34560,1,4,8.7,3.51
9704,0,3,7.4,2.47
20428,6,2,6.8,6.99
37708,2,3,6.9,3.74
36520,5,0,2.4,4.27
27196,2,4,3.0,2.02
28842,1,1,9.4,4.15
49943,0,2,0.9,3.76
20211,0,2,1.7,5.18
41696,7,1,3.2,4.38
10643,4,0,1.8,5.83
13201,2,4,4.4,4.68
35134,7,0,4.6,6.83
2710,1,0,0.8,5.02
32855,6,1,5.0,4.14
26500,6,4,3.1,4.92
1688,7,1,2.1,6.94
13679,3,0,4.8,5.54
9689,5,3,4.8,4.01
12138,6,1,2.2,3.21
39122,7,1,6.1,2.95
48438,0,0,8.8,6.09
33116,4,2,6.3,3.13
37164,3,2,0.9,4.54
31379,4,0,6.0,7.22
10737,4,4,8.2,5.05
41387,4,0,3.0,4.93
14181,6,1,2.6,5.12
39757,4,3,1.7,3.61
13912,4,2,1.9,6.29
38908,0,1,4.5,5.57
44502,5,1,4.9,4.42
49029,7,2,1.5,5.9
28266,3,0,6.6,4.86
16032,6,4,2.8,5.62
32720,5,0,8.3,6.97
11938,5,3,7.1,5.97
21913,6,0,7.8,3.68
18609,0,0,2.5,5.92
21213,2,3,0.3,2.08
1752,3,3,0.1,5.87
18338,4,2,7.9,3.19
317,7,3,4.0,5.08
8529,0,4,1.3,4.86
45652,2,0,7.0,6.44
29873,6,1,1.8,5.33
18386,1,3,8.7,3.62
24680,6,4,8.2,5.84
21849,3,3,2.3,4.47
22807,4,3,5.8,6.6
38235,3,4,1.4,2.24
25022,3,2,3.7,2.83
49437,3,2,0.9,6.76
32239,0,1,0.1,4.63
5208,3,3,6.8,4.63
14117,1,4,4.9,4.99
7470,3,4,1.4,4.79
40923,4,2,1.9,7.34
21024,7,2,6.1,5.06
4878,0,0,1.9,3.57
19371,3,3,0.1,4.25
23943,4,4,3.8,5.26
136,7,2,6.1,5.56
1124,0,3,2.4,2.27
17232,4,3,8.0,4.84
33454,2,4,1.2,4.61
33311,6,3,9.5,3.27
21123,1,1,5.5,7.85
33740,0,1,8.1,3.29
11784,2,2,7.7,5.31
6763,3,3,7.9,4.16
32263,0,1,4.0,6.45
14137,0,0,0.8,6.15
25560,4,2,8.2,4.38
16235,2,1,7.9,3.25
11664,0,1,3.2,6.53
25064,5,1,1.8,4.39
9032,5,1,3.3,6.54
31961,7,3,9.7,3.7
13471,7,2,9.0,4.89
9785,0,1,3.8,4.29
18248,5,1,6.9,5.32
20290,4,4,3.4,5.72
46204,3,1,3.3,5.98
44976,6,3,4.7,3.6
1202,0,4,0.9,6.83
38086,7,2,5.3,5.25
3893,4,4,5.1,6.09
10725,1,0,9.1,4.77
10307,5,2,0.5,5.56
43941,4,3,4.4,6.58
39865,1,1,3.1,5.07
44649,0,2,10.0,4.75
39412,3,0,2.8,6.22
39977,4,1,8.9,4.82
48685,2,2,2.3,4.64
32505,7,0,8.7,5.74
13322,1,1,5.7,6.06
23058,1,3,5.0,4.01
24389,7,0,4.8,6.06
6595,0,3,4.4,6.49
19131,4,0,9.2,4.78
16018,7,1,5.8,4.3
31582,4,1,5.8,4.23
19476,1,3,0.8,5.18
27571,2,1,3.1,5.82
8453,1,2,7.5,4.93
23800,4,0,5.3,5.55
35852,4,2,1.0,4.82
22315,3,1,1.5,3.88
2199,1,0,4.7,5.29
13765,5,4,3.5,7.21
24064,5,2,1.7,4.35
9936,4,2,9.1,6.3
7970,5,1,3.1,5.55
25792,4,3,6.4,5.9
42818,0,1,3.7,6.62
21824,3,2,6.9,5.83
36462,0,4,0.3,5.34
48843,3,3,9.5,2.85
26961,1,3,9.7,6.4
33856,2,1,1.2,3.2
33847,7,0,5.0,5.42
27174,1,1,5.3,4.57
44266,1,0,7.9,2.5
14195,3,4,0.1,3.63
17837,3,4,4.7,5.36
48806,0,4,1.8,4.21
16234,3,1,1.1,5.83
10866,4,1,4.9,3.46
43223,6,0,8.2,4.08
2809,0,0,8.2,7.59
28307,5,0,7.4,4.59
33475,6,0,5.2,6.44
22185,1,4,4.0,4.17
29699,2,3,2.3,6.39
368,6,4,1.0,5.75
25878,7,2,4.6,5.0
21623,2,2,6.7,5.85
250,7,0,0.6,4.32
31548,3,4,2.6,6.11
21043,0,4,9.9,5.21
38524,6,4,5.2,3.09
3155,0,4,9.2,5.72
28675,6,4,4.3,3.91
40874,6,3,7.9,2.92
5232,4,1,3.3,6.6
49018,1,0,2.4,3.29
49532,3,4,1.3,3.75
37094,4,3,2.4,6.01
152,7,0,8.7,4.81
26029,7,4,6.9,6.72
25041,0,0,9.3,3.11
20302,0,3,5.5,5.65
19435,3,1,9.4,4.27
36263,2,3,1.5,2.93
38061,7,0,1.4,5.97
24291,3,2,0.5,3.82
6921,0,4,8.4,4.55
45096,1,0,0.3,4.24
26383,7,4,5.1,4.31
12895,5,3,0.3,5.26
13534,7,0,7.0,5.38
35649,3,2,9.6,4.49
3010,7,0,4.8,7.12
37882,7,0,8.2,5.9
34174,5,0,5.8,4.14
25012,4,2,7.6,6.18
44504,3,2,1.5,6.76
9971,3,3,1.3,4.77
3068,3,1,0.4,3.58
1461,0,3,9.7,5.0
10265,1,0,7.1,5.59
46297,7,4,4.7,4.52
35151,6,2,9.1,4.64
11241,1,3,2.5,5.28
9152,0,4,0.2,4.18
22667,6,2,8.3,3.93
28154,7,3,1.8,5.21
38445,1,3,3.2,6.12
49487,7,4,1.2,4.08
21936,6,1,4.7,5.73
28941,7,3,4.5,5.01
10602,6,0,3.1,5.05
26419,0,3,5.1,3.95
35133,4,4,0.3,2.2
38152,0,0,6.2,4.22
3655,3,2,2.2,5.09
7144,7,1,9.5,4.03
19320,3,1,9.8,5.41
49433,5,4,2.5,7.02
15894,4,3,8.9,5.76
1662,6,2,8.2,4.78
38264,5,0,0.5,3.95
7746,1,2,6.2,5.39
31739,4,2,5.0,6.87
19108,2,0,9.4,5.67
35859,0,2,5.8,4.49
7962,4,3,4.8,3.89
21881,6,3,7.7,5.37
11402,5,4,7.5,3.54
15854,1,3,3.0,3.36
32410,5,0,8.5,6.44
27956,5,2,4.5,5.63
1990,7,1,0.6,4.36
23125,2,4,7.7,4.31
47400,7,3,3.5,4.94
8703,5,3,2.7,3.71
19903,4,2,5.1,6.88
23448,5,4,7.1,1.58
32604,4,2,0.3,4.94
19046,1,4,3.4,5.0
26381,5,2,3.3,4.9
2408,5,1,9.7,7.13
4883,3,1,9.9,3.14
8959,3,4,5.1,5.23
14635,3,2,8.1,3.33
19138,4,2,3.8,4.18
7161,7,1,2.1,3.04
34192,2,4,6.2,3.92
9792,2,2,4.2,5.88
38973,3,0,9.3,3.65
6749,3,4,4.4,6.04
49698,4,2,7.6,5.96
5024,0,3,1.1,5.35
14448,2,2,6.5,4.8
12270,4,1,7.3,3.68
49125,3,0,9.1,4.59
33592,3,3,9.2,3.92
11851,2,3,2.7,5.42
41925,3,4,6.4,5.74
22858,0,0,0.1,3.46
5166,2,3,1.5,5.12
11211,0,2,2.8,7.77
46668,0,1,8.9,6.19
26377,2,1,5.1,5.71
9716,5,2,6.0,1.87
34585,6,3,6.7,4.28
27132,2,3,1.5,6.64
29604,6,0,3.3,5.59
25816,5,4,0.9,4.98
8538,2,4,5.0,5.23
23805,3,2,0.2,5.89
11603,0,3,7.7,4.3
28513,5,2,7.9,5.44
44706,4,0,5.5,3.85
15480,4,4,1.0,4.83
23741,6,1,1.1,3.8
698,7,1,9.5,6.21
47596,3,2,7.7,4.05
31045,7,2,2.6,6.25
43999,7,3,3.5,3.65
23941,7,1,1.4,5.1
229,1,3,5.7,5.84
41357,2,0,7.3,4.97
23551,2,1,7.7,7.19
30004,7,2,8.3,5.06
27200,7,0,5.9,3.85
38591,3,3,0.4,3.72
10531,3,1,4.4,4.08
11707,1,1,2.7,3.23
47170,1,0,0.2,4.83
18101,0,1,4.0,4.96
3421,5,1,9.1,3.69
35441,6,3,7.0,5.34
22233,2,0,8.3,4.31
12860,4,2,9.4,5.8
49734,1,3,9.4,5.82
31202,5,0,8.0,5.19
34540,4,1,3.6,5.22
31653,4,1,6.6,5.79
39702,4,2,8.6,4.4
9932,1,0,5.6,5.35
17868,4,1,2.4,5.36
1690,1,2,2.5,4.88
14677,4,0,9.8,3.99
45740,6,1,9.3,4.95
18868,1,0,2.8,5.32
859,6,0,4.0,4.41
44233,6,4,4.4,1.91
18931,3,2,2.0,6.21
23881,4,0,6.9,5.93
1547,0,2,4.1,3.75
47981,3,0,9.5,4.96
18073,5,3,5.1,5.15
47973,6,2,2.4,4.41
40948,3,3,7.9,6.1
37613,5,4,3.5,6.25
18934,2,4,6.0,4.26
1487,4,0,1.9,3.92
37679,4,3,6.2,4.94
39557,7,1,4.2,6.8
39477,1,1,6.6,7.96
12769,6,2,2.6,3.0
41541,2,4,4.5,4.79
3725,2,0,8.7,5.04
48618,1,4,1.8,4.46
25005,7,2,2.5,5.05
17787,5,2,1.7,4.45
29520,3,4,0.2,5.01
43918,2,3,9.9,2.34
10833,1,2,6.6,4.76
16169,2,0,7.0,4.77
9332,6,3,3.3,5.12
2654,2,0,9.7,4.51
13845,1,4,0.6,7.66
5987,2,0,0.2,6.32
38594,4,3,1.1,6.2
30177,6,0,1.7,3.89
37703,4,3,9.2,5.06
717,3,0,9.6,5.58
15579,5,1,5.9,3.17
163,1,1,9.4,6.15
9001,0,2,3.3,5.99
19306,5,3,7.3,3.62
23535,3,4,0.4,5.65
14834,1,1,7.6,5.5
18199,0,3,7.7,3.96
43374,4,4,5.3,4.55
28455,7,2,2.6,4.28
15521,2,0,1.6,5.97
31951,3,4,4.9,4.54
10984,7,3,1.9,6.14
42145,7,2,0.3,6.6
49885,7,0,7.6,4.94
22827,2,0,8.1,6.52
1208,0,1,2.0,2.28
843,0,3,1.8,6.65
3518,7,3,2.0,5.99
25982,4,4,3.6,4.31
39999,2,1,4.7,5.03
33699,4,3,5.7,4.91
541,3,0,4.3,5.85
32191,6,1,9.4,4.18
39583,0,3,0.3,2.99
45380,1,4,5.0,4.25
32167,6,1,2.9,2.95
24834,6,0,6.1,4.69
5674,5,1,0.5,5.86
25941,5,2,8.5,2.19
20043,6,2,3.0,4.33
34668,4,4,4.6,2.58
30164,4,0,7.2,3.89
33226,0,3,4.1,5.53
45372,3,4,3.1,5.02
21657,1,4,8.5,5.44
28702,2,1,9.4,3.92
33570,4,1,7.7,4.3
37224,5,1,0.4,4.43
22320,6,0,9.2,3.2
10522,1,4,3.4,5.3
4845,1,3,5.6,4.99
20848,6,3,0.8,4.27
6051,6,4,9.1,4.19
19267,6,0,7.2,4.16
29447,3,1,4.1,7.41
48755,1,2,7.5,5.17
17607,5,1,3.7,6.94
5275,2,2,6.3,4.29
21093,7,2,1.7,5.58
27464,4,1,3.7,3.66
49564,3,4,8.1,3.27
34272,2,4,2.5,6.87
36594,1,4,5.3,4.39
8975,5,1,7.0,4.97
15235,0,3,6.6,8.33
9857,4,2,5.7,5.37
12815,4,4,2.9,3.84
5375,1,0,0.5,3.96
39361,6,3,1.5,5.76
6071,4,4,2.9,4.08
23745,7,2,6.4,5.12
2407,1,4,6.8,4.33
38165,2,4,1.1,5.07
17934,0,3,3.9,5.36
5057,4,4,7.5,3.64
40307,1,0,9.8,2.15
25775,1,3,3.4,4.81
32216,1,3,1.1,6.29
24010,4,0,6.7,6.82
34610,6,0,8.2,5.25
8760,7,2,4.6,3.58
1492,3,4,0.4,3.68
3122,0,1,3.4,5.3
15132,0,3,2.6,5.95
46453,5,2,7.4,3.14
35772,4,0,3.6,2.16
25301,0,4,4.4,3.98
4850,7,3,9.9,6.2
6170,3,2,3.5,4.48
49878,1,4,7.9,2.86
34543,0,4,0.9,6.18
7836,7,4,4.8,6.36
33414,5,0,2.9,4.14
12757,1,3,5.4,3.84
45232,2,0,6.7,5.18
26338,1,0,6.7,6.13
22034,7,2,1.3,6.79
35785,6,4,6.7,4.55
46239,5,4,5.7,4.34
22481,0,4,3.1,6.45
37484,2,0,3.2,6.07
42858,2,3,2.4,5.5
44692,5,2,10.0,4.68
6560,2,1,7.7,4.03
38148,1,2,9.3,7.63
17910,3,2,9.5,4.65
24667,2,2,5.8,3.77
34322,7,3,7.5,3.32
10515,2,1,3.9,2.59
2071,2,3,6.1,3.68
30030,1,0,9.3,3.82
24969,4,3,5.8,5.5
7747,5,4,6.1,4.63
37650,1,1,2.7,3.79
46410,6,1,2.4,7.07
34632,6,2,8.9,1.66
4767,2,4,4.4,4.31
20438,4,1,2.1,3.86
20682,3,2,3.7,3.62
22086,0,2,3.4,6.35
128,7,1,0.9,3.38
49308,4,4,8.0,7.42
4011,6,2,9.1,6.54
41240,2,3,6.3,1.82
10110,7,3,7.2,3.43
32262,4,0,7.7,6.85
433,5,3,0.3,3.62
42012,5,4,6.6,3.48
13884,2,0,7.0,4.17
26091,4,2,2.4,3.74
33750,2,2,5.5,5.77
6524,5,1,2.0,3.2
29204,3,2,4.5,5.85
23224,5,0,3.3,5.62
26918,5,1,9.7,3.28
8991,6,2,5.0,5.99
37869,6,3,4.0,5.38
12022,5,3,1.5,5.17
14512,6,4,5.8,3.33
42378,4,1,5.3,5.63
4386,3,3,4.8,4.75
34913,5,4,8.6,5.87
5011,5,4,3.7,5.39
43420,1,3,0.6,6.05
11238,4,4,8.1,3.86
7487,1,2,9.1,4.65
6481,7,1,6.3,3.88
22927,0,3,1.4,6.4
5949,5,2,6.5,5.58
35119,7,1,0.8,4.24
25292,0,4,9.8,6.24
201,4,4,1.7,6.22
25767,5,1,0.7,4.77
41977,5,1,6.4,4.43
20953,7,0,1.8,3.13
28397,3,1,4.6,6.53
39043,2,2,5.0,4.95
18146,7,2,0.8,6.35
9963,6,1,6.4,4.67
49629,4,4,3.5,5.57
24118,2,0,0.1,4.37
10768,4,2,2.1,5.76
19535,4,2,6.9,5.49
39029,1,4,6.9,5.32
33815,6,2,6.7,4.63
18566,7,1,3.6,4.17
31206,1,0,8.7,3.53
17624,2,1,4.1,2.3
48955,0,4,8.1,5.61
392,3,3,9.2,3.1
8652,7,2,3.7,4.87
2576,5,3,9.3,5.38
16860,6,4,6.8,4.34
43354,6,1,6.8,5.89
23027,7,2,9.1,6.32
39988,7,1,4.6,6.62
24283,5,1,6.3,5.62
10831,7,1,7.2,6.72
11210,6,1,9.5,5.0
43853,0,3,3.4,2.43
2993,7,1,6.5,5.06
40238,3,4,2.7,5.06
20909,6,1,4.7,6.05
16567,0,3,1.4,4.54
21506,0,0,8.3,2.56
40561,3,2,0.1,2.91
11335,6,1,6.8,5.46
27764,2,4,3.1,5.09
45245,2,4,5.7,4.34
5414,4,1,6.2,4.06
9589,4,2,9.1,5.81
17324,3,1,2.5,4.33
26724,1,0,0.3,5.43
46314,2,0,9.4,6.88
44336,1,0,3.3,5.35
24267,5,1,8.7,4.0
18094,0,1,7.0,4.39
32627,0,4,8.5,4.58
10232,6,4,6.3,3.92
21221,1,4,0.1,6.57
18235,5,0,5.3,2.99
47666,2,2,7.0,4.91
23203,5,2,8.5,4.9
40192,7,4,4.9,4.69
6338,2,1,5.2,3.52
13499,4,2,2.3,3.22
40086,3,4,7.8,4.43
39677,7,4,2.6,5.54
36867,7,4,4.4,4.09
35123,5,1,8.5,3.36
18837,5,0,2.9,6.8
38153,5,4,6.8,4.93
38504,3,0,3.8,2.73
19209,6,2,4.3,4.04
22503,7,4,8.9,4.39
5142,1,1,5.9,5.84
34871,6,1,5.0,4.7
49907,2,1,3.9,4.68
2353,3,0,4.9,3.48
7112,1,2,9.9,5.28
20210,6,2,4.5,3.48
47978,1,3,7.1,4.69
24879,5,0,5.6,3.24
30735,5,2,4.3,2.89
3942,4,3,4.4,7.43
7572,5,3,5.4,4.1
11332,0,0,5.5,5.45
42784,6,3,9.5,3.77
34417,0,1,9.1,6.11
34537,3,2,4.0,6.13
34122,0,1,4.1,5.48
43099,3,3,7.0,5.25
22888,2,1,8.3,4.63
10756,7,3,7.5,2.8
30936,1,0,6.6,5.45
37432,2,3,4.5,3.65
26399,2,4,6.2,4.13
40416,7,1,0.8,7.11
2971,1,2,2.5,5.17
44658,2,0,6.0,5.72
26528,7,0,3.5,3.0
43425,3,4,4.2,4.72
42989,7,2,8.7,5.05
2749,5,3,4.7,3.25
25834,1,3,7.4,6.67
7328,1,2,3.5,6.38
11739,0,0,3.4,6.64
20763,2,2,3.8,2.54
15412,7,3,1.2,5.38
43977,1,3,5.3,7.36
37124,5,1,6.0,4.27
25429,5,4,2.8,4.74
25490,3,0,7.0,3.56
29901,2,4,6.3,6.15
45325,2,4,4.9,5.5
10130,1,4,10.0,5.3
138,1,0,1.1,6.54
23379,1,0,8.3,4.65
19302,7,1,5.5,4.76
37149,4,3,9.0,5.54
37132,6,4,2.5,3.15
27055,6,2,8.9,4.75
33948,4,3,8.1,5.14
11631,6,3,8.8,4.26
21746,6,2,2.0,5.21
36120,2,1,8.3,4.55
13412,6,0,3.6,3.78
34818,6,4,2.2,5.53
24777,4,0,5.8,5.02
44339,2,4,9.1,6.37
34199,4,1,9.2,3.26
30859,4,1,7.2,5.16
5457,6,2,2.7,5.97
8291,6,0,3.0,2.64
11877,2,2,3.5,4.69
11537,4,4,2.9,5.66
3146,1,4,9.0,3.46
39927,1,1,2.9,3.49
23602,1,0,9.1,7.59
43187,1,2,3.3,5.0
49485,3,0,6.9,6.37
35615,7,3,9.6,2.96
39144,5,3,7.0,4.27
47798,5,0,5.1,5.59
28278,1,4,8.2,6.21
23850,1,3,8.5,3.84
23733,6,3,2.6,4.92
47424,0,3,2.9,3.56
21653,6,2,3.9,5.1
37379,3,0,1.6,2.98
24560,6,0,5.1,5.75
32747,7,2,5.9,4.27
43378,6,2,3.8,5.55
35660,3,3,2.9,5.66
40016,6,4,6.4,5.89
36474,7,4,5.9,5.36
38983,5,0,6.4,5.32
4786,7,2,1.2,4.1
10890,1,4,4.2,3.52
34867,4,1,1.1,5.23
41305,1,2,0.9,4.66
47848,7,1,6.5,3.54
19231,4,3,8.5,4.78
22623,0,4,4.0,6.42
2352,5,3,6.4,3.88
8165,0,2,8.5,4.44
33493,5,4,4.6,5.55
7658,1,4,4.9,4.85
10933,6,3,8.3,4.8
4032,0,3,6.2,3.52
31587,6,3,9.4,3.7
20205,4,0,4.2,3.29
29895,5,1,7.6,5.36
14695,4,1,9.7,4.32
10122,4,4,0.5,4.93
4921,0,0,4.8,3.3
32802,1,3,1.2,5.72
1182,4,0,2.9,6.82
46939,2,1,4.2,5.54
8341,0,3,9.6,5.55
25193,1,0,7.5,4.08
16531,1,4,2.5,4.7
9870,4,2,5.5,5.57
49264,6,3,1.1,3.99
37027,1,0,3.0,3.63
12146,0,4,9.9,6.74
17496,2,0,3.0,5.01
31874,0,2,8.0,4.82
6697,2,1,5.4,6.68
23605,2,3,8.4,6.5
31959,3,3,3.1,5.98
42758,3,2,0.3,4.5
1795,1,2,3.4,6.55
35006,4,4,3.4,5.05
21889,4,4,3.4,5.98
38433,6,3,5.8,7.21
5256,4,3,8.4,3.24
44583,2,3,7.3,3.9
21435,6,2,9.9,4.93
38293,1,3,2.9,6.21
44924,4,4,3.3,5.24
31328,7,3,6.1,6.98
27118,2,4,4.7,7.22
19380,3,1,6.4,7.2
6389,4,1,9.4,6.82
18391,0,3,4.6,3.02
6630,4,1,9.7,7.4
2073,7,2,9.3,6.25
20194,5,1,1.5,6.68
34103,1,4,9.9,4.18
7442,1,0,9.1,4.65
23483,3,1,2.3,5.18
25613,2,2,2.9,3.97
28463,1,1,3.3,4.67
2288,5,1,7.7,5.03
39753,5,1,2.1,3.91
23576,4,0,8.1,6.64
45520,3,0,0.1,4.35
16850,4,4,6.8,4.38
32285,7,4,6.4,5.14
36872,7,2,5.2,2.54
13607,3,3,3.1,7.3
38748,1,3,8.4,4.13
43979,1,1,3.2,3.76
46597,1,2,9.1,4.85
24484,1,3,1.6,6.05
14202,6,2,0.4,3.19
45063,3,1,8.3,4.42
9399,0,4,6.5,5.15
25114,7,0,3.8,3.83
11329,3,0,0.6,5.22
8474,4,2,8.6,4.13
5816,5,1,9.2,6.91
5298,6,4,2.4,5.78
10111,0,1,1.9,4.28
41759,3,0,9.7,7.6
43870,4,1,1.0,5.12
44170,3,1,3.7,4.41
9896,0,3,8.8,6.3
39540,4,3,5.8,4.89
24971,1,3,3.2,5.91
27817,7,0,9.7,3.64
30036,3,2,2.3,7.83
42121,7,1,5.4,3.73
37995,6,1,7.2,4.62
21101,7,4,7.1,5.24
28558,2,2,4.1,6.51
41840,2,2,9.7,4.04
35821,6,2,5.2,6.44
26300,1,3,5.1,4.17
33788,0,4,1.5,5.88
6349,5,4,4.6,5.2
30971,2,4,6.2,6.3
47797,4,4,4.0,6.02
36943,0,1,6.3,8.2
28882,1,1,6.1,2.71
35413,5,3,1.3,3.22
37051,7,1,7.3,4.37
20671,3,1,8.8,7.0
40968,0,1,0.2,6.87
46121,4,0,6.2,4.19
45355,1,1,8.8,4.43
33902,6,2,3.5,2.74
44292,5,3,8.7,4.31
29479,4,3,5.3,3.41
41533,5,0,9.1,6.87
13140,7,4,6.1,4.97
4267,3,3,9.7,5.37
37513,6,3,4.4,4.53
49724,7,4,6.2,7.52
29141,7,3,6.1,5.17
33148,4,0,8.8,4.37
26850,6,2,1.3,3.98
40972,7,4,5.9,5.95
3039,5,0,9.4,5.3
23135,2,4,9.4,4.97
46970,2,4,4.9,4.5
47111,1,4,1.2,6.41
26773,1,1,1.5,5.94
9238,7,1,5.5,4.65
15492,5,2,6.1,3.85
24815,7,0,1.1,5.71
26507,3,2,1.5,5.34
2086,6,1,7.2,5.26
10669,1,0,4.7,6.29
27659,0,0,6.1,4.06
13377,4,3,8.5,4.9
25232,0,3,6.9,5.88
34596,5,3,2.6,3.71
42287,7,0,6.2,5.56
40540,5,2,1.5,4.97
32808,0,1,4.0,4.15
27966,1,1,1.4,4.69
32214,7,1,8.8,5.0
48528,1,2,0.5,5.08
36580,5,2,3.0,3.8
27282,6,2,9.8,4.7
40572,6,0,7.7,7.28
32406,6,2,1.9,6.77
3098,0,4,8.3,6.54
12965,2,0,1.5,4.69
16573,2,0,3.5,4.14
13549,5,3,9.5,5.23
23357,3,0,1.9,6.39
3087,0,3,4.5,5.04
33565,7,0,3.9,5.23
5808,4,4,7.5,5.92
27051,6,3,8.7,4.91
3471,7,4,6.8,4.53
32373,7,0,4.7,4.02
37938,3,2,4.3,5.86
27089,0,4,4.5,5.87
25601,4,4,5.7,4.79
3622,4,3,2.3,4.47
34156,1,3,0.7,4.25
24619,3,3,5.2,6.52
30324,0,2,2.3,4.2
46667,5,4,0.4,5.11
48034,0,2,7.9,5.78
11533,4,1,5.6,3.8
30142,0,0,5.9,4.92
27691,0,4,6.4,5.65
41860,0,1,4.8,5.41
4603,0,0,3.1,7.0
41643,3,1,0.0,4.62
21763,5,2,5.5,3.97
23910,3,0,9.4,6.22
18788,5,0,6.5,5.25
42666,0,4,5.9,4.4
43692,5,2,2.3,3.71
16767,0,1,4.9,6.6
35076,0,2,6.2,2.73
34107,0,3,3.9,5.82
6731,0,0,1.5,3.08
37997,7,3,2.5,5.3
43990,1,4,5.8,4.64
15696,1,1,5.7,4.92
629,2,2,4.4,4.61
22215,0,0,1.4,4.84
31900,1,4,5.1,4.82
21774,1,2,3.4,1.48
7668,0,1,7.9,4.82
31967,2,4,2.3,5.89
40004,2,3,4.7,5.2
18274,2,0,2.1,4.54
23944,3,2,1.1,6.29
36006,4,2,5.2,3.45
48932,2,1,6.0,4.48
19502,4,1,6.7,6.59
24751,5,1,7.8,6.31
37948,5,4,4.5,4.2
32418,6,0,8.6,5.21
44420,4,0,1.5,5.83
36225,4,0,1.3,5.85
15359,0,0,5.5,5.65
31873,0,3,8.6,5.76
17259,0,4,7.8,5.32
47182,3,3,0.2,6.14
5336,6,2,3.5,5.49
28098,5,4,1.6,6.02
33390,0,4,3.5,5.37
48564,6,0,0.4,5.14
36175,7,4,7.1,5.88
33446,5,1,2.4,3.03
31616,7,3,0.5,4.32
20482,7,2,2.8,5.61
30190,5,3,5.0,5.57
408,5,4,1.9,5.2
41263,5,2,6.8,5.11
33660,2,3,6.0,4.43
44228,6,4,9.5,4.9
9250,3,1,3.8,5.86
41435,1,2,5.5,6.62
18699,6,2,10.0,3.89
46759,2,2,8.5,5.28
31443,3,2,8.1,5.11
36547,1,2,8.6,3.68
48973,0,1,5.9,5.35
11856,2,3,7.8,4.81
25453,2,0,0.9,6.56
4865,2,1,7.9,5.58
1287,6,0,2.1,6.39
30343,0,4,9.6,4.73
26935,6,4,2.5,6.2
11202,0,4,0.6,4.41
34209,1,2,7.9,4.03
4423,6,1,1.3,3.84
19931,5,1,4.7,3.57
14038,0,3,5.1,3.22
199,2,1,2.6,6.06
30074,4,2,0.4,5.75
40631,1,2,2.7,6.33
35972,6,0,2.3,3.42
37369,5,4,4.2,5.2
49475,2,2,0.5,5.8
47278,1,1,3.2,6.37
42316,4,3,7.1,4.9
37066,0,4,0.4,5.54
24319,7,0,5.6,5.67
49090,6,4,2.4,6.42
35648,1,3,3.8,2.2
18517,0,2,5.2,5.75
40512,3,0,0.7,6.49
29894,3,1,4.1,4.82
47992,0,4,8.7,2.98
18726,7,2,4.9,3.51
42076,0,1,8.3,6.44
35786,5,0,2.5,4.81
4957,4,2,9.8,3.57
43451,6,3,3.5,4.15
26041,5,3,8.8,3.07
23959,7,4,2.9,5.54
32632,0,1,1.2,4.82
4855,2,1,5.4,4.8
12223,3,3,8.2,4.81
6479,4,1,6.7,5.0
47166,2,2,2.1,6.02
45716,6,1,8.0,4.43
2021,3,2,6.5,5.85
10267,6,0,6.0,4.91
23593,5,3,7.0,7.41
42368,1,3,4.0,6.76
42416,6,0,4.7,3.46
12262,7,3,8.8,5.97
18893,7,2,4.0,6.37
2471,2,3,6.1,4.89
2474,5,1,6.5,4.88
39578,2,1,4.1,4.2
48842,2,4,5.4,4.1
29142,4,4,2.7,4.35
17985,6,4,5.2,4.88
47085,0,3,7.7,5.06
4264,4,0,9.5,4.07
22047,7,0,8.5,4.78
2953,2,3,5.9,5.82
2900,2,3,7.5,5.44
36251,2,0,5.7,4.18
16355,2,0,7.3,2.63
19780,1,2,7.3,4.14
16882,0,1,4.7,4.4
31636,6,2,9.7,5.8
14532,3,2,4.1,6.04
17505,6,1,9.7,5.99
43945,5,2,0.1,5.45
8475,6,2,5.0,3.96
19322,4,2,4.0,4.5
38825,3,0,1.6,5.74
43118,0,3,3.6,5.32
468,2,3,5.3,4.7
24036,2,4,1.2,4.68
44064,3,1,2.3,2.62
30315,5,4,7.3,4.76
28660,7,3,1.7,3.98
44558,7,0,8.2,5.64
44499,2,3,0.3,4.54
48800,4,1,8.6,4.93
24368,2,2,4.2,2.73
24662,2,3,9.0,4.71
39876,0,4,7.3,3.68
23396,0,1,2.5,6.53
10712,6,2,1.4,4.35
46467,6,4,8.7,5.21
30075,5,2,2.8,5.86
9817,0,2,1.2,3.01
36071,4,4,1.7,5.16
24260,7,3,7.6,6.63
28597,5,4,3.4,4.58
10634,6,1,7.4,4.88
1726,0,1,5.7,5.8
25922,7,3,6.2,5.68
45704,6,0,2.4,6.73
33485,5,0,0.3,7.02
28711,7,2,8.3,4.79
12232,3,3,0.6,5.09
29868,6,2,2.4,3.49
17262,4,1,7.7,5.18
17536,4,1,4.7,5.41
46065,3,2,2.3,3.94
15555,1,2,9.2,4.55
25651,4,2,0.3,3.84
26285,3,2,9.2,3.67
43261,4,4,2.8,4.54
24134,5,2,9.2,4.95
7254,7,2,0.5,5.71
34132,4,2,9.6,3.52
43927,4,0,2.9,4.33
47749,1,1,0.3,3.02
15142,5,0,1.1,3.91
28314,2,1,6.8,5.07
48968,6,1,7.3,4.06
13823,1,1,3.1,5.69
15940,1,3,5.1,3.81
11632,4,0,0.4,4.36
1887,4,2,4.7,5.58
39967,3,3,8.6,3.84
2625,3,3,8.1,5.59
38075,5,1,3.9,5.17
34088,3,1,0.9,5.57
4009,2,3,2.0,4.56
49964,1,3,9.0,4.97
23590,6,3,1.5,4.92
4156,0,4,6.3,7.4
7060,1,4,4.2,4.69
29469,5,3,0.1,4.91
47260,1,3,4.7,3.78
873,0,2,8.4,5.45
25965,4,3,6.5,3.64
35651,3,4,4.9,6.02
2372,1,1,5.3,1.29
48704,1,3,1.7,5.5
5242,7,2,5.5,5.68
21398,3,1,2.0,2.56
41941,5,4,9.9,4.2
3731,4,0,0.4,5.64
16585,6,3,6.4,4.85
15097,6,2,4.3,6.92
17363,3,4,7.8,5.45
7867,0,3,5.8,7.03
11659,7,2,5.7,4.57
15317,5,3,5.4,3.42
23398,0,4,0.9,4.0
45970,0,2,5.5,5.11
38062,0,2,4.7,6.11
7466,3,3,6.8,6.07
19259,6,3,8.7,5.1
20326,3,3,4.3,2.74
31692,6,1,9.2,5.34
46384,5,2,2.3,3.32
2148,6,4,1.1,4.05
20809,2,1,7.2,6.97
11787,4,2,9.2,7.0
6375,6,4,5.8,5.06
7932,3,4,3.6,5.08
6068,1,0,0.8,4.67
37388,4,1,3.1,6.06
17203,7,3,4.2,4.11
42664,4,2,2.5,4.76
6757,6,2,8.8,4.32
30370,6,0,0.3,5.4
11267,0,4,7.1,6.82
42163,4,3,4.6,3.05
37878,4,0,1.5,4.12
48772,2,1,8.4,7.63
28828,1,4,3.2,3.62
13684,3,4,0.4,5.22
32691,1,4,0.0,3.78
7766,7,1,2.7,6.93
12650,6,1,8.4,5.43
22141,4,3,8.4,4.03
38004,3,3,5.3,6.46
31808,2,0,0.1,3.05
21697,2,2,8.4,6.21
37558,3,3,8.5,3.49
31732,4,3,7.6,6.41
31836,6,0,3.1,4.09
7675,0,4,1.7,7.49
17618,7,1,0.9,4.57
8274,0,4,7.9,5.25
853,0,3,9.4,5.8
40387,0,1,1.2,5.32
44907,6,4,5.0,3.85
44402,4,0,4.4,2.9
25146,6,0,9.7,4.19
36722,2,4,1.3,3.99
34064,0,4,8.7,4.89
19377,7,2,4.9,3.83
12491,3,3,9.6,6.64
25993,4,4,5.7,5.82
48399,2,1,8.6,3.08
49383,7,3,7.0,3.96
33761,5,1,2.5,6.22
3070,1,2,0.9,2.55
40117,4,2,7.4,4.38
24001,6,2,2.1,6.5
19311,3,0,0.0,5.05
36112,6,3,6.7,6.54
12840,0,2,9.4,6.71
424,0,1,9.2,3.02
13239,4,4,4.9,2.19
6150,7,4,8.4,4.51
46644,2,3,5.4,4.0
26134,7,0,8.6,5.83
36668,5,2,1.6,4.41
5182,1,4,1.8,3.45
5448,3,4,3.9,4.73
41389,1,2,3.3,5.77
28482,1,4,9.7,5.42
30614,5,0,5.1,5.59
5547,2,1,0.6,5.9
12393,5,1,5.9,3.86
47744,3,2,4.4,5.11
8874,5,0,2.8,5.17
1413,3,4,2.1,4.8
14516,7,3,6.3,5.13
13205,0,0,6.1,5.56
48537,5,1,5.0,4.65
3285,0,2,3.8,3.49
13010,3,0,5.1,4.25
45785,6,2,5.8,4.2
4374,3,4,7.4,3.65
46229,1,4,2.6,3.39
2850,6,2,6.1,5.53
22533,2,3,9.2,4.65
4171,0,0,5.5,7.5
30804,4,2,9.9,7.92
35889,2,2,5.5,3.77
21723,2,3,5.0,4.14
44140,5,3,6.4,5.04
7733,3,3,9.4,5.19
5189,0,4,2.0,3.14
27676,3,0,7.7,5.45
24817,7,3,7.1,6.44
37767,0,3,4.7,5.22
6686,1,1,2.9,2.86
3561,2,3,8.9,6.91
9087,0,3,2.3,5.91
18448,4,3,5.4,5.56
3519,5,1,8.1,3.73
13245,7,0,8.0,3.06
34935,1,2,0.5,7.29
23153,2,0,7.4,6.41
34761,4,0,8.6,5.44
23109,0,3,6.6,6.99
6044,7,4,0.8,5.01
40742,4,4,6.0,6.32
24146,6,2,4.9,3.64
28431,0,4,9.1,4.82
36165,3,3,2.3,5.52
7584,7,3,5.7,4.31
22483,1,3,1.3,4.37
39925,6,0,2.8,4.6
40215,7,4,6.7,4.23
8616,4,0,2.9,4.21
38158,2,3,1.9,4.98
38254,1,0,9.3,6.03
40569,6,1,9.6,5.61
30519,6,3,9.6,4.51
11596,0,2,5.5,6.26
43807,7,1,4.8,4.24
13896,2,4,7.8,5.48
24154,2,3,0.1,3.53
30661,7,2,3.2,6.93
14952,4,1,4.8,4.63
41206,0,0,5.2,6.07
2277,1,2,6.7,4.65
5520,2,0,5.4,3.55
46610,6,2,1.7,3.8
11755,0,3,6.0,4.33
47037,1,4,6.3,4.98
14876,6,3,2.6,6.34
43349,5,4,5.2,3.46
8981,5,1,1.0,4.29
12505,7,3,8.3,5.73
34097,1,4,1.7,3.52
16725,3,3,8.2,3.94
16249,2,4,5.6,3.08
36223,1,1,8.0,4.04
258,3,2,5.3,6.84
45053,5,2,5.9,3.71
32568,6,1,6.7,4.37
30665,0,1,6.6,4.0
14292,3,0,0.4,5.51
2663,0,2,3.9,5.46
5223,6,3,0.9,4.3
9451,3,1,2.0,3.44
6664,0,3,3.9,5.95
30898,0,3,4.4,3.55
44429,1,3,3.3,3.36
14599,5,1,1.4,4.3
2665,4,0,7.8,4.74
49800,1,3,2.4,4.29
41027,1,2,7.0,4.1
8955,4,3,7.7,5.47
25701,2,2,9.7,6.08
9630,5,3,5.5,3.49
24942,4,4,2.0,3.68
40258,5,0,2.3,5.62
8194,2,3,2.9,7.5
22399,5,0,7.0,3.65
19067,0,1,0.5,6.17
43094,2,3,3.4,5.51
31567,0,2,3.8,3.43
24499,3,2,7.6,4.86
22525,1,2,7.9,4.6
15738,6,0,0.5,3.48
27384,2,3,3.0,5.19
6197,4,2,0.3,3.91
28838,0,2,5.8,4.67
44587,2,2,5.0,4.35
7760,5,0,8.9,4.9
10294,7,3,0.9,4.15
34512,7,4,9.8,6.65
8572,7,3,9.8,4.16
38246,2,4,0.9,3.33
26517,5,3,0.1,5.63
28879,5,1,5.4,4.2
49888,0,1,8.8,4.26
32499,6,1,2.2,5.94
30103,1,4,4.7,4.85
14275,1,4,4.2,4.55
31622,0,4,6.7,3.83
40597,4,0,9.2,5.21
48338,2,0,3.7,4.82
20089,2,0,5.8,4.78
49932,7,2,2.2,4.81
14756,7,1,4.1,5.01
12544,1,1,0.8,3.76
34188,5,4,2.1,5.1
41212,1,3,3.9,4.51
13475,4,1,7.7,4.66
10755,6,1,8.4,5.07
3088,1,4,8.1,6.71
1428,7,3,5.6,6.31
40234,0,0,3.8,4.51
15020,0,0,5.5,4.92
35737,0,1,3.8,4.76
28613,7,1,6.7,4.91
34781,5,3,2.7,6.41
32619,0,1,0.0,4.93
11560,2,1,4.5,5.65
44722,6,2,3.6,6.82
44264,5,2,2.8,4.96
40800,2,3,4.9,3.73
27075,4,2,9.2,2.99
25944,1,4,9.6,5.53
43823,7,0,1.5,6.56
8457,5,3,8.2,6.05
39774,1,2,3.1,4.33
10730,4,2,9.8,4.89
32063,3,4,1.7,4.08
25746,6,2,2.1,2.92
29602,6,1,6.5,3.85
21649,3,3,9.3,4.8
2065,0,2,7.2,4.61
37738,6,4,8.6,4.89
17986,2,1,7.7,4.78
24226,5,4,5.0,5.6
34636,0,2,9.1,1.7
21032,7,2,4.9,5.48
218,6,0,1.7,4.81
26844,7,1,8.9,4.25
5484,4,3,9.3,3.69
34080,4,4,8.0,6.01
35771,6,1,7.5,5.95
11005,6,0,5.8,5.59
47296,3,1,8.8,7.14
41440,7,2,0.1,5.25
28530,0,2,3.5,5.92
17396,1,4,5.8,5.99
39596,1,3,6.8,5.32
3683,7,3,3.7,5.1
17721,1,1,9.4,6.72
6705,3,3,0.7,4.44
21830,2,1,0.9,4.67
742,1,1,5.7,4.73
48195,2,4,5.1,3.37
38776,2,2,9.3,2.7
20609,5,0,8.9,5.47
35849,1,1,1.6,6.34
16839,4,2,4.4,5.43
40587,2,4,7.3,4.58
23982,2,4,5.7,5.43
34018,5,2,4.4,3.78
18376,3,2,5.1,5.71
21322,1,1,1.5,4.67
7742,3,0,6.8,3.96
27482,3,0,3.9,5.29
44956,7,1,3.8,4.82
26941,5,2,9.9,3.52
7378,2,2,6.1,5.27
22084,5,3,6.2,5.15
46647,6,2,5.8,4.41
19279,1,4,7.2,4.05
27202,3,0,7.0,3.73
13427,6,1,2.5,5.49
39530,7,2,5.5,5.48
1504,4,4,5.9,4.93
25707,5,4,8.9,4.57
35974,2,3,3.8,4.44
12465,7,2,3.4,5.87
24342,5,0,8.4,2.94
17285,2,4,9.3,4.93
28381,3,2,5.0,5.74
24736,6,1,4.3,4.01
33821,0,2,3.7,6.94
11302,4,1,5.7,5.32
3254,6,4,6.1,3.95
36577,1,4,1.0,4.84
38083,2,4,2.8,5.19
24911,4,4,6.5,3.53
9746,5,2,0.3,6.51
17381,5,0,4.0,6.59
20249,1,3,2.0,5.75
9596,2,0,9.0,3.57
34255,6,3,0.5,6.23
7484,3,1,3.7,6.67
19955,2,1,0.3,5.15
13494,7,1,0.3,3.74
41434,6,0,8.3,5.58
11928,0,0,4.7,4.98
20598,0,4,7.4,3.71
15268,1,2,2.3,5.35
8905,1,0,7.3,3.32
39244,0,1,2.2,5.56
23629,4,2,5.5,4.53
16132,0,1,5.3,6.09
25525,4,2,0.6,5.95
32523,2,0,8.8,4.66
24299,5,0,6.5,4.52
19961,5,1,0.7,5.44
14530,5,1,6.9,4.55
48643,1,3,0.5,6.03
45070,3,2,3.1,5.62
28061,4,4,3.6,6.02
19474,2,3,1.0,4.01
13926,4,0,6.3,4.24
48452,5,0,7.3,2.36
9950,0,4,4.1,3.53
44167,7,1,3.6,6.16
42647,6,3,9.8,4.44
7726,3,2,6.1,5.4
48664,2,2,7.1,2.78
15298,0,1,2.3,4.88
38936,3,4,4.7,5.09
4348,1,2,5.0,6.02
8883,6,0,8.4,3.56
49610,1,0,5.5,6.76
257,3,0,8.0,3.34
4464,4,1,8.4,4.43
48402,2,1,3.8,5.0
35049,4,1,9.2,2.65
29578,7,0,8.6,6.07
13490,0,3,8.5,7.84
48776,1,1,2.8,5.61
35315,1,2,4.7,6.1
33687,2,2,4.8,6.97
43747,5,3,3.9,6.64
28024,5,4,3.9,6.31
48483,1,3,6.7,4.18
49134,6,1,2.4,4.85
22133,2,1,6.6,4.86
44920,6,3,3.4,7.3
4953,4,4,2.9,2.94
15424,6,0,9.6,6.39
46507,0,0,6.9,3.84
2029,5,1,8.3,2.84
49511,2,1,9.1,3.62
14971,4,1,3.8,6.01
30302,7,1,4.2,5.61
9409,5,2,5.9,6.62
34531,3,3,0.3,5.6
46510,6,3,6.4,3.19
37351,7,3,3.0,3.63
13691,0,2,6.3,7.23
37123,0,2,9.6,4.15
16599,4,2,8.0,5.38
6638,0,2,7.9,4.98
8659,5,0,4.2,4.08
46743,7,0,4.8,3.95
20021,5,3,7.5,4.45
4056,6,4,9.2,5.79
43077,7,1,5.7,4.19
43832,4,1,6.6,3.58
4367,7,4,1.4,3.66
6008,1,1,2.9,4.33
36753,6,1,9.5,6.38
36051,3,0,5.4,4.93
13536,2,3,9.1,5.76
34740,1,4,8.6,6.39
35908,5,1,3.9,6.0
17967,6,2,4.6,2.41
20331,4,3,1.8,3.56
4899,5,0,3.8,5.08
7084,3,1,2.4,5.37
48394,7,0,0.8,5.6
42640,7,4,0.9,6.97
18347,2,2,4.1,5.0
6257,5,0,5.0,2.61
15913,3,3,4.3,4.44
10144,4,3,5.7,4.75
23347,2,4,8.9,3.74
20003,4,2,3.0,5.98
41262,4,4,9.9,4.76
28465,5,1,9.1,5.25
6681,5,1,1.8,4.68
14110,7,1,4.4,5.83
7012,1,2,2.0,3.83
37758,7,3,4.4,6.41
10463,5,2,2.7,6.85
14479,6,2,9.7,6.29
25865,4,3,9.8,5.47
18151,5,2,7.3,4.36
18713,7,1,8.6,5.8
7772,4,0,2.4,3.7
3687,2,3,5.5,4.57
4619,7,2,9.2,5.45
6724,6,0,4.6,4.86
8227,6,3,6.2,6.3
49582,6,4,6.6,8.23
6699,5,4,3.0,5.15
5012,5,0,4.8,5.55
35756,1,2,9.5,3.8
42374,2,2,6.4,3.92
21272,3,3,4.8,5.9
865,3,2,3.1,5.24
35903,5,1,9.4,4.91
870,5,2,0.6,5.76
4744,3,1,3.6,6.57
46749,4,3,6.6,3.43
29568,7,4,3.6,5.22
13649,4,1,9.8,5.23
45209,5,1,2.2,4.81
31267,1,1,2.0,3.53
48448,6,4,9.8,5.45
6092,7,4,0.0,4.42
39893,0,4,0.1,3.31
23871,3,1,5.7,3.47
32411,2,0,7.1,4.86
14995,0,4,2.0,4.62
15611,5,0,7.3,4.62
45975,2,0,9.2,5.62
43757,0,4,1.5,4.65
1226,0,4,8.5,4.27
16437,5,3,7.6,2.67
12951,2,1,0.4,3.63
44507,5,4,2.2,6.75
7004,2,0,8.2,4.34
42315,3,2,0.2,1.08
49323,5,2,1.8,2.46
43863,7,2,7.4,4.5
29433,6,1,0.9,4.32
23141,2,0,7.7,4.96
14390,2,4,4.4,5.42
33004,3,4,5.2,4.5
34626,2,2,8.8,6.6
37552,2,0,2.8,4.93
49502,3,3,4.5,5.77
41616,4,4,4.1,5.01
42252,7,3,7.7,2.77
27232,3,2,0.0,5.25
4181,4,1,7.8,5.48
41527,1,2,4.3,5.63
15925,3,4,6.1,6.39
12827,4,0,9.7,5.91
4310,3,2,8.6,4.09
30203,7,1,6.3,3.94
948,3,2,5.1,4.02
24808,5,2,8.4,5.88
31785,3,3,1.8,5.24
36193,0,3,3.7,4.02
31969,0,3,4.6,3.09
4929,5,4,9.8,6.53
28210,2,3,8.1,6.5
35533,4,2,1.0,5.62
31946,2,0,6.8,6.4
4279,2,3,9.3,5.8
8724,6,1,6.6,5.49
2006,1,2,9.5,4.4
2799,1,1,7.0,6.05
19850,1,4,4.4,4.04
15206,3,1,0.1,4.72
11608,0,3,3.1,4.09
19754,4,4,3.6,2.72
27245,3,0,2.2,4.56
10584,5,0,5.7,6.82
42770,0,0,1.6,5.71
45014,5,0,2.6,5.69
2820,2,4,1.6,6.03
31940,4,3,1.3,5.69
24098,3,2,4.3,4.48
11487,7,4,6.7,5.77
41735,7,3,2.1,4.59
16574,3,1,3.7,4.77
39322,3,4,8.2,5.19
24650,3,3,7.3,6.73
31071,4,1,2.3,3.74
40716,5,3,8.9,4.99
16556,1,4,7.7,7.21
18135,2,3,5.3,5.95
23128,2,3,6.3,5.41
2176,1,0,9.6,3.1
49457,4,4,6.5,6.59
16728,2,2,2.6,5.83
9180,0,3,0.1,5.26
10166,0,1,7.7,5.79
40110,7,2,3.8,7.13
4733,6,2,1.8,2.61
38899,1,4,5.2,5.87
11530,4,4,1.9,4.42
22432,4,2,6.7,5.45
40609,7,1,3.0,4.92
380,7,1,6.6,4.77
28841,2,3,4.2,7.26
28744,5,3,8.1,5.21
31734,4,2,4.2,3.8
10091,0,0,0.2,4.07
36426,0,0,9.7,6.86
9681,5,4,2.9,5.01
21632,1,3,1.5,5.14
44739,7,1,2.8,5.21
48024,2,3,2.7,3.38
29838,7,3,0.1,6.57
17575,7,1,9.0,4.96
33053,0,4,3.8,6.03
33803,7,4,8.6,3.41
47748,1,2,0.3,3.37
7205,0,3,5.5,4.2
41843,5,2,4.4,5.31
22300,6,3,3.2,5.01
17795,5,4,4.5,2.56
38605,2,1,0.8,4.65
4939,4,1,0.3,5.12
9759,6,0,2.3,4.21
31424,3,0,2.6,5.51
9342,6,4,7.2,3.82
27342,2,2,8.2,5.43
30415,7,3,9.8,5.44
10391,5,0,8.6,6.03
32622,2,4,5.9,6.3
15663,0,2,9.0,4.78
41445,6,4,0.3,5.72
43027,2,3,3.8,3.41
25467,7,2,6.3,5.06
4416,1,4,8.2,5.93
49723,2,4,6.2,5.04
44425,4,3,3.1,4.84
35117,4,0,1.1,4.48
10197,2,1,1.2,8.11
36921,1,2,9.9,4.45
26050,5,0,0.7,6.1
43822,0,2,6.5,5.75
40674,1,4,3.9,6.5
23416,0,2,0.9,4.91
33707,1,1,9.8,4.39
32452,7,1,6.6,5.75
38994,0,3,7.3,5.41
49469,0,1,2.7,2.92
8966,0,1,9.4,3.19
10086,2,3,3.3,3.87
14502,0,1,3.3,6.05
47000,3,2,9.0,4.58
9031,4,0,9.7,6.42
20717,5,3,2.8,4.5
10217,2,1,4.8,3.88
9788,2,0,8.2,6.17
39617,3,3,3.6,2.46
31512,5,1,8.8,4.35
16997,7,2,3.0,5.22
27114,4,0,9.1,6.23
36063,0,3,1.5,4.61
992,1,0,1.9,3.95
9849,3,2,7.4,5.85
47340,7,2,7.6,5.79
30333,7,1,8.7,4.31
8479,0,0,3.6,5.05
43929,4,1,7.9,5.12
48850,0,2,2.8,4.77
6315,3,3,1.7,2.57
13175,0,1,2.2,3.88
19078,7,4,3.8,4.07
42414,6,4,10.0,5.23
30029,3,3,4.8,5.38
21901,2,3,4.4,3.78
46252,5,1,9.8,5.85
23645,3,1,9.6,4.0
22144,0,1,7.9,4.74
36601,0,1,9.4,3.95
32209,0,2,0.1,5.82
29132,6,3,3.2,3.99
8765,1,2,6.3,4.5
8130,2,1,6.4,6.07
10108,7,2,9.0,2.1
16643,0,2,6.3,6.31
22134,5,4,8.9,6.51
34828,1,1,6.2,5.58
16814,1,4,7.0,3.93
30336,4,3,2.3,4.67
36249,4,0,5.6,3.89
16549,6,4,6.1,6.17
40054,7,0,4.7,1.06
20412,4,3,9.3,3.84
11779,7,3,9.2,7.26
13585,2,3,5.2,5.16
4287,0,3,8.4,5.59
959,4,3,1.4,4.26
37173,3,1,7.0,6.49
26632,2,4,2.1,2.83
34068,5,1,4.8,4.2
11157,1,4,7.3,3.4
32885,5,2,4.5,4.53
35009,1,0,5.0,5.73
6459,0,3,9.8,2.74
33666,7,3,3.5,4.51
21533,5,4,5.6,4.79
32468,7,4,5.5,8.3
41586,2,0,1.9,4.61
34226,5,2,4.4,6.85
48273,5,4,3.8,7.26
23624,7,2,1.5,5.1
38128,2,4,4.7,4.45
25748,7,0,9.6,4.07
13429,5,3,5.7,2.29
46652,2,3,3.1,4.91
15938,5,3,7.6,6.12
18623,7,4,8.8,6.7
33734,1,3,8.7,4.62
186,6,1,0.4,4.93
43964,0,4,2.7,5.03
17067,2,0,6.6,4.65
21979,0,1,1.0,4.51
49894,4,2,6.7,6.14
33252,0,4,3.2,3.98
9679,2,1,8.6,4.38
46299,2,0,5.7,5.9
43648,6,4,7.7,3.46
49780,0,1,6.9,4.31
46782,7,3,7.1,4.85
39156,6,4,0.5,5.0
36004,5,3,7.5,4.75
18072,3,3,3.6,5.26
22515,1,4,9.9,5.03
23134,5,2,6.4,2.98
7510,7,0,3.2,6.55
21302,4,1,3.2,6.95
38886,4,0,7.5,5.08
47870,3,2,10.0,4.04
28625,5,0,1.1,4.71
42777,2,1,4.7,3.35
32549,0,2,2.2,4.26
33359,2,4,4.5,6.63
7594,6,0,4.2,3.36
49350,3,3,3.7,3.22
49271,1,3,6.2,3.87
44146,6,1,2.2,4.45
15695,1,4,4.2,5.86
33081,5,2,8.8,6.24
5948,2,2,5.8,3.71
40908,0,4,8.9,5.44
5719,4,4,1.8,4.78
40838,1,3,10.0,4.28
9382,0,2,9.0,5.25
42977,7,0,3.4,5.45
39552,5,3,7.7,6.81
48513,0,1,2.2,5.34
44867,5,4,7.0,3.97
11237,5,4,9.0,5.28
27402,4,3,9.7,3.96
1710,7,0,7.5,4.68
45861,6,0,5.3,6.31
26153,0,3,3.0,3.83
49756,2,1,4.7,6.43
62,1,1,4.4,6.07
7011,0,0,4.3,5.49
6313,7,0,0.0,5.78
7905,0,3,7.4,5.42
25332,3,3,1.6,4.56
7879,6,0,7.3,3.54
16305,0,3,6.3,6.32
21505,4,3,1.2,5.04
12133,7,2,7.4,2.84
18157,7,3,4.9,4.36
43824,6,4,8.1,7.12
21352,4,0,5.7,4.48
5148,6,4,0.5,3.72
30123,2,0,5.3,6.0
48361,1,2,2.9,6.08
30145,2,3,3.7,5.66
21294,6,2,7.2,5.42
28716,6,0,3.3,5.84
7387,2,3,7.9,5.95
24572,2,3,1.8,4.98
9821,2,4,6.2,5.38
41530,7,0,1.1,4.41
26654,6,2,9.4,5.19
9846,2,2,7.7,5.19
46505,5,2,9.6,7.56
28174,0,1,2.4,4.39
45622,1,4,4.3,3.97
34128,1,3,5.5,5.41
31824,2,4,8.6,3.74
18267,1,2,3.9,4.23
37536,1,1,0.0,3.97
35895,1,0,3.0,5.97
19834,2,0,5.9,4.94
23584,1,1,9.9,4.67
26649,4,3,7.8,3.18
24616,3,3,8.6,5.22
24257,2,0,8.0,5.29
1399,1,2,8.9,3.89
20792,3,1,0.2,4.89
20116,3,3,5.5,4.64
7352,5,4,5.3,5.85
38209,7,3,3.6,3.02
47851,3,3,1.6,3.53
27111,6,2,1.7,5.49
26042,4,2,1.5,3.88
40767,4,3,2.4,4.26
1763,4,0,9.1,5.91
22317,7,2,2.9,6.86
10186,4,4,3.3,5.86
45144,3,0,3.1,6.03
12416,5,1,6.1,6.2
33101,0,2,2.9,6.99
45573,1,0,5.5,5.81
11428,0,4,4.4,4.73
11709,0,3,2.9,3.66
23192,6,3,8.3,4.36
37998,6,3,1.8,3.59
42626,3,0,9.1,4.72
4918,5,0,9.5,2.65
13831,3,1,9.2,3.93
21070,6,2,4.9,4.41
41717,3,3,5.8,4.58
6768,5,4,7.6,4.09
16737,4,3,3.7,2.4
32893,0,1,0.0,5.43
46989,5,3,1.2,5.04
48825,3,2,4.9,5.57
17803,1,0,0.6,3.08
44995,5,3,4.4,6.0
38268,4,2,7.6,5.91
46544,6,0,2.6,5.29
2257,0,0,10.0,4.13
34985,3,2,5.7,3.57
42240,3,1,1.4,5.84
3364,0,4,6.6,3.76
17658,3,0,3.8,5.53
32244,2,0,4.9,3.56
23545,5,3,4.3,5.25
31463,1,2,6.7,3.6
26533,3,3,4.9,4.24
15111,7,4,10.0,6.71
15632,1,4,2.1,4.04
38847,2,0,9.2,5.61
47443,4,2,6.8,7.7
12947,4,4,9.8,4.79
40772,0,1,3.0,5.39
42215,4,1,6.6,4.69
12351,2,0,7.1,6.0
45032,5,4,2.1,5.1
35922,4,1,8.2,3.7
44849,6,2,1.6,3.3
10929,3,4,8.1,4.11
2390,2,3,7.4,6.17
48006,0,0,5.8,5.95
43148,6,4,1.3,5.51
27550,2,2,3.1,3.43
12326,1,4,5.5,2.93
18538,3,3,3.7,4.76
7753,7,1,4.6,3.86
40308,5,4,0.8,5.89
34067,2,4,7.5,4.5
9406,0,3,9.9,2.57
10907,1,2,9.9,5.5
36527,4,1,3.8,4.68
7142,7,3,7.5,4.5
19740,0,4,2.8,3.11
20873,0,3,7.5,2.15
17818,1,0,7.0,4.38
20099,1,1,4.6,3.42
44973,1,4,1.6,6.73
26116,1,4,1.7,6.21
16983,5,3,4.3,5.0
27363,1,3,1.2,6.02
17162,3,2,1.2,4.75
23005,2,3,4.5,3.65
34995,1,4,7.0,5.26
32007,4,4,5.5,6.62
23309,6,0,0.9,4.8
822,2,0,1.0,6.2
11998,4,2,1.7,6.63
44374,3,1,8.8,7.22
23205,3,0,5.0,7.0
29455,7,2,8.5,4.41
43935,6,0,6.2,5.16
44414,3,4,0.1,4.11
32465,0,4,1.8,4.11
24263,3,3,6.4,7.4
25664,6,4,7.3,5.1
4600,4,2,5.1,4.34
28177,0,2,7.8,5.54
26286,3,2,3.9,6.41
24344,2,4,5.9,3.07
30373,7,4,3.5,3.65
1747,2,0,4.5,5.39
29929,2,0,8.1,5.78
41577,6,1,3.8,5.93
5572,1,4,7.3,6.09
836,5,1,3.3,5.81
27874,1,0,5.7,5.45
14542,7,4,0.1,5.01
44295,0,3,7.7,5.04
34921,2,2,7.9,4.09
36737,3,2,3.4,3.11
24788,5,0,5.0,5.55
21193,5,2,3.9,6.35
19984,4,0,8.2,4.66
5085,2,2,5.7,2.76
17788,4,1,5.8,4.9
26053,5,3,9.7,5.9
24655,4,1,7.7,5.13
25599,7,4,5.5,4.99
47425,1,0,1.5,5.25
21686,6,2,7.4,6.62
19895,1,3,2.9,4.06
49369,7,2,3.0,3.64
14654,4,3,7.0,5.67
25083,3,4,8.7,5.31
32383,6,1,4.5,3.75
21656,6,4,6.0,3.52
32255,6,4,5.8,3.85
11324,5,0,2.9,5.22
8543,2,0,6.0,6.84
13433,1,3,10.0,5.18
19299,3,4,7.9,6.33
17170,2,4,3.0,5.38
16657,2,4,8.1,5.62
13480,5,3,3.4,6.64
8547,6,2,5.6,5.91
23143,7,0,8.2,3.76
21807,5,4,0.4,3.0
32967,0,1,0.8,3.58
5954,3,1,1.8,6.43
12055,7,4,7.3,3.61
17596,1,1,6.8,5.46
24632,1,4,3.1,2.36
20807,5,2,4.5,5.92
24363,2,2,0.3,4.95
31130,6,4,5.0,4.17
19580,5,2,9.7,6.39
909,5,2,8.1,4.15
8995,1,1,3.0,4.1
9404,0,3,8.9,5.21
37901,2,3,8.2,5.58
41728,4,3,5.8,2.54
38181,7,2,1.5,4.96
11663,6,0,1.4,3.61
37848,7,0,2.7,6.27
34687,1,4,4.3,6.54
34120,6,2,5.1,3.87
1233,0,4,5.2,3.9
19076,6,2,9.8,4.12
49130,0,3,6.7,5.13
25955,3,3,2.9,5.52
18521,6,4,4.9,4.73
38910,3,3,9.1,3.35
11656,2,0,1.2,5.5
28108,0,0,4.6,5.18
14753,4,0,6.9,6.08
14072,3,1,5.4,5.6
6177,2,3,3.6,4.89
46825,2,0,2.8,5.6
27345,6,4,0.2,5.0
26960,3,0,9.5,6.06
4005,7,4,5.4,3.83
29399,0,4,8.6,6.34
1108,5,0,4.5,4.39
36747,0,3,0.6,2.71
7208,6,3,7.0,4.99
7779,0,2,1.8,4.25
40746,2,4,8.8,4.69
1785,2,3,0.4,4.72
6799,7,2,0.5,4.65
20245,4,0,7.6,4.7
10993,3,2,2.8,5.12
25549,1,2,3.7,6.83
30051,5,2,4.4,6.44
1241,6,2,3.4,4.83
4102,3,4,5.4,5.87
49814,5,1,7.5,5.49
38861,5,1,5.4,3.85
30351,1,4,7.7,3.45
41155,4,3,6.8,5.56
14232,3,3,7.8,4.85
20044,4,3,7.4,5.2
19388,6,2,2.4,4.96
48531,4,2,5.6,5.05
11968,3,4,9.5,5.46
31642,5,4,7.3,7.86
19140,2,2,3.9,4.66
15258,1,3,2.0,4.24
8612,7,3,9.3,6.15
8694,5,4,0.7,5.78
42834,1,4,7.1,4.11
40945,2,1,2.6,5.91
43501,0,1,0.6,5.01
36246,4,2,9.3,5.17
8074,5,3,1.7,4.84
6556,7,0,8.0,4.4
46254,2,1,3.4,5.05
42706,7,4,6.3,5.46
17903,2,2,3.4,3.71
48499,2,1,8.4,4.68
36487,7,0,7.3,3.04
35628,0,3,4.0,4.7
38851,6,0,4.5,3.67
16697,2,3,8.9,4.36
18884,4,0,6.5,3.86
8210,1,4,8.0,7.29
38960,5,3,6.2,3.24
21931,4,4,7.9,6.77
26230,7,0,9.4,4.8
37110,6,3,7.2,5.09
42699,7,2,4.3,4.72
15059,5,3,5.7,4.83
49941,4,1,4.8,5.74
7887,2,3,4.5,5.07
34612,5,1,1.3,4.87
42432,2,0,3.7,4.36
30978,6,2,7.1,5.02
36845,2,1,8.4,3.0
7942,3,0,3.5,4.49
4741,2,1,3.3,4.33
8278,2,1,9.3,5.89
14298,7,3,8.1,4.01
27502,1,1,1.1,3.78
41707,1,2,8.2,5.16
49259,0,3,9.2,5.19
38777,2,0,5.3,4.85
16610,0,4,3.4,4.79
7956,3,1,6.6,4.82
21183,1,0,5.2,4.66
16989,6,1,9.8,3.63
7834,3,4,4.8,6.06
2554,1,2,7.2,5.02
23100,5,4,2.9,1.96
46309,0,2,3.8,4.83
19861,7,2,4.8,5.98
42083,0,2,5.6,4.88
2422,3,3,5.9,5.22
2693,4,2,7.1,6.81
7866,7,1,9.4,2.71
16886,0,0,4.8,4.27
20896,2,3,6.1,5.49
6311,4,4,7.9,4.4
29003,3,4,1.8,4.96
5209,0,3,2.6,6.75
25632,4,0,9.2,4.11
34021,4,3,2.5,2.4
49660,0,2,6.4,5.32
19911,7,0,9.6,6.13
28629,7,0,9.2,6.59
14614,4,1,3.1,6.44
41489,3,3,9.3,5.83
37244,0,0,7.1,4.31
49672,3,0,5.3,5.91
42125,1,4,8.0,6.23
27477,7,0,3.5,3.6
41648,7,2,7.1,8.8
43126,6,4,0.9,5.74
29163,1,2,2.6,5.23
23468,5,0,8.8,3.51
39309,3,2,4.1,4.74
39685,5,1,9.9,4.42
2457,3,1,3.2,5.31
35182,1,1,1.9,3.36
18122,1,1,3.4,5.99
41996,4,0,7.6,3.59
21826,1,2,9.0,4.86
5429,4,0,4.9,8.24
40638,7,3,1.1,3.74
18270,7,1,4.5,5.45
21149,5,2,9.3,6.38
41697,7,1,6.8,4.16
2235,0,4,2.3,4.53
35042,1,2,2.9,6.52
4843,1,0,9.5,3.84
26019,2,3,8.4,2.26
7028,6,2,4.6,3.64
3153,3,4,6.1,3.12
49431,7,4,4.1,7.14
19758,0,0,0.3,5.19
13826,4,3,8.6,7.15
25040,5,4,3.7,5.6
43837,3,2,2.2,5.91
33978,4,3,1.9,3.23
2142,1,2,1.3,5.17
27432,0,3,1.0,4.51
46538,3,4,6.7,3.27
5982,2,4,2.5,3.82
35758,3,4,8.4,6.06
31893,1,0,9.3,5.47
17524,5,3,4.2,5.29
5034,0,2,2.6,6.69
26879,7,0,1.3,4.86
23838,3,2,5.4,6.22
48789,1,4,8.0,5.93
11251,7,1,3.2,5.69
7713,4,1,0.8,5.32
18645,3,4,6.3,5.91
47421,0,1,5.7,4.05
13064,3,3,6.7,7.11
36075,3,4,6.7,3.8
32611,7,4,3.0,4.45
28767,0,1,3.7,4.27
47353,0,2,2.9,4.12
43150,2,3,6.5,3.45
43566,5,2,1.0,5.59
12168,7,4,7.7,4.7
8403,2,1,7.2,3.65
45604,6,0,1.9,5.7
34839,5,2,3.8,3.71
16215,4,0,4.3,6.22
19034,4,1,0.7,6.25
17424,6,1,1.6,4.18
18318,2,0,7.7,5.54
48077,5,1,9.8,4.5
20169,3,0,3.3,5.77
19509,0,3,3.0,3.91
31694,1,4,9.7,6.24
2063,6,0,9.8,5.92
9173,3,0,4.7,4.1
42933,4,2,7.6,5.05
32435,5,4,7.1,3.7
47538,7,4,2.2,5.0
35462,3,0,5.6,3.81
47352,0,3,6.5,4.78
26093,4,2,0.7,4.11
36127,0,3,9.3,6.11
28652,2,0,5.9,6.87
7322,6,1,3.7,5.19
1805,1,3,9.9,6.27
38718,6,4,0.5,3.46
1369,7,3,2.3,5.04
43991,3,1,6.1,5.43
13742,3,1,1.5,5.75
13026,3,1,6.8,5.71
42060,0,3,7.6,8.14
39761,7,0,2.5,5.74
23354,4,3,6.1,4.33
7227,5,2,2.4,3.27
45538,1,3,2.4,4.18
14956,4,2,6.8,4.08
46495,2,2,8.3,3.66
35485,4,2,3.4,5.18
37603,5,3,7.0,7.11
13779,3,4,1.0,4.73
28180,5,0,9.9,4.09
39148,4,1,0.9,5.41
29957,0,0,5.0,5.22
17834,7,2,4.7,6.8
43877,3,1,3.4,5.57
4325,2,1,4.7,3.49
142,6,1,1.9,5.42
9316,6,0,5.1,5.96
23178,4,4,9.2,5.95
36603,1,4,5.8,5.61
6015,6,2,8.4,4.22
2920,0,3,4.4,4.64
37908,5,3,0.5,2.46
3161,5,2,1.8,3.84
20481,2,3,1.2,3.7
41826,6,1,7.3,4.55
31546,6,3,1.6,6.64
16658,2,2,8.3,3.9
26954,6,0,5.8,5.23
44688,4,3,2.1,1.97
2264,2,3,4.0,6.16
12155,1,1,5.7,5.78
35248,7,2,1.9,3.95
12566,4,1,7.6,3.95
32959,2,1,7.5,5.75
11392,4,2,1.6,4.81
45919,3,4,3.3,3.97
46751,0,1,4.7,3.06
48612,4,3,8.6,5.46
43264,1,0,8.4,5.33
5102,6,0,5.0,3.95
2125,2,0,9.0,5.11
42046,5,1,3.5,4.14
41609,2,0,0.9,4.4
18256,2,2,7.7,5.4
47452,7,0,4.9,4.27
4609,0,4,9.1,3.31
27540,6,3,7.0,5.54
213,6,3,2.3,4.74
23121,6,4,0.2,4.34
38207,3,1,0.3,5.41
5983,3,2,1.5,3.07
11025,4,0,8.1,4.99
43143,7,3,1.1,4.3
18771,7,2,4.3,1.29
47314,0,4,1.6,3.73
19290,4,1,6.7,3.82
47150,7,4,8.8,3.82
40610,2,0,7.4,3.55
5178,6,1,5.0,5.42
24453,6,4,8.8,5.06
5728,2,2,1.0,2.61
1944,3,0,5.6,4.62
14490,2,0,5.8,4.79
11782,6,1,5.1,5.89
5708,6,1,7.2,5.26
28143,2,3,3.6,3.9
33539,1,1,1.1,5.27
6058,0,2,8.8,3.64
1058,7,0,2.7,5.55
35591,2,4,3.6,4.95
9755,4,4,5.1,3.81
42588,6,4,4.2,5.07
1246,0,1,6.6,3.6
38365,3,3,6.3,6.27
10878,4,0,3.1,5.77
31686,4,0,2.5,5.28
49172,6,4,8.4,5.85
43305,5,4,1.0,4.26
38651,1,4,8.8,4.79
24136,0,2,6.1,6.76
8470,7,1,7.3,3.66
31829,3,0,3.8,3.93
44506,1,1,4.1,4.55
5742,3,2,3.2,6.6
4072,3,1,0.8,3.97
45022,0,3,8.9,6.91
36817,4,4,8.5,5.09
46000,5,2,3.3,4.81
16990,4,0,7.8,7.44
28693,5,2,9.0,6.77
25109,3,2,4.0,6.72
43800,7,3,0.6,3.84
27685,2,1,8.2,5.06
12590,3,2,9.9,5.92
25411,4,4,8.5,3.91
18950,2,0,1.3,5.44
17776,6,3,7.8,4.07
15064,1,4,7.3,4.59
31118,2,1,8.6,6.36
17148,6,3,10.0,6.5
14052,5,3,2.4,4.78
34007,5,4,1.2,4.7
37702,3,1,2.9,3.15
867,2,3,0.1,4.3
48302,7,0,5.6,4.41
15850,3,0,4.7,5.34
19881,4,2,2.6,5.76
28642,7,1,1.6,5.09
9519,3,1,6.8,3.3
8938,2,3,3.4,5.52
22954,2,4,4.7,3.57
28814,0,3,1.9,3.52
12725,0,1,6.1,5.22
16718,6,1,6.7,5.21
40209,7,1,3.4,4.51
3407,2,3,3.2,4.58
33028,1,4,8.2,4.91
19793,0,0,6.9,5.6
33756,3,0,6.9,4.21
27240,1,2,3.9,3.79
29376,3,4,1.3,6.98
3207,2,1,5.1,4.13
21106,6,3,4.3,3.82
12787,7,3,1.5,6.01
10347,0,4,7.1,3.95
32180,6,1,2.9,4.85
37169,0,3,2.4,5.76
11028,6,3,2.6,4.53
17192,4,3,4.0,5.24
40250,7,4,3.3,4.41
22138,6,2,5.0,5.28
19403,3,3,9.7,5.51
17440,0,2,6.3,4.81
11588,7,4,6.4,4.76
31211,1,1,8.1,4.75
16358,6,1,8.4,5.52
46056,3,1,9.5,4.69
3154,2,1,6.4,3.7
41872,6,1,6.2,3.27
8885,4,1,7.7,4.78
34231,3,1,2.9,6.54
41123,5,3,1.6,5.34
39426,1,1,5.1,4.58
23133,1,0,4.0,3.14
28976,5,3,3.5,5.52
44061,2,3,2.5,2.65
27329,5,4,9.8,3.5
16465,1,1,1.8,5.72
21122,5,3,7.9,2.36
2118,2,0,0.8,2.88
1841,1,0,4.9,3.69
38686,4,0,9.5,5.86
42308,6,0,5.8,4.19
40966,1,4,3.9,4.8
41048,4,1,8.5,5.37
13566,3,0,7.3,5.93
34318,6,3,6.0,5.25
2205,2,1,1.4,4.66
29863,0,0,4.2,4.19
29369,4,3,2.9,6.56
35033,4,2,2.7,6.15
491,3,2,4.7,3.79
4800,7,0,9.5,6.59
14280,1,4,3.1,5.9
41157,4,3,2.7,3.82
13456,1,2,0.1,4.73
9714,1,3,9.5,7.36
31923,7,0,4.0,3.15
43772,0,3,1.6,2.49
43900,3,0,5.8,5.3
5807,7,1,5.6,5.44
16654,0,3,5.9,3.56
9029,4,3,6.9,5.78
24763,6,4,1.3,6.24
38040,1,3,0.7,5.09
7224,1,1,5.3,5.37
15242,3,0,5.1,5.59
12853,3,4,2.4,5.67
1470,5,3,1.1,4.03
28442,2,0,4.8,4.44
45618,1,1,7.9,4.96
35634,5,1,4.9,4.35
30826,7,1,8.6,3.23
19156,7,2,8.9,5.56
37208,2,3,9.8,7.01
18217,3,0,6.5,3.72
10583,1,3,4.3,4.53
49999,4,0,7.4,3.76
4394,4,4,7.0,4.73
32937,4,1,6.0,4.38
49474,3,4,4.6,5.41
6975,4,3,7.6,4.22
40080,5,4,0.6,3.73
45526,3,3,9.8,3.58
27625,4,3,2.9,3.11
47991,5,0,9.4,2.61
29642,4,1,4.2,3.7
49309,4,0,0.9,5.69
26666,3,1,9.2,5.33
28881,5,3,4.0,5.13
2483,5,1,2.4,4.25
788,6,0,1.2,4.54
21864,2,1,6.8,4.23
4625,5,4,1.6,7.16
40916,3,0,9.9,3.67
6580,3,3,0.2,6.52
937,4,2,7.9,6.33
10162,7,1,0.6,3.35
19657,0,2,2.9,5.23
6892,2,2,9.6,6.16
6602,4,2,1.9,5.68
41213,6,0,9.1,4.35
29665,2,3,0.7,3.94
26245,7,2,6.5,6.23
39284,1,2,0.6,7.48
38966,6,1,9.9,4.23
13825,3,0,6.2,3.04
29355,1,3,6.3,4.69
4014,2,1,6.4,4.44
49910,7,4,9.9,2.53
1103,6,2,3.2,3.18
42685,2,1,7.6,5.29
48145,7,0,5.7,6.75
27293,7,0,4.8,5.51
14827,2,0,4.8,5.58
15950,4,4,1.6,3.97
39282,3,1,8.1,4.66
975,5,3,1.8,6.01
47156,5,2,3.6,5.93
15320,3,1,7.2,3.73
239,4,1,9.2,4.62
9533,5,3,6.5,6.19
43292,5,4,2.9,3.14
31177,2,2,5.9,6.1
26905,6,4,8.8,5.35
41393,4,3,3.9,2.64
9520,4,3,6.3,6.43
25201,4,0,0.9,4.28
30429,3,3,0.8,7.35
49057,7,0,4.0,3.79
18052,1,4,2.2,4.36
46689,6,2,4.1,4.99
9535,1,1,1.1,4.94
15214,2,1,9.2,5.89
14568,4,0,9.9,4.72
15820,4,0,7.7,7.0
29791,5,1,1.6,4.23
25151,1,4,6.4,4.82
28718,3,3,7.2,5.44
42969,0,3,8.9,5.11
20528,3,1,2.4,5.05
43908,4,0,0.6,4.28
10210,0,3,5.7,5.59
40685,0,1,0.8,5.1
26378,6,0,2.4,5.53
25727,0,4,2.0,5.3
20311,2,0,3.3,3.86
30446,1,4,1.5,6.72
34198,5,4,1.4,4.22
42876,2,3,4.6,5.59
28837,7,3,9.9,5.69
36695,0,2,4.3,4.35
49741,0,4,0.9,6.39
16750,2,2,6.7,6.77
45067,4,2,1.1,3.96
2246,6,1,0.2,5.66
41333,0,1,0.7,5.92
21488,2,3,4.0,5.24
11246,1,2,5.3,5.7
45333,3,4,0.1,5.2
1493,6,3,1.8,6.91
8433,7,4,3.8,3.05
4278,4,2,1.5,2.82
42329,4,1,4.4,6.62
44141,0,2,4.7,6.31
30963,2,2,0.5,5.46
3821,2,3,3.8,7.02
11627,5,1,8.2,5.37
44988,5,3,0.7,5.82
41011,6,3,0.9,6.45
44068,0,1,0.2,5.34
20691,5,2,2.1,5.93
16919,3,1,2.8,6.3
40564,6,0,9.5,2.99
14025,4,1,3.3,6.26
30377,0,0,3.3,4.76
38985,4,3,0.1,4.53
24003,7,4,9.1,3.81
40596,7,4,8.5,5.45
6391,1,4,6.8,5.37
393,3,0,1.2,5.22
20150,6,0,9.5,2.24
45991,3,3,9.1,4.62
20620,1,4,5.0,4.91
7525,0,0,3.3,4.32
37706,7,1,6.0,4.74
21644,2,4,9.0,3.36
26805,6,1,2.0,3.04
49406,6,1,1.6,6.16
35093,0,3,4.1,6.99
4968,5,1,6.9,6.52
31073,2,4,5.1,5.52
43439,6,3,8.3,6.8
13123,2,3,0.6,6.83
20071,7,2,6.5,4.79
24819,7,1,3.6,1.43
23911,1,1,0.4,5.0
49506,2,0,9.0,6.28
7664,0,4,7.1,4.04
11680,7,3,8.8,8.34
45918,1,3,8.9,6.75
9961,7,1,8.9,3.17
7187,5,2,9.3,4.95
30726,3,4,6.6,3.94
5738,1,4,8.6,4.51
27433,6,4,1.3,6.04
28066,4,1,8.5,5.23
23646,1,2,6.3,3.9
20916,1,2,4.3,4.63
40980,0,4,4.5,5.77
27698,7,1,9.2,4.09
11910,1,4,0.6,4.49
9067,4,0,1.9,3.9
2059,4,2,1.1,6.66
36104,6,3,4.6,6.31
37771,3,4,9.7,2.41
20144,4,0,7.1,4.55
31542,5,2,2.4,4.02
13798,6,3,7.4,4.05
16540,7,4,3.6,4.29
12001,7,4,4.2,4.52
20548,7,1,0.8,4.0
30341,3,3,1.2,3.46
33526,5,0,5.6,4.96
25350,2,3,0.3,4.1
45742,6,3,5.2,5.65
21835,5,4,6.6,3.73
25421,4,1,3.0,3.7
41589,0,0,5.4,5.49
46884,1,3,3.1,5.08
24430,6,2,1.6,5.69
29291,2,4,5.3,4.99
45499,5,1,6.8,4.42
16993,4,4,3.1,0.9
3831,7,3,9.4,3.02
382,2,1,6.0,4.25
25838,4,4,9.0,6.37
21073,0,2,1.2,5.6
45165,6,0,5.7,4.77
6117,1,1,6.0,4.27
44469,7,1,2.4,6.78
44124,3,1,1.4,7.4
835,1,3,5.3,7.44
363,4,3,7.1,4.24
6702,4,3,9.9,6.17
40062,2,0,0.7,3.94
9905,2,1,3.5,2.79
1543,1,2,6.3,6.13
18439,3,0,4.1,3.93
44391,5,3,6.2,3.96
45862,5,3,0.2,4.0
2017,1,4,8.2,5.78
37925,5,4,0.9,5.5
25257,1,0,9.3,5.61
19713,7,4,4.6,5.83
20010,3,0,0.1,4.41
28512,0,4,2.4,3.14
25007,1,4,9.5,6.29
36533,7,1,1.4,6.27
27600,4,3,0.7,5.4
29354,1,3,6.9,4.75
35805,1,1,2.8,6.09
35792,0,3,3.4,5.06
32768,6,3,3.3,7.18
16042,1,4,0.9,4.52
30245,2,2,3.5,7.3
5640,4,0,9.9,5.09
9002,4,0,3.2,6.78
14483,4,0,6.6,3.48
31671,7,3,0.1,4.46
19629,2,3,1.5,4.07
4778,6,4,1.7,5.41
49164,0,0,1.3,4.14
7475,5,4,8.7,4.34
46547,5,3,0.4,6.93
29993,1,2,2.0,4.71
24278,7,2,3.8,5.62
28213,3,3,6.5,7.68
48655,5,4,6.6,4.94
49545,2,3,1.0,5.07
37134,0,4,1.5,4.22
17535,3,3,9.0,2.98
9111,1,0,5.8,3.63
19169,4,1,5.1,5.58
10333,2,2,3.6,4.97
19524,2,2,2.5,7.29
19261,6,3,4.9,3.93
5371,7,4,6.3,3.18
10502,3,1,9.6,5.43
19521,3,0,8.9,5.23
25138,3,4,1.5,6.74
49789,6,3,4.2,6.8
9244,2,4,6.1,5.6
17940,4,2,7.0,5.09
40530,6,4,9.0,4.19
43846,2,3,4.1,5.68
39608,2,4,2.3,3.96
23474,7,3,9.7,3.92
724,1,0,3.6,3.81
35241,1,3,5.3,6.47
28509,3,3,7.0,5.47
47263,3,0,1.7,5.89
20466,7,2,2.8,5.61
22130,0,1,9.7,5.39
1899,7,3,7.2,5.16
19641,5,2,5.8,5.56
736,3,1,1.6,3.49
8627,6,2,6.9,5.55
47133,4,0,1.0,5.46
42161,2,0,2.0,4.82
42632,0,2,4.5,5.29
44103,6,3,5.9,5.5
29285,7,1,3.1,5.05
5252,1,4,9.8,5.26
28795,1,4,8.3,5.56
37951,5,3,10.0,7.31
36951,6,0,7.0,5.46
19987,2,1,4.8,4.83
28466,4,4,3.4,4.19
38963,3,3,5.4,3.57
35269,5,4,8.7,4.32
24335,2,2,0.5,3.89
3065,4,2,6.5,3.92
15391,4,0,8.5,3.54
6851,1,0,6.7,4.06
25065,2,0,0.3,3.74
45935,1,3,0.5,4.11
46947,2,3,8.3,3.26
20131,2,4,3.7,3.36
3591,2,3,7.0,5.53
39487,7,0,0.8,6.13
33353,2,1,1.0,6.14
16879,1,1,8.6,5.7
1258,4,2,9.9,4.17
49066,0,3,0.0,4.47
34811,4,1,1.3,5.25
29980,2,2,9.1,4.58
15025,4,1,7.0,5.97
5503,4,1,2.5,5.24
49579,6,4,5.1,6.52
34579,1,3,4.1,5.47
32210,5,2,9.7,3.14
4272,0,4,9.8,4.49
32847,0,3,2.7,3.36
12580,6,4,9.9,5.56
19936,5,4,2.3,6.09
44909,1,2,4.8,4.83
19039,6,0,2.3,3.8
13843,4,3,2.1,5.67
33899,6,1,5.9,5.42
44333,3,2,2.7,3.78
10243,7,0,0.1,3.85
42936,5,1,2.9,5.53
22271,3,2,0.4,4.34
28592,4,1,8.9,5.42
14583,2,4,4.7,2.95
32439,3,4,4.3,6.39
24800,1,0,5.3,6.45
24026,0,4,8.8,4.94
38085,5,4,3.4,5.12
29720,7,0,5.7,4.3
27501,2,3,4.6,4.4
25573,5,4,4.8,6.39
12476,4,0,1.5,5.13
32881,3,1,5.7,4.4
9638,6,3,4.5,7.36
28777,5,0,3.0,6.98
45073,5,4,5.2,7.76
41268,0,1,9.9,4.9
32420,6,1,1.4,4.89
36132,3,1,1.9,4.23
1443,7,0,7.2,6.4
35589,7,2,8.4,5.98
10020,1,4,9.1,6.95
34211,5,3,4.7,3.4
2709,4,4,2.7,7.02
29219,0,1,8.6,4.58
11711,1,1,1.6,5.33
35588,2,0,8.0,4.33
2898,4,0,4.6,3.66
41457,5,0,8.3,4.42
29722,6,1,6.1,5.66
27225,3,1,2.4,7.64
35988,7,0,8.3,6.02
14688,4,2,6.1,5.29
47364,7,1,6.5,4.88
42728,4,4,3.0,4.93
38647,5,1,9.8,4.18
48272,5,1,5.8,4.07
29566,6,0,9.1,6.6
4135,6,2,4.2,4.68
33695,6,0,9.5,5.53
38052,7,2,2.1,4.0
22647,4,4,6.6,4.88
21911,6,0,5.6,7.37
4656,6,0,0.1,6.36
49117,0,4,6.4,3.94
43866,2,4,0.8,4.8
38496,6,0,4.4,5.55
30917,2,1,6.5,7.3
47017,1,1,8.5,3.36
25268,1,0,0.3,4.48
22142,4,3,7.1,5.43
47532,0,4,7.8,5.42
33534,2,0,5.9,5.94
42039,1,0,3.0,5.31
13198,4,0,5.7,4.61
43145,2,3,2.4,7.64
10475,2,0,4.3,3.81
39491,6,3,0.5,4.09
32799,6,3,0.2,5.12
22075,2,1,2.9,2.82
47051,3,1,0.2,5.4
19504,7,1,6.2,3.64
30718,0,4,7.4,5.31
14134,2,0,4.7,5.51
39249,5,0,2.8,5.78
23600,2,2,2.9,4.86
23300,5,3,7.5,4.88
40911,1,1,6.6,5.57
43601,4,0,4.8,6.73
32391,4,4,8.4,2.54
586,7,3,6.1,5.95
44978,0,1,3.1,2.69
47247,5,0,3.5,7.12
43234,6,3,2.3,8.23
30590,4,0,8.4,5.79
48316,3,3,5.1,3.55
49707,6,1,9.9,6.62
19608,6,1,0.9,4.99
22070,2,2,1.6,5.21
38218,1,4,2.5,7.07
9242,4,3,3.7,4.58
9303,7,0,0.5,6.78
35066,3,4,2.1,6.76
34998,3,3,2.3,6.73
4040,3,4,6.2,7.17
41477,1,3,1.8,3.67
25616,7,3,2.8,4.96
9257,3,1,1.1,6.54
7808,3,4,1.2,3.6
5575,2,0,0.3,2.18
20065,3,0,4.8,5.65
792,4,1,7.8,5.19
39431,1,4,1.9,4.51
464,2,0,5.3,5.7
9937,5,1,8.2,7.19
8018,0,0,3.7,4.79
12015,7,1,7.0,4.92
30704,5,2,1.3,6.02
49329,7,2,8.6,3.15
155,2,4,4.4,3.09
37471,0,3,7.3,2.75
24989,0,0,2.8,4.01
16099,0,2,8.8,6.69
1232,7,1,4.3,6.89
24517,3,4,7.4,5.02
19018,1,0,7.6,5.72
5273,2,2,0.7,4.4
40170,0,4,5.2,2.62
10032,7,4,7.2,4.61
45210,3,1,8.3,2.86
45921,5,2,2.8,7.02
22791,6,4,7.9,6.54
6500,3,0,4.8,4.17
36454,5,2,1.0,5.95
38799,7,2,5.1,7.53
17993,6,4,3.2,4.19
16336,4,4,2.1,7.0
27682,3,0,9.4,6.79
38446,1,1,8.9,4.68
28492,5,0,5.6,3.81
47338,7,2,7.9,5.55
28412,5,4,5.1,3.96
43951,2,2,1.3,7.39
15341,0,1,8.1,5.52
6035,2,4,4.5,2.3
13455,1,2,8.0,4.58
43529,6,2,3.7,5.17
33248,6,4,0.8,5.53
10673,3,3,6.4,4.04
42671,1,4,4.8,4.62
30597,2,3,8.0,5.82
18120,4,4,9.6,6.16
9701,2,1,6.1,6.24
10607,7,4,4.3,4.76
43042,3,0,6.7,6.99
36457,7,2,9.4,5.04
38377,7,4,6.6,6.73
46830,7,2,2.7,7.18
20806,6,2,4.0,5.51
5043,2,2,5.7,2.61
4548,0,0,8.2,4.68
31648,7,4,9.7,3.54
44437,2,3,6.9,6.49
40335,6,4,8.5,5.31
27562,7,4,6.9,5.95
48437,7,0,2.3,3.98
33090,0,4,3.4,4.83
38113,4,3,6.5,6.54
16187,5,2,6.9,5.37
23122,5,4,0.0,5.18
46953,5,4,7.6,6.12
44765,3,4,9.7,7.34
36220,4,0,3.9,2.96
49744,6,3,8.5,6.76
38100,5,3,2.0,5.37
20997,0,3,3.0,3.34
4738,7,0,9.4,5.46
34691,1,1,6.8,4.67
1698,5,3,7.2,3.93
9462,7,4,8.0,4.29
41874,3,2,4.6,4.83
44479,1,3,5.1,4.09
10141,2,4,6.4,4.65
38390,2,0,3.0,4.74
30599,5,2,6.2,4.14
36056,4,0,6.3,5.22
28197,3,1,0.4,5.74
40198,4,4,1.8,4.35
14593,7,2,3.4,5.27
36569,1,3,2.7,3.3
47055,5,3,8.8,6.09
31753,5,4,2.8,5.02
23227,6,1,5.6,2.98
4958,7,1,4.0,6.8
25872,4,0,0.8,4.99
18211,7,3,4.6,5.16
24603,4,3,3.4,4.35
26826,6,1,2.8,4.29
43121,3,2,1.7,3.9
15326,7,1,8.2,3.45
33196,6,4,1.2,6.34
22516,0,2,8.7,6.65
26027,2,2,4.2,4.92
48637,4,0,6.2,5.04
28532,7,2,1.2,4.79
6186,1,4,5.4,6.49
27734,0,3,1.4,4.3
16730,7,0,9.8,4.93
16168,7,0,5.4,5.49
33908,6,3,5.7,5.05
37035,4,2,8.6,3.25
40515,7,4,5.8,4.36
25266,1,0,8.8,4.3
46657,1,2,9.1,6.99
46649,2,3,2.8,5.1
33915,4,3,9.9,5.93
49942,7,2,6.9,5.31
1121,1,0,2.4,6.69
29513,2,3,6.4,4.52
34717,6,1,2.3,3.1
23447,3,0,0.6,4.22
181,3,3,4.6,4.09
21344,4,2,7.6,5.28
13172,3,3,0.7,5.33
2760,1,2,2.0,5.87
7307,7,3,4.3,4.92
4037,5,3,3.8,5.49
39117,2,2,3.5,3.86
32724,6,2,1.0,5.26
32697,3,2,5.6,6.59
46003,3,0,5.8,6.47
12362,1,3,1.7,5.27
3126,1,4,9.2,3.28
49226,1,0,9.8,4.52
16185,2,3,0.6,5.24
24193,3,1,4.5,5.02
1071,1,0,3.5,6.38
28031,3,1,4.4,4.96
13462,7,2,9.9,3.34
41492,5,1,2.8,4.02
23377,4,1,4.9,8.31
7386,1,2,7.6,5.91
43410,1,2,0.7,5.14
25611,5,1,5.0,6.24
6718,7,4,9.6,3.24
22322,7,1,1.6,3.78
29258,0,4,4.3,3.11
29549,6,4,8.1,5.31
14030,6,0,2.9,5.8
36510,5,3,4.8,5.95
36014,4,4,1.6,6.41
5968,1,3,8.8,3.08
17357,5,4,9.6,6.03
11547,7,3,2.6,5.03
47771,0,1,2.6,7.59
42509,7,4,2.5,7.53
22548,0,2,0.1,5.44
11646,1,2,9.4,4.99
33397,1,2,1.4,2.51
38017,1,0,3.4,3.62
28016,5,3,9.4,4.21
19197,7,1,2.3,2.81
44848,2,3,8.2,3.87
43161,7,0,4.7,6.07
42667,0,1,7.0,5.47
16942,3,0,1.0,5.02
36016,7,0,2.3,4.81
641,0,3,8.5,6.42
7261,5,0,7.2,3.93
9789,5,1,4.4,5.89
21793,4,0,1.6,5.04
8556,3,2,1.8,4.93
17091,6,3,4.2,5.86
38884,5,0,3.2,4.86
46426,1,0,6.6,5.26
37691,6,2,7.6,4.37
26192,0,3,7.6,3.94
11321,0,4,6.9,7.0
23074,2,0,7.8,4.45
3015,3,3,0.9,5.28
5359,0,1,2.2,6.2
41075,3,3,3.1,6.18
12226,0,4,9.6,6.74
42366,1,0,7.1,6.84
45942,2,1,6.7,3.52
39734,4,2,5.6,3.66
10408,1,0,3.2,6.63
6825,1,3,0.3,4.71
31727,5,0,4.5,3.93
30949,7,4,5.0,3.62
30943,1,2,1.6,6.56
16588,6,0,1.0,5.56
45642,0,2,2.1,5.42
34183,3,0,0.1,5.27
45192,5,1,3.6,4.88
26851,7,2,8.6,5.33
49026,1,1,5.9,4.22
28663,2,4,6.7,6.59
48661,4,2,2.5,8.41
28371,6,3,7.0,3.07
12139,5,2,3.5,4.31
13579,7,3,5.6,7.21
26259,0,4,2.0,4.66
19828,7,0,7.3,7.11
35866,5,0,9.1,4.16
10142,4,2,9.4,5.17
39069,5,1,3.4,5.58
24951,0,0,2.7,4.96
44567,5,1,0.4,6.7
20411,1,3,3.8,7.12
44306,7,0,3.5,4.76
591,4,1,9.3,5.53
19429,0,1,4.3,4.77
39274,1,1,0.6,4.29
8625,5,3,8.4,2.8
37384,7,2,4.2,4.35
49717,0,3,1.5,6.28
29496,7,2,0.7,3.96
605,0,4,9.2,3.99
271,6,2,0.3,4.2
43266,5,0,2.9,5.04
30850,0,0,5.8,5.24
40750,7,1,4.3,4.08
1467,1,3,5.0,4.58
36844,2,3,7.9,5.6
38682,0,3,7.5,5.46
1906,7,4,5.0,4.33
20980,4,1,9.1,6.22
4074,4,3,4.8,5.99
44556,4,1,5.5,3.76
47721,0,3,8.3,2.92
41677,4,2,7.8,3.09
19851,5,4,2.3,5.53
9551,3,4,5.0,5.21
9696,1,3,6.5,3.13
2830,5,0,6.9,5.48
4978,1,3,2.6,4.85
8344,4,1,1.9,3.05
7094,5,3,7.8,3.56
32438,7,2,0.8,3.75
6089,2,2,1.9,3.85
13327,6,0,4.7,6.35
13153,1,3,7.1,4.5
41595,3,1,5.7,5.61
30598,7,4,6.9,6.21
44574,3,1,7.2,5.74
4687,0,4,3.9,3.8
28926,3,1,3.8,2.75
9161,1,4,4.4,3.68
254,1,2,2.5,5.21
16405,4,3,8.0,5.29
27785,3,3,5.0,3.07
14540,0,0,1.6,5.87
16701,6,3,9.1,5.76
198,7,4,8.0,4.4
38869,6,2,9.9,3.96
27668,1,1,7.2,6.73
14257,7,2,7.2,6.13
13105,3,2,4.3,6.19
12859,0,3,9.3,6.69
46744,2,0,9.7,5.45
35775,4,2,5.6,4.61
10436,4,1,8.3,4.58
18860,4,1,1.7,4.13
42309,3,1,4.2,3.91
21692,4,2,9.4,4.78
12354,1,0,7.4,2.24
26310,7,4,0.9,5.3
23470,4,1,3.4,4.26
6430,5,1,2.9,5.1
48576,3,4,2.3,4.87
3133,1,2,2.6,2.76
22969,6,2,8.5,7.42
26279,0,1,1.4,5.19
10563,7,4,9.8,4.82
46675,2,0,4.5,5.39
30215,3,0,0.6,5.2
25286,3,2,1.5,3.94
8906,7,4,6.9,4.68
38398,4,4,7.5,3.98
35162,0,4,4.8,2.96
17833,6,4,6.4,4.3
13774,2,4,0.9,5.25
1476,1,0,3.5,3.88
40051,0,2,2.6,5.25
2835,4,0,9.0,6.5
27554,1,2,1.1,6.1
14661,4,4,9.8,7.03
23407,2,0,1.3,5.56
33253,6,3,8.2,6.46
13118,6,1,8.6,5.63
25931,0,4,8.9,6.04
9445,2,3,6.3,3.3
31117,3,1,4.4,2.77
44001,3,0,4.8,4.83
40313,2,2,5.2,7.08
7649,4,3,2.5,1.51
3247,5,0,9.2,4.86
682,1,1,1.1,4.42
16144,0,4,4.2,4.12
21953,0,0,0.1,5.22
47337,2,1,1.4,4.77
40803,2,1,8.7,5.03
30654,6,2,4.7,5.31
242,4,0,1.6,3.78
49586,2,0,2.3,4.45
34715,2,3,6.4,4.23
209,4,2,5.7,4.52
24310,3,4,9.4,5.04
24682,7,0,6.2,5.02
18485,1,2,1.6,4.81
42903,1,1,3.3,3.97
40255,1,1,0.1,4.89
42718,3,2,4.0,6.57
21895,4,1,5.6,6.13
20343,7,2,8.3,6.93
17211,6,1,7.7,2.94
10094,7,0,3.5,5.84
19393,7,0,5.3,5.2
18981,5,4,4.9,6.24
28195,5,3,8.5,2.78
1820,6,4,9.5,3.99
11181,4,4,4.5,4.76
40879,1,0,0.7,5.1
4569,4,2,8.1,6.02
33897,0,3,7.9,3.78
20617,4,0,7.1,5.35
27217,6,3,2.4,4.8
9297,6,0,6.8,5.77
9552,5,3,4.6,4.33
27994,6,0,5.9,3.31
46490,7,4,5.6,3.99
42796,2,4,5.7,6.25
35258,4,1,9.4,6.93
7995,0,0,7.2,4.44
48610,4,0,2.0,3.17
49191,1,2,1.1,5.23
23577,4,4,4.6,6.86
41182,6,3,3.5,5.08
41063,5,2,1.1,5.82
49385,2,1,7.5,5.17
14881,2,1,7.2,5.74
45106,3,2,2.7,4.56
9430,1,4,6.2,4.97
38819,2,0,4.7,6.06
3603,1,3,3.9,5.33
29004,2,2,3.2,3.92
20234,7,0,6.5,4.06
5616,0,2,1.1,7.65
12283,0,4,1.8,3.49
20093,3,2,7.2,4.38
41546,3,2,3.8,3.1
49931,5,1,0.8,5.01
35170,0,2,7.0,4.81
337,1,3,5.9,4.8
27127,0,3,4.2,4.09
17523,4,2,0.9,5.3
45613,0,2,5.4,5.61
27151,7,1,2.2,6.11
27298,1,0,2.8,5.09
29229,2,3,5.0,3.42
31184,4,0,6.6,6.0
1728,5,0,5.7,3.22
10060,0,0,7.8,4.14
48689,0,1,4.5,5.98
11923,2,3,0.1,6.97
38792,5,4,6.7,4.65
35101,1,4,3.1,3.2
36642,1,0,1.4,5.46
17114,4,3,2.2,6.08
7536,4,1,4.0,4.63
49824,7,4,1.5,4.35
23896,7,0,1.8,4.84
15279,3,3,0.5,5.28
35881,1,1,5.5,4.03
26372,4,4,1.4,4.59
49542,2,4,0.8,4.54
19800,2,2,9.9,5.36
10649,4,4,2.0,6.95
32126,6,4,8.4,3.96
26721,3,1,9.0,6.66
13290,6,1,8.5,3.23
2329,0,3,1.1,4.73
39150,6,1,9.5,5.91
42479,2,4,1.7,3.93
38757,1,1,4.5,4.1
5225,5,1,0.8,5.35
49973,1,2,1.3,4.83
18705,0,4,6.4,4.78
14694,1,3,6.7,5.28
29526,7,1,4.7,4.46
20165,0,1,0.5,5.52
501,3,0,8.4,5.07
19844,4,4,5.5,5.5
26251,3,1,4.5,3.8
14085,7,1,9.7,3.74
42441,2,1,7.5,2.46
4376,7,0,6.4,3.89
7673,1,1,5.7,4.6
11645,0,2,6.8,4.65
27513,7,1,8.9,4.92
5806,6,0,6.1,4.08
2492,7,4,5.2,5.21
47567,4,1,5.8,2.51
10760,1,3,3.8,6.01
2430,5,0,6.5,6.36
17358,6,3,6.7,4.55
46707,6,4,2.3,5.07
526,3,3,5.7,4.71
44486,5,4,2.1,4.51
27090,6,0,2.2,3.21
47705,6,0,9.9,5.76
7666,4,0,10.0,5.27
26634,6,1,1.3,3.66
30416,2,4,6.2,6.29
11765,5,2,4.9,4.84
23057,5,0,1.5,2.67
14728,3,1,2.9,3.76
26274,2,2,2.6,5.88
12816,7,1,5.4,3.84
17906,5,1,7.3,2.36
23059,0,2,1.9,3.18
14629,6,4,3.4,5.5
41163,2,0,7.2,6.35
35196,5,2,0.6,5.01
47026,5,1,2.1,4.22
49448,4,2,9.5,2.79
6180,7,2,9.3,4.85
10622,6,3,7.7,4.88
9214,6,3,9.8,6.2
15335,3,2,9.1,7.1
49524,3,0,6.9,2.39
19795,3,2,5.5,7.44
11075,4,1,5.7,3.47
2323,7,1,8.9,3.85
47469,3,0,2.0,4.65
3738,4,0,1.3,6.13
27272,6,0,0.0,5.58
38022,6,3,5.4,4.38
24192,3,1,9.8,6.37
31617,7,4,7.3,4.99
6164,5,3,3.7,4.5
36561,1,1,3.5,4.8
47681,7,1,1.5,6.02
39280,1,1,8.5,6.02
33259,5,4,6.8,4.75
33389,4,0,8.6,4.26
45007,3,0,5.4,3.2
31331,1,4,9.0,5.32
15609,7,1,7.8,4.0
30534,4,2,2.4,3.79
42156,2,0,2.0,6.07
36530,3,4,8.1,3.96
23690,7,2,4.5,2.45
40976,3,3,4.6,5.62
41205,7,0,8.2,3.51
19064,0,4,7.6,4.51
16219,3,0,4.2,3.78
13978,0,4,8.7,4.18
1592,4,2,1.3,6.47
23338,1,0,7.6,5.9
46343,3,0,2.1,5.84
35684,7,1,8.9,3.59
47822,7,4,4.2,3.69
2165,4,4,8.7,4.22
8143,5,4,7.6,5.14
14444,3,3,1.7,4.45
34411,3,4,2.7,6.94
7026,2,4,4.0,3.99
2579,0,2,6.6,4.41
34794,0,1,1.3,5.14
39018,4,0,5.4,7.7
45488,5,4,7.5,5.65
36082,3,1,7.9,5.61
9980,1,1,3.3,6.58
107,5,4,5.8,4.32
36497,2,4,7.5,3.77
17290,2,0,8.7,4.88
16500,6,0,5.8,5.81
32836,6,1,8.9,4.12
32901,6,1,7.5,2.99
5358,0,4,3.6,7.34
26714,7,3,2.5,4.38
16236,1,0,3.7,6.45
34758,3,4,9.7,4.68
1225,7,0,5.4,4.64
31048,0,1,1.4,6.39
19096,0,2,6.2,6.05
43299,7,1,1.6,4.37
16292,1,2,4.3,3.86
42504,6,1,9.5,3.54
19385,4,1,6.8,4.97
47601,6,0,2.6,6.8
13965,6,1,2.3,3.68
8358,4,3,2.8,5.84
33333,0,3,7.8,4.16
49655,6,2,2.1,3.44
17584,3,2,0.6,3.8
39572,3,1,2.0,6.46
13209,6,2,7.4,3.49
13191,2,1,4.1,3.08
4177,5,4,9.1,5.76
40992,4,1,9.1,6.49
39324,7,2,7.5,4.04
30858,4,1,5.6,5.1
10677,3,0,5.2,4.84
22530,1,3,0.8,4.34
46620,1,1,9.4,6.24
1527,2,2,6.4,5.93
17272,4,2,1.5,4.71
11682,5,1,8.7,8.44
10281,1,2,3.0,4.57
20189,0,2,0.6,5.51
41510,6,4,9.7,2.77
9293,1,4,7.1,5.34
16751,7,3,3.4,3.95
19940,4,3,2.9,4.82
26558,0,0,2.2,6.71
18859,3,2,1.9,5.42
17853,0,0,6.0,4.54
44251,6,2,7.3,5.92
33736,4,2,3.7,5.29
35617,5,4,8.5,5.45
43492,2,4,8.7,3.23
35234,4,4,1.6,2.37
5045,7,3,9.5,3.94
1901,2,2,1.1,6.36
35730,7,2,6.7,5.95
18466,7,3,7.4,5.23
8362,2,4,8.1,5.2
39359,5,3,3.9,7.35
38824,1,2,8.6,5.0
39456,2,0,8.3,5.0
41569,2,3,9.0,2.91
3279,1,2,6.5,4.73
6929,7,1,3.5,6.22
32422,2,1,7.8,2.81
44090,4,4,4.9,4.63
26914,2,4,1.2,3.28
47712,4,2,5.7,6.83
43342,7,1,5.5,5.66
2838,1,4,3.0,3.41
17534,1,3,3.7,7.04
20293,0,2,2.9,6.63
33584,5,2,3.1,3.47
27067,6,0,6.5,6.22
39479,5,4,7.4,2.37
10700,7,3,0.4,5.59
21082,1,1,8.4,3.81
13343,6,2,1.0,4.08
31588,0,0,9.0,4.06
42345,5,2,1.5,4.63
7630,1,3,3.7,4.5
30055,7,0,2.4,4.25
4266,0,1,0.9,4.79
796,5,0,4.8,4.56
33894,2,3,0.5,3.52
2593,7,1,3.3,4.08
22931,2,4,5.5,3.96
27638,3,3,7.7,5.0
16522,5,2,4.7,6.86
6100,3,3,0.9,4.46
4965,2,0,5.6,3.83
5744,5,4,9.3,3.99
20766,3,4,3.0,3.64
3787,0,0,7.4,6.99
13813,3,3,0.8,6.9
39145,4,1,1.1,5.69
40071,1,0,7.6,5.67
11188,1,4,6.5,3.77
6730,5,0,9.1,4.72
28080,4,1,2.8,4.14
30964,7,2,8.8,5.91
43346,1,3,1.9,6.35
6712,7,0,2.8,3.74
49694,4,0,10.0,5.96
8010,2,4,5.7,5.87
35004,4,4,9.6,5.49
40426,2,3,1.1,5.23
3992,1,1,5.4,6.74
32798,4,4,0.3,3.28
49882,5,4,8.4,6.19
9797,0,4,2.3,2.65
12116,4,4,6.0,5.88
22856,5,3,1.1,6.03
3415,2,1,2.5,5.72
42786,0,4,7.8,5.51
2036,2,3,7.1,3.19
47323,4,2,4.9,4.86
13259,4,0,0.2,4.08
35150,4,2,6.0,2.7
39972,2,3,9.7,4.64
41200,5,4,0.7,5.97
11316,1,2,3.2,3.14
38064,2,2,4.4,3.57
18275,3,0,3.5,3.39
43535,5,0,5.2,4.6
4515,4,3,3.6,3.19
47141,1,1,8.8,4.86
38447,6,4,5.9,6.17
27699,2,0,8.8,4.69
14099,5,3,9.2,3.91
8213,2,0,5.6,4.2
29466,7,0,0.9,3.52
46333,5,4,8.0,4.18
31250,0,0,1.0,4.09
19072,6,1,5.1,4.93
18941,0,3,5.5,5.78
12545,0,0,9.7,4.93
767,0,3,0.3,4.44
46788,6,4,5.2,6.57
28060,5,1,3.8,4.49
2007,3,0,4.4,7.08
17821,5,4,7.2,4.8
23580,1,3,6.3,4.6
28653,3,0,3.7,5.74
17792,0,4,8.9,4.82
39463,5,1,7.8,7.08
9271,4,2,5.1,4.75
43730,6,0,9.5,6.53
11223,3,4,3.3,6.41
7325,1,4,4.1,4.51
1218,2,4,2.1,4.66
28179,3,3,3.9,3.46
3093,5,4,4.6,6.64
14892,5,3,6.1,4.36
19337,6,3,8.6,3.96
27599,7,2,5.5,5.62
18323,3,0,5.4,4.88
12685,4,3,8.5,4.44
36260,4,3,5.3,7.83
40309,0,4,4.9,5.88
42225,0,3,8.9,3.56
33655,2,2,3.9,6.35
1142,2,1,0.8,3.36
21265,5,4,8.7,5.61
44314,4,2,2.4,5.06
30136,0,2,7.8,7.19
1954,1,1,2.9,2.61
22298,2,0,8.0,5.18
23411,0,1,3.6,4.49
47380,5,1,2.7,2.6
2249,3,2,7.0,6.62
32952,0,3,7.7,5.79
12435,2,2,2.1,2.52
38137,3,2,6.3,3.61
16592,7,0,7.3,5.26
35620,7,0,8.6,6.68
9194,7,4,4.6,4.54
40050,2,0,7.7,3.98
23920,4,1,2.4,3.76
17095,7,3,4.5,1.55
42206,5,3,7.6,4.43
19319,7,0,6.5,3.06
22313,7,2,5.3,4.18
16221,2,2,8.8,5.49
30615,4,2,4.0,5.24
31789,4,0,5.0,6.24
10051,6,2,8.0,5.07
18252,5,4,0.3,5.74
3696,2,4,0.2,4.85
17435,3,2,6.2,2.78
31811,4,4,5.4,5.6
39200,6,2,4.9,4.7
237,0,2,7.1,4.38
8380,2,0,8.8,5.38
22196,1,2,2.6,6.99
39938,5,0,7.2,5.37
11443,3,2,8.8,5.21
47969,5,3,4.2,3.6
29172,5,4,6.3,4.58
26143,4,3,9.6,5.66
6369,0,2,0.2,4.41
17141,4,2,1.7,5.3
36909,5,0,1.0,3.73
26126,1,2,5.6,6.12
22509,2,1,1.5,4.11
35619,3,1,6.0,4.22
15659,7,3,5.7,3.61
12489,0,0,4.6,4.57
42392,6,1,3.8,6.92
12603,0,1,8.9,4.78
19282,5,1,0.4,4.25
19056,4,4,9.9,6.69
11227,6,0,6.6,6.31
1677,2,2,8.2,5.21
46293,6,0,7.9,4.51
32128,7,1,1.0,5.15
37934,6,0,8.6,3.98
27704,4,3,5.8,5.38
26496,4,0,5.7,4.96
27754,5,3,4.9,6.96
31119,1,0,9.5,5.87
40799,0,0,3.2,5.74
40664,6,2,1.1,3.82
34866,3,4,5.9,6.42
23971,6,1,1.7,5.09
47570,0,0,8.1,6.8
32381,3,1,1.9,4.29
39691,7,0,3.3,5.1
28459,2,1,5.3,3.82
2546,2,1,0.3,4.37
45134,3,1,10.0,4.91
26708,6,2,6.6,3.89
2147,0,3,2.2,4.22
44842,5,1,7.4,4.77
47152,4,3,1.1,2.16
39518,3,4,6.5,6.56
12556,6,1,1.8,6.58
34406,0,2,1.0,5.82
39,7,4,4.3,5.28
31511,7,4,0.8,5.75
32823,5,4,0.3,4.44
34711,7,1,6.9,4.94
616,7,2,9.1,4.21
30329,1,1,8.8,5.76
22557,4,1,7.4,5.92
30980,2,4,3.9,6.18
20033,1,0,4.8,5.45
21192,3,3,7.9,5.66
9085,1,0,6.2,5.83
7804,5,4,9.5,6.12
811,6,0,3.7,3.24
47849,4,3,6.6,4.23
2885,5,1,5.1,3.07
34343,0,1,2.9,4.68
20654,6,2,1.6,5.29
41685,1,0,2.4,6.74
14340,1,0,3.0,4.94
43548,1,0,1.3,4.79
15763,6,0,1.1,4.24
2972,0,3,3.9,5.96
23647,3,2,2.2,5.72
4594,6,2,5.5,6.0
41437,6,0,4.0,4.52
2286,1,3,5.5,4.63
32140,6,1,8.7,5.2
10902,3,1,2.6,6.18
42590,4,4,9.1,5.62
5381,3,4,2.4,6.59
29139,7,3,4.5,3.5
36660,0,3,6.1,4.79
17621,1,3,1.1,6.0
26329,0,1,9.4,5.12
37415,7,2,7.6,6.05
18152,0,1,0.6,3.09
49798,7,2,4.6,4.74
10396,1,1,3.0,3.08
44763,0,4,5.1,4.27
49979,2,1,5.7,5.2
42973,5,2,0.0,4.73
27532,0,4,4.8,5.21
10084,5,0,4.3,4.89
49411,3,0,6.0,5.41
27457,1,1,0.0,4.1
34949,4,1,6.5,3.04
41776,5,3,4.2,5.21
14378,4,4,7.6,5.27
43212,0,0,2.8,1.43
27443,2,4,5.0,5.75
32970,5,1,7.8,3.7
11451,6,0,5.1,4.38
210,1,4,7.0,4.87
42079,4,2,1.9,4.76
45844,0,2,0.4,2.56
31230,3,0,5.9,7.1
2938,2,2,2.9,4.23
23652,5,4,6.3,5.6
658,7,2,3.2,4.25
36688,5,1,2.8,5.3
37776,1,0,2.7,6.12
29406,5,4,0.7,4.44
42093,1,1,8.5,4.17
45951,5,1,2.4,3.21
5773,4,0,1.0,4.81
16450,3,3,8.5,4.87
403,1,0,9.3,2.72
7119,2,4,7.1,5.84
9636,0,4,2.3,2.55
27444,1,0,9.4,4.44
35857,0,1,0.7,4.19
47833,3,0,7.2,2.59
15528,7,2,5.2,5.49
877,6,0,1.8,3.5
34086,7,4,0.8,3.63
48083,0,3,7.5,4.67
10096,6,0,9.8,2.36
14283,5,0,1.7,5.23
26071,3,1,1.8,5.92
33612,6,2,2.8,7.27
35415,5,2,5.0,5.61
13690,1,0,9.2,4.66
15495,4,2,3.4,3.61
2154,2,0,8.0,6.12
47226,6,3,5.3,5.08
44112,1,0,1.4,3.05
46615,3,0,6.1,4.36
34970,7,3,6.5,6.73
22231,7,1,5.8,3.47
43177,4,1,3.5,6.51
26655,4,1,5.1,3.65
41256,1,0,0.5,4.61
33350,6,0,7.7,5.91
41629,3,4,1.9,5.57
28217,7,1,5.0,4.92
25376,3,2,4.8,4.78
40684,0,0,3.8,6.19
31943,6,1,2.6,6.0
3384,7,2,4.6,5.37
9003,1,0,7.1,6.68
28427,6,1,0.5,3.29
22894,6,2,4.9,3.11
44746,0,2,7.9,3.85
24684,7,0,9.0,3.7
34877,2,0,9.1,4.1
38092,0,3,1.5,3.96
43789,6,0,3.3,4.88
29287,6,4,1.9,4.12
17404,6,4,7.3,4.81
42218,6,3,3.7,3.31
43028,3,3,9.8,6.17
1750,2,4,2.2,5.09
42035,0,4,3.2,7.03
5317,2,1,3.3,6.33
5506,3,0,4.3,5.09
35361,5,0,4.2,5.25
43105,1,2,4.0,5.49
17842,0,0,3.2,5.54
38116,1,4,5.9,4.11
28743,4,1,2.7,6.54
22360,2,4,8.8,6.73
45795,3,3,3.4,3.84
26428,1,0,5.7,5.48
6895,2,4,4.3,5.34
40055,1,4,1.7,4.34
18341,6,3,5.6,4.4
2094,1,2,4.7,2.9
5638,0,2,8.1,4.75
43429,0,4,8.4,6.08
43197,7,0,0.8,5.27
21242,5,1,0.1,2.46
6081,4,0,7.3,4.12
45964,6,4,2.9,4.77
42004,4,2,8.2,3.79
36653,6,2,5.0,6.22
24090,4,2,2.9,5.23
8730,5,4,8.4,4.73
32751,4,1,7.1,4.69
7814,1,2,2.0,4.11
22923,0,3,8.4,6.56
16272,6,2,2.0,5.03
22063,1,4,7.0,5.05
25446,0,2,8.4,5.93
22696,5,0,5.3,3.12
13670,1,4,1.8,3.42
23983,2,4,2.3,5.5
5842,2,4,3.3,5.92
29091,1,4,6.5,5.29
44395,7,4,1.1,7.43
40413,5,0,3.7,2.29
1958,1,3,2.6,5.57
27758,5,1,3.8,3.86
14130,1,2,4.9,6.92
44350,3,2,9.7,4.53
22937,4,4,8.9,8.28
27475,1,3,9.3,5.44
27069,1,1,4.0,4.15
34681,6,0,8.1,4.51
42219,3,1,6.9,3.59
17011,1,0,6.0,4.57
22108,1,4,7.3,5.56
40043,5,1,0.6,4.25
39188,7,0,1.5,4.03
45334,5,4,1.9,4.93
48337,1,2,4.2,4.57
38691,7,2,9.7,7.36
21802,1,1,5.2,5.1
33984,5,2,3.9,3.58
4038,5,1,6.4,3.9
45145,0,3,5.0,5.12
28223,5,0,2.3,4.79
43578,0,2,0.7,6.07
24701,4,0,3.7,5.22
16000,6,3,4.6,3.93
3640,0,4,7.7,7.29
44313,7,4,5.2,4.4
21928,7,4,0.6,5.35
3312,3,0,2.8,5.82
32437,0,2,3.8,4.33
16772,2,3,6.2,4.94
8762,6,1,5.7,3.53
2212,2,2,5.3,4.99
22426,2,2,1.1,6.76
49228,2,2,4.6,5.29
12571,2,0,8.1,4.88
13404,4,2,3.4,4.19
24482,0,2,0.0,2.61
16061,6,3,2.5,4.06
2030,7,3,4.5,3.97
15162,2,1,5.6,5.86
2992,5,4,7.8,5.06
44227,1,1,1.1,4.08
34130,1,4,2.8,4.37
21414,7,0,4.1,5.86
14474,3,1,8.7,3.95
37296,5,3,1.0,4.47
9273,4,3,2.2,6.13
3896,1,1,9.3,6.48
16023,0,0,3.2,2.74
17023,0,3,2.1,4.44
21608,3,2,0.8,4.41
49133,1,0,4.6,4.31
9521,0,1,2.0,4.64
36953,3,2,1.1,5.11
12649,2,3,7.4,3.95
4381,6,0,3.1,4.53
14841,7,2,5.8,6.32
7183,4,3,3.1,3.86
49721,1,4,5.7,4.47
45656,6,0,2.9,5.36
49120,1,3,2.8,5.56
43339,3,2,8.0,5.76
24742,2,2,0.5,5.2
18516,3,1,8.5,3.3
34413,0,0,3.7,5.62
47595,7,1,7.4,4.04
11244,6,1,3.5,5.6
33011,1,1,4.2,4.19
5580,3,1,8.8,4.88
44089,4,0,3.2,5.03
45732,4,4,2.9,5.12
27097,4,0,6.2,4.94
48414,1,2,9.6,5.32
30367,2,2,9.2,5.64
42533,0,1,8.9,4.55
9771,4,3,1.3,5.39
35492,3,4,3.5,7.56
32907,1,2,1.5,3.58
31454,7,2,7.8,3.84
22035,4,3,9.2,5.6
32072,5,3,3.2,6.6
48947,7,3,5.5,5.84
23854,7,3,0.7,4.8
31402,5,4,8.1,4.3
6038,7,2,3.0,3.94
5059,6,2,0.6,6.62
26060,2,2,6.1,5.24
2231,1,4,6.1,5.68
44224,3,0,3.9,5.62
3822,2,2,8.2,4.25
22262,6,0,6.6,4.63
47012,0,1,7.4,3.59
2964,2,1,3.1,4.91
30737,0,0,5.4,2.19
3576,5,4,3.0,4.38
46436,4,1,7.9,3.73
26991,4,3,0.1,5.93
40576,3,1,5.6,4.43
30628,5,0,9.6,2.82
13956,2,0,0.6,3.22
24306,6,2,1.8,4.04
6450,3,1,0.3,6.75
39915,4,4,1.1,5.06
14034,3,4,4.1,4.14
15675,6,3,8.7,4.61
28566,4,4,2.4,4.46
14737,4,2,2.8,4.75
11710,3,3,8.5,4.36
11217,6,2,1.7,6.12
18504,3,0,9.1,5.71
15403,5,3,1.3,5.05
49313,0,0,8.9,4.66
21941,1,1,2.1,4.3
18885,4,2,7.0,6.23
31171,5,1,6.8,4.93
31596,2,4,5.1,6.1
33636,5,3,3.9,5.93
35977,3,4,1.0,7.05
26213,7,3,7.5,4.64
22137,5,1,4.1,4.47
39464,5,4,4.3,4.55
26775,0,2,4.4,4.27
49843,0,1,9.2,6.53
45728,4,0,1.5,4.13
46364,2,1,8.0,6.25
238,6,1,4.7,5.21
42023,1,0,0.7,4.62
22221,4,1,7.2,5.37
38739,6,1,1.9,4.73
26006,2,0,8.7,7.36
10613,1,1,5.1,3.0
29387,5,2,6.5,3.83
19007,5,2,9.9,3.26
28493,4,0,9.7,3.8
5254,2,4,0.1,6.25
34696,2,4,2.7,3.85
19332,6,4,0.5,4.78
14948,0,4,0.2,6.69
11024,2,1,2.1,5.63
36415,4,0,5.3,5.48
46967,0,0,2.9,3.62
45849,7,0,7.4,6.55
35951,6,2,8.1,5.53
23175,7,0,3.1,5.71
4246,0,0,7.0,3.49
33972,0,2,2.0,3.23
41277,2,4,2.9,3.79
13945,5,2,1.3,5.58
34829,3,0,9.6,4.73
24167,7,1,7.1,5.77
19604,3,3,3.4,4.89
26359,3,2,1.0,4.47
18812,5,3,9.1,3.94
48453,2,4,4.7,2.49
38450,3,3,8.7,5.3
37371,5,0,1.3,7.22
2731,1,3,7.2,3.91
21167,4,0,1.9,4.95
37686,5,4,8.3,4.47
15916,4,0,3.6,4.29
42200,0,0,2.1,7.16
3607,1,3,6.7,5.5
37161,3,1,4.4,6.47
11121,0,4,1.1,5.77
36881,7,0,6.5,3.97
13330,2,1,0.5,5.57
13653,0,2,9.9,5.65
9920,4,3,1.6,3.48
36831,6,2,9.3,5.88
35566,1,0,8.7,5.96
3756,4,3,0.2,4.54
11466,1,3,8.4,5.23
29539,1,0,2.8,6.21
5320,6,4,6.8,4.94
36399,1,2,9.4,5.28
22918,4,4,2.0,4.77
20518,1,3,3.1,6.86
16444,5,2,2.0,3.26
25968,6,3,6.1,3.9
44436,2,0,2.4,5.62
31018,1,2,0.6,4.37
43733,3,3,7.4,4.16
36597,5,0,9.3,4.18
5705,1,1,5.3,5.5
47986,5,4,0.6,6.24
2467,6,2,5.8,6.3
30248,0,2,4.6,4.47
6487,6,1,6.4,4.79
6636,4,1,6.2,2.9
33512,2,0,0.6,4.27
7476,2,1,5.5,5.16
15525,0,4,8.5,4.79
31161,6,3,7.9,5.31
8534,3,3,5.9,2.95
46674,2,1,0.8,6.6
14341,0,3,7.9,5.87
30322,1,1,3.9,3.35
36578,0,0,4.9,5.18
40168,4,3,2.2,3.82
26277,6,0,3.7,3.87
4895,0,0,3.8,5.41
2788,5,4,1.2,4.78
30724,0,2,7.5,3.35
17754,7,4,2.1,4.63
41313,7,2,2.3,4.14
47614,7,0,6.4,5.41
38655,3,0,0.5,3.61
7689,3,1,8.6,4.3
40326,6,4,7.1,4.89
79,4,1,8.8,5.7
29694,0,3,0.5,6.21
38344,4,1,2.9,3.99
20749,3,4,2.9,7.15
2677,5,0,7.3,3.83
37512,0,2,4.0,5.65
12269,2,0,7.0,4.97
27011,6,0,3.5,4.34
43270,3,4,9.8,4.8
43113,7,1,1.5,3.3
6588,4,3,1.2,4.47
38219,2,3,2.8,5.59
9128,5,2,7.0,5.4
23380,0,2,9.9,4.12
9622,4,0,2.0,5.62
22478,5,0,5.7,4.25
47531,2,2,7.8,2.82
25735,1,1,4.1,3.59
8810,7,1,0.2,2.83
1431,1,4,4.8,3.03
28358,2,1,8.3,7.8
4157,5,0,4.7,4.98
12434,0,1,6.1,4.02
10011,0,1,0.7,3.47
36400,3,0,5.7,5.79
40600,6,4,9.0,4.61
9579,2,2,6.7,5.04
22953,3,0,0.2,3.6
384,4,1,2.4,4.64
36381,7,1,8.6,5.86
20934,5,2,2.9,4.77
10174,3,1,5.6,4.52
49988,1,0,4.7,5.39
43387,5,0,7.1,6.01
49476,7,3,1.2,5.18
43461,7,3,0.6,6.9
709,1,1,5.7,2.34
7306,1,2,0.2,7.79
39255,1,0,5.3,6.46
40705,4,0,0.6,5.72
13832,0,0,1.8,6.86
3956,6,2,7.8,6.82
21223,0,1,0.4,4.46
36316,3,0,6.9,5.48
39519,1,3,4.0,6.79
33575,2,0,1.2,5.18
291,1,4,4.8,5.25
4864,6,2,6.0,4.61
49040,3,1,8.2,6.73
17544,3,1,1.6,4.69
17526,0,0,3.2,4.99
40729,0,3,7.5,5.87
4244,5,3,5.9,5.72
30577,2,4,2.8,5.01
49871,3,0,5.4,4.83
14536,2,3,7.5,4.85
35108,2,1,0.7,7.01
23928,6,2,6.1,4.19
22810,7,2,5.2,5.65
480,0,0,0.7,5.87
40834,5,0,8.7,6.68
192,7,3,1.6,3.9
43936,1,4,8.0,2.4
35938,2,2,9.5,6.07
34101,1,1,3.8,4.5
28076,4,3,1.7,6.05
42259,3,3,8.6,5.05
34674,5,2,1.5,4.66
28764,4,2,4.2,3.33
6525,0,3,2.6,2.83
4755,1,3,1.9,5.59
17453,3,3,5.7,4.28
40300,1,1,1.0,6.85
22412,6,0,7.8,7.01
49598,0,4,4.9,3.27
34393,7,4,8.6,4.13
17871,5,1,7.2,5.34
38000,3,3,8.6,5.07
45258,2,3,3.6,4.27
46878,4,1,3.2,4.59
24801,2,0,7.7,3.91
2647,1,4,4.9,5.12
6972,0,0,7.7,3.51
44207,2,4,3.5,4.91
46732,1,3,9.8,5.52
31386,1,3,6.5,5.96
45884,7,1,9.6,4.73
36322,2,4,2.1,3.22
42,6,0,7.0,3.21
3284,1,4,8.8,5.87
29730,1,3,2.8,5.84
8168,2,2,9.9,4.64
48638,6,2,2.0,2.53
1162,5,4,2.7,5.7
8523,3,1,0.1,2.86
38878,5,1,6.9,4.56
38160,1,0,1.0,3.88
10190,5,3,3.0,5.64
35501,7,4,7.8,4.49
23441,1,3,6.4,3.61
1501,1,0,7.9,7.83
12203,6,4,2.3,5.25
6571,2,3,0.8,4.63
3947,0,1,4.1,4.06
44237,0,3,2.0,6.54
10315,0,3,2.6,2.31
27321,4,0,6.7,4.9
32722,2,3,3.9,5.28
45552,2,4,8.4,4.51
7318,0,3,8.8,5.19
47871,1,4,0.4,3.91
18372,2,3,5.9,2.89
33413,0,2,3.2,6.9
23261,0,4,4.9,6.77
14850,1,2,6.0,4.78
49838,0,0,6.5,4.04
42276,3,0,7.9,4.05
47088,7,3,9.7,6.47
6060,2,1,0.2,5.81
49008,6,1,10.0,4.13
7277,3,1,4.5,4.87
3846,5,2,4.3,4.75
23966,3,1,0.5,6.87
23691,2,4,3.8,6.56
14239,4,3,7.2,4.91
36926,4,2,4.2,4.52
24495,6,4,0.9,4.8
28742,0,0,8.1,6.74
568,3,1,3.8,5.36
3227,5,1,2.9,3.89
35841,2,1,9.7,4.2
40703,5,2,9.2,5.32
45013,4,2,3.6,5.01
34369,2,4,3.2,4.85
30168,4,0,2.0,4.59
32894,4,2,3.9,3.52
20159,5,1,2.0,5.78
5701,4,0,5.3,5.57
37057,0,3,2.6,4.45
32029,6,0,8.7,3.82
27671,3,0,4.9,2.77
13658,5,0,1.9,5.43
39271,4,1,2.6,6.34
16937,7,0,1.9,3.22
32164,1,3,7.9,5.28
25867,0,4,3.7,3.74
28556,1,2,7.2,4.64
7292,3,0,7.8,5.02
15120,5,1,8.6,3.63
13372,3,3,7.2,5.3
34616,1,4,0.8,3.48
18865,6,1,2.2,3.32
40667,0,2,3.7,5.49
2890,2,1,7.6,4.86
46962,2,4,8.5,5.18
11099,0,1,9.8,3.42
36392,7,0,6.6,8.04
26031,2,4,4.1,6.41
8288,5,3,8.0,6.61
9331,7,1,0.2,4.96
45731,3,1,10.0,4.73
22756,1,2,6.3,5.57
15183,6,3,9.6,5.84
29890,0,3,9.3,4.45
28457,7,4,5.5,3.46
1275,1,4,2.4,4.61
36266,4,3,3.0,5.77
27357,3,1,9.7,3.29
46351,5,2,2.9,5.57
17616,0,4,8.7,6.3
43010,7,1,0.1,6.57
49860,5,3,5.4,5.32
23578,0,1,9.9,3.21
41979,7,4,4.6,4.02
2941,5,1,5.0,4.3
17666,5,2,2.4,4.92
49408,2,3,8.4,7.26
49346,2,0,2.8,4.87
10623,1,0,1.9,5.46
21691,1,3,5.9,5.05
29946,1,3,1.9,5.62
11641,1,2,2.1,3.62
2477,3,4,4.7,4.92
5218,0,3,7.9,5.74
43362,5,4,8.3,5.2
12595,4,4,3.5,7.02
22491,7,4,2.5,4.38
21752,4,2,5.7,4.36
34862,6,0,2.4,5.06
43307,3,0,2.8,5.53
22677,6,2,8.5,7.23
30622,2,1,4.0,3.6
25798,5,2,0.2,2.9
30570,4,4,5.6,4.74
47389,4,0,8.8,4.57
9501,3,4,3.8,5.05
38183,3,4,2.4,4.59
18825,2,4,5.6,3.89
30133,4,1,3.8,5.56
27539,5,2,0.2,5.37
17727,7,2,1.3,3.25
6831,1,2,8.2,6.77
25191,4,4,1.9,3.63
13312,0,1,2.2,6.21
23351,6,3,8.9,7.05
38249,4,3,8.7,5.53
19719,3,0,2.3,6.53
26025,6,1,2.7,5.14
35610,6,0,7.9,2.89
11628,1,3,8.0,5.87
42941,7,4,4.3,2.57
42670,5,0,6.1,6.33
20914,1,2,3.0,4.18
39932,4,4,2.5,6.27
28240,3,3,1.1,5.5
11126,7,4,1.2,5.33
1415,6,1,1.5,6.23
18536,2,0,1.2,7.0
17304,5,3,1.7,4.45
44626,0,4,8.6,6.71
4189,3,2,7.6,4.65
40506,3,3,9.3,6.16
22395,3,2,6.4,6.83
18118,2,2,9.3,2.15
31630,7,2,7.1,4.99
34734,6,4,7.2,4.98
19027,6,4,1.8,5.1
46259,4,4,2.2,3.53
34360,6,2,1.9,3.24
41367,4,1,7.5,3.86
6789,0,4,7.2,6.69
15481,5,0,7.1,4.08
28106,2,4,8.6,3.07
27968,5,0,5.2,4.33
29692,3,1,5.9,4.95
5464,2,1,7.6,4.24
5456,3,0,9.9,5.4
31945,1,3,2.9,6.68
7118,1,1,5.4,5.81
34575,6,4,2.4,2.44
25137,1,3,1.3,4.2
8151,4,3,2.5,6.25
22468,0,0,3.1,4.21
9050,6,1,7.6,6.12
20488,4,0,2.5,7.84
48804,0,3,0.0,4.49
36778,1,0,3.4,7.04
36584,1,4,6.2,5.67
25842,0,1,9.5,6.11
28635,5,2,3.3,6.1
3263,5,1,5.5,8.02
49516,1,1,6.3,4.89
11152,6,2,6.2,8.52
38411,3,4,8.8,5.12
42324,3,0,2.1,4.77
720,1,3,0.1,6.91
5851,5,0,6.2,4.0
25791,0,0,3.2,2.83
35061,7,4,9.3,5.32
16876,4,3,2.2,2.21
38782,0,1,5.7,6.51
27372,0,0,5.7,4.72
40615,0,0,6.6,6.68
38765,1,3,2.3,5.0
19848,3,1,6.1,5.91
38868,7,2,2.0,5.02
2436,7,0,7.5,3.05
41830,4,4,2.1,5.12
29998,0,0,9.8,6.91
39500,2,4,10.0,6.78
31336,5,4,4.8,5.08
7631,4,4,3.5,3.36
42725,2,2,6.3,6.17
33893,0,0,3.3,3.95
7876,0,4,7.3,5.48
20559,0,0,6.2,6.4
48993,3,4,5.6,3.84
30999,6,0,0.2,7.56
812,0,0,7.6,5.68
47968,6,3,4.2,2.95
1558,2,2,3.2,3.53
26537,5,1,2.0,5.17
15887,7,1,2.1,3.72
19652,3,4,2.7,5.13
13719,3,3,3.7,5.05
37069,2,1,8.1,4.67
9684,2,0,7.2,4.93
37272,7,3,0.1,6.27
17165,1,0,7.6,3.1
21581,7,3,9.3,7.34
10955,3,2,2.0,2.87
3803,3,2,3.4,3.49
18555,7,3,9.7,5.59
17443,4,2,3.6,2.57
2548,2,0,2.4,5.68
38753,4,1,8.3,6.24
45544,3,2,5.8,5.22
772,5,1,2.1,5.25
40739,7,2,7.7,5.37
43249,2,1,7.6,3.2
8467,6,2,0.1,2.7
27746,4,1,9.5,5.41
2566,6,2,9.9,4.45
6416,2,4,9.6,5.99
12360,3,0,1.1,4.06
43325,7,3,1.9,6.64
7983,7,4,9.2,3.62
4823,1,0,4.5,4.55
31656,1,1,1.4,4.74
18785,4,3,2.1,5.06
39701,0,1,8.2,5.06
13957,3,4,8.2,5.84
8610,3,2,5.7,3.66
1824,6,4,4.5,6.61
14975,4,0,6.9,3.4
5889,4,3,7.2,6.71
9907,6,0,3.5,3.79
49891,0,3,1.2,5.51
29752,7,3,4.6,6.22
44398,3,4,10.0,4.05
45357,0,3,0.2,4.88
17683,1,4,1.4,7.63
39304,3,4,2.2,2.84
15346,0,1,3.6,2.98
43019,0,0,3.9,4.46
46144,6,3,6.9,3.84
8717,7,0,2.7,5.77
42403,6,4,4.8,5.53
27190,7,2,3.8,5.72
38864,7,3,3.8,5.67
24525,4,2,6.8,4.42
31594,1,1,4.3,5.78
40835,0,3,1.6,5.31
42920,7,4,6.5,4.92
8239,1,1,3.7,3.92
11857,4,0,2.0,2.79
46687,6,1,4.7,5.39
16181,5,1,6.7,2.29
42735,3,4,4.9,3.62
8299,4,3,3.8,4.31
20351,0,0,0.9,5.42
2088,1,2,8.4,5.47
48718,2,2,3.6,6.24
29815,1,4,7.4,3.85
14159,5,3,4.9,4.94
33545,5,2,6.2,3.99
32321,3,1,8.3,6.98
37166,6,1,4.5,4.99
10400,5,3,8.8,5.18
15269,5,4,1.5,6.38
32185,0,3,6.1,3.46
131,5,2,6.5,5.62
29272,1,4,8.4,4.55
43683,5,0,4.1,5.79
43295,4,1,3.7,2.92
4503,2,4,2.7,6.0
12204,1,2,7.8,3.64
23147,7,2,5.8,5.52
7656,2,4,2.7,4.01
3941,0,3,2.5,4.11
12557,6,0,4.8,4.51
11222,4,3,8.7,5.21
6689,3,3,7.9,6.56
31958,6,2,3.6,4.04
9195,0,2,8.5,4.77
10135,3,2,4.9,6.68
36358,0,4,0.1,5.79
10276,0,3,0.9,5.36
34118,6,4,10.0,5.54
32605,5,1,9.5,6.2
33264,5,2,5.8,5.52
36774,3,2,5.5,3.16
14212,2,0,0.3,6.11
39440,2,4,1.4,4.92
18613,1,0,7.9,3.61
34136,2,2,3.1,4.34
39126,7,3,6.6,4.56
20675,6,3,9.5,4.75
29033,0,2,7.7,5.4
4804,1,4,7.1,3.52
32689,3,0,0.2,5.5
35577,4,1,9.0,5.47
28019,0,4,2.1,5.73
21878,1,1,4.2,4.4
11020,2,3,4.5,5.53
34838,4,0,2.0,3.51
15210,5,0,5.0,5.92
4711,7,2,9.2,4.1
31333,7,4,8.4,3.99
19660,0,2,7.0,3.49
47485,6,4,7.4,4.16
40842,5,2,5.9,4.22
11759,7,3,3.7,4.87
35803,5,3,1.1,4.88
1035,1,4,3.7,4.48
16270,1,3,8.7,5.3
46355,3,0,2.8,4.72
12470,7,0,6.5,5.63
15222,1,1,4.5,7.13
27088,7,3,5.7,4.64
11783,1,1,9.1,3.16
39966,6,3,3.1,4.36
4996,5,2,5.8,6.58
18626,3,1,3.0,3.06
44808,1,4,0.1,3.83
39291,1,0,3.6,4.59
26188,0,3,3.8,4.56
33735,4,4,3.9,5.0
4409,2,0,0.3,3.8
17642,0,1,1.1,5.18
18367,0,2,0.0,5.5
36422,1,0,1.4,5.23
42485,5,3,8.7,6.54
20026,1,0,9.3,6.11
45390,5,1,1.1,4.13
19791,0,4,7.4,4.54
47840,5,2,7.9,4.8
38810,1,1,7.9,5.49
40463,7,0,4.5,2.5
44572,1,4,7.4,5.44
25389,1,2,4.7,6.03
28603,3,2,8.3,4.89
48050,0,2,3.4,5.01
30937,7,3,4.1,5.36
2584,5,4,7.9,3.12
40183,0,1,8.7,3.4
21026,1,3,6.5,4.99
11847,3,0,5.6,6.43
44826,3,2,1.3,5.93
43629,6,4,5.2,2.87
45284,7,0,1.2,5.61
3118,4,0,5.2,5.22
30785,2,4,2.9,4.05
38749,5,2,8.7,5.74
21447,1,0,8.8,4.65
22890,3,0,4.6,5.26
42982,6,1,3.4,5.15
33774,5,0,5.7,5.43
47697,2,0,4.0,4.41
26458,2,0,8.6,7.22
39448,3,4,6.2,6.37
47629,7,3,7.3,2.78
4180,1,2,7.1,4.47
17016,6,4,5.1,4.22
16391,1,0,8.4,5.72
25648,3,2,2.8,6.31
6225,0,3,0.7,6.23
33515,0,2,8.7,5.97
20689,7,2,5.7,7.72
39681,0,0,8.7,7.24
49310,6,4,5.0,5.45
32217,4,1,3.6,3.98
33858,7,1,5.8,4.92
32746,5,2,6.1,6.05
16805,5,1,3.2,4.09
41943,3,0,1.9,5.19
33631,2,2,8.4,4.17
32258,1,1,4.8,7.06
28762,2,0,9.3,4.58
41222,3,0,2.8,6.99
17722,7,3,8.1,4.0
49589,1,3,5.3,3.96
1019,7,2,8.0,4.34
30630,7,1,9.2,6.41
6067,4,2,6.6,4.06
28916,4,4,0.4,3.07
26523,6,0,0.4,4.33
28113,5,3,5.8,6.06
12508,4,3,7.7,6.55
37038,4,4,9.2,4.22
885,7,4,3.7,4.33
23967,0,3,7.7,3.81
3627,0,1,2.6,4.29
16790,7,4,8.8,5.8
28192,4,1,6.9,3.9
26161,6,4,9.6,5.62
28448,5,1,9.5,6.95
27424,5,2,6.4,5.16
38396,5,1,2.1,3.03
48551,5,0,4.4,4.3
4207,5,4,9.0,3.66
33775,3,1,3.2,5.99
49471,6,2,1.8,4.84
38545,1,3,1.3,5.53
2057,5,2,8.5,3.7
35417,7,3,5.3,5.53
10279,6,0,6.7,4.39
22762,6,2,7.4,4.21
28505,4,1,1.5,4.56
3145,6,4,8.7,4.02
26685,4,1,3.7,4.05
13642,5,3,1.1,5.12
10678,7,4,8.3,3.6
16586,3,1,5.0,5.98
8841,3,3,6.1,5.09
44951,5,4,8.7,4.54
22020,0,1,0.1,4.3
19966,5,0,7.1,4.75
28797,7,2,2.2,5.61
16432,4,1,9.9,6.17
21547,5,3,4.3,5.15
28765,7,2,8.4,7.24
6836,1,3,2.8,5.48
23226,3,1,9.1,3.83
17974,3,3,9.5,5.08
34622,2,3,3.2,5.44
25916,4,3,5.5,5.81
14222,7,1,7.0,5.29
16329,4,1,0.7,4.56
9756,6,1,3.6,3.95
1156,3,4,4.8,5.89
43693,1,1,3.2,4.03
18066,4,2,4.8,5.99
20727,5,4,5.8,5.66
5016,3,3,2.3,4.19
39286,6,0,8.8,4.45
45519,5,0,3.7,6.03
29933,4,1,5.5,6.64
1948,6,0,6.3,2.9
5483,3,3,6.6,6.15
22704,0,1,6.0,3.09
12406,3,0,2.1,4.28
28315,7,0,3.2,6.02
14258,5,0,2.1,3.41
17108,4,0,0.5,3.74
33551,5,4,5.1,5.62
18421,6,1,2.5,6.0
28074,4,0,2.7,5.46
42082,4,1,4.0,3.56
29483,4,1,7.5,5.44
36615,1,2,9.1,4.14
25514,1,3,8.1,5.12
46341,2,2,2.4,6.26
47271,3,2,4.8,4.33
6042,7,4,2.4,4.77
47610,6,4,3.4,5.05
12964,3,4,4.7,5.05
41343,2,0,6.5,2.91
9976,3,4,8.6,3.47
33765,7,4,3.7,6.85
47199,1,4,1.6,4.67
49785,7,4,4.7,5.83
31869,0,3,3.7,5.0
36899,5,2,5.7,4.51
9496,3,3,4.9,7.0
13419,1,2,1.7,4.4
37201,5,0,8.5,6.6
40570,6,1,1.8,6.02
24688,6,4,4.8,7.44
24884,2,0,6.7,3.83
6093,6,3,0.2,6.09
6216,5,0,4.8,3.57
42750,3,3,2.2,3.42
46108,6,0,0.5,6.41
42463,0,0,7.4,5.29
3916,3,3,1.1,3.79
13488,0,1,7.0,6.7
19327,3,4,8.3,4.71
2376,7,0,7.5,2.71
23117,4,3,3.6,4.41
35431,5,0,7.2,4.2
36304,2,2,4.2,4.17
49227,1,3,4.6,5.3
29766,6,4,7.1,5.95
11119,0,2,8.7,1.28
32826,0,0,0.8,5.11
45509,7,3,0.5,4.06
47773,7,2,4.4,3.46
28445,0,0,0.5,5.15
41496,1,4,2.7,5.16
46328,3,1,9.8,3.36
36828,1,4,7.3,5.65
17829,1,2,1.7,3.59
40872,3,2,6.9,5.77
4256,5,2,5.6,7.18
31740,6,4,5.1,3.03
12607,6,2,0.2,7.57
33960,6,0,5.9,5.76
7073,7,1,5.4,4.79
4984,2,1,2.7,6.17
24184,5,2,5.4,3.58
19167,6,4,9.1,6.8
44156,1,4,3.2,5.56
2012,5,0,5.4,5.06
10809,5,2,5.4,4.12
17439,2,3,9.2,6.27
21382,7,0,0.1,3.09
27527,1,4,5.7,5.89
5524,4,1,7.2,4.93
33432,3,2,1.8,5.1
33749,3,4,3.9,4.32
43752,5,1,6.2,4.71
28243,2,4,2.9,4.73
39108,4,2,3.3,4.67
43483,1,2,0.5,4.29
30256,5,3,5.4,3.05
545,5,0,6.4,3.49
49786,4,0,3.0,4.13
34840,2,4,5.7,5.68
38903,7,1,4.6,4.73
31064,5,0,4.7,5.06
4365,4,1,6.3,5.95
19382,5,3,2.2,4.7
20600,6,4,2.7,5.19
35986,6,0,0.8,4.83
32424,0,0,2.4,5.0
42695,5,1,4.8,6.08
25543,2,3,0.0,3.33
17828,2,4,9.0,4.94
42127,2,2,3.9,5.34
16917,4,0,9.5,4.31
42157,3,2,2.6,5.93
21474,3,1,3.9,5.98
19766,4,0,0.5,4.72
44025,6,3,4.7,5.65
35099,5,1,3.0,5.32
26516,0,0,7.2,4.37
28924,0,0,10.0,4.82
32288,2,2,9.7,3.36
16799,5,0,9.0,4.53
10157,2,1,8.1,4.46
30344,6,2,1.7,6.36
35687,2,4,9.1,2.75
36960,1,3,7.6,2.69
32950,1,2,2.2,5.92
725,6,4,6.1,5.1
13981,1,2,9.9,3.14
11102,7,3,9.7,7.01
16246,4,3,6.6,5.44
38065,2,4,6.5,5.91
22335,4,4,8.8,4.73
32449,1,4,3.6,3.38
2242,3,4,5.0,4.28
37234,3,0,2.6,1.95
34102,3,4,3.5,4.69
36970,1,2,2.4,5.77
30480,3,3,6.6,2.15
33434,0,2,0.6,4.18
12863,0,1,1.2,4.16
25924,5,4,6.5,3.77
49816,7,4,0.2,6.15
43040,1,4,9.5,4.02
23076,0,4,7.6,4.6
3317,3,4,9.7,4.27
22295,3,4,2.0,4.33
26776,2,0,5.3,4.04
26888,0,4,6.3,5.41
19315,6,4,2.3,5.15
8517,0,1,4.0,3.18
13707,5,4,4.4,5.82
49115,2,3,7.8,4.26
20195,5,1,7.3,3.43
17619,7,0,1.4,5.39
30508,6,3,0.2,4.18
29961,1,0,7.9,7.13
1002,6,2,0.2,4.81
6335,7,4,7.8,4.52
23859,5,3,0.5,4.9
45382,0,1,7.3,2.78
13100,6,1,9.5,3.39
46824,1,3,9.5,6.43
762,0,2,5.8,3.34
45532,6,0,6.4,5.02
23767,2,1,8.6,6.81
15234,0,2,3.0,5.51
27266,1,0,7.2,6.13
9604,6,0,7.1,5.2
17589,7,3,9.7,5.38
25510,4,0,0.8,6.04
35111,1,2,8.3,4.55
485,3,3,0.1,5.04
27610,7,0,6.9,6.66
9767,0,2,9.7,2.99
47110,5,0,0.4,3.41
9024,1,4,8.6,4.51
23114,3,4,7.1,4.89
47188,4,1,9.0,5.28
42306,4,0,0.5,4.79
31828,2,4,1.0,4.9
34751,7,2,9.9,4.15
43372,2,4,7.2,4.44
21850,3,0,4.7,5.65
27478,2,1,6.3,5.32
20470,6,1,8.1,4.21
28952,4,4,1.8,3.46
35271,7,0,3.4,4.11
29589,4,1,6.9,5.97
44773,6,4,4.3,5.33
12080,7,2,7.2,3.45
32236,4,0,6.7,4.2
18028,4,4,10.0,6.67
14628,2,4,6.0,3.87
16232,0,3,9.1,5.13
15819,4,2,9.8,6.8
23864,6,3,8.1,5.88
36416,4,1,6.5,6.76
23075,0,1,1.1,6.0
33455,4,0,6.1,3.94
11672,2,2,6.7,5.56
6229,1,3,4.4,5.75
200,5,2,6.4,4.32
10617,3,2,5.1,4.28
40939,2,3,5.6,6.47
46402,7,1,4.9,6.39
22455,2,1,5.5,3.56
10795,3,3,4.0,4.11
34344,2,3,0.8,3.37
20730,3,1,7.5,5.41
45462,1,3,9.0,4.96
27001,7,1,0.9,6.67
38850,6,2,6.0,4.67
44317,1,1,6.9,5.44
4251,0,2,3.3,7.27
21860,6,2,6.7,3.28
48395,4,1,8.9,6.06
8996,5,1,9.8,4.39
47813,4,4,5.7,3.87
44040,4,3,9.8,5.74
28506,3,4,2.0,3.64
1806,4,0,3.3,3.23
17880,5,2,0.2,4.33
38862,5,3,8.1,5.24
19312,7,1,9.3,6.02
27403,6,3,7.6,6.55
32873,3,3,7.0,3.33
44857,0,3,2.4,3.78
5353,3,1,2.7,3.92
8654,7,2,3.1,5.87
7042,0,4,1.8,4.83
2979,3,2,2.4,3.32
33680,2,0,5.2,5.07
14738,0,0,4.7,7.2
7062,3,0,5.1,6.2
22626,2,2,8.0,4.3
18892,5,0,10.0,6.72
19541,5,2,8.3,6.43
2620,3,4,3.2,3.18
19358,6,1,0.9,4.5
5473,0,0,9.3,4.3
12200,1,4,9.4,3.14
23055,7,3,4.8,4.85
15704,7,0,1.1,7.05
47649,3,0,0.9,3.78
34855,6,1,9.1,5.03
14561,6,4,4.7,8.21
41934,3,3,5.8,4.35
40700,6,4,6.8,6.85
5072,7,4,9.9,7.06
13677,1,2,8.3,5.14
28793,1,3,2.6,4.48
49792,2,2,3.2,3.74
5365,5,2,0.7,4.29
39235,1,2,5.2,5.71
37546,5,3,7.4,4.67
34845,1,3,8.7,4.79
41371,2,4,3.6,6.58
14611,7,2,1.8,5.26
49465,5,0,3.8,3.93
37122,0,1,0.9,5.0
20243,7,1,5.1,5.64
36494,1,2,7.2,5.94
20255,6,0,4.6,6.95
10996,3,1,4.9,5.52
31093,2,1,4.1,5.44
41394,7,1,9.9,5.94
17161,1,1,9.1,4.94
6238,3,3,6.8,5.67
34726,6,3,3.1,5.37
42011,4,2,0.4,2.55
27447,0,1,0.6,5.38
4106,3,1,8.2,4.47
6138,4,1,3.9,3.67
44631,5,3,2.7,5.01
24437,1,4,2.8,5.02
4249,3,4,7.1,3.05
19718,1,4,1.5,5.39
1509,6,2,6.7,5.08
35060,7,2,9.5,5.32
38215,5,1,4.9,3.42
18863,5,0,5.8,3.66
740,2,4,2.0,4.06
21997,7,2,0.3,6.69
25403,6,4,2.5,6.02
48775,1,1,9.9,4.63
35109,4,1,1.4,4.77
29,0,0,0.2,4.47
14718,5,3,1.3,6.17
46321,5,2,2.7,5.41
25102,1,0,1.6,4.33
29816,1,0,3.1,5.0
27895,4,1,1.2,7.29
36363,4,3,6.4,2.88
49150,2,2,0.2,4.28
37923,2,2,4.8,5.46
22710,4,4,3.4,5.19
38284,1,0,4.1,6.76
9144,5,2,3.9,5.18
15119,0,1,8.7,4.93
35571,6,0,9.2,2.93
13529,0,4,9.4,3.3
9193,4,4,7.7,2.84
47135,4,2,0.1,4.2
7540,1,4,0.9,7.94
5969,4,2,8.3,5.26
47468,4,3,2.3,3.74
39548,1,3,2.9,6.11
31332,6,3,9.5,4.97
27950,7,3,6.1,4.24
10254,1,2,0.2,5.4
47217,2,4,6.4,4.47
33251,6,4,0.9,2.92
46622,3,4,1.6,5.22
10762,0,1,4.0,5.0
41076,4,4,8.2,5.88
14138,0,0,6.2,4.59
33953,3,2,0.8,3.92
4242,1,0,6.0,6.23
28654,5,1,3.7,3.69
10446,6,4,5.5,5.85
15016,0,0,9.4,6.11
44933,2,3,9.5,4.63
22559,7,0,0.9,5.29
2848,6,4,3.4,8.0
10434,6,2,4.1,5.96
26877,4,1,3.3,4.73
19554,3,0,0.1,1.7
5529,4,4,8.1,1.58
14465,7,3,6.3,5.7
26616,3,0,4.0,5.42
30223,5,4,6.6,3.23
29649,3,4,2.5,5.52
49864,6,2,1.5,5.58
12535,5,3,7.6,3.96
25488,2,2,3.6,5.47
2364,0,0,6.8,3.35
2596,3,1,0.4,6.31
41280,0,4,4.1,3.87
18766,7,0,4.0,5.88
45190,2,4,6.8,4.26
35174,4,1,2.7,5.3
21972,7,2,5.6,6.07
47058,7,4,1.2,5.37
25782,3,2,9.4,6.19
29688,3,0,5.0,6.37
34550,3,1,2.6,3.24
45696,3,3,3.9,5.68
1529,0,2,1.5,4.61
30346,1,2,6.9,3.56
37422,2,2,8.4,6.26
655,2,4,1.3,2.2
49333,7,0,1.1,2.79
18422,4,1,5.1,5.11
37831,6,4,2.8,4.35
2583,6,2,9.3,2.6
36523,5,1,1.4,4.44
20034,0,4,9.7,5.0
26791,2,4,2.1,6.76
18792,4,3,1.7,5.57
38409,6,1,0.9,5.48
6634,6,2,1.1,3.05
31129,2,3,1.0,8.36
45237,0,4,5.9,5.66
19111,4,2,3.9,6.11
13302,2,3,9.5,5.87
32190,7,1,7.9,3.43
26464,1,0,3.3,4.91
38880,0,3,1.8,3.75
8737,7,3,9.1,4.7
46443,1,4,7.6,4.9
33057,7,3,6.3,4.35
11848,5,0,4.7,4.7
19847,6,0,3.8,4.52
36205,3,0,1.8,3.94
47745,0,3,9.7,5.42
22925,7,2,6.6,5.32
33330,4,4,3.0,4.92
3601,0,0,0.7,6.57
24271,5,0,3.1,4.42
22668,0,1,1.2,7.16
49666,0,1,4.7,5.55
32542,7,1,0.2,4.61
33243,2,1,3.2,4.67
49011,5,4,9.7,5.98
23869,2,3,2.6,5.04
20680,3,1,6.9,6.71
10651,2,4,5.6,6.02
48848,3,0,1.0,4.6
47564,5,1,10.0,2.93
5290,6,2,6.9,4.69
27500,3,0,8.2,5.42
18770,2,4,4.0,4.11
22622,2,1,10.0,3.93
27463,3,1,0.2,4.79
38714,0,0,4.8,4.36
37795,7,3,0.4,5.82
894,4,0,3.4,5.56
6031,6,2,4.6,6.25
14377,3,2,9.8,7.57
41793,5,0,2.5,5.58
28399,5,4,4.7,5.19
164,4,3,2.5,6.8
23768,3,0,3.5,3.92
7883,0,1,4.2,5.69
17394,5,2,8.0,4.97
34159,2,2,8.3,6.01
33573,5,2,7.7,4.77
13641,3,2,1.6,6.96
46427,2,0,8.5,4.99
26450,1,4,2.9,3.24
7382,5,3,6.7,4.51
42293,5,2,8.4,6.02
22883,4,3,5.3,5.29
27499,7,1,5.9,3.58
47856,5,0,7.4,8.29
23478,6,4,0.8,4.8
30946,1,3,0.2,2.01
41918,7,3,5.5,4.46
43993,2,4,6.1,6.93
5872,4,1,5.2,5.45
11558,1,3,1.6,4.3
27777,7,2,8.0,3.6
13410,4,3,0.7,3.47
24455,4,3,8.7,4.67
35487,0,0,1.6,3.83
16238,4,2,5.6,7.53
47571,6,2,8.8,4.34
7599,6,3,4.1,5.12
41534,1,3,5.8,5.03
7379,5,3,2.8,6.7
12852,0,2,0.3,5.87
4435,3,2,9.8,4.52
27306,2,0,5.5,4.85
3825,3,2,8.3,6.01
21603,5,2,8.6,6.19
24935,3,3,4.2,6.39
31190,5,4,8.6,3.52
6509,1,2,4.2,5.27
875,3,3,9.8,4.1
17521,4,4,7.5,5.05
38099,6,0,3.1,6.51
38485,6,3,1.8,5.06
26841,0,0,4.4,5.48
45775,4,0,2.3,7.21
29368,7,1,3.6,6.87
29740,6,0,0.9,3.84
10843,7,0,7.5,3.72
23219,2,4,9.4,5.42
15655,6,2,8.4,5.77
7898,5,4,2.4,5.94
5046,6,2,4.5,3.17
37720,2,4,8.1,6.02
41153,7,1,1.7,2.62
45635,1,3,0.1,5.13
27802,3,4,6.3,3.63
14066,7,0,0.3,3.95
36077,2,1,9.2,4.35
7282,2,4,9.2,5.88
32340,4,1,4.6,6.98
29024,7,0,0.4,5.92
43717,0,3,8.7,5.41
15726,6,4,1.9,4.58
41310,3,4,3.7,5.49
21875,7,0,8.8,6.79
28792,0,0,5.0,4.02
25024,0,0,1.3,5.91
16136,5,4,4.8,4.82
5875,4,4,2.3,6.2
31928,7,2,9.0,2.18
43831,3,0,3.4,4.28
1201,1,4,7.5,5.06
44433,6,4,9.1,6.2
1088,7,2,8.5,4.71
35245,6,0,7.5,5.96
25760,7,2,3.5,5.19
16777,5,0,8.0,5.79
3993,3,4,3.1,4.76
32446,6,4,2.6,3.3
9959,4,3,1.4,3.74
15548,3,4,5.1,3.44
45587,1,1,9.1,5.24
20589,2,2,0.6,5.8
27623,2,4,4.0,4.64
11215,3,4,2.2,4.68
10937,1,0,7.2,7.03
25126,4,0,6.3,4.18
47495,6,2,2.3,6.35
24622,6,4,4.4,3.64
15090,6,2,7.0,4.05
24903,7,1,1.6,3.85
22258,3,3,5.9,4.99
8562,4,4,1.9,5.28
45442,1,0,0.8,7.01
22681,2,2,9.7,5.92
36729,4,1,1.2,6.94
49867,4,1,3.8,3.48
42932,3,4,1.0,7.07
29785,5,3,4.1,5.85
3327,4,3,8.3,5.28
24806,6,1,9.0,5.68
10521,2,4,7.4,4.02
5433,2,3,5.7,5.6
2623,6,0,1.0,4.01
3276,6,4,3.6,5.28
14499,7,3,8.7,5.66
45361,2,2,9.6,3.97
17174,2,1,3.6,3.78
20403,2,3,9.4,6.87
20072,2,0,1.5,1.63
11023,7,3,7.0,6.98
46761,3,3,1.6,4.2
45629,0,4,7.1,3.83
32491,5,3,2.2,5.2
30405,6,4,4.9,5.34
13648,3,2,2.3,5.84
41748,7,0,6.7,5.92
24715,0,3,4.0,4.63
9902,4,2,5.5,5.46
47931,7,1,7.0,4.39
14082,6,3,8.0,3.33
48173,1,1,1.3,2.58
45602,6,4,5.9,2.85
4090,1,2,4.2,4.33
41449,4,2,1.2,5.46
18951,3,1,9.5,7.91
9285,2,3,1.5,5.3
15076,3,0,2.2,4.11
35958,4,3,4.4,5.77
5190,4,0,8.5,5.61
16757,1,2,0.3,4.08
46901,3,4,0.9,4.22
34646,2,1,5.3,5.36
2082,1,2,4.9,6.08
14894,5,0,9.3,3.96
24421,1,0,7.2,5.46
26169,2,2,3.9,6.11
46706,6,3,3.7,4.53
7138,6,1,3.5,3.71
13062,0,3,4.4,4.96
9810,7,0,8.4,6.62
7633,3,4,7.8,4.78
2863,5,1,1.7,6.81
16941,0,1,4.7,6.09
17150,1,4,8.2,4.37
30657,5,4,2.0,7.24
48675,2,2,0.1,5.96
32678,4,2,6.7,4.21
20354,4,1,0.8,5.46
16375,2,1,4.8,6.35
44438,6,3,4.8,6.17
13295,6,2,1.6,4.94
16580,7,3,5.6,6.61
28669,4,3,6.2,4.89
33820,0,2,5.9,3.83
30798,4,3,4.6,5.29
13713,7,0,0.7,5.5
47852,7,4,6.7,4.88
39731,7,1,9.6,5.64
5175,1,4,7.8,5.46
19582,3,1,0.6,6.46
15056,3,2,5.1,3.02
25358,6,1,9.7,3.44
11180,7,3,6.0,5.95
16499,1,4,5.5,4.25
20820,3,0,6.6,5.23
23990,7,0,8.2,7.53
26828,7,2,4.8,5.68
5413,0,4,6.3,4.13
23848,7,1,4.2,4.47
18978,3,2,5.6,3.06
27214,1,2,4.1,3.11
36993,2,0,8.4,3.45
18622,1,0,2.1,6.94
33457,3,2,8.0,5.35
2772,0,3,1.6,5.73
25069,7,3,9.1,2.9
42544,4,0,7.6,4.38
26719,4,0,4.8,3.92
11187,1,4,1.8,5.82
19606,2,1,0.2,7.23
474,0,4,5.6,3.88
902,5,3,6.7,4.88
41432,6,1,0.7,6.54
18676,5,1,9.5,5.23
16577,1,4,5.6,4.19
21461,2,0,4.3,5.09
13923,3,1,5.6,3.09
21465,3,4,7.3,5.5
36230,7,1,9.6,5.14
40614,6,4,5.0,5.16
4426,7,1,1.3,4.67
6455,5,0,4.9,5.44
42869,0,0,0.5,3.35
42186,7,2,8.1,5.08
22006,2,1,7.7,4.7
25783,5,3,9.8,4.1
43371,4,1,4.7,4.15
27353,2,2,4.1,4.77
25892,5,4,4.9,6.0
42107,2,0,3.5,5.15
27973,2,4,0.4,5.02
48860,5,4,6.3,4.44
9651,0,2,1.7,4.29
24648,1,4,3.2,3.01
15776,5,4,4.9,5.97
38107,5,0,1.8,5.27
6380,6,4,5.2,6.51
21350,6,1,6.4,4.78
35942,3,1,3.6,4.08
4115,0,0,8.4,4.05
6538,3,4,9.1,7.18
20905,4,0,4.7,5.59
38394,3,3,7.9,2.65
20270,7,0,8.6,5.14
29160,3,0,6.0,3.97
33889,1,2,6.4,5.38
46136,1,4,9.3,6.76
49841,1,1,6.9,5.44
36299,3,0,4.5,6.09
24227,4,4,4.4,5.04
26003,0,3,2.8,4.79
19700,0,4,1.3,6.46
10287,7,2,6.3,5.74
41290,6,0,8.8,4.7
37198,5,1,6.3,4.76
46709,6,3,0.2,5.59
47824,1,2,2.5,5.0
2785,5,2,6.1,4.09
35203,2,1,8.0,3.83
16475,3,3,6.8,3.49
20427,2,0,4.0,3.94
16900,7,4,2.3,1.94
18578,4,3,6.5,3.21
23696,3,4,0.9,6.75
36570,6,4,9.8,6.33
45310,5,3,1.8,4.63
6187,6,2,7.1,4.28
26204,2,1,5.8,5.97
24738,1,2,9.2,6.78
30866,4,0,5.7,5.25
6590,1,4,7.4,5.73
49500,4,2,5.2,5.98
6495,1,1,6.8,5.07
41594,7,0,6.1,4.79
35292,2,0,3.2,6.81
48418,0,1,9.8,4.38
44870,4,4,7.9,6.44
48786,7,2,6.5,5.61
30811,1,3,2.4,4.73
6202,1,2,3.2,4.89
15656,3,1,9.6,3.19
22876,6,0,1.8,6.36
14452,1,4,3.3,5.11
15720,5,0,8.7,4.47
5227,7,1,3.1,4.83
22680,5,0,3.8,4.7
34693,5,0,3.6,4.59
48716,0,1,2.8,2.97
32868,5,4,9.3,7.27
36857,2,4,8.7,4.58
47333,1,2,5.1,4.39
44366,7,4,8.9,6.15
32421,7,0,2.9,4.06
48325,5,4,7.3,6.17
21001,0,1,8.0,3.4
36169,6,2,0.4,6.48
25308,6,4,4.3,6.94
30243,6,3,1.4,6.73
45994,0,1,4.1,5.15
12426,0,0,7.4,4.21
9510,7,1,4.4,4.44
2649,1,1,8.9,5.24
42244,5,3,5.9,5.32
34714,3,2,2.0,7.05
17128,0,4,3.3,5.53
18126,4,4,2.6,5.81
48756,3,4,5.7,7.14
8786,6,0,6.5,5.12
28065,4,4,2.9,4.23
25927,4,0,7.0,3.68
20526,0,4,2.1,6.33
1891,1,2,5.9,4.65
15880,0,2,4.9,3.86
25764,7,2,2.9,6.34
24651,0,1,5.7,3.55
47615,0,0,4.1,3.92
43761,5,4,4.9,7.46
2446,2,4,3.9,5.25
16021,5,2,6.1,5.36
4514,2,3,3.9,4.97
2466,6,1,3.6,5.14
34376,5,3,7.2,4.02
38758,6,3,6.8,5.97
46797,1,0,0.9,5.74
21682,4,1,0.7,6.24
23663,3,2,0.6,6.02
29372,6,2,1.8,4.25
1724,0,3,8.2,4.65
3592,0,3,2.4,2.75
1776,4,2,5.2,2.42
33297,3,2,5.9,5.41
11510,3,4,3.7,4.81
31167,1,1,2.7,3.71
14079,6,0,5.2,3.77
32752,6,2,0.5,4.22
38150,5,0,8.5,5.06
30529,0,1,4.8,4.98
3172,3,4,0.7,4.97
39027,6,4,5.1,5.5
23397,3,2,6.6,3.82
33112,3,1,8.3,4.7
29313,2,1,0.7,6.02
15307,5,0,4.4,6.31
36599,3,3,0.3,5.14
578,0,1,5.3,4.37
20000,7,4,1.5,5.73
33917,1,0,7.7,6.09
29164,6,2,0.8,5.19
14125,7,3,8.2,4.6
45346,7,4,3.4,5.19
47979,3,0,8.3,4.18
44752,0,0,8.2,4.49
10428,5,3,8.8,3.75
3304,7,3,7.9,4.9
17024,4,1,2.9,5.77
7993,7,2,7.2,4.72
28253,3,0,5.9,5.38
18763,6,1,4.2,3.24
5892,7,3,4.2,5.88
13627,0,1,2.4,5.29
28062,5,3,9.7,5.05
32992,5,2,2.6,4.26
34903,7,0,8.7,6.85
22364,0,3,7.6,3.5
11323,0,3,1.0,4.55
39990,5,2,6.2,5.81
12829,3,2,4.2,4.31
41873,1,3,6.2,4.87
5356,5,3,0.3,5.93
20046,1,0,7.6,5.94
25470,6,2,3.1,4.68
17613,7,0,3.3,3.18
29059,4,0,3.9,5.22
22180,0,1,8.5,5.27
7529,4,1,1.7,6.22
41493,2,2,3.7,4.25
46235,0,1,1.9,5.43
26609,7,0,0.5,5.59
4375,5,0,1.6,5.3
42517,1,2,7.8,4.26
35023,6,0,4.5,4.24
8747,1,3,9.7,4.74
21616,3,0,5.0,6.39
19219,2,4,5.3,5.21
44972,5,3,4.7,2.53
41400,7,3,2.0,4.86
32602,3,0,8.3,6.14
20267,1,0,3.5,6.12
39385,5,0,2.3,6.27
65,2,2,0.5,6.24
2604,0,4,1.2,4.26
39741,1,2,8.6,5.56
29377,2,0,1.4,3.05
20109,2,0,4.6,5.74
49119,0,2,0.7,4.95
26779,6,1,4.3,1.85
27958,1,1,5.9,4.59
36733,7,4,9.2,3.89
47550,5,0,8.1,5.03
12102,5,1,5.0,4.02
29562,2,3,4.9,4.14
5236,5,1,6.7,6.23
24049,5,4,5.3,4.92
2377,3,3,7.1,3.54
8768,1,2,6.7,6.39
8646,2,3,1.5,6.09
24209,3,4,8.5,3.4
20077,7,4,1.9,6.08
3156,1,2,9.4,4.09
41667,1,3,3.1,4.07
42265,1,0,7.5,2.81
3711,0,3,6.6,5.75
27352,2,3,3.7,5.88
49905,4,3,3.7,5.27
22995,1,2,6.1,6.11
25448,0,0,7.1,4.81
2164,7,3,6.3,7.29
17195,4,4,8.0,4.44
9223,1,4,1.4,6.56
15691,6,4,3.3,3.59
23986,0,2,1.7,6.62
7358,5,4,5.6,2.12
45874,4,0,7.8,5.83
11207,3,2,0.2,3.61
16569,5,0,6.4,6.04
26084,7,3,4.7,6.13
26588,1,4,4.0,4.51
2157,6,2,4.5,6.17
26769,6,4,9.7,6.0
27547,7,4,5.2,5.67
22036,5,1,5.8,5.47
48030,0,3,10.0,6.1
15293,5,0,6.8,5.03
15440,4,1,3.3,4.05
11308,6,2,6.2,5.59
37268,4,0,9.4,4.95
27965,1,4,9.4,3.66
33572,6,4,7.3,8.11
3767,3,2,2.1,4.33
29203,2,1,3.4,3.24
3027,1,3,2.1,4.76
24158,3,3,5.4,2.58
21703,0,1,5.5,5.32
17849,4,3,8.3,5.92
34611,6,0,6.0,5.01
3022,5,1,4.9,1.65
38568,7,1,5.3,4.7
26197,3,4,9.0,4.91
46780,0,4,7.0,5.03
48554,0,1,6.4,5.3
44989,2,3,5.2,4.51
37313,7,4,3.8,6.68
26720,5,1,4.0,5.63
8232,7,2,8.3,5.06
35741,3,1,6.4,4.79
4542,5,0,2.1,4.85
9066,6,1,2.1,5.32
8749,5,1,1.8,4.76
601,2,2,9.8,7.09
33549,0,3,3.3,4.53
5609,7,1,9.6,5.57
6055,0,2,1.1,4.92
21631,4,4,1.1,5.81
49274,1,3,4.0,5.63
34753,7,3,5.0,6.07
17484,4,3,4.6,5.27
72,4,1,9.9,6.68
28524,3,0,1.2,5.94
12194,3,2,2.1,4.81
37569,5,0,4.7,4.17
11531,6,4,2.0,4.99
43488,5,1,5.6,5.28
48196,4,2,1.2,5.92
16804,3,0,1.6,5.6
14721,5,1,0.5,6.13
3268,4,0,7.9,4.24
24270,5,2,6.0,2.52
25157,6,2,6.1,5.24
13424,3,0,7.9,5.12
5373,5,4,6.0,3.94
21491,1,3,8.8,5.13
43657,1,2,4.5,5.36
21839,3,3,8.7,3.5
41714,4,2,8.7,3.69
14028,4,3,6.6,4.75
22162,1,0,4.6,4.78
23466,0,2,2.1,4.6
46206,1,0,9.0,2.11
8740,5,2,2.4,5.17
4129,4,4,3.6,3.78
39022,6,0,6.3,5.29
9637,2,3,3.7,5.02
13968,7,2,5.3,7.24
16245,4,2,1.1,6.89
27182,4,3,1.2,5.77
4844,6,2,0.7,4.64
11414,1,2,5.9,5.86
32969,2,3,6.3,5.37
19616,0,1,2.0,5.91
47317,7,1,3.9,5.5
47628,6,3,2.9,5.42
1524,6,1,9.7,4.81
23734,1,3,8.8,7.29
39078,2,0,6.3,4.91
34621,0,0,2.4,7.87
37135,6,3,8.7,4.03
997,7,0,6.6,5.3
5424,6,0,4.9,5.19
42572,2,1,3.9,5.06
47143,2,0,4.1,5.55
8251,2,2,9.9,5.68
40873,5,1,1.1,6.46
49425,7,1,3.2,4.08
29202,1,3,0.4,4.32
19338,0,4,2.6,3.87
31895,0,2,7.9,5.52
14413,3,4,1.4,5.12
16368,4,1,0.0,3.75
22946,4,2,3.2,5.9
31341,1,3,1.5,5.64
41307,7,1,0.2,3.75
45751,4,0,9.3,4.32
49614,0,0,3.8,3.83
7065,0,4,7.4,6.21
49139,6,0,1.0,5.37
5745,1,2,9.5,3.1
5625,3,3,6.0,4.48
36703,2,4,5.0,4.6
1540,3,4,2.2,5.08
4356,6,0,9.4,3.04
49918,5,0,5.0,5.39
27737,0,1,0.9,5.29
6214,6,1,7.3,6.36
19949,0,4,8.2,5.39
34716,3,2,9.7,6.57
7347,4,3,9.7,3.61
3732,5,4,0.0,7.01
1616,7,2,6.4,6.22
18961,6,3,9.4,4.94
30399,0,4,4.3,2.76
49504,1,2,6.2,4.35
21340,0,2,8.9,7.45
29554,5,0,0.4,3.46
16435,6,0,9.1,7.11
25431,5,3,8.4,4.68
35887,5,4,7.8,4.08
14943,3,0,1.2,5.42
20364,2,2,0.5,5.56
1144,5,1,1.4,5.54
33790,0,2,1.7,4.67
2222,0,0,7.4,5.06
8536,3,1,5.8,7.4
48241,4,2,4.6,5.39
15597,5,1,5.0,3.43
40087,4,4,8.8,4.03
31876,5,0,7.0,5.01
4352,3,1,3.9,7.44
25817,3,1,4.2,5.42
40442,0,4,3.9,3.65
39610,6,4,5.3,4.08
6541,6,2,8.7,3.91
10561,0,1,3.5,4.43
10566,5,1,6.6,6.02
41314,7,2,6.2,5.69
18886,0,3,6.7,5.37
17142,0,2,6.7,3.71
36366,0,1,3.0,5.19
36441,1,0,4.1,3.24
35350,2,0,1.6,5.77
48662,1,1,7.0,5.02
19356,5,2,9.3,4.5
24316,4,3,9.1,5.12
19564,0,1,7.6,7.9
39690,5,2,0.3,5.91
16684,0,1,5.5,5.0
4993,4,2,2.4,5.34
20055,3,4,7.6,3.4
36488,3,4,7.9,4.2
8870,7,0,5.3,4.4
26526,1,0,7.7,5.97
46007,7,2,0.5,5.87
12025,0,4,7.9,4.33
8705,3,3,2.0,6.23
7242,1,4,3.8,3.95
41831,0,1,5.3,3.47
37280,0,1,9.1,6.07
35968,1,1,1.2,4.03
13339,3,0,3.5,4.83
22184,4,2,1.2,4.64
34614,4,1,3.9,6.36
2000,5,3,3.8,6.34
34834,1,0,5.1,6.01
16576,7,4,4.5,5.35
96,6,3,5.3,4.93
8455,7,0,7.0,5.39
25812,2,0,9.1,4.07
43476,5,4,5.7,4.52
49835,5,3,1.5,7.14
30232,0,2,4.3,4.83
42775,2,4,5.9,6.52
46567,4,4,4.3,3.75
30327,7,0,7.7,6.3
24176,7,0,3.1,6.03
47974,1,0,9.9,6.74
7524,4,4,4.7,4.76
31142,3,3,2.1,2.62
38024,6,2,9.0,5.73
39705,6,2,9.3,4.19
32100,0,0,1.0,6.47
39512,3,0,0.2,5.29
29717,4,0,9.8,2.59
35820,7,2,5.8,7.26
24595,5,2,6.8,4.38
7939,1,1,9.0,4.7
22531,3,4,7.2,5.6
23703,4,3,9.6,3.23
30470,0,0,6.3,5.15
19782,4,3,7.4,2.93
3346,2,0,9.9,4.54
47236,6,4,0.4,6.59
29309,4,4,0.5,5.42
23522,3,2,7.7,4.68
43978,1,3,8.3,4.01
16114,3,4,3.6,2.44
45676,7,2,8.1,4.07
13350,4,0,4.6,3.44
40812,4,4,3.2,4.37
31344,5,0,1.5,4.92
41724,0,3,2.7,3.27
40790,0,4,6.2,3.38
2859,1,2,6.3,5.39
3451,4,4,1.7,4.68
37414,1,3,8.8,3.58
17478,2,1,8.0,4.09
41228,1,1,3.1,6.9
6572,1,1,10.0,3.98
21069,5,4,8.4,5.57
4143,6,0,3.3,4.54
33711,5,1,5.4,2.74
2449,0,4,6.1,6.87
31494,2,0,4.1,5.03
23427,2,1,9.8,5.74
15994,1,3,4.7,3.98
11602,3,0,7.8,4.92
49413,1,3,7.1,5.58
27426,6,1,8.9,5.36
25634,0,4,3.5,3.73
22198,2,3,9.4,3.51
36087,2,2,5.6,2.91
46093,4,0,2.6,4.74
33269,6,2,8.0,3.16
28638,4,2,2.3,5.41
10648,6,4,5.4,4.57
25006,7,4,9.8,4.64
42885,1,3,3.4,5.94
8459,6,1,0.8,6.68
30153,4,2,2.2,5.02
5781,3,4,9.3,5.63
36039,4,1,0.7,4.33
28379,7,4,3.5,4.5
47966,1,1,2.6,4.14
6439,4,1,7.1,4.96
35834,3,2,6.7,5.07
23526,1,1,9.9,5.17
41903,1,1,0.1,7.04
40019,7,2,0.2,2.76
29997,2,4,5.2,5.39
36826,5,2,2.6,5.16
48536,4,4,8.5,3.09
8994,2,0,8.4,4.81
33683,6,2,3.7,5.19
14683,3,4,4.4,3.6
7815,4,2,9.1,5.77
8234,1,3,3.7,5.36
48032,4,2,1.1,4.87
37875,2,0,8.6,2.93
49609,1,2,0.3,5.76
6613,6,1,1.0,3.83
42136,6,2,5.9,4.74
37799,0,2,6.0,5.24
9559,3,0,4.4,5.36
26863,6,3,9.9,3.38
25472,5,1,8.2,4.8
48642,7,0,9.4,4.16
22282,4,0,6.3,4.06
39636,6,2,4.5,5.31
24924,6,1,3.7,3.13
11459,6,0,0.3,6.21
20305,7,4,8.3,4.64
21804,1,4,5.6,3.14
46777,0,1,9.2,4.81
39437,1,1,0.1,6.18
41635,0,4,7.5,5.66
36308,5,3,0.2,7.47
44993,1,2,10.0,2.97
19831,5,0,0.9,4.84
39551,1,2,3.7,4.84
33036,0,0,1.0,5.49
37439,1,2,9.0,7.04
48186,6,1,1.3,5.79
14103,6,1,7.0,4.14
43447,4,3,4.3,5.33
43033,0,4,1.0,4.7
41810,1,3,3.6,4.25
19342,0,2,6.4,4.76
47889,2,1,7.9,4.71
38363,7,1,1.7,5.13
43090,2,3,5.0,4.59
15483,2,2,9.7,5.8
22087,7,1,2.2,5.74
1062,4,0,7.5,4.95
39155,7,4,5.9,4.8
44946,3,4,0.2,6.26
27216,5,0,4.1,6.44
49625,3,3,3.8,4.34
10454,2,2,2.8,8.06
23731,6,0,0.8,3.67
34213,4,1,8.8,5.21
18582,0,1,8.1,4.53
43235,2,4,0.9,6.26
8059,2,3,6.1,4.45
32765,6,0,1.5,5.19
43785,6,2,9.1,2.58
45416,1,1,4.8,4.4
30773,5,2,8.7,3.67
40671,5,1,8.1,4.15
13277,7,3,10.0,4.57
47786,6,3,6.0,4.6
47984,1,1,6.1,6.7
25317,3,2,2.0,4.33
7821,4,1,6.1,6.41
1572,4,4,6.9,4.76
9517,7,1,9.2,5.06
39575,3,0,3.4,4.28
31309,2,1,8.2,4.2
30688,3,1,4.3,3.87
6844,0,0,7.7,7.72
26938,2,2,7.3,6.37
41814,1,4,9.3,5.9
32,4,1,2.3,3.15
35787,4,3,9.9,3.74
14651,4,2,3.5,3.05
23511,3,0,4.6,4.58
37494,4,0,3.6,2.17
13773,0,4,3.8,6.39
49344,2,4,2.4,2.85
20217,4,2,5.7,6.12
21851,0,2,6.8,4.79
31158,7,4,3.1,7.07
8746,7,2,5.5,5.62
43025,6,0,9.3,4.74
7731,1,0,2.8,5.55
18164,0,2,5.3,7.21
31857,1,3,0.4,4.09
31313,2,4,6.7,5.04
16615,4,3,3.6,7.79
28140,0,3,7.6,3.68
1713,2,1,4.9,4.72
47860,5,2,9.8,4.7
14907,0,0,3.2,4.34
29171,1,1,1.8,5.3
33785,5,4,4.4,8.86
2092,1,0,3.1,3.0
22587,5,0,6.0,5.5
16551,4,2,1.0,2.56
44126,5,0,5.8,5.12
32010,7,4,8.9,6.28
30268,3,3,1.9,5.91
1853,3,2,9.6,4.17
24248,3,4,7.3,5.34
1079,5,3,6.4,5.12
9367,7,2,7.7,5.86
17565,0,2,4.9,4.14
21388,7,4,4.1,5.62
8015,1,1,1.4,5.19
6994,3,4,3.9,6.02
10414,5,3,1.5,7.18
39086,0,0,7.0,4.79
23193,7,3,5.4,5.99
13344,4,4,6.5,3.02
42886,1,3,9.8,3.34
1436,5,1,0.3,3.06
27209,7,0,7.7,3.56
25528,4,1,7.8,4.31
36031,0,1,5.5,3.75
6463,4,1,9.3,3.0
25774,1,1,9.6,4.24
71,0,1,3.0,5.62
22389,0,2,1.3,5.67
49209,3,1,7.0,5.25
14308,4,3,0.1,6.26
12134,1,3,7.4,3.46
6507,0,2,5.3,3.67
5130,7,2,7.8,4.89
764,0,0,3.7,1.74
48463,4,1,5.2,4.71
37757,0,2,4.0,6.4
47777,5,3,0.3,7.45
22957,3,4,2.7,5.36
39914,7,4,9.7,4.9
8040,3,1,1.5,7.0
8499,7,3,7.1,6.53
19575,4,3,4.4,5.72
35765,4,0,6.7,5.24
18479,1,4,9.1,2.8
45403,3,2,5.9,3.12
47392,5,4,1.0,3.65
17671,7,3,0.5,3.74
48336,0,4,4.8,5.06
1500,7,4,2.3,5.35
42978,6,0,0.7,5.14
47004,0,1,0.4,4.74
23044,7,1,3.8,5.49
10409,7,3,7.3,4.06
18639,0,1,9.9,7.2
10080,4,1,2.3,5.67
6766,7,0,9.2,2.76
40014,3,4,8.0,3.87
47189,3,1,0.3,5.45
16004,2,4,7.8,4.93
2624,5,3,2.9,5.49
15661,6,4,1.0,5.83
48780,1,3,1.6,6.63
22136,6,4,8.1,5.63
18290,7,0,7.9,5.71
1628,5,4,7.9,5.66
31723,2,4,4.9,5.42
15464,2,1,0.2,5.75
14802,3,3,2.2,4.0
27169,1,3,4.7,6.32
23787,5,3,3.2,5.8
30201,3,1,8.0,4.73
14174,3,4,2.4,4.87
38735,1,1,5.1,4.42
26618,4,1,8.6,6.19
19498,2,4,1.1,4.42
46184,2,3,5.6,4.0
20324,6,0,2.7,5.01
6135,7,3,2.9,3.28
31149,4,2,0.9,6.69
48462,3,3,5.0,4.81
33126,6,4,10.0,4.74
28200,4,1,2.9,5.27
19353,1,1,5.4,4.22
17598,0,0,0.3,4.2
39520,0,2,1.8,3.46
24032,7,3,7.7,4.73
27772,0,1,8.1,3.87
17515,0,1,5.3,4.33
28543,6,3,4.4,5.85
15805,1,0,0.1,4.38
9265,6,0,9.2,5.1
6483,0,0,1.2,4.49
25096,5,0,2.8,7.3
27859,6,1,0.4,3.38
786,1,1,0.6,4.01
3902,0,4,2.2,3.8
44174,1,0,8.3,7.41
5637,2,0,5.0,5.13
33438,7,3,2.7,5.5
7511,3,2,4.5,3.03
31584,3,0,1.2,4.72
48905,3,3,0.8,5.47
21139,5,1,2.7,7.9
35847,1,1,1.4,5.44
13258,6,3,4.6,5.71
13891,6,3,3.9,1.96
43967,4,4,6.1,4.6
8665,3,4,8.4,5.13
41846,6,4,3.6,6.85
27338,5,1,6.7,7.42
11768,0,1,3.0,6.23
23700,3,1,1.3,4.66
8972,5,4,5.2,3.27
44015,0,0,3.8,5.12
44072,2,4,6.2,5.26
9093,2,4,4.1,6.73
27116,1,0,4.3,4.16
4816,5,0,1.7,6.95
5838,0,2,7.7,4.18
124,7,0,1.5,5.36
42022,3,3,3.7,4.61
38303,5,2,4.8,4.19
29777,6,3,5.6,3.9
23007,0,3,8.3,3.6
35419,3,4,1.5,3.85
21734,2,1,8.2,4.61
28271,7,1,5.8,4.81
40854,6,3,0.7,6.48
6966,1,1,0.8,4.83
29834,4,3,2.6,5.51
5005,4,4,0.7,4.32
8552,1,1,3.5,2.87
23306,2,2,3.8,5.28
14835,7,4,4.9,4.51
15178,0,3,2.3,5.44
45323,6,2,4.2,5.13
27392,2,1,7.6,4.74
16922,1,0,1.0,4.08
38652,4,3,9.6,7.0
28564,1,0,1.9,4.34
35090,7,2,10.0,4.94
18708,3,1,2.0,4.45
36690,5,3,6.4,5.02
11570,6,3,9.6,4.49
866,7,1,4.7,5.25
36699,0,0,0.6,5.32
9025,6,0,5.3,4.64
20641,5,2,5.0,3.39
44274,5,1,4.8,5.68
19533,7,2,3.7,7.25
558,0,4,6.5,4.09
36240,4,0,5.1,6.59
6551,4,4,5.4,2.94
27479,5,0,7.3,6.57
10258,2,2,3.8,5.41
18667,7,4,4.4,4.61
5665,4,2,7.0,5.18
20841,0,4,8.9,4.72
49103,4,0,0.2,7.22
6951,5,1,0.1,5.85
41970,4,3,5.9,7.23
8199,0,0,6.9,3.35
46215,7,2,5.3,4.19
38617,5,2,7.3,8.27
6247,2,0,4.3,4.67
14596,2,0,9.3,4.45
9090,3,1,6.5,6.12
20798,4,3,0.6,5.19
49084,2,0,9.2,7.88
3128,1,4,9.1,5.59
29108,7,3,2.7,6.28
29117,6,0,5.4,3.32
47160,7,3,7.1,4.23
10901,2,1,8.4,4.79
45620,4,0,0.5,5.04
11034,0,0,4.1,4.71
33625,6,3,2.4,5.55
13680,6,2,6.3,6.76
33379,0,3,6.3,4.88
21589,2,4,8.6,3.26
45104,3,3,4.5,5.72
11699,2,0,0.6,4.28
14274,6,2,9.0,4.56
18278,5,4,6.9,4.51
18084,7,4,4.5,5.48
41239,4,3,0.5,3.65
40701,2,1,2.1,4.03
28193,6,4,5.0,4.59
47872,4,1,6.6,4.3
7785,5,3,9.4,7.12
46604,6,2,5.5,5.4
17466,4,4,8.5,5.53
13911,0,4,3.5,4.77
3806,3,3,2.1,5.05
33742,6,2,1.3,4.33
14253,5,0,2.5,3.74
26910,3,0,8.6,6.79
9944,0,3,6.4,2.86
13947,2,1,4.5,3.27
35650,0,1,2.6,4.59
17291,0,3,1.5,5.49
36692,4,3,6.9,5.14
216,7,0,5.2,2.72
35806,7,1,5.5,4.3
22963,5,2,5.9,2.43
29211,7,3,4.6,5.45
6460,6,3,1.2,4.04
33528,6,0,5.7,5.59
29046,5,4,3.5,4.29
48694,3,1,9.3,5.69
23714,1,3,7.8,3.15
23789,1,4,0.6,4.55
6755,3,3,5.4,4.5
3625,3,4,0.9,5.94
4047,5,1,9.7,3.49
4807,0,4,7.4,5.85
12963,5,2,1.5,3.33
30682,6,3,7.4,5.69
14312,5,4,9.2,4.92
1055,4,3,2.0,5.46
34672,4,4,6.1,5.73
19979,3,2,6.6,5.04
4699,2,4,1.7,5.52
3612,7,0,1.0,4.79
6514,2,1,3.9,2.22
1479,1,3,2.9,4.65
18752,5,0,8.2,6.71
16831,6,4,8.3,5.8
20136,5,4,4.3,4.42
12639,7,1,8.5,3.05
26927,3,3,2.9,4.2
8522,0,4,3.1,2.43
46488,0,0,4.8,6.6
21925,7,3,7.5,3.45
36633,6,2,4.0,5.34
22276,2,3,5.6,3.96
15491,6,1,0.5,5.48
42811,6,1,7.7,5.02
17960,4,2,10.0,6.09
26630,0,1,3.0,5.01
19867,0,1,2.6,3.35
364,1,2,6.8,7.48
45066,4,3,8.6,4.87
28072,3,2,0.3,5.63
38944,3,3,8.0,3.58
3503,3,0,4.6,6.66
44066,4,1,7.7,4.09
39279,2,1,1.7,4.55
42166,6,4,9.3,5.62
26514,4,0,2.5,4.36
32179,0,2,9.9,6.24
26123,6,1,2.8,4.9
33210,3,4,8.0,4.51
2046,3,4,8.9,4.74
26964,6,4,5.4,5.62
29970,7,3,6.9,7.32
26250,1,4,8.5,6.35
29404,1,4,9.1,4.37
21590,6,2,10.0,6.03
38032,6,0,0.2,6.44
15468,6,2,0.9,3.33
42910,1,1,7.7,5.02
33208,4,2,2.4,5.61
16921,5,3,0.7,5.72
38602,5,4,0.2,3.86
26033,2,2,9.8,4.05
38726,7,2,5.5,3.53
7862,5,4,6.2,4.11
28476,4,2,9.6,6.68
27063,1,4,4.9,5.85
1512,3,2,0.5,4.63
34070,4,0,1.0,5.78
5845,4,4,1.4,5.51
43430,0,2,4.4,2.41
22997,6,2,6.4,1.97
26911,7,2,2.9,6.28
24553,6,1,6.0,7.23
48498,6,2,4.5,6.29
6563,5,2,1.3,5.13
48049,4,4,6.3,3.75
34133,3,1,6.0,4.54
19860,5,3,7.7,3.63
47653,0,1,4.8,4.88
31593,6,2,9.5,3.03
16616,6,3,0.3,7.04
16812,2,0,8.1,5.06
2696,4,4,3.0,6.64
8001,7,0,1.6,6.97
17507,5,2,0.3,3.78
7225,2,1,3.4,3.78
18838,2,0,4.6,3.74
37258,7,0,9.3,4.65
49135,7,4,3.8,5.08
41319,3,0,9.1,7.53
7560,7,0,9.5,5.26
29936,1,0,6.0,6.08
821,1,0,8.5,5.48
17708,3,1,2.3,5.35
4067,6,0,3.7,4.97
28291,7,3,3.9,5.02
43933,2,1,6.3,5.33
660,3,0,8.3,7.25
5526,4,3,10.0,6.4
46618,4,2,9.8,4.93
1873,0,4,6.1,4.32
23849,2,3,1.6,4.73
14101,1,1,6.6,5.07
36201,0,0,7.5,6.96
20536,5,2,8.3,2.4
44916,0,4,4.6,6.36
32662,3,3,2.5,5.13
37092,3,2,5.6,3.24
3014,7,0,4.2,7.16
35979,7,4,7.8,6.65
20723,2,0,1.6,2.87
25827,4,3,8.1,5.25
10506,2,3,2.4,3.71
32409,2,1,8.6,5.29
22971,1,3,1.4,5.12
34562,3,2,3.6,5.12
24102,5,2,7.3,3.49
28225,0,0,2.9,4.54
42019,4,0,5.7,5.32
38427,5,4,6.7,5.34
15129,4,0,9.9,5.16
23067,5,0,7.8,4.75
1845,7,0,9.7,5.47
8711,7,1,9.7,4.61
36482,1,1,8.1,4.23
40009,2,2,4.3,5.58
33713,0,3,5.7,5.94
22353,6,4,3.7,4.51
41152,4,4,9.9,4.37
3449,4,0,4.1,4.75
9092,3,2,4.3,6.3
17785,3,1,1.2,4.86
48822,7,3,8.3,4.54
46672,3,0,8.8,5.48
33229,3,1,5.1,3.61
22701,4,4,1.8,5.25
5409,3,3,1.4,4.77
6954,0,2,9.7,5.21
42645,4,2,2.5,4.51
36865,2,4,3.3,2.91
45482,6,4,6.3,3.64
47982,0,4,7.2,3.45
44034,0,4,1.4,3.53
24329,3,4,6.2,4.99
7419,0,4,1.1,4.35
3501,7,1,6.2,6.07
6063,1,2,2.8,4.31
15510,3,1,5.1,6.07
36342,7,2,9.7,5.4
41301,1,1,7.3,6.68
13222,6,1,1.0,6.07
46517,3,4,0.2,5.65
24088,3,0,5.7,4.83
19165,0,1,1.8,5.27
9683,2,4,3.9,2.03
9988,0,0,5.6,3.22
6886,7,3,4.4,6.85
34494,1,1,6.7,4.0
11470,6,4,2.0,5.9
18754,3,0,5.1,3.86
1255,6,1,5.9,6.7
19133,7,0,1.2,5.13
36972,5,2,9.9,6.54
17481,1,4,6.8,3.37
34009,4,1,5.3,3.43
13786,6,0,9.7,3.78
42056,7,0,0.5,5.56
23528,2,2,1.6,4.16
2812,0,4,5.1,6.42
2748,2,2,2.3,5.78
41304,2,2,9.4,6.94
13693,2,3,5.5,5.08
13523,0,0,7.7,4.13
14080,7,1,8.9,3.52
27688,3,0,5.7,4.52
13268,4,2,2.1,4.66
14731,5,0,8.8,6.22
32122,4,3,4.8,4.04
3300,0,0,6.2,5.29
26794,3,0,10.0,1.72
21767,4,2,4.0,3.97
28844,7,0,9.3,4.47
15353,5,1,3.8,4.22
49730,7,0,7.2,6.4
45725,3,1,5.5,5.32
45388,1,2,9.0,5.91
14069,2,0,9.9,7.53
35516,4,0,1.5,3.68
2476,4,4,6.8,5.38
12481,1,4,6.0,5.33
27322,2,3,7.2,2.01
45389,0,0,8.5,4.99
37697,7,3,8.5,4.15
9167,7,2,9.3,4.82
48958,7,0,3.7,5.81
41459,0,1,6.7,3.58
26124,5,2,2.2,6.7
34081,2,2,8.5,4.94
30093,3,4,8.8,4.76
8595,6,3,8.2,5.75
41671,0,0,0.4,4.73
31924,7,0,9.6,5.06
26107,0,4,2.3,6.54
33266,1,3,7.2,4.07
11764,5,3,0.7,1.62
31027,6,2,7.8,4.86
1884,6,4,9.1,5.36
49740,3,4,3.8,3.98
28843,4,2,3.7,2.73
1139,2,4,0.2,6.63
25668,7,3,4.6,5.81
29715,2,1,4.6,3.76
13409,7,1,4.9,4.01
40196,7,1,2.9,5.39
15522,2,2,8.8,5.48
28413,5,3,5.9,5.28
14823,6,0,1.9,5.14
41242,0,2,0.9,5.25
5756,4,4,1.1,5.29
27303,7,0,6.3,6.54
7709,4,1,3.3,7.52
18552,7,3,9.4,5.16
13138,6,3,6.0,4.95
6861,2,0,0.7,4.26
29769,2,1,10.0,5.23
39558,1,2,2.6,4.11
4892,4,4,0.3,4.76
36896,4,4,8.7,6.07
27124,0,4,6.5,5.21
639,4,4,0.7,5.35
24281,2,4,5.3,3.8
6075,5,3,8.5,6.67
3754,2,2,4.2,4.46
42467,0,1,3.4,4.16
45868,0,2,1.8,2.98
35067,3,3,4.6,8.04
28616,7,4,3.3,2.62
49324,3,3,5.2,3.93
21276,1,4,6.7,3.88
25068,3,0,9.0,5.01
7507,1,1,5.3,6.88
27840,3,2,4.5,4.15
12767,0,1,6.8,4.8
7230,2,2,2.6,5.16
5280,2,4,8.6,3.89
32883,5,4,4.7,5.5
15773,5,3,9.6,2.56
39010,7,3,9.3,6.57
4105,7,1,7.7,5.79
2959,5,4,7.0,5.53
2138,0,2,1.3,6.2
7562,6,2,8.5,3.99
18881,5,1,9.4,2.62
14407,4,4,6.1,5.31
30108,0,0,2.5,5.05
2876,3,1,7.4,4.79
30815,0,4,5.9,7.06
37941,0,0,1.6,4.82
15782,3,0,7.3,6.91
34582,7,0,8.8,5.22
29058,3,2,0.2,4.14
40816,1,1,6.1,5.12
824,7,1,6.9,2.91
19915,0,0,3.1,6.02
862,5,2,2.8,4.81
19805,1,0,7.1,3.65
16968,7,0,4.9,5.5
13604,5,0,3.7,6.47
22308,7,4,6.3,3.51
11385,3,3,1.7,5.45
29991,5,0,2.7,5.88
34387,1,3,0.9,5.51
7027,6,3,7.9,4.13
5214,7,0,5.8,3.06
42142,3,2,8.8,3.49
3887,7,1,7.9,2.05
12850,1,2,2.1,5.84
1769,4,3,2.0,4.03
42027,6,0,9.7,4.5
40734,6,1,4.9,4.9
44774,3,2,1.9,7.41
23387,1,2,3.8,6.7
32382,1,1,6.8,5.09
14414,2,2,1.0,6.05
23422,3,4,0.5,5.96
29606,3,3,5.5,3.52
25095,3,0,1.6,4.16
29423,2,0,9.3,5.92
5882,2,2,9.6,5.59
134,0,3,4.3,5.42
36884,5,0,6.9,3.72
35497,1,3,8.3,5.06
40509,0,3,3.4,3.96
23607,0,2,3.7,8.04
19974,6,1,6.2,4.13
40105,0,1,0.4,6.53
43364,0,0,0.0,5.36
30135,2,3,8.5,5.16
34842,7,0,6.8,4.61
18701,4,4,8.8,5.19
6826,6,2,5.6,4.74
25743,1,4,3.4,3.79
45182,7,1,9.5,4.73
42567,1,4,2.2,5.9
2851,5,0,8.4,5.71
47034,1,4,2.8,5.01
9059,7,1,1.5,6.54
16782,5,3,4.1,2.33
20208,1,3,4.9,3.12
23654,1,3,0.9,4.32
14456,3,4,7.3,4.77
45235,4,4,9.5,5.9
32713,2,2,2.6,3.57
21768,2,4,8.3,3.26
3064,4,3,8.1,3.88
41674,7,3,1.3,4.4
39012,0,1,4.5,3.75
23891,5,3,1.1,4.33
14665,2,0,3.0,5.59
12926,0,2,7.4,2.4
8301,5,2,1.1,4.73
46614,5,2,1.6,4.94
4162,6,1,7.0,4.57
45110,2,0,4.8,6.43
46633,3,1,1.7,4.4
14662,4,0,9.8,6.94
9625,3,4,8.7,3.89
26576,2,4,1.5,3.04
25537,4,4,8.2,5.75
34325,6,0,0.8,3.32
19038,7,4,2.3,3.09
46406,4,0,2.0,5.37
27220,3,1,1.2,8.2
30147,0,2,3.7,3.16
255,4,0,2.0,5.56
1396,6,1,7.4,3.7
14564,2,0,5.9,3.87
12714,6,0,1.4,5.26
49176,2,3,1.9,3.57
22793,0,1,2.9,5.53
8087,6,2,3.9,2.33
16688,0,1,6.9,4.53
32674,5,0,8.4,5.24
14363,6,2,8.2,4.74
46012,0,2,7.5,5.83
37203,6,1,2.4,3.08
32079,2,2,7.6,5.89
21416,1,2,7.2,2.72
41072,4,3,7.0,4.34
48877,2,2,1.6,4.82
15195,0,3,5.1,6.44
22702,5,3,6.0,3.22
34042,7,2,9.1,7.19
25123,3,2,8.2,4.76
35375,6,4,6.3,4.42
841,6,4,4.2,4.08
11513,2,3,7.4,6.66
48957,5,3,6.0,5.7
1140,1,2,6.5,4.61
23375,0,3,1.7,4.55
30579,3,3,6.0,5.6
23,4,1,7.2,6.21
37247,4,2,6.0,4.24
2076,5,4,6.2,6.19
4073,1,4,5.8,5.31
27909,4,0,0.5,5.99
13835,3,3,7.1,7.86
14877,5,2,6.6,6.65
40575,1,2,0.5,2.34
45141,3,2,4.4,4.71
37937,2,2,5.2,5.35
13853,1,0,6.2,6.11
25394,4,2,9.9,5.46
19459,7,3,4.6,6.49
40347,6,3,2.0,3.78
42850,0,4,4.4,5.78
29123,5,0,1.0,6.84
3694,4,4,3.1,5.04
38991,2,3,3.7,5.22
4480,4,3,4.1,3.58
13605,0,0,2.2,6.43
16128,2,0,3.9,5.2
31805,4,2,8.4,1.42
30573,4,3,4.4,6.57
13160,4,2,3.2,5.57
47741,0,2,0.9,7.02
33594,2,2,7.5,4.82
3932,2,3,7.5,6.02
23062,0,4,4.1,4.92
45927,2,0,5.1,4.95
8818,5,0,2.3,5.31
46310,5,3,6.7,6.38
27302,4,2,4.3,4.06
14214,6,0,1.0,4.32
22350,0,1,0.6,5.07
343,1,4,1.2,6.02
30883,7,4,4.9,6.97
39689,7,0,7.1,7.02
46694,6,1,6.6,3.27
42037,3,3,1.9,6.77
3371,2,3,0.9,6.43
18119,1,3,7.4,3.31
15594,1,1,8.9,4.62
12267,1,1,0.6,5.39
20975,1,3,8.2,2.84
18112,7,2,9.4,2.54
1296,2,0,4.6,4.47
23030,1,0,3.3,4.93
39844,4,3,6.2,4.4
14445,3,0,9.4,5.39
18249,4,3,3.5,3.74
19481,1,1,4.1,6.13
34454,5,3,9.2,4.8
36797,3,2,4.5,7.32
21693,3,2,2.5,6.74
33698,5,3,3.9,4.49
8445,4,0,1.2,4.78
37294,5,1,1.3,5.27
11589,7,2,1.7,3.64
45359,3,0,2.4,3.63
31894,7,2,4.0,4.32
3350,1,1,6.8,3.17
27618,4,2,9.3,5.6
29782,3,0,0.3,5.5
42154,1,2,6.9,5.65
14878,2,2,0.8,5.24
25559,7,1,4.6,4.83
4412,1,4,3.5,5.58
49453,6,0,1.7,3.63
3152,5,0,2.2,2.68
11344,3,3,8.3,7.31
46374,0,4,3.4,4.41
13932,2,2,5.8,5.86
29400,5,1,4.5,4.84
5714,2,1,6.2,4.64
21700,1,3,1.2,4.37
26461,2,0,4.7,3.83
12285,5,4,3.5,4.92
12944,6,1,4.3,6.15
99,4,0,1.8,6.52
2452,4,4,7.0,5.42
26981,6,2,5.7,4.32
28205,7,3,3.6,5.33
40465,5,4,0.9,4.13
12353,4,4,7.5,4.52
17649,0,4,3.4,4.26
25422,0,2,9.7,4.45
26583,6,3,2.7,5.0
39666,7,2,7.2,3.36
8591,4,1,7.8,4.54
33760,0,3,2.3,4.76
37464,2,1,4.0,2.75
36985,3,2,3.3,4.34
47416,0,2,7.9,5.28
41692,4,4,2.0,6.16
14005,7,4,6.6,4.87
15487,4,2,6.2,3.12
5682,5,4,0.6,5.01
10209,6,3,9.7,3.01
35780,2,1,1.4,4.76
710,6,0,4.3,4.98
1862,4,4,6.9,3.88
23497,0,2,8.9,4.15
49661,5,2,8.3,4.72
37167,7,0,6.2,4.04
27320,0,4,0.4,7.24
27984,7,3,7.4,5.33
35257,5,3,2.1,5.91
32933,0,0,7.9,4.26
21591,3,2,3.4,4.55
47737,7,4,0.9,1.82
26429,2,4,5.8,7.95
11359,0,1,6.7,3.08
32405,7,1,8.8,5.09
46066,1,4,5.8,6.45
14235,4,2,7.1,6.03
1832,7,0,4.6,5.05
34405,1,2,0.5,5.19
45089,4,1,1.6,4.4
41732,5,3,4.9,6.02
16422,6,2,4.3,5.21
17428,5,4,7.9,4.74
20016,3,0,8.1,4.24
37819,4,4,7.6,5.12
45187,2,3,6.5,4.45
6296,6,1,5.3,4.63
45409,5,3,9.6,5.78
24326,6,4,9.1,3.98
14277,4,4,9.6,4.12
48666,1,0,2.5,3.84
1911,7,1,6.2,4.86
15719,7,3,4.9,3.22
24351,4,4,4.7,4.26
16621,5,0,4.2,5.28
36178,4,2,8.8,5.87
17742,3,1,6.2,4.63
47647,5,3,6.0,5.81
16733,1,3,8.7,4.79
41829,2,4,9.8,5.37
7769,3,2,9.6,5.35
17458,4,2,8.4,5.9
31888,2,1,0.7,3.77
43819,2,1,5.6,2.53
37999,6,2,3.0,7.02
39374,2,1,9.0,3.62
19200,5,3,8.6,3.62
42927,6,3,8.6,3.76
35352,5,4,0.4,3.32
33762,2,0,4.3,5.05
37877,1,0,7.4,5.67
31307,3,1,4.6,5.7
7690,6,4,1.0,4.6
16228,0,0,8.1,3.63
18410,5,3,8.1,3.83
33988,6,4,6.4,4.68
42318,5,3,4.5,4.61
14879,3,2,6.6,5.92
47606,3,4,4.0,4.37
41473,1,2,4.6,4.01
12224,5,4,4.0,4.09
23241,3,0,3.9,4.29
43494,6,1,1.6,2.86
32640,2,3,7.8,5.37
13667,5,1,4.8,4.29
6714,5,4,9.2,5.1
4494,0,2,7.4,3.06
41931,5,2,6.5,4.44
36171,6,1,8.3,7.17
29008,7,1,2.8,6.56
25689,0,4,3.4,4.78
49962,5,1,8.0,4.78
19667,5,3,6.2,4.96
3446,7,3,4.9,6.89
45900,0,2,0.1,3.55
31059,7,2,4.2,4.71
7070,5,1,4.6,5.55
43899,5,3,8.9,6.21
16412,7,1,4.7,4.88
28299,2,2,6.2,4.03
16390,5,0,8.5,6.04
41253,1,4,1.2,5.09
12150,6,0,4.9,5.13
20184,7,0,7.7,5.5
34306,3,2,5.6,2.88
29572,4,4,4.2,4.54
46100,3,0,1.1,4.78
26195,2,3,6.2,3.62
17698,5,1,1.5,6.12
16612,2,1,2.2,6.7
16904,2,1,8.8,4.65
27397,4,4,3.6,5.64
12458,0,4,5.1,5.08
38778,5,0,1.3,3.92
17351,4,4,6.3,4.51
8384,1,2,4.0,7.23
25700,4,1,6.3,4.94
17799,5,0,2.6,4.89
42180,2,4,6.0,4.76
47635,5,1,1.3,2.97
35894,5,1,4.0,3.47
29490,7,2,0.1,3.52
21985,7,0,1.3,5.15
13944,2,0,9.6,4.89
1854,3,2,5.6,5.81
1392,0,4,6.0,5.46
31605,2,1,5.1,3.63
29784,4,3,7.0,5.6
44392,2,1,8.3,4.45
21110,6,0,7.3,3.76
16205,1,0,8.8,2.35
11365,6,4,0.6,2.52
13882,7,0,4.7,4.59
26652,7,2,0.3,6.3
26001,4,0,0.3,3.49
1398,6,4,4.4,5.15
25341,1,4,5.8,3.07
32372,7,4,1.7,4.46
775,1,4,9.4,3.97
35254,7,0,8.8,4.73
23870,2,3,2.8,3.35
18085,2,2,2.9,5.14
3737,3,3,6.5,6.14
7501,4,1,0.0,4.23
46478,1,1,9.4,3.87
25390,0,0,2.7,4.42
22159,1,2,4.7,6.55
11115,1,1,0.3,4.08
985,1,1,6.6,4.49
45265,1,1,9.1,2.86
26282,7,0,9.7,4.73
10413,7,2,8.9,3.95
21275,3,4,8.9,5.64
37327,0,3,8.0,4.49
4536,2,4,8.6,6.76
47750,5,3,3.1,3.66
40207,0,0,0.6,5.81
9394,1,0,4.1,4.72
15309,0,2,3.8,5.45
6729,2,4,6.6,4.95
21640,6,0,0.1,5.06
10988,7,4,9.7,4.93
26340,6,0,4.5,5.61
49046,2,0,2.4,2.45
10850,2,0,7.3,5.24
37701,0,2,3.4,5.19
43423,0,1,6.4,3.65
16847,5,2,4.1,5.34
10641,7,2,6.6,3.48
40926,4,1,3.6,4.99
7534,4,3,9.6,5.66
15563,6,0,0.2,4.16
15688,3,2,3.0,5.24
513,5,4,4.6,4.75
769,4,3,9.0,5.64
12140,0,1,2.1,3.28
18001,4,2,7.8,4.41
42872,2,0,9.7,3.9
41634,6,0,8.5,3.96
37797,0,3,1.1,4.91
16024,0,4,6.4,4.17
48810,0,2,9.0,4.53
22803,6,2,4.1,6.02
32550,2,3,9.6,4.22
49771,3,1,0.6,6.27
35409,4,1,8.9,5.3
26751,5,2,3.2,7.17
2856,4,4,4.2,3.02
29705,4,4,9.6,5.68
13513,1,3,9.9,7.14
15421,4,0,3.5,5.91
34620,7,0,9.1,5.38
2472,0,4,6.6,3.7
38949,0,3,2.3,5.52
48419,0,4,9.6,3.96
12994,0,2,4.7,6.39
32447,7,4,0.6,5.29
23842,7,2,2.3,4.41
23788,7,1,0.7,3.84
23890,3,4,7.3,4.67
41520,7,0,7.6,3.49
43495,1,4,5.3,6.95
40893,7,3,6.2,2.52
24446,6,2,9.2,2.29
18514,7,4,2.7,5.52
35385,1,4,9.5,5.69
47068,4,0,6.7,3.04
44797,6,4,1.1,1.79
18997,4,3,4.8,3.24
33230,4,2,2.3,6.0
5557,3,1,2.7,4.73
22419,2,1,4.7,6.17
12924,7,2,0.8,5.98
6868,7,4,7.4,5.97
45043,7,3,7.4,5.43
37531,2,2,8.8,6.08
39455,3,1,9.2,3.07
49222,5,3,4.2,3.9
16537,2,3,1.0,5.24
18254,3,0,1.2,5.36
38788,0,2,2.7,2.02
22301,1,1,7.1,5.49
16084,5,0,5.5,3.83
33648,7,1,3.2,5.55
20615,6,2,0.9,5.1
19633,3,3,8.6,4.94
2049,4,1,5.2,4.61
44997,1,4,2.4,3.79
13975,7,2,8.6,4.43
45753,5,4,3.6,2.46
15653,1,4,2.6,4.49
22867,1,0,7.2,4.83
25617,0,3,3.2,4.3
15930,0,3,1.2,3.91
9744,1,4,6.9,4.45
10449,6,3,4.9,5.88
11526,3,1,6.8,4.43
35291,2,2,3.1,7.4
9564,3,2,8.3,3.91
19565,4,2,4.8,4.84
16861,6,0,6.7,3.81
29264,1,0,9.4,5.35
23332,5,3,3.6,5.64
45035,1,4,5.5,5.93
18053,3,3,9.9,5.08
17717,0,4,5.6,3.85
36518,7,4,2.4,4.83
15500,6,1,8.9,4.95
6414,3,0,6.4,5.68
14719,1,0,2.8,6.96
29245,3,4,4.5,4.47
20764,6,2,4.2,4.47
45138,6,2,9.2,5.41
43893,5,4,3.2,4.99
7169,7,3,4.0,6.05
13249,3,3,6.1,4.09
34770,1,2,6.4,3.36
49857,7,4,0.6,7.11
9164,6,2,8.6,3.29
18545,2,2,9.3,4.36
11924,0,1,1.0,4.83
19206,2,3,3.7,4.41
6196,5,4,3.1,6.07
6209,6,4,3.6,4.11
39573,2,2,5.1,7.18
44275,3,3,8.3,6.38
9889,6,1,5.9,6.23
44983,4,4,0.1,6.23
27743,0,2,2.0,4.41
42437,6,2,1.1,4.82
4750,2,0,8.7,5.68
13995,3,2,1.5,7.07
1049,3,4,5.3,7.68
12318,3,0,5.3,4.22
9927,2,1,1.4,3.03
10289,3,2,5.5,4.83
729,1,2,2.3,5.66
29612,7,1,7.0,5.41
24094,1,4,9.2,5.58
38794,5,3,2.8,3.9
9172,2,2,3.6,3.75
34798,0,3,2.4,4.62
27911,7,2,3.5,6.02
6394,5,0,2.1,3.29
37186,4,1,0.5,4.26
29032,2,0,7.2,3.76
15580,2,0,2.4,6.34
42209,1,0,8.6,1.76
10691,2,3,6.6,4.11
12127,6,4,5.6,5.11
32730,6,2,3.3,7.52
19314,0,0,7.3,5.2
14667,4,2,4.4,4.26
12782,5,0,9.2,5.56
23710,5,0,0.1,3.27
4661,3,3,1.8,5.57
119,2,1,8.5,5.77
48222,6,0,1.6,5.48
12440,7,2,9.4,3.53
30304,1,1,8.4,4.96
4468,2,4,5.8,4.31
41285,4,1,1.8,1.4
30581,5,4,2.3,4.51
24456,4,1,1.3,6.1
12290,0,3,4.1,6.01
26065,5,1,5.0,3.96
31039,2,3,7.2,6.18
38006,7,3,5.6,6.23
16083,0,2,3.8,4.18
46197,2,0,7.8,3.59
42088,4,1,4.1,2.48
8893,2,3,4.0,6.45
46932,1,3,3.5,3.64
45057,1,1,4.5,4.19
7861,0,3,5.3,5.77
12682,5,1,2.6,5.26
32806,3,3,6.3,6.35
44780,3,2,6.3,4.6
29556,4,3,7.3,5.95
44856,2,0,0.0,5.34
28013,4,1,5.9,7.3
36630,3,0,1.4,7.25
28868,1,0,7.0,4.36
34660,3,4,8.7,3.96
31838,3,1,2.7,3.62
38048,3,2,6.8,2.33
18944,2,0,5.6,4.9
42577,0,0,2.8,4.02
3917,5,0,8.2,4.86
22786,0,0,7.0,3.12
221,3,3,5.7,5.25
36038,3,4,5.1,6.28
30721,3,0,7.0,4.24
46865,0,1,8.8,5.02
4211,6,1,9.0,5.84
38437,4,1,7.7,4.79
11494,6,4,9.8,2.89
47497,4,0,6.5,5.29
44359,7,3,4.8,4.26
46936,3,0,5.2,5.89
40985,7,0,0.1,4.9
21534,1,2,1.0,6.17
19212,5,0,2.9,5.81
40367,7,2,8.9,3.43
31990,3,3,7.9,5.02
33939,1,0,6.4,4.28
44407,0,1,5.3,4.83
10781,6,1,5.9,6.01
19308,7,1,0.4,5.68
9355,2,2,7.8,3.99
12036,5,1,9.2,2.98
653,4,1,5.9,5.37
13894,7,2,9.4,4.24
11064,3,4,6.5,5.38
28899,0,4,7.2,5.2
15728,2,3,1.3,4.52
31949,6,3,0.4,4.46
48864,2,0,4.5,5.47
28288,1,3,5.2,6.0
10309,3,2,5.1,2.28
15497,1,0,8.7,4.87
357,3,4,2.6,5.41
33191,3,0,9.4,3.74
46963,5,1,2.3,4.69
28921,3,4,1.1,3.97
29254,4,0,2.6,3.78
8494,7,0,0.0,7.6
39215,2,2,4.7,4.93
10606,1,3,8.2,5.36
1364,0,4,9.7,4.01
22537,2,0,9.7,6.13
38058,3,4,0.7,4.5
43515,1,1,6.6,2.92
38213,3,1,6.4,5.48
39675,3,2,2.0,4.38
14446,6,3,4.3,5.91
16962,5,4,2.0,3.18
20117,2,1,2.2,5.55
34224,2,2,1.0,3.68
20963,4,4,9.1,5.26
26994,3,4,9.7,4.77
12424,1,4,0.2,6.58
36644,3,3,8.2,5.1
43078,6,3,5.2,4.71
18691,1,0,4.1,4.32
32109,1,0,8.7,4.46
9941,5,3,3.6,6.12
15939,5,3,8.7,2.57
8887,3,1,9.3,5.21
35232,3,2,3.6,2.98
19597,6,0,9.9,3.25
26542,2,4,7.1,3.12
23562,1,0,4.0,3.56
33310,1,1,1.9,3.85
3289,2,2,6.1,3.86
7616,3,2,4.7,3.74
1312,0,0,6.8,3.04
49985,5,4,7.4,4.44
48428,6,4,5.2,4.24
15907,1,3,7.3,4.95
21178,2,2,1.9,4.96
814,0,2,9.9,4.08
6005,6,1,2.0,3.71
39084,0,0,1.9,5.76
47248,3,4,9.7,2.82
39982,2,0,2.2,4.32
4692,0,1,6.3,4.69
45947,4,4,7.2,5.97
35288,4,3,4.7,6.44
43912,7,1,8.5,5.29
16991,1,3,8.8,4.22
10967,0,1,0.3,5.61
5811,2,2,0.2,3.84
18045,2,2,5.5,5.72
7914,2,2,9.9,4.86
48080,3,3,1.9,3.0
22041,7,1,8.3,5.76
42117,4,1,1.4,4.84
15662,2,1,8.5,5.59
48157,1,1,3.8,5.14
18328,3,3,1.8,2.66
13697,0,2,7.8,4.49
14642,2,4,6.0,4.53
9778,4,2,6.2,2.92
12698,5,3,8.1,5.31
35688,0,4,3.5,3.8
4230,7,1,3.2,4.21
15732,7,0,0.9,5.52
5835,4,2,4.6,4.33
28904,4,2,3.1,5.41
22730,3,1,9.6,5.98
13113,3,3,5.6,5.4
41032,6,0,3.7,5.07
29988,5,2,5.9,5.78
25378,6,0,1.8,5.42
38920,7,3,6.3,3.39
852,1,1,5.3,6.46
23194,6,1,0.5,5.7
6741,1,4,10.0,5.07
29341,1,4,6.0,5.35
22369,6,3,1.1,8.08
9205,4,2,4.1,3.86
10336,5,4,6.9,4.59
29335,3,0,6.7,3.85
17770,3,4,2.8,6.52
3980,4,3,4.1,4.81
32113,1,2,8.8,4.63
18780,3,3,1.6,1.64
12627,4,2,5.4,6.75
511,4,2,6.9,5.51
28990,5,2,0.6,3.44
48181,7,2,9.3,8.22
44193,7,3,4.2,5.22
14649,4,1,0.2,5.92
20686,4,2,5.9,4.05
35594,3,2,5.1,6.55
33373,6,1,5.6,6.19
49508,2,4,1.7,4.29
27614,1,4,5.0,4.25
41392,6,4,4.5,6.28
46919,3,0,4.1,4.02
4247,4,1,8.7,3.69
46231,3,3,1.5,6.07
13834,0,3,4.0,5.01
19368,0,3,5.7,3.24
15788,1,2,5.3,4.29
26446,0,4,8.1,5.25
14089,6,3,7.3,3.68
8611,3,4,9.9,4.76
36157,0,1,5.5,4.04
42212,5,1,5.3,6.03
4507,1,4,3.9,5.4
37068,5,4,4.7,3.46
23469,4,1,1.3,5.11
34767,1,3,7.5,4.67
20693,4,2,9.9,6.1
19577,4,2,2.5,5.97
45616,4,4,4.5,5.68
7601,0,4,8.7,3.64
47876,0,2,6.8,4.48
20152,4,2,0.2,5.14
30209,0,3,5.7,4.72
7958,3,2,4.9,4.89
32460,5,1,1.4,5.79
30711,3,0,3.6,5.53
30981,1,0,5.6,5.31
30445,6,4,5.8,4.54
42168,3,1,1.6,5.79
18890,1,4,4.9,5.28
32717,2,3,7.1,6.0
15687,7,0,9.4,4.76
31388,1,2,6.6,5.42
5689,1,4,8.3,4.35
8628,2,4,6.4,4.33
34050,7,4,9.4,6.94
20520,2,4,6.0,5.14
49063,5,1,2.2,4.06
11797,7,2,3.8,5.4
6348,2,1,0.1,6.41
3579,6,0,2.7,3.59
8027,6,0,8.8,4.71
49893,5,2,2.9,4.18
41026,0,0,7.5,3.67
30097,6,2,7.2,3.93
3167,7,2,1.8,5.55
41847,0,2,1.3,3.5
42649,2,4,2.7,5.26
47919,0,4,7.3,4.76
8976,0,1,8.3,4.12
36889,7,3,2.6,6.04
19724,5,2,6.1,4.94
41937,2,0,5.8,3.73
15420,7,2,1.1,6.29
9695,7,2,4.5,5.99
41223,2,3,8.4,4.4
4286,1,2,3.6,4.03
43709,5,1,2.8,4.05
4024,7,2,0.0,5.9
30170,2,0,7.6,4.31
2278,6,4,7.3,3.78
17615,4,3,7.9,8.12
33153,1,2,2.4,5.34
34339,7,2,9.0,6.01
29584,4,2,6.6,6.36
46096,2,4,4.2,6.72
46440,4,1,4.8,4.27
17574,4,3,2.3,4.28
46451,3,1,6.1,5.45
6278,1,2,9.1,5.97
13711,0,0,2.5,4.31
33942,6,3,9.9,5.46
35032,6,4,5.2,5.13
34745,7,0,1.7,5.46
11282,6,0,0.6,3.88
42930,1,0,10.0,4.53
34907,0,1,1.2,3.52
39174,2,1,6.6,3.68
1598,6,4,1.2,6.8
31602,2,0,7.4,5.67
32161,6,1,8.3,2.74
27560,7,4,5.8,3.69
49671,2,3,2.0,1.89
37852,5,2,0.2,3.6
24355,2,3,3.9,4.63
42636,6,0,1.6,5.27
33439,2,0,8.9,5.67
37744,1,4,9.7,5.02
2478,5,2,5.7,4.53
31773,2,2,1.1,2.64
38369,1,2,6.1,7.15
15148,4,3,4.2,5.88
32889,1,2,0.4,4.11
11543,0,0,7.3,4.28
8794,0,1,3.9,6.68
42134,7,1,7.9,3.68
3698,2,0,6.9,2.75
7587,3,3,4.8,4.67
29384,3,4,5.4,4.82
1715,3,4,3.5,3.15
22673,3,4,6.3,4.48
27454,5,1,1.8,4.24
31490,4,4,3.8,3.44
10598,3,2,9.5,7.14
26787,6,1,6.4,5.39
2639,1,0,4.7,6.04
38821,2,3,7.2,6.68
35879,0,1,2.3,6.1
36592,3,3,4.6,5.43
28584,4,2,1.9,7.14
32721,2,0,0.1,6.24
7537,1,0,8.2,5.61
27243,2,2,4.4,4.99
8346,2,2,5.6,4.94
8218,4,2,9.0,4.71
46149,2,0,7.6,8.41
41742,1,3,6.9,4.75
19024,0,1,3.3,1.83
15202,2,3,1.2,4.22
32397,0,3,0.9,4.49
18377,5,4,8.8,5.12
36493,6,0,3.8,5.19
7174,0,3,2.0,4.09
11564,5,4,8.0,5.1
11254,4,3,1.6,7.29
20593,1,0,1.3,5.57
39930,6,0,5.4,4.53
28036,2,0,6.5,3.87
20545,2,4,3.4,2.95
34539,6,3,9.7,4.93
16664,6,3,7.5,2.78
36995,4,0,4.5,3.05
6668,4,2,6.1,3.79
21127,2,4,7.6,6.8
37989,6,4,1.7,6.18
41361,0,4,4.8,5.27
23664,5,3,0.7,7.73
42251,6,3,8.5,5.12
42507,5,3,8.0,3.97
9364,2,2,5.7,6.13
3481,4,1,2.5,7.01
25662,6,4,4.6,3.58
41237,4,0,0.7,5.11
6249,1,1,4.4,4.13
32196,2,0,5.8,5.49
4764,7,4,6.7,4.78
19600,3,4,7.5,5.41
19556,2,3,1.0,4.04
39378,2,1,2.8,4.93
3007,7,3,4.5,3.58
4288,5,1,3.7,3.27
10687,6,4,5.1,6.67
28734,7,3,1.6,4.91
567,6,1,7.3,5.88
34912,7,4,3.6,4.28
47897,2,0,2.3,5.75
10927,2,2,9.0,4.56
21172,1,4,2.1,3.34
4385,5,4,0.9,2.32
49093,1,2,3.2,5.61
43667,4,4,5.4,5.76
2720,2,1,7.1,7.06
553,6,2,4.5,5.16
11676,5,4,1.0,3.54
31626,3,3,3.6,4.57
19843,1,3,0.1,3.04
3136,3,1,3.8,3.03
14749,5,1,1.7,2.45
1355,4,2,9.2,4.39
29167,3,3,2.6,4.9
34647,3,0,3.6,6.02
41512,6,2,8.5,2.83
11862,5,2,3.3,4.29
10832,4,0,5.3,6.18
19421,2,0,1.2,2.72
40688,5,4,1.5,4.31
14020,0,0,3.4,4.93
25766,5,3,4.3,3.25
29671,7,0,5.0,3.73
39582,2,2,2.9,7.03
35503,2,3,9.3,5.62
17578,2,0,0.7,4.27
43009,4,4,0.2,4.49
8098,5,2,4.9,6.18
16866,7,3,7.1,3.95
3430,4,4,6.0,4.06
37469,0,0,0.8,4.71
30193,3,1,10.0,2.46
8069,0,3,9.4,3.66
25477,4,2,7.0,4.04
11201,2,1,4.1,5.52
36224,3,2,6.2,3.34
25945,6,3,0.4,5.6
38295,4,1,8.3,6.17
33624,1,3,8.5,4.71
21018,2,0,2.9,4.0
5074,1,0,9.4,6.04
32899,2,0,3.2,2.24
41334,0,1,3.9,3.98
7996,5,1,1.7,5.52
18809,6,3,5.4,5.03
40153,2,1,3.7,5.35
19230,6,0,3.1,6.28
47309,6,4,8.2,3.7
14314,3,3,7.1,4.79
9730,5,3,8.6,6.66
19491,3,1,8.6,4.55
11903,3,2,0.3,5.85
22909,2,0,0.7,5.3
26571,3,2,1.1,5.54
47355,0,3,1.0,4.53
38929,6,3,1.1,5.53
10674,1,2,3.7,4.81
43317,2,4,3.4,5.73
11505,2,1,5.4,4.02
12996,6,3,9.5,5.47
28784,0,0,2.9,6.3
41848,7,2,9.7,4.92
12643,4,0,9.1,6.33
20898,3,3,5.2,5.2
24786,3,1,2.4,6.19
6323,6,4,8.3,4.49
49695,2,3,4.0,4.99
9061,3,1,1.6,5.91
26369,1,4,5.9,3.84
47329,6,1,1.9,4.08
37140,0,3,9.2,6.16
18342,4,4,8.7,4.64
13032,0,1,0.1,2.97
15380,4,2,6.6,7.93
25536,5,1,2.7,5.43
19352,5,0,2.5,5.21
18449,7,0,9.1,5.61
10559,2,0,1.0,7.73
12179,1,2,8.5,3.71
34881,2,2,2.2,3.35
21944,6,2,5.3,7.27
49317,6,0,4.9,3.38
5434,5,3,2.8,5.74
26889,6,0,7.8,6.55
42673,0,0,0.8,4.66
7453,2,0,9.0,5.19
15171,6,2,2.6,3.11
26735,1,3,9.3,5.49
40602,1,0,5.6,3.01
32695,7,4,7.0,4.45
37230,3,3,1.8,6.64
3707,1,2,7.7,7.24
2769,7,2,2.9,6.11
46576,0,0,7.1,5.6
1892,1,2,9.7,5.6
15810,0,2,8.2,3.64
22394,6,1,6.6,4.94
40331,5,1,5.8,3.51
29760,6,4,9.1,8.2
19057,7,0,6.2,5.76
9784,0,3,2.2,4.51
1861,1,3,0.6,5.53
26210,7,1,3.1,3.77
1251,7,0,4.9,5.14
36571,7,1,9.7,7.23
48649,0,2,5.8,5.26
8664,3,1,6.3,5.34
15239,0,3,5.4,4.54
49301,3,4,8.9,4.88
27776,2,3,5.6,6.02
40782,4,4,0.6,2.61
16845,4,2,2.3,5.11
40439,0,4,9.6,3.51
36036,6,4,4.7,2.86
10897,1,1,4.0,6.96
21222,1,3,2.1,4.82
12260,0,3,6.3,4.27
47194,4,2,5.4,5.57
1599,5,3,2.0,5.35
29529,7,1,1.4,5.15
25099,5,2,7.5,4.12
32334,6,0,8.9,4.44
29519,2,3,0.0,4.57
36558,4,4,3.8,5.43
28312,6,2,3.9,4.37
185,6,1,7.0,5.39
18025,0,0,2.6,4.76
15489,5,0,6.3,5.82
31121,3,3,4.9,2.7
4291,6,1,5.3,6.06
43043,5,4,0.3,6.31
47047,5,1,3.0,4.71
24022,5,4,8.9,2.78
33263,7,0,8.2,3.95
12113,2,4,9.5,2.68
29274,2,4,5.6,4.68
41478,3,3,4.7,4.75
37453,7,4,3.7,3.7
18185,1,4,3.5,6.43
10562,7,2,3.4,2.64
17103,7,0,2.2,4.36
26439,6,2,9.8,4.51
10766,1,0,5.8,3.17
26238,6,1,4.6,3.94
49491,6,1,6.9,3.72
36221,3,4,3.4,4.9
17365,4,1,8.8,3.78
33729,3,2,0.7,4.92
19002,2,3,1.1,4.24
24174,2,1,2.6,5.96
16155,5,4,3.2,5.57
6276,3,2,9.7,5.72
11467,3,3,8.4,4.79
23640,0,3,3.2,8.14
49643,0,2,9.4,4.11
34528,1,2,4.2,3.43
34633,6,1,5.2,4.72
44298,5,4,7.4,4.22
35021,4,0,6.4,3.54
11080,3,3,1.7,5.62
43756,6,3,7.6,3.94
21635,3,3,5.3,4.39
19978,1,0,1.0,4.05
32913,3,1,8.1,6.59
1253,4,2,7.2,7.42
37612,4,0,2.4,7.25
7697,6,4,1.7,4.23
10906,6,4,3.1,4.19
8602,4,2,0.7,5.63
10947,5,4,3.4,2.49
45091,2,4,4.3,5.33
47,6,4,9.9,4.21
7166,6,1,9.4,4.17
37553,2,2,6.8,4.94
34123,7,2,3.2,4.84
22860,5,1,0.1,4.36
3953,6,3,6.3,2.92
8772,7,2,2.8,6.17
40311,7,3,8.2,7.27
10904,2,1,5.7,5.61
38262,0,2,8.3,2.88
9028,5,3,6.0,5.74
3816,6,3,6.1,6.21
39257,7,3,4.8,4.28
23346,5,3,4.3,5.53
40031,2,4,5.2,6.36
20191,5,2,5.0,7.13
8242,3,3,3.7,5.42
9563,6,3,5.5,4.37
19028,6,4,8.7,5.51
22703,3,4,3.8,6.26
47228,1,4,0.2,6.35
18572,3,4,2.6,5.42
8702,3,3,9.7,6.55
21899,1,4,9.9,5.21
27915,7,0,2.8,6.54
15036,7,4,2.5,5.0
746,6,0,9.8,5.52
44840,5,3,7.1,3.6
10405,3,1,6.3,4.67
39978,2,0,0.0,6.3
3177,7,1,7.6,5.19
42639,2,2,2.2,4.58
6141,2,4,8.1,5.69
28138,2,0,6.7,5.36
12792,7,0,0.5,4.3
22570,7,0,1.8,6.01
861,1,1,6.3,6.2
18988,2,0,4.4,6.17
457,5,0,4.3,3.11
21909,5,2,2.3,3.63
38962,6,4,6.3,6.92
47270,4,4,8.2,7.34
30930,0,4,3.3,7.15
34886,6,0,6.5,5.98
3302,4,1,7.7,6.17
23012,1,1,5.1,3.53
21801,3,2,2.9,3.54
34437,5,2,3.5,5.1
28354,4,0,4.6,5.81
40475,2,2,7.3,5.69
13128,7,0,2.3,5.31
5846,7,2,4.8,5.32
39190,4,2,4.2,6.79
13737,5,0,8.5,5.41
36206,2,4,6.4,6.56
44355,4,4,7.2,3.47
46161,3,0,0.5,3.65
38653,1,2,2.7,6.67
11434,6,0,9.8,5.18
10105,5,1,6.1,3.8
42734,3,4,4.7,4.44
24222,4,0,3.9,4.51
16844,4,3,6.9,5.12
44254,7,4,5.5,5.13
38351,2,0,3.0,4.93
29687,7,1,8.8,5.25
16536,7,2,3.8,3.26
920,7,2,7.2,3.78
39598,5,2,3.4,3.98
22724,2,1,7.3,6.45
47079,1,1,2.7,4.98
20038,7,1,1.9,3.41
9478,7,4,4.8,4.9
36329,3,1,9.5,3.78
2505,5,3,2.4,5.78
20200,7,3,0.3,3.08
13701,4,4,6.0,7.72
31152,6,4,2.7,4.77
39750,4,2,8.0,3.22
44092,4,0,3.7,4.39
3073,1,1,4.3,6.66
23628,0,4,1.2,5.45
20736,1,3,4.9,4.88
30878,6,2,6.7,5.61
15344,3,3,9.8,8.46
30993,7,1,2.3,3.67
9808,7,2,2.9,4.73
48043,7,1,0.9,5.86
38924,1,0,9.1,4.66
41110,6,4,0.0,5.74
33957,2,3,0.2,4.8
20755,3,2,5.7,3.08
21996,3,4,7.0,5.23
6583,5,2,0.8,5.35
30874,4,3,2.0,4.38
35540,5,2,5.2,5.09
4584,0,4,7.7,5.38
12083,2,0,1.4,4.11
32444,0,1,6.9,4.77
31684,7,0,2.0,5.85
10589,2,3,1.8,4.65
30328,3,2,9.2,2.97
19115,6,1,7.3,4.63
29486,6,1,5.4,5.11
8339,7,3,6.1,3.55
34030,2,2,0.6,6.08
18317,4,0,1.8,6.47
39170,6,4,0.4,4.51
13502,0,0,9.6,7.33
45214,6,0,7.8,5.52
9781,0,3,4.8,5.13
10914,7,2,9.0,4.74
45695,7,4,9.2,3.46
47205,3,3,3.4,6.09
45887,2,3,4.7,4.54
35252,7,4,3.8,7.29
22846,2,1,1.4,4.69
41824,6,3,5.1,5.32
26085,6,2,3.0,5.52
8221,0,0,6.2,4.67
6113,0,3,4.5,6.09
36513,1,0,9.3,4.23
48602,6,2,8.4,4.16
11694,0,2,8.0,5.85
12387,1,4,5.4,5.76
19291,4,1,6.1,7.09
3632,4,0,3.9,5.5
31383,3,1,1.0,7.69
32049,0,0,1.0,5.8
5725,3,4,6.3,5.44
39885,4,1,5.0,4.73
30768,7,3,3.6,3.43
11358,3,1,5.0,6.41
21876,7,4,7.8,6.11
24919,3,0,9.3,5.85
37812,4,0,3.7,7.09
38560,7,4,4.0,6.97
46371,3,2,0.9,4.89
25780,1,4,7.9,5.87
38164,7,1,5.0,6.61
30588,4,4,8.7,5.12
3498,7,4,4.8,5.43
16894,4,4,6.1,8.77
5903,2,1,4.0,4.94
7884,5,0,2.7,3.71
9400,5,2,7.1,5.56
7677,7,0,1.1,3.67
30234,6,0,7.9,4.27
43448,3,1,3.7,4.71
31294,5,2,1.9,4.25
26180,0,0,7.3,5.14
30950,1,4,8.8,4.96
20437,5,2,8.3,7.24
39871,3,1,8.1,7.07
31186,3,3,3.4,4.22
33364,5,1,0.4,6.86
39020,4,0,5.5,3.94
1356,7,4,3.9,3.17
35961,5,3,2.9,6.68
28046,2,1,4.9,4.36
3898,5,3,7.2,2.94
46194,3,3,7.6,4.36
5655,6,2,7.7,6.06
27350,1,0,4.4,5.43
35907,0,1,7.4,4.06
7945,6,1,4.8,2.73
16230,3,4,1.6,4.95
49537,6,0,8.1,4.4
14933,7,4,5.3,6.45
5184,6,1,6.9,4.89
1691,0,1,4.3,3.77
22111,0,3,5.7,6.05
35410,1,1,1.6,6.6
41025,3,0,3.5,3.75
39421,7,0,2.6,5.62
5009,2,0,7.9,3.75
26957,0,1,6.8,5.52
28544,0,1,6.4,4.3
35831,3,4,9.5,6.05
29111,2,0,4.1,5.01
44342,2,0,7.9,7.13
48430,4,4,7.9,4.1
37181,2,0,6.8,5.16
1539,7,0,3.5,4.72
46391,1,3,7.7,3.82
43598,7,2,3.5,4.8
19148,3,1,8.1,3.2
44281,1,0,3.4,5.1
28057,5,4,7.7,5.96
37820,6,1,8.0,3.62
31492,6,1,1.4,4.57
25937,2,3,8.6,3.99
14337,6,4,8.3,4.2
48356,6,1,6.2,5.52
41073,2,2,8.2,5.23
24334,1,1,8.7,6.14
40457,4,1,3.0,4.39
6159,3,0,1.6,4.94
42408,6,3,7.5,3.6
35832,2,4,9.2,6.01
31535,6,2,3.1,5.21
9348,2,3,9.6,5.1
15734,1,2,5.6,5.51
24207,4,2,0.6,4.83
19426,5,0,0.2,5.36
17914,3,3,9.1,4.04
42618,5,1,8.2,7.29
34819,1,3,8.0,3.69
49874,3,1,2.2,6.08
35764,3,0,9.9,4.98
45364,4,1,0.5,6.75
18508,2,1,3.1,5.06
27759,7,0,5.5,3.11
21634,5,1,1.4,4.21
277,2,4,6.6,5.46
41890,2,1,8.6,6.05
46679,5,3,7.4,4.99
26814,4,0,1.3,4.96
20216,3,4,4.8,3.18
8867,6,0,1.8,3.3
44493,0,1,0.4,6.3
12157,5,4,9.4,4.06
30802,0,2,7.0,6.53
245,3,0,1.4,3.93
40559,6,2,5.8,4.58
23666,5,4,8.1,4.05
25607,7,4,2.6,3.54
46581,6,2,6.4,5.01
12456,0,2,9.0,5.62
5285,6,1,7.3,5.7
15897,5,0,7.5,4.77
15787,1,2,5.3,6.16
1196,1,0,0.8,4.54
35811,2,1,5.0,5.07
7543,4,1,1.0,2.91
18353,0,2,4.7,4.47
44023,0,0,3.0,4.98
1765,5,2,9.0,5.35
30609,4,1,1.3,7.0
1213,6,2,3.9,4.83
16755,5,4,5.3,6.83
30421,0,3,4.9,4.84
47863,7,3,7.2,6.26
17194,4,3,2.4,5.64
2360,3,1,1.7,4.85
6210,4,2,4.0,6.21
16938,5,2,2.3,7.3
46923,6,2,1.5,4.43
36498,5,2,5.8,5.84
43291,7,2,2.8,6.88
33531,7,0,2.1,4.48
20179,7,2,3.8,6.03
21710,3,3,2.3,6.04
26342,6,2,6.0,3.74
36326,6,1,0.6,4.55
2511,3,4,6.5,3.7
6977,3,4,0.0,4.07
1173,3,2,3.5,4.88
36895,7,2,5.3,5.82
49669,3,2,6.9,5.37
7251,5,3,7.5,3.95
17712,6,1,2.6,7.06
6352,5,4,4.4,4.27
41563,1,3,3.0,5.44
34451,7,3,3.8,3.21
23198,3,2,5.6,4.33
10970,7,1,3.2,6.41
29061,7,3,7.0,5.05
10386,2,4,7.4,3.99
24854,3,0,6.5,4.55
1429,5,4,7.2,4.48
27629,4,2,7.9,4.32
5650,6,0,9.3,4.34
11167,7,1,6.7,2.81
14216,2,3,2.1,7.2
48436,4,2,8.4,5.77
8148,1,1,5.1,3.46
9034,2,2,9.3,5.29
34025,5,2,2.2,5.7
47426,6,2,1.1,4.3
25959,0,3,7.7,6.96
29316,1,4,5.2,5.39
19583,2,4,6.0,4.48
31283,2,1,8.5,5.65
8266,4,2,7.8,5.68
44872,4,4,8.1,6.43
26598,4,3,7.2,4.15
48739,2,4,5.7,5.01
5887,1,0,3.9,5.94
24559,3,2,6.4,8.36
2926,1,2,3.4,6.14
45125,2,0,9.9,3.92
16308,4,4,6.1,3.7
49405,2,4,5.0,2.22
10324,2,4,3.3,3.66
49691,5,1,7.0,4.39
47091,1,4,5.5,5.74
1405,6,2,0.9,4.27
23413,5,4,1.0,4.78
7535,1,3,3.9,5.23
34401,3,3,5.6,4.12
47463,4,1,3.7,4.42
24867,1,0,4.4,3.68
24371,2,1,7.3,5.79
49820,7,1,3.4,4.6
24503,7,0,6.4,4.24
31619,3,0,9.1,5.45
32651,0,1,8.1,5.41
40405,4,1,6.3,4.31
22486,2,2,5.4,5.82
17215,5,0,1.8,4.4
13122,5,4,7.6,4.3
1875,0,2,9.9,6.98
49097,4,1,2.3,7.16
2074,3,1,0.2,3.78
18955,3,3,4.3,5.57
22735,6,1,7.0,5.12
9492,4,1,4.9,3.61
2847,3,3,9.5,3.65
17110,2,0,0.3,3.73
48411,3,4,8.7,4.92
39652,6,0,2.1,4.52
26584,2,2,5.1,5.17
42175,7,2,5.7,5.41
12473,6,3,0.6,4.91
46119,4,0,6.0,1.38
14873,2,1,3.2,5.61
17256,7,2,7.4,4.25
7575,7,0,2.8,4.81
22129,5,3,2.8,3.48
19271,7,3,6.1,3.33
16248,4,0,3.1,5.62
38322,7,3,0.1,5.98
34750,4,4,1.1,5.96
37108,6,2,7.3,4.55
22336,7,1,6.1,5.79
9597,0,0,5.6,3.58
49154,2,4,9.7,2.56
37874,2,3,7.7,4.98
4879,4,0,0.1,5.39
48158,1,2,8.3,4.5
12817,3,2,5.0,5.27
41718,1,0,5.9,5.83
26585,0,4,2.7,6.68
25438,0,4,8.3,6.67
23457,0,0,5.6,3.86
12841,1,4,8.7,6.3
18268,6,3,6.2,5.91
40096,6,1,9.8,4.29
18303,5,0,5.2,6.25
12403,6,1,0.2,6.62
34356,3,1,3.2,4.63
32960,3,4,6.1,4.03
19806,1,0,3.6,5.82
20352,5,4,9.0,3.84
37485,5,4,7.5,4.82
32436,2,0,5.4,6.11
3262,3,0,1.3,2.82
25139,7,3,2.0,4.64
36307,3,4,7.4,3.87
45426,6,1,9.4,7.43
39559,4,1,2.6,5.82
4832,3,0,7.1,6.51
1091,2,3,0.1,4.34
7041,3,4,0.4,5.37
31461,7,1,8.4,3.98
6953,0,4,1.6,6.56
15902,0,1,4.5,3.93
4099,4,2,7.8,4.38
8184,0,1,8.2,6.46
17976,7,0,5.6,5.16
46703,4,4,4.2,5.39
11706,3,1,1.6,6.09
17336,0,3,0.6,3.09
15685,2,4,4.4,6.02
23295,1,0,9.5,2.98
49812,0,0,2.7,5.18
34951,6,2,4.1,4.61
41701,4,2,6.0,6.82
25230,0,4,0.4,4.03
16165,6,2,8.0,3.25
33014,2,2,1.6,6.07
14310,6,3,1.3,4.96
1802,0,2,1.0,3.5
549,1,2,4.7,2.98
12234,7,4,2.9,4.7
24383,4,0,3.5,5.46
46534,6,4,7.3,4.14
12046,6,2,8.5,5.78
6635,4,2,8.6,5.01
43625,3,3,5.9,5.73
24387,5,4,3.9,5.96
26488,6,4,9.6,5.77
39424,1,2,9.3,4.95
171,7,1,8.3,5.14
5469,2,0,0.8,2.59
26881,5,0,0.9,3.07
31255,0,3,5.9,5.45
31133,3,0,2.6,4.85
29025,1,0,7.1,3.4
22454,3,4,7.2,5.32
3719,5,1,9.5,4.9
11912,0,3,9.0,5.75
13324,0,4,3.6,6.65
36522,1,2,7.7,4.85
13961,5,1,6.2,4.43
2670,5,3,3.1,5.84
30498,5,3,6.0,7.25
37492,0,1,3.5,5.35
19661,1,3,1.8,6.04
35210,7,1,3.3,5.79
4691,3,1,4.7,3.88
29627,1,4,6.1,5.96
6254,4,4,1.8,5.88
33163,2,0,5.9,5.69
17425,1,0,2.2,5.32
27943,2,3,3.6,7.04
36662,6,2,2.5,3.93
30890,5,1,3.7,2.65
44685,5,4,0.4,2.92
38639,0,2,4.9,4.71
35318,2,3,2.1,3.86
28209,7,1,5.8,5.5
34515,5,1,6.2,5.16
8317,6,4,10.0,1.44
24721,1,3,7.0,6.68
8923,6,0,7.9,4.49
7086,5,0,3.6,4.37
19900,1,4,7.5,3.83
45882,4,0,6.2,5.34
4975,1,0,10.0,3.97
21808,7,0,5.7,3.64
44633,3,2,0.4,2.4
45576,6,4,4.0,4.49
46264,0,4,6.7,3.76
2161,4,4,2.8,4.46
80,3,2,10.0,4.86
35528,6,0,9.4,5.75
1903,1,4,3.4,4.2
33826,0,3,9.6,5.42
35697,6,0,5.3,5.37
27846,6,0,3.7,6.06
25306,6,1,6.8,4.54
19869,6,1,1.2,3.91
9426,6,3,5.1,5.15
28029,1,4,4.4,4.93
29754,5,2,8.2,6.22
39259,6,0,2.7,4.9
15957,3,4,4.5,5.8
7340,0,2,8.3,6.36
26400,5,1,7.6,3.75
2366,3,2,5.0,4.07
33511,3,2,1.5,4.51
22396,1,1,9.4,3.26
29449,3,3,6.1,5.3
14167,3,0,4.1,5.02
29911,2,4,5.4,6.51
41417,2,4,8.0,6.73
3966,2,2,4.1,5.73
15211,6,3,5.8,6.65
5161,7,2,8.1,6.54
34968,1,1,6.6,6.49
19807,1,0,4.5,4.59
43213,1,1,9.1,3.94
40969,5,0,7.0,4.61
1863,3,3,6.0,5.69
12591,5,3,5.8,4.88
15049,2,4,0.6,4.63
47561,4,2,8.1,3.9
23160,1,3,0.1,8.21
15376,7,1,7.4,4.49
12190,2,2,8.9,5.67
48827,7,4,3.4,4.64
23917,4,0,7.9,5.84
47164,3,0,1.5,2.98
22324,6,2,9.8,5.76
12515,7,3,4.5,5.77
32268,4,2,6.0,7.02
677,2,3,4.4,6.2
44212,0,1,8.3,3.52
21513,7,1,8.0,5.73
47358,4,3,6.0,4.69
46338,7,3,4.5,4.5
12106,4,2,0.0,5.56
43167,6,4,4.8,4.11
7901,0,0,3.9,4.03
19161,4,4,2.3,4.38
27286,4,0,9.9,3.36
23520,0,1,1.5,5.24
8347,6,0,0.3,3.79
29182,7,1,5.2,3.82
40636,1,2,0.1,5.4
14983,0,2,0.3,5.78
18932,7,2,9.1,3.19
3506,4,3,4.9,5.63
295,3,2,8.2,6.45
22617,5,1,5.2,5.19
4019,4,4,9.1,4.26
11888,0,2,3.7,6.1
2184,1,1,1.7,3.92
2516,7,0,0.3,2.77
48901,6,0,8.7,4.13
19862,4,4,7.7,6.07
8741,3,3,7.6,3.85
30678,1,3,5.5,7.23
7376,6,0,9.1,4.54
1486,2,2,3.1,4.85
20784,0,3,9.8,7.01
1808,7,1,3.0,5.15
48796,1,0,0.8,5.27
45657,1,1,6.1,4.75
16579,3,0,8.5,4.97
14887,1,3,9.8,3.9
34262,0,2,6.9,5.89
41198,0,1,8.3,5.71
41551,7,4,1.4,5.03
12822,1,3,6.1,6.46
13900,2,2,2.1,5.49
18374,3,3,9.7,5.55
44593,7,2,3.5,5.59
25535,5,4,5.7,4.52
47369,7,1,6.2,5.72
44,0,1,7.1,5.22
858,3,0,7.0,6.54
39772,4,1,1.5,4.13
10975,5,2,7.3,4.31
14424,1,4,2.4,5.79
8136,2,3,3.1,4.14
46506,7,4,3.6,3.75
14022,5,3,3.2,5.33
29636,7,4,4.3,4.22
31778,7,4,8.3,4.32
2570,2,1,4.0,6.33
31408,3,1,6.5,4.22
46140,2,0,0.0,4.93
14551,0,1,3.6,6.9
31835,6,1,7.8,5.85
47704,5,0,7.5,5.3
15970,6,1,8.8,4.37
37183,3,1,6.8,3.48
12368,0,1,10.0,5.19
26424,2,4,2.8,5.82
45116,0,4,6.5,7.15
13687,2,3,6.9,5.59
4479,5,4,8.3,5.3
24993,6,4,9.4,3.99
13184,3,3,9.1,4.0
38243,6,3,6.6,4.3
9829,7,2,1.0,5.5
30691,2,4,7.8,5.09
45491,0,4,7.1,2.47
14883,7,1,4.7,3.8
5139,4,3,4.1,3.0
46660,1,3,3.1,4.84
26333,0,1,7.2,6.04
3381,3,2,5.0,4.81
1817,2,2,0.7,4.85
42263,6,1,9.5,4.77
43296,1,0,7.6,5.38
4371,4,2,1.6,4.33
19157,1,4,4.4,5.44
2156,2,0,8.1,4.14
40018,4,0,1.5,5.06
44756,3,4,2.4,5.85
18546,0,1,6.1,5.09
11703,6,0,4.9,5.8
16332,4,4,1.6,5.06
22011,4,4,6.2,4.09
15250,4,1,8.9,7.02
40175,5,0,3.3,3.53
22089,2,2,4.6,4.96
17994,2,4,4.8,3.19
5888,1,0,6.9,1.55
28033,6,2,8.4,5.75
48517,4,1,5.3,3.86
42488,2,4,5.6,5.72
1595,5,2,0.5,4.33
14967,4,2,8.1,3.69
36203,2,3,4.2,4.62
34186,7,3,2.6,6.32
34720,1,4,5.0,3.49
27503,5,4,5.2,6.24
20435,7,0,1.5,6.32
7415,3,1,4.1,5.61
3536,4,4,2.2,4.46
18304,4,4,6.7,5.53
12019,6,1,7.0,5.09
46826,1,1,9.3,3.06
28014,1,0,5.6,4.48
18883,7,0,3.1,6.36
22417,6,2,7.9,2.61
47040,5,2,3.0,4.88
16771,6,4,0.3,4.6
6401,4,2,0.0,3.8
46779,6,1,8.5,3.8
7990,2,4,8.5,6.07
13892,6,0,6.6,7.04
19824,2,2,5.4,3.58
253,0,0,5.6,5.92
19967,1,1,3.7,2.95
6502,5,0,7.3,6.33
15207,4,0,8.1,4.37
49100,6,0,7.6,5.09
5238,6,3,1.8,6.14
27913,1,3,5.2,4.73
25749,7,3,5.5,5.57
23410,4,3,8.9,7.29
45363,2,1,1.6,3.93
10801,1,2,0.0,6.18
11255,6,3,5.7,2.76
9018,5,2,3.7,2.82
37480,1,0,0.9,6.32
35950,5,2,0.4,3.36
26308,4,1,0.7,7.2
48037,2,0,9.1,3.11
48880,5,1,1.1,5.35
10716,7,1,10.0,3.21
37520,6,4,1.9,4.33
34549,6,0,2.5,6.69
30940,3,0,6.8,4.99
20378,3,0,8.1,4.7
44119,1,2,4.3,5.71
44100,2,3,5.4,4.46
40759,2,2,4.1,3.66
6651,0,4,5.8,2.45
19225,7,0,5.2,4.66
18534,0,4,3.8,4.06
14161,2,0,6.2,4.7
10527,7,0,9.0,5.24
13879,3,3,6.0,6.61
1661,1,1,5.9,5.53
9019,0,4,4.1,3.32
48142,7,3,5.3,4.84
41587,2,4,4.0,3.64
41694,7,1,4.6,6.02
38317,3,3,6.3,4.39
13949,6,3,7.9,3.8
14725,5,0,1.2,4.93
13623,7,4,2.4,4.4
8478,6,1,4.0,3.87
23395,6,3,0.7,3.65
24445,0,3,6.3,4.48
12069,1,3,0.4,6.96
20168,6,4,8.9,5.38
5663,4,1,3.9,5.12
17022,0,2,8.3,6.11
10632,5,1,7.8,5.21
11116,2,1,4.8,4.93
32395,6,2,0.9,5.69
5789,3,1,5.2,7.13
22375,7,0,0.6,4.79
1430,0,4,3.1,6.01
48673,1,2,5.7,5.82
25894,6,1,7.7,3.59
8718,3,0,5.2,5.18
10662,7,4,2.5,4.14
24416,1,1,5.7,5.3
24557,3,4,4.1,4.55
8181,6,3,9.4,5.28
32028,3,4,7.9,6.33
2114,7,0,3.6,3.21
5607,5,0,7.7,5.83
21690,1,2,0.4,5.53
10407,5,0,7.8,6.22
45735,3,1,1.0,5.19
26679,3,4,4.8,6.68
39363,2,3,0.1,4.94
39740,7,0,2.6,6.36
23036,4,2,5.5,4.77
25344,3,2,0.9,5.05
8561,0,4,6.7,8.24
32256,1,1,6.9,5.73
19751,6,2,0.4,6.77
49031,1,3,6.9,7.22
21525,2,0,3.1,6.78
30260,0,3,7.4,7.09
17034,0,0,1.8,5.5
11083,5,1,2.6,5.1
28626,1,0,5.9,4.96
40662,3,4,5.5,4.1
9035,6,0,5.1,4.94
13770,6,3,6.4,5.73
5374,1,0,9.4,5.33
4924,6,0,0.8,5.37
49578,2,0,2.6,4.2
35083,0,2,4.3,3.43
17954,5,0,8.6,4.08
37883,5,2,4.5,5.27
10355,5,2,0.3,4.8
9055,2,2,1.1,5.56
26820,3,2,4.9,6.13
21418,3,2,1.8,4.97
39405,7,4,7.5,7.15
25710,0,2,5.3,2.76
9644,2,2,7.5,3.57
6578,5,0,3.4,4.81
47282,6,4,5.1,3.77
42305,1,2,0.8,4.54
31704,2,1,7.2,5.63
24979,7,1,6.1,4.94
28557,7,3,9.2,4.82
26860,6,4,1.6,5.06
34326,3,0,1.6,6.11
8999,2,1,9.4,6.92
21960,5,3,1.1,4.06
44823,7,4,7.4,3.32
45121,7,3,2.5,3.23
10918,7,3,6.2,4.14
645,5,2,2.5,3.37
13075,2,4,8.4,5.77
23751,3,4,1.6,3.84
32683,1,1,6.5,3.75
37537,5,0,5.8,4.84
19937,0,0,0.7,5.43
23989,7,4,3.8,6.1
12587,5,0,2.2,3.97
23721,1,3,1.6,4.05
15488,5,2,3.7,5.13
13899,6,4,10.0,5.32
48397,4,2,6.3,6.35
36614,6,3,3.0,5.25
30772,7,0,1.1,4.91
5040,2,1,9.3,4.41
20566,4,3,8.7,4.33
14838,3,1,4.3,4.36
18560,5,4,9.6,4.44
35420,0,3,7.8,5.17
46316,6,0,7.5,5.85
48385,4,1,6.3,4.45
44827,5,0,1.3,5.24
40482,5,4,6.9,3.57
5020,6,0,4.6,5.18
31414,2,4,1.7,3.13
17426,6,2,6.6,5.14
47823,4,3,2.9,3.33
24080,0,1,5.3,4.24
12710,6,3,9.2,6.91
16044,6,1,2.1,4.47
43490,7,0,0.8,3.52
38461,0,0,2.2,6.65
1106,7,4,1.9,4.83
31713,1,3,0.5,5.38
1375,3,3,7.8,6.58
16594,1,1,8.1,5.46
49670,1,3,1.4,4.75
31062,7,3,4.3,3.38
41751,3,2,8.3,6.12
44755,7,1,1.5,3.54
39070,5,0,4.2,5.78
32104,6,0,0.5,6.97
35716,7,2,5.9,3.81
13973,2,1,9.7,6.87
17745,5,0,10.0,5.53
36920,5,2,8.6,4.31
39749,4,0,7.7,7.16
18824,3,3,6.8,6.35
34643,0,2,1.3,6.06
22018,1,4,7.9,4.61
39459,4,0,3.2,2.19
48122,2,1,4.1,4.75
8756,4,2,8.1,4.82
23492,3,4,7.7,4.5
17644,0,4,3.6,5.76
33013,0,1,0.5,5.37
48703,3,4,8.3,4.24
10788,7,3,9.9,4.9
14900,3,4,8.7,5.85
31516,1,0,0.3,6.44
16043,2,0,0.8,3.89
48770,1,2,4.3,5.69
28221,6,4,8.9,4.07
48055,6,4,6.6,6.26
8675,4,1,1.2,3.46
14851,4,3,3.5,5.7
17961,5,1,7.8,3.4
11925,6,4,1.3,4.36
39821,5,1,0.8,3.25
17101,3,1,5.1,6.41
21408,7,4,9.2,7.34
8133,5,4,4.5,3.73
19450,5,4,2.4,5.81
27715,6,0,9.6,5.33
17053,0,0,5.0,5.71
41057,1,2,0.1,3.15
36022,7,1,5.7,5.56
49273,7,3,3.2,4.7
39079,2,2,2.2,2.53
6219,3,1,2.8,5.96
16289,5,1,0.8,4.39
30518,7,4,0.8,4.89
45612,1,1,9.4,5.44
7422,4,2,0.5,4.52
20251,2,2,5.7,5.78
11192,3,2,4.2,3.86
34849,7,3,4.2,4.22
43524,7,1,1.9,3.46
49295,1,1,2.1,6.18
39630,3,3,9.7,4.65
39607,7,2,6.8,5.67
35788,3,1,8.5,6.28
10738,1,3,9.6,5.46
10497,4,3,2.7,4.68
21872,6,4,1.0,3.81
48486,7,1,5.6,5.42
38435,4,3,6.3,4.06
3872,6,2,3.3,7.76
18907,7,4,1.8,5.9
32170,5,1,8.6,4.2
34435,0,1,7.4,4.03
37478,7,1,2.7,5.3
28905,7,0,6.8,4.4
16928,5,3,3.6,3.31
33016,5,2,0.9,5.33
31786,4,3,3.7,4.12
6236,2,3,6.4,5.72
16640,6,2,5.5,6.01
28188,1,1,7.4,4.4
20068,0,2,1.3,3.97
30642,3,0,4.9,5.61
14884,7,2,4.1,4.92
31005,6,0,0.8,5.04
8563,0,4,7.4,6.96
19648,5,1,4.6,3.27
31358,7,1,7.0,5.35
38608,1,0,3.5,3.92
20887,4,1,7.2,6.4
13393,7,0,4.2,3.91
8188,7,0,7.9,7.04
26102,1,0,8.2,2.41
38078,6,1,3.9,5.9
25217,0,2,4.7,5.49
33461,0,3,8.4,2.99
33094,5,0,2.1,5.66
42092,5,3,1.2,6.12
40268,2,3,4.5,3.04
34888,0,4,0.4,3.7
28500,4,2,9.9,5.84
3191,4,2,2.4,4.22
2819,0,4,6.3,2.97
32841,4,2,7.5,5.53
20758,1,0,3.2,6.51
12008,6,0,9.3,4.66
47414,5,0,8.1,4.94
38976,2,1,4.3,6.3
46132,1,0,1.3,4.99
10757,6,3,4.7,6.25
2659,1,4,8.2,5.68
15105,6,1,9.0,7.68
12716,4,3,8.8,3.89
45189,0,2,4.7,7.62
38111,5,0,4.5,3.93
10928,2,2,7.5,3.94
45917,3,1,7.8,3.0
27903,1,3,4.1,4.72
25027,0,1,5.0,6.7
5787,6,0,2.8,3.53
1909,2,2,9.5,3.53
38700,6,0,5.8,5.51
42375,1,0,1.4,5.3
36149,3,2,1.4,3.18
37666,2,4,8.8,5.45
5819,7,4,5.8,5.49
25731,3,1,5.2,4.5
27167,7,1,1.2,5.6
19283,3,0,1.5,5.07
398,7,3,9.5,5.26
28541,7,3,6.0,3.66
2922,4,0,8.7,3.67
2581,7,4,0.7,4.7
31858,7,3,8.7,5.93
33409,5,3,2.1,4.21
38321,0,1,8.3,5.57
18369,6,1,0.0,6.83
39694,3,4,3.9,6.23
5558,2,4,7.6,5.85
31416,3,3,6.2,5.41
39165,1,2,6.7,5.36
6318,2,0,5.5,5.32
11029,6,3,4.6,5.29
46956,1,1,8.8,5.04
35323,0,2,1.4,4.79
49770,7,1,7.2,3.14
9768,5,2,3.5,5.99
25547,2,1,4.6,5.27
28989,2,0,6.7,4.14
44961,5,0,6.0,6.21
49147,6,0,9.1,3.79
14027,7,4,4.8,4.16
23220,6,1,5.8,5.71
17660,1,2,9.5,3.44
10235,0,0,3.7,5.64
31875,6,0,0.7,5.09
49422,3,2,9.8,5.67
536,2,3,0.9,5.02
421,2,0,2.9,7.6
8802,1,4,1.3,5.25
37577,1,2,2.7,2.67
37150,3,0,5.5,6.08
39783,1,1,6.9,6.27
32879,6,3,9.2,6.25
9211,4,0,0.7,4.2
3904,4,3,6.1,4.82
37450,7,3,3.6,3.94
33640,6,0,1.7,5.04
1330,6,3,9.5,6.11
12658,6,4,6.4,5.12
7623,6,3,9.2,4.24
45150,3,3,9.7,4.77
24939,3,0,3.0,5.91
47810,4,0,3.1,5.62
38883,4,2,3.8,4.32
22755,2,3,7.9,5.33
42559,3,4,0.2,3.9
11919,1,1,0.7,4.03
27331,5,1,2.0,2.0
9340,5,4,9.9,5.51
49254,0,0,3.5,4.61
29288,6,3,9.3,4.84
33085,3,0,9.0,5.79
17990,7,3,7.3,5.28
8782,0,1,2.2,6.49
44128,5,1,6.8,5.44
49459,3,2,8.3,4.55
34486,3,0,5.0,3.65
19323,6,3,9.8,5.67
47515,0,3,1.6,4.91
402,6,3,5.1,3.83
43948,5,3,3.2,5.97
47780,6,3,0.9,5.17
38465,1,2,5.9,5.29
30120,4,1,1.4,4.87
27110,4,0,9.8,3.54
5802,5,4,6.5,5.24
26902,6,1,3.9,6.1
28931,1,0,7.1,6.32
40975,3,4,4.1,2.72
40155,0,4,2.8,4.97
49877,5,1,9.5,5.4
36659,1,1,3.2,7.72
9635,5,0,4.9,4.4
47541,6,4,2.4,6.36
35184,4,4,0.3,2.58
45897,6,0,5.4,6.13
22842,1,3,4.6,2.67
9470,6,1,0.0,4.06
85,3,1,9.5,2.9
6732,2,0,2.0,6.33
24796,6,2,2.7,6.36
35505,6,2,9.9,5.84
8119,0,1,1.1,5.31
31146,2,0,7.9,4.27
27825,2,1,5.7,7.07
49892,5,4,7.4,4.72
43013,5,4,9.7,4.59
16477,1,1,9.6,4.24
2661,1,3,0.6,3.63
632,5,1,9.8,4.15
39688,4,4,4.1,4.62
43618,1,0,4.4,4.5
38247,5,2,0.1,5.87
33325,5,0,2.3,3.72
34167,6,1,9.0,5.92
12257,3,1,8.8,3.97
3307,5,3,1.5,3.61
16931,0,3,9.5,5.11
15204,4,1,4.3,7.23
6125,3,0,9.3,3.67
21574,0,4,9.7,6.31
19957,4,2,8.0,5.07
34645,7,3,3.9,5.8
1807,3,3,4.5,4.84
45086,5,1,1.6,3.95
3504,7,1,9.1,3.22
3184,4,3,3.0,3.51
6294,0,3,0.1,5.67
31259,0,0,1.1,5.44
26351,3,1,9.4,6.09
40081,7,2,9.6,4.26
25506,7,1,2.5,3.75
43932,2,0,5.0,6.12
24573,2,0,1.6,8.02
4026,3,4,9.1,6.41
36147,2,3,0.1,4.35
30240,4,4,1.1,3.51
46158,4,0,6.2,4.78
46266,4,0,8.4,3.03
48688,3,4,0.4,6.19
3886,3,3,7.3,4.73
26224,3,3,7.4,4.24
26925,3,3,8.1,4.99
26610,7,1,4.5,5.51
1626,7,0,4.6,5.65
36199,0,3,4.8,3.72
26017,2,4,5.4,5.48
35867,5,1,3.9,5.86
26492,0,1,5.7,5.42
48939,3,0,1.1,2.29
46422,3,1,4.3,5.22
6917,3,0,4.5,5.59
5907,5,2,2.6,4.38
43049,7,0,3.8,4.39
15832,5,4,8.5,3.96
28262,2,0,1.7,7.88
33569,5,2,8.3,6.6
35041,6,2,7.3,5.29
32784,7,0,3.4,5.45
1189,6,1,7.7,3.72
11144,7,4,8.8,6.28
24556,0,2,3.2,5.73
23595,6,1,8.1,5.06
16279,2,1,5.2,5.02
17872,6,1,1.9,5.5
36674,2,3,3.3,4.71
2755,1,2,4.3,5.41
4101,6,3,3.6,5.25
41324,6,0,2.4,5.28
46460,6,0,0.6,7.15
31736,3,1,7.9,3.4
1934,5,2,4.4,4.5
15442,4,1,5.4,6.6
30138,3,3,5.7,6.63
9557,1,4,1.4,5.42
9852,2,0,6.6,5.16
13349,5,2,8.5,5.13
22690,2,0,9.7,6.38
24261,6,0,0.3,4.04
34083,5,0,0.3,3.62
26761,6,1,5.2,5.59
36742,0,1,7.6,4.24
19982,0,0,3.2,5.13
40656,5,1,3.0,3.35
14467,2,1,1.2,4.74
22339,3,0,3.6,4.72
5712,7,2,6.1,4.65
22778,6,4,7.0,5.43
9989,0,1,7.4,5.3
10645,7,2,4.7,3.9
46546,7,4,7.5,5.43
45668,0,2,5.6,5.05
26433,6,0,1.0,5.91
26768,2,3,8.5,3.92
19605,6,3,5.4,5.33
38954,5,2,1.6,4.34
18756,5,4,5.6,6.0
7482,0,4,2.5,6.83
22820,4,0,3.8,2.46
37022,0,4,0.8,4.81
19106,2,0,8.9,6.37
28717,1,4,5.1,6.28
30439,6,4,5.8,6.25
14705,1,3,9.2,5.94
29885,0,2,4.4,4.23
10313,5,1,7.0,3.72
47183,1,4,4.3,3.59
32343,7,2,5.6,4.68
35653,7,2,3.8,4.9
20902,5,4,5.9,6.07
42873,0,3,9.2,4.26
49597,5,2,9.8,6.98
9081,1,2,4.9,6.24
5579,7,3,3.6,4.8
24431,4,1,7.7,4.58
39823,6,0,2.0,3.42
6431,1,4,2.8,5.75
7078,3,4,3.1,4.28
16092,7,1,2.6,6.43
24995,7,4,7.7,5.33
19490,2,1,4.1,4.87
12120,1,4,0.9,6.26
44315,7,0,7.1,4.97
37431,1,3,8.2,5.2
24121,3,3,9.9,3.13
9509,7,1,7.8,3.6
48946,0,1,0.8,4.07
10846,3,2,3.0,3.68
14570,3,3,8.4,3.89
29306,4,2,4.0,4.67
17427,5,1,6.9,3.52
40000,1,0,5.4,4.71
46485,0,4,8.4,4.21
36986,4,3,1.4,4.6
35403,7,4,9.7,3.31
32280,5,1,3.4,3.75
39858,5,3,8.4,4.94
45876,5,1,5.5,6.08
7590,4,4,0.5,5.63
2875,7,4,1.5,3.15
11079,2,4,9.1,6.18
19184,1,1,6.1,4.18
34984,5,3,9.7,2.95
39984,0,0,6.9,3.32
26566,1,4,0.4,4.12
31862,7,3,0.0,6.12
30057,0,4,9.9,3.34
14186,1,4,8.0,4.87
670,0,0,1.9,5.58
14383,4,0,0.8,3.88
16458,0,3,8.9,5.4
14032,0,2,9.9,5.0
27826,7,3,1.0,3.14
24901,0,1,3.4,6.17
22463,3,0,8.2,3.68
950,4,0,7.4,6.52
11421,3,4,9.8,4.73
24181,1,3,0.2,4.04
48941,6,0,6.9,5.57
36352,4,0,0.8,7.55
25113,1,2,9.0,4.96
22497,7,0,9.7,6.28
46856,6,0,5.2,4.79
684,6,3,0.5,3.97
13543,2,2,0.7,5.01
4197,0,1,4.4,5.97
44709,1,2,2.7,7.65
26234,7,4,4.8,4.84
44550,3,1,3.4,3.45
43995,7,1,9.2,5.43
25679,7,0,5.9,6.1
9848,5,0,1.1,6.12
33123,6,3,8.1,6.41
40692,6,3,6.6,4.44
27098,7,0,7.8,3.68
36314,3,2,2.9,5.22
8035,4,0,7.4,3.86
34988,7,0,6.7,3.72
37551,6,2,8.7,4.71
40795,6,4,0.0,5.18
7092,0,0,4.5,5.93
16229,4,4,1.8,5.07
30673,5,2,1.8,3.54
4473,6,4,0.4,4.16
27574,6,4,7.9,5.85
40428,2,3,4.2,4.48
43055,7,2,9.7,4.92
2781,0,0,0.2,3.55
14169,0,3,0.8,2.55
25075,7,2,5.2,3.96
40118,1,2,8.5,3.98
39808,5,3,0.2,3.25
22030,5,2,4.9,5.08
46857,5,4,1.1,3.87
21945,4,3,2.7,5.51
11930,0,2,9.4,5.12
9294,2,2,8.2,2.67
46247,1,3,5.3,6.54
10818,3,0,8.5,5.22
20627,0,2,2.7,8.01
42897,0,3,4.0,2.45
46548,1,4,6.4,3.95
40424,0,1,6.1,2.73
46571,1,0,1.7,5.79
38525,0,3,5.8,6.62
4305,7,4,9.3,6.84
4442,6,0,3.4,5.78
38067,2,2,9.0,7.02
15631,2,4,9.2,2.86
11453,6,3,6.6,4.98
26000,3,1,8.2,4.15
2494,7,3,6.6,3.87
25622,0,0,8.0,3.73
20652,2,0,9.7,4.36
24753,0,4,2.8,4.32
7149,5,1,2.1,6.27
10187,2,1,1.8,5.84
38384,0,2,2.2,4.28
7369,0,1,10.0,6.64
37104,6,4,0.6,4.64
25298,6,2,2.3,3.16
47279,4,4,7.8,5.55
36344,6,0,4.3,4.5
19103,3,0,5.3,5.35
8876,2,3,2.1,6.23
6909,7,4,4.3,2.91
6243,7,3,1.4,5.45
37714,1,2,2.1,4.91
10770,7,3,1.0,4.38
48075,3,4,2.9,5.93
40480,6,0,0.3,5.82
6940,2,4,8.5,2.7
10362,1,1,3.0,4.54
47428,6,0,9.7,3.12
45319,4,2,7.0,3.95
21725,3,4,0.5,5.29
41385,1,3,3.6,7.54
37002,0,3,9.3,3.95
12711,1,3,3.0,4.76
3841,2,0,3.5,7.05
35699,3,3,9.7,6.72
28741,6,4,1.0,3.08
8951,4,3,9.0,5.97
32097,3,4,8.3,4.73
40407,0,1,8.0,4.8
40695,1,0,9.3,5.41
46353,3,0,8.0,4.86
14559,2,2,2.2,7.78
21188,3,2,3.6,5.08
30092,1,3,4.5,4.74
14681,6,4,7.4,4.8
7190,2,1,9.1,5.08
21540,6,1,2.8,4.41
12618,7,4,1.7,7.07
3090,1,4,8.4,2.79
24601,3,3,1.5,4.85
6016,5,0,0.3,5.06
46090,1,0,7.4,5.35
5505,6,4,2.4,4.3
11751,3,1,8.8,3.88
16958,1,0,3.8,7.15
45168,4,4,2.9,6.09
7619,1,4,9.9,6.66
13244,4,0,4.8,7.24
36691,0,0,6.0,1.61
18531,6,0,4.6,5.54
47032,0,2,5.4,3.16
18363,5,4,7.6,5.43
43473,0,0,0.8,4.7
3080,6,0,2.8,4.45
15573,0,4,6.2,5.32
5156,0,4,8.2,5.22
5902,5,4,3.8,4.65
33924,3,2,3.4,5.69
1061,3,2,2.2,6.16
15883,5,4,2.9,6.09
32570,5,3,5.3,5.08
33348,7,1,5.6,4.02
7624,1,3,6.9,6.87
27724,6,2,6.4,5.59
31439,4,0,0.9,4.81
11384,6,3,5.7,4.56
1480,2,1,3.7,4.06
42388,3,4,6.5,4.7
13496,0,3,9.6,5.86
9705,0,4,5.4,4.25
24178,6,1,0.3,4.35
11076,7,1,0.7,3.66
49050,7,0,8.7,6.28
44687,3,1,1.9,6.0
12454,2,4,4.6,5.14
40476,5,0,9.6,3.62
27460,2,0,5.1,5.69
10932,7,0,5.0,2.23
25548,6,4,2.5,4.94
18570,1,3,3.1,3.7
17335,5,3,1.7,6.51
23739,1,1,1.5,4.23
986,3,4,9.8,4.87
18324,5,1,3.8,5.7
48895,3,0,1.0,3.84
43330,1,3,1.4,3.85
23032,7,4,9.3,6.81
11644,1,2,0.4,3.97
11349,1,4,9.3,5.85
39801,0,0,6.5,4.93
39600,0,1,10.0,4.21
47257,2,3,9.5,5.59
11666,6,3,0.9,3.97
34075,2,0,6.5,2.22
2096,4,3,3.6,5.16
33250,0,4,6.2,6.62
20367,7,3,3.5,5.79
6978,1,4,8.7,4.34
25636,7,4,1.9,5.83
15595,1,4,3.2,3.94
21359,6,0,2.1,4.01
3827,4,0,8.1,2.64
35736,3,2,0.2,6.34
11314,2,3,4.4,4.27
46722,4,1,1.2,3.69
40913,5,4,3.1,4.15
6104,5,0,7.7,6.21
37392,1,1,2.0,4.31
9266,6,0,9.6,4.99
13347,7,2,5.9,5.62
41983,7,0,0.8,3.47
30879,5,1,1.3,4.78
49836,7,3,9.0,5.95
7213,2,2,2.8,5.12
2557,4,1,4.6,2.32
12237,4,3,2.6,5.22
15657,0,2,5.6,5.87
8732,6,4,6.4,5.23
10698,0,3,4.0,3.74
17669,6,3,5.1,6.18
2383,6,2,4.4,4.87
1570,6,3,2.8,5.13
33976,3,2,7.5,3.55
35149,7,1,0.4,5.95
23785,7,0,7.9,4.9
43048,3,4,4.4,5.94
48328,6,1,4.9,4.9
29565,6,0,7.5,5.46
17918,1,2,9.8,5.38
17314,6,4,1.9,4.37
21842,5,0,5.1,5.8
18159,5,4,3.0,5.12
13088,1,1,4.6,2.45
9047,1,4,9.8,5.41
49755,5,4,8.9,6.42
21038,2,0,7.9,4.97
381,4,0,2.7,3.7
30378,6,0,7.5,4.91
17700,0,3,3.3,3.93
15272,2,2,4.2,5.66
2538,7,1,7.8,6.26
43459,2,0,4.3,4.14
622,4,1,6.4,6.07
34176,4,0,2.2,4.05
37220,5,3,4.7,5.69
42522,5,0,0.7,5.05
24645,6,1,1.4,4.15
20385,3,3,5.9,4.16
43401,6,1,3.5,6.04
22665,1,0,8.1,4.62
47900,0,3,4.6,4.69
17797,0,4,8.5,4.36
5817,3,1,4.4,3.5
11068,1,0,1.2,5.48
38970,5,0,4.2,3.66
4549,4,1,4.4,3.35
21563,1,4,2.3,6.03
20701,4,3,3.0,5.24
46613,1,2,7.4,4.48
8363,5,2,6.6,4.59
4578,4,3,5.2,4.3
20876,5,4,9.8,5.99
16108,5,2,6.7,4.93
21577,0,0,1.5,6.4
26825,1,1,2.0,6.43
40861,1,1,6.6,7.84
38894,3,1,6.0,6.71
44509,6,4,4.2,5.89
8635,7,4,4.5,5.92
42983,2,1,0.6,7.12
24847,6,1,3.6,6.94
12431,0,2,4.7,4.81
35290,0,3,9.8,5.48
29547,0,2,4.8,5.39
6447,3,1,3.2,6.37
11435,5,2,6.2,5.24
23880,2,1,2.8,4.5
10030,7,3,9.3,3.33
21484,6,3,6.1,5.28
31052,1,2,4.7,5.66
4882,6,3,3.2,6.44
35773,7,0,8.9,5.61
19488,2,2,0.5,5.32
27481,4,0,3.5,3.73
18041,5,4,9.8,3.61
27162,6,3,7.8,4.41
26283,7,2,9.2,5.27
46766,3,4,4.1,4.44
15690,6,1,1.0,4.1
32789,2,0,3.0,6.24
16353,1,2,4.3,4.43
37515,5,4,6.4,5.09
26951,3,2,1.5,2.88
14670,2,3,9.0,4.44
4259,5,0,5.8,4.92
3469,6,3,6.9,3.22
31316,5,2,9.2,5.1
15792,3,1,5.8,5.4
11165,7,4,1.9,3.75
33936,4,2,5.3,5.46
4110,5,1,6.5,5.41
45922,3,4,5.7,3.78
44788,7,2,2.6,4.84
6289,3,1,5.7,3.31
16629,5,1,2.7,6.13
6316,0,3,8.6,4.23
40259,0,4,4.0,4.26
40452,0,2,2.6,5.92
3309,3,4,0.7,5.06
46511,1,3,5.0,6.28
15264,1,2,4.7,5.25
826,4,2,5.5,4.34
6341,0,2,9.7,6.26
27039,7,3,9.4,5.78
13451,0,0,6.9,5.51
39733,2,1,8.0,4.85
7822,0,4,4.9,4.82
30752,7,4,9.7,2.61
28863,2,3,7.6,5.43
32558,4,3,2.4,5.67
27057,7,0,0.1,6.39
18100,0,2,9.0,7.44
39202,6,3,1.8,4.88
15575,7,3,9.2,6.57
15845,2,4,5.0,6.16
1560,5,0,0.2,2.09
5622,5,3,8.6,3.59
24798,2,3,6.2,6.01
46630,5,0,0.9,4.53
5841,6,1,5.3,5.65
32998,7,2,6.1,4.59
8233,2,4,2.7,5.32
32525,5,1,9.5,6.25
38563,2,2,9.2,5.64
30941,2,0,3.6,4.28
8349,7,4,6.8,5.87
49634,6,0,2.0,4.11
4239,1,3,8.0,2.42
25450,2,1,5.9,6.68
23994,4,2,5.0,6.39
32123,7,4,3.4,6.44
41669,2,4,5.5,5.45
46704,3,0,9.0,0.94
14534,1,2,1.0,5.1
13079,5,1,7.4,5.7
26075,5,0,8.9,4.7
48839,5,0,7.6,3.08
44828,2,1,5.5,6.55
36554,1,0,9.6,5.36
15050,5,1,2.8,4.26
24478,4,1,2.5,7.02
29581,6,2,7.1,5.87
46949,2,2,2.3,6.4
7413,6,3,3.8,5.73
15650,7,3,3.3,5.13
16257,1,1,1.6,4.38
32076,0,4,6.1,4.76
35122,3,4,1.0,5.81
11969,1,3,4.8,5.74
1665,5,2,2.8,3.76
42118,4,2,2.1,3.31
43107,6,4,4.4,6.56
10104,3,1,3.0,4.67
34713,6,3,1.2,4.7
22552,0,2,6.0,6.24
20070,6,0,9.3,3.38
46536,0,4,9.6,4.22
19033,4,0,9.6,4.23
38102,1,2,7.9,4.54
35096,5,1,4.9,3.79
38145,3,0,0.1,4.43
37806,0,2,3.1,6.41
18209,7,2,2.2,5.3
14678,1,3,2.0,4.14
14798,6,1,6.0,5.63
49887,7,4,8.9,4.8
47322,6,2,7.9,6.27
28517,6,0,6.2,6.39
32614,5,4,0.7,2.24
1745,2,0,6.8,5.61
15837,4,1,6.9,5.07
8509,3,0,9.5,4.38
42702,7,3,4.7,3.87
39503,7,2,1.6,7.68
12702,6,4,9.7,4.64
5628,4,2,6.9,4.56
20608,4,2,9.7,5.47
41144,3,4,1.6,6.09
16264,7,3,9.2,3.85
16867,3,4,5.3,5.66
2751,2,1,1.6,5.09
28250,5,3,2.5,5.53
44943,2,1,5.9,5.08
12512,4,0,7.2,7.37
47510,2,3,3.4,5.45
44529,2,2,8.3,4.48
41337,3,2,5.1,5.25
30789,3,3,3.9,5.57
4401,4,4,1.8,5.49
13811,5,3,7.2,3.76
49716,7,3,5.3,3.54
9529,0,0,4.8,5.9
18758,4,1,5.0,5.88
26330,1,0,0.6,5.46
36278,0,0,0.3,6.17
41131,0,0,6.0,3.95
31880,0,2,5.8,4.25
20035,6,4,4.0,6.01
16445,3,2,1.4,7.3
37062,2,2,7.1,3.82
39101,6,1,6.6,3.01
37312,0,2,8.6,5.27
11163,3,1,4.0,5.47
17045,3,0,8.9,4.67
35493,4,1,2.6,3.86
1936,4,2,2.7,6.15
5398,0,4,4.1,5.19
12176,1,0,7.0,6.39
39420,2,3,0.5,3.87
9665,3,1,7.6,5.78
4015,7,2,7.6,5.22
30576,0,3,5.0,4.54
42819,3,0,8.4,3.09
49642,1,1,2.1,5.49
4167,7,0,7.5,4.72
15044,2,4,3.7,5.23
27711,3,1,2.0,3.89
21480,6,3,3.4,2.84
14769,2,0,4.2,6.43
30675,3,0,5.8,3.87
38379,1,4,7.4,7.25
34400,5,1,1.6,5.33
40289,2,2,8.2,4.22
40832,2,1,3.4,5.2
27059,6,1,3.0,4.47
19790,4,0,5.0,2.53
11936,0,2,9.2,3.93
42347,1,4,0.5,3.85
20681,1,4,7.3,3.16
38141,3,4,2.5,5.64
32685,6,0,9.1,5.47
91,0,1,6.9,4.18
46171,5,4,4.0,6.11
40068,4,1,9.2,3.72
14206,5,2,9.5,3.73
2291,6,2,4.4,5.61
1898,4,3,8.0,4.24
5138,6,1,3.4,6.31
13386,1,3,5.1,4.49
12386,0,3,7.2,4.94
16638,7,4,1.4,3.47
48200,2,2,0.2,4.97
40574,0,2,0.7,5.56
3921,5,1,8.7,5.51
10787,3,2,5.4,5.94
46925,4,4,5.8,5.3
23017,2,1,5.0,4.13
32363,5,2,3.5,4.36
25347,6,3,1.2,4.53
17921,6,0,9.1,4.02
6361,5,0,1.3,7.04
19207,0,0,5.5,3.65
16122,4,4,3.5,5.83
5895,7,2,0.4,6.23
18598,3,0,4.0,5.27
30765,7,0,5.4,4.08
27947,7,2,2.2,4.29
37226,2,0,3.3,5.04
13145,3,2,5.8,2.79
21348,7,4,9.7,5.09
21160,4,2,3.4,5.14
25106,2,1,6.7,4.2
25660,0,0,5.6,4.57
44471,6,3,7.8,5.66
27166,3,2,2.3,1.89
10165,3,4,6.1,5.03
35494,3,1,9.6,3.81
19927,3,2,9.8,5.61
37413,7,4,4.9,6.11
37555,7,4,2.0,6.84
8954,7,2,0.6,4.59
13289,7,0,0.1,5.47
42442,6,3,2.6,4.08
25379,3,1,2.7,5.47
34526,4,4,7.1,5.41
34144,2,4,5.3,2.81
30080,7,4,4.4,5.19
32279,7,0,7.3,4.09
25285,3,1,1.0,6.49
49601,3,2,3.8,5.73
9764,5,4,3.1,3.16
45889,2,2,5.7,4.24
45010,4,4,7.0,6.64
38999,1,4,4.7,3.9
3542,1,3,4.1,4.48
27401,5,1,3.3,5.0
19615,6,2,9.4,5.29
18012,1,4,5.8,4.41
33459,4,4,5.5,5.31
37928,1,3,4.8,4.79
30787,2,1,2.5,5.75
23399,4,1,7.0,6.19
34090,0,4,5.3,5.24
12265,5,0,1.2,5.27
11436,5,2,2.1,4.88
6143,3,1,1.5,4.02
28852,5,0,0.7,5.29
4148,5,3,7.3,7.57
48504,0,3,4.1,6.42
3973,3,4,8.7,7.27
39394,3,4,1.1,5.54
27054,3,0,1.6,6.01
9804,0,0,8.0,6.05
20745,1,4,0.1,5.65
15338,6,1,0.6,3.65
27678,2,0,7.3,6.22
38292,6,4,2.1,4.71
46363,3,3,1.0,5.45
38708,0,3,8.6,6.09
10779,3,3,2.2,5.93
705,7,1,4.5,4.06
39007,7,1,7.5,2.4
26697,6,0,5.5,2.28
40632,1,3,1.6,4.03
26962,5,4,1.9,5.51
14922,2,4,0.1,5.56
13373,7,2,4.2,3.99
2745,7,0,2.8,4.89
37113,5,2,5.7,5.12
26478,5,3,0.3,5.04
38593,5,2,0.1,3.98
14461,1,1,7.0,6.91
27387,4,3,4.2,4.95
49856,3,1,10.0,4.25
47363,7,0,3.8,3.56
48120,5,0,4.7,5.16
47285,2,4,2.4,4.84
30335,1,4,6.5,2.94
43695,1,3,9.1,5.62
1585,3,0,7.5,6.84
34349,0,3,5.8,4.95
37876,7,4,8.3,5.52
18022,2,4,1.5,3.53
25404,2,2,0.5,6.26
15176,6,0,1.4,6.59
25714,0,2,0.2,5.07
863,3,0,0.9,5.01
9410,5,4,6.4,5.85
38946,2,0,5.5,4.44
1522,4,3,9.0,3.45
13498,1,4,7.1,3.88
46851,2,3,1.4,5.01
9169,0,3,2.6,4.45
33755,6,4,0.9,4.77
1254,0,0,6.1,4.81
18872,3,3,1.7,4.09
24107,7,3,1.8,3.4
16015,4,0,3.9,7.45
22148,3,0,0.6,7.18
14714,7,0,2.6,6.87
17855,6,2,6.6,4.48
48025,4,2,9.6,4.16
24720,5,3,9.8,7.19
36325,1,0,7.5,5.1
20959,4,1,4.5,6.17
18158,7,4,3.7,5.6
26313,6,3,6.7,4.99
26757,5,0,9.2,6.08
8041,5,2,0.9,3.5
25329,7,4,0.0,6.0
32325,7,4,9.1,4.49
14700,6,3,1.2,6.19
31481,7,3,3.0,4.3
46676,1,0,5.9,6.56
2882,2,2,1.0,5.3
24702,3,1,4.2,2.52
22008,5,4,0.6,5.02
15565,4,0,9.7,6.61
28204,7,1,9.0,5.35
2137,0,2,8.5,5.51
44377,0,1,8.6,3.79
18139,1,0,8.1,3.08
48766,0,3,1.0,4.38
48295,3,0,7.6,6.6
42283,3,0,8.0,5.69
17036,4,4,1.8,4.1
14691,4,2,1.4,6.67
12579,2,0,6.0,4.48
41901,3,4,8.8,3.91
38877,3,4,5.6,4.29
10862,3,2,1.9,5.79
12339,2,2,6.8,5.13
44927,2,3,8.9,3.35
23641,5,1,3.5,5.11
31757,7,3,2.0,5.42
7682,0,1,9.6,4.63
5771,5,4,0.4,4.62
39232,1,4,1.5,7.18
41693,7,3,7.0,4.97
18716,6,4,2.5,4.4
17027,7,3,6.7,4.82
42176,2,3,8.5,3.02
27531,0,1,4.1,6.99
17749,4,4,0.2,4.4
48525,4,0,7.9,7.52
26328,1,4,0.1,3.9
143,4,2,5.9,4.49
33876,5,1,7.6,3.99
39037,7,1,3.1,5.69
26659,7,2,9.5,3.29
38375,1,2,4.2,5.02
20202,0,0,8.2,3.03
12196,3,4,7.0,4.5
10075,6,3,0.1,4.5
3508,3,2,7.4,5.97
42486,7,4,6.9,4.01
3106,6,0,3.2,3.91
22266,5,2,7.8,3.3
27442,4,0,6.7,4.72
8555,5,3,4.5,5.48
42675,7,4,8.4,4.67
42030,0,4,6.0,5.68
33231,1,4,6.5,6.37
22910,3,4,5.8,5.67
8644,5,4,9.5,6.0
40785,0,1,1.8,4.52
27047,1,2,8.4,3.51
15849,4,3,4.3,6.18
42915,5,0,1.4,6.49
32842,2,3,7.9,5.34
20431,2,2,4.5,7.29
15935,2,4,3.9,5.67
9041,3,2,9.7,6.06
12507,1,4,7.4,5.92
33304,4,0,6.2,6.54
21939,7,0,8.2,6.2
7104,3,1,4.5,5.05
43176,3,1,1.7,5.43
17485,3,2,4.2,3.38
32155,2,2,5.7,4.21
43334,6,3,1.0,2.76
13436,5,0,1.4,3.37
29379,3,3,8.4,4.72
4158,0,3,4.6,3.95
15781,1,2,3.5,4.6
39987,0,2,8.8,6.82
8863,1,0,4.0,6.16
19075,6,4,0.8,5.14
14459,3,1,0.3,4.35
38133,3,3,8.1,3.98
39239,7,1,0.2,5.41
1098,3,4,7.9,4.68
33691,7,0,2.9,4.82
43786,0,0,0.7,4.01
25852,6,3,0.4,4.17
47985,7,2,0.1,6.45
15408,0,0,6.9,5.42
11593,3,4,6.3,2.82
40023,6,3,5.6,4.56
29675,1,1,7.4,1.51
33503,1,2,0.8,3.45
27341,2,4,9.8,5.27
22234,6,1,8.6,5.35
5993,0,2,1.9,4.41
22490,1,1,0.0,2.11
21744,6,4,7.3,4.8
35718,0,3,2.5,5.6
5149,5,4,3.7,4.67
18074,1,2,2.8,6.19
42852,1,0,7.9,4.43
31765,5,0,3.0,6.1
1169,5,0,6.4,6.08
11879,5,3,5.2,6.21
42122,7,1,4.5,6.42
16467,6,2,1.6,5.46
7274,5,2,0.8,7.73
29135,5,1,2.8,5.52
33861,5,2,4.4,5.69
48267,1,2,8.9,5.37
30049,4,0,1.1,5.5
36195,1,1,9.1,5.35
39136,2,3,3.6,4.58
34844,0,4,2.5,5.16
40670,5,4,6.3,2.62
9631,6,0,7.3,2.52
15868,5,4,2.5,3.53
12773,5,2,6.2,5.26
14073,3,0,8.9,3.47
15981,4,3,8.2,3.69
10379,0,1,8.9,5.94
46693,7,2,5.7,3.76
1757,7,2,5.6,7.25
11717,4,2,9.3,4.67
5091,1,2,6.8,5.42
15082,0,3,7.6,5.94
28605,6,3,2.6,7.05
33753,2,0,8.8,5.82
40514,3,2,7.1,5.57
16063,6,4,2.2,4.19
47454,4,1,1.2,3.78
13631,3,4,5.9,5.22
43916,2,3,7.2,5.41
31856,1,1,2.2,3.97
20995,3,0,0.2,5.12
41466,0,2,2.7,5.38
44388,3,2,4.0,4.93
18373,7,3,1.8,8.58
30583,5,2,8.3,4.67
46557,6,4,6.5,2.28
29781,4,4,3.0,4.26
36819,1,4,4.3,5.19
7214,6,0,1.9,4.28
25014,2,3,2.7,5.07
10354,0,2,7.3,3.73
34699,7,2,6.0,3.94
2251,2,0,1.5,6.03
15737,2,2,3.4,5.84
10639,6,0,4.4,4.69
49594,4,2,3.7,4.68
47477,1,1,8.0,1.81
40233,0,2,7.2,3.74
17559,1,3,3.7,3.55
34884,4,4,1.8,4.97
39207,4,0,8.1,5.38
35605,1,3,2.3,4.79
35624,4,3,5.0,3.07
28133,4,4,6.7,3.73
17242,4,3,3.4,4.63
13880,1,0,9.1,5.28
46583,7,4,6.5,4.95
9241,7,4,8.8,6.23
13383,2,0,6.0,2.66
40324,1,3,1.4,4.99
16813,4,3,1.5,4.46
22796,6,0,5.7,3.61
33453,4,4,0.2,4.39
42555,0,2,5.8,7.39
33137,7,1,1.4,3.7
1744,2,1,8.8,5.02
25026,0,0,8.8,5.18
4271,1,4,5.7,3.74
43729,2,0,5.1,5.64
6858,2,3,7.1,5.54
17943,7,4,1.4,3.75
35404,2,1,2.4,4.75
22443,0,2,9.8,6.03
44965,5,1,0.2,4.42
28078,3,4,8.6,3.3
30801,1,2,8.7,2.56
4779,5,0,9.9,3.29
26260,1,1,4.6,3.95
7989,2,4,4.1,5.25
28851,7,3,0.5,5.9
41375,6,0,0.8,5.42
18839,1,3,8.7,3.89
32248,6,4,8.1,6.19
43338,5,0,4.5,2.26
40359,5,0,9.7,5.09
32986,4,1,6.9,3.83
45580,5,0,5.6,5.01
47126,5,4,7.7,2.03
6938,0,3,6.1,5.95
47417,0,3,0.9,5.39
46882,5,2,2.0,4.12
19392,2,1,2.1,3.38
43278,4,0,4.9,5.53
46305,2,3,3.4,5.27
13528,2,0,4.9,4.19
14803,2,3,1.5,5.72
14450,1,0,1.8,4.11
43393,0,2,0.7,5.68
28367,6,0,7.9,6.21
45558,7,4,3.7,3.55
23780,1,2,7.8,6.28
15951,3,0,2.2,5.93
1907,4,2,4.8,4.89
3246,6,4,6.8,5.05
10699,1,1,9.1,6.03
35711,1,1,2.4,3.39
5143,5,1,7.9,5.15
33751,5,0,3.5,5.38
12534,4,4,6.5,2.59
26549,2,1,8.1,5.59
10234,0,2,1.2,6.02
48527,6,1,7.4,3.66
39433,3,4,2.5,5.58
1983,7,0,6.6,5.62
37048,3,3,0.9,4.4
1664,2,4,6.8,5.75
47082,7,3,4.9,4.96
48114,3,3,2.6,4.42
19210,6,4,2.0,4.26
9949,7,3,7.9,4.46
41275,2,4,1.8,2.85
32375,6,3,9.5,2.62
7237,2,1,2.0,5.2
30928,2,2,5.3,5.14
29150,6,1,1.5,8.09
31682,2,2,9.4,3.94
11317,7,0,8.4,2.5
26472,3,4,7.5,6.89
37856,6,1,3.9,6.67
31672,1,3,4.9,4.09
45329,7,2,3.5,4.95
37988,1,1,8.3,7.13
19294,7,1,5.5,4.21
16158,1,4,1.4,6.6
25366,2,1,8.3,2.69
30261,0,2,1.6,7.21
41673,0,4,9.2,4.61
33176,3,4,6.8,4.23
10168,6,2,5.2,4.7
44168,2,1,7.4,3.38
19211,2,2,2.0,6.42
22340,1,4,2.8,5.26
14699,6,1,5.6,6.16
1220,6,3,3.2,3.53
39339,6,4,7.5,7.25
38421,4,2,7.0,6.32
26475,4,3,0.2,4.23
11354,0,1,8.3,4.48
939,1,3,6.4,3.49
110,5,4,4.7,3.62
46130,3,3,9.4,5.11
32368,7,2,3.3,4.4
17035,3,2,9.3,5.44
36862,0,3,9.7,7.81
9442,1,0,2.5,6.03
20567,1,4,5.5,5.03
16880,1,1,6.2,4.8
3878,5,1,5.8,5.44
6041,2,0,7.0,3.91
8817,2,3,5.0,5.59
15104,4,0,3.7,3.54
37396,2,1,1.3,4.39
27912,7,0,1.8,3.11
38443,1,3,9.4,3.95
26866,6,4,6.2,6.57
20625,2,4,1.2,2.03
26356,0,4,0.5,5.73
41930,5,3,8.9,5.54
31397,5,4,1.8,7.19
26227,4,3,6.9,4.34
48633,0,0,8.6,6.94
659,4,1,9.7,3.89
7095,1,0,3.8,7.05
28281,6,3,9.2,5.62
26361,6,4,0.6,5.53
46432,0,0,7.3,4.28
20928,7,0,1.6,4.6
8861,5,2,1.1,4.59
5299,6,2,8.3,4.23
27126,2,1,9.3,3.57
37336,0,0,1.6,4.3
4856,1,0,0.6,2.17
43335,6,4,9.9,5.83
37887,0,2,3.1,5.17
37761,6,4,4.0,3.94
3868,6,1,4.2,3.02
28799,2,2,7.4,6.91
11861,2,0,1.4,4.26
13447,1,3,0.8,5.64
40962,5,1,3.8,3.53
28689,5,4,5.5,8.29
48830,4,2,10.0,4.93
34735,2,4,3.2,4.53
30033,5,3,3.0,5.59
36676,6,4,9.6,6.46
30650,6,3,5.4,6.17
20418,0,4,5.5,3.94
39660,6,2,1.6,5.4
12906,0,3,0.6,3.61
47962,6,4,0.0,5.11
26059,5,1,7.2,6.14
5749,3,0,9.9,4.03
41875,7,3,9.4,6.1
10394,0,2,9.4,4.49
14364,2,4,9.8,6.26
17441,6,0,7.4,5.62
16985,1,0,7.3,3.71
34806,7,0,7.2,4.64
1300,4,2,4.6,5.43
34471,3,2,3.8,3.68
9231,6,2,7.1,5.29
32338,2,3,6.4,3.9
38857,7,3,2.0,2.67
40477,3,2,6.0,5.63
27863,3,4,2.2,3.14
11811,6,2,9.7,5.59
49915,3,4,5.0,4.06
36534,0,4,7.7,4.32
22892,1,4,2.5,5.86
22982,0,0,8.5,6.42
6859,7,4,1.6,5.35
30425,7,3,9.9,5.81
48099,4,4,8.5,4.41
27368,5,1,4.6,4.2
44590,6,0,3.2,2.03
45655,4,4,8.5,4.97
18365,5,2,2.2,4.38
19409,6,4,9.7,6.45
11578,7,3,5.0,6.55
14968,7,1,8.7,5.61
6863,6,4,2.2,6.49
47351,4,3,4.5,7.24
48862,5,3,9.1,5.47
11213,5,2,4.8,4.34
23299,0,1,2.0,3.43
8345,3,3,7.1,5.06
33177,4,0,5.5,7.17
4183,2,4,4.4,3.41
18471,4,3,5.5,3.93
25566,2,1,8.3,4.94
28870,0,1,4.0,4.62
25158,5,1,4.1,5.8
12983,0,1,1.7,4.77
29973,4,3,6.8,3.9
8393,1,1,1.3,4.91
14468,3,4,8.9,4.35
21318,6,3,5.2,6.03
32563,2,0,0.7,5.75
44293,0,2,1.4,6.46
34568,6,0,4.7,2.89
38791,2,2,7.0,2.81
30424,5,3,3.9,6.56
17705,4,3,7.1,3.85
44401,4,2,4.8,4.14
23102,6,1,1.4,4.69
34473,7,0,9.8,2.15
17278,0,4,9.9,5.47
45904,4,0,8.2,4.57
22438,7,2,1.5,4.54
32749,1,4,9.7,4.51
34466,2,4,0.8,5.44
32528,2,1,6.4,5.78
7734,0,4,4.6,6.02
1764,2,4,8.8,4.39
14330,5,4,8.3,7.3
29222,2,2,1.4,3.05
47528,7,2,1.4,5.89
44906,4,3,5.5,4.87
21468,6,2,3.7,3.82
17525,2,0,9.2,5.49
42942,3,3,2.3,4.25
49396,7,4,5.8,7.62
20247,3,0,8.7,4.97
33341,3,4,2.6,3.49
346,6,1,1.9,5.06
9616,2,3,5.6,4.82
19618,4,2,7.8,7.83
988,5,3,7.0,4.9
36779,4,3,9.3,4.6
5971,7,3,7.5,5.32
528,2,1,9.3,6.28
26626,6,4,7.5,5.56
18856,7,4,0.9,3.92
23234,0,3,0.6,6.17
4199,0,0,9.1,5.65
46185,5,1,2.6,5.06
26320,3,4,4.4,5.95
33904,4,1,0.4,3.35
42067,7,4,5.4,3.28
25624,5,3,7.5,5.78
25765,2,0,2.5,4.13
24467,5,4,4.1,3.66
1434,6,3,0.7,5.04
25483,0,4,0.4,3.16
10410,2,3,0.1,4.5
4327,3,1,7.8,4.2
215,1,4,7.9,4.86
10125,4,3,1.5,5.73
17384,2,1,0.5,5.91
42520,7,0,6.7,7.24
23113,1,2,4.3,6.7
45474,0,3,2.8,5.15
25832,6,2,9.1,5.88
3563,5,3,4.1,5.22
8435,1,3,4.8,8.02
24912,0,4,9.2,6.82
18574,1,4,1.9,4.26
8798,7,3,1.5,3.59
46395,1,4,3.5,4.95
5036,1,2,3.9,6.47
3394,4,0,9.4,4.12
45912,0,3,1.9,5.02
48028,4,0,0.3,5.76
33986,2,1,5.2,3.63
44795,4,4,6.6,5.12
44108,6,3,0.5,4.92
11655,5,4,9.4,5.76
11732,2,1,3.8,4.54
10133,5,1,9.0,6.39
46166,1,2,3.9,4.45
35601,6,4,3.8,4.22
9423,2,3,1.6,4.69
48899,4,2,3.0,4.12
21845,4,2,1.5,4.87
28386,0,3,2.6,4.94
26390,5,2,2.5,6.25
47496,7,4,1.7,5.76
23709,6,1,5.6,6.12
3138,0,2,6.6,5.4
3967,4,2,7.9,4.39
49906,6,1,5.5,5.4
42233,2,0,7.8,3.28
29595,2,4,0.6,4.77
8134,3,0,3.4,5.64
37470,7,2,5.1,5.02
43791,7,4,2.8,3.84
27904,1,2,3.6,4.59
16971,1,0,7.8,4.89
40328,0,1,5.2,5.47
3843,3,3,7.0,4.43
5995,2,2,5.7,5.56
32310,6,3,1.4,5.15
48831,7,3,8.6,6.77
44338,6,4,1.4,5.62
18844,5,0,2.2,7.28
40303,2,2,5.8,5.16
33131,3,2,1.8,4.36
34679,5,4,8.3,6.47
13185,5,1,1.5,2.96
426,0,2,1.7,5.64
3935,5,2,10.0,7.4
40435,7,4,3.9,3.66
37293,5,4,4.0,4.26
36073,3,1,4.7,5.21
7951,7,1,9.3,5.7
35706,1,2,8.0,3.39
4933,1,2,5.1,5.63
28692,6,0,3.7,4.14
24512,4,3,3.0,3.88
42764,5,1,2.2,4.33
36706,4,3,7.5,5.52
20611,2,0,2.9,3.96
26541,0,3,0.5,6.12
43486,1,3,9.6,7.49
5684,7,4,4.4,1.7
33448,4,1,0.9,3.92
47022,2,0,0.2,5.65
35227,0,2,5.7,4.96
6172,7,2,3.7,5.8
8112,6,3,2.2,4.86
30889,6,3,3.6,4.32
24308,7,2,8.6,2.56
20067,5,1,1.8,5.72
15558,0,2,6.1,5.14
11081,1,4,4.6,7.41
43446,6,2,4.6,4.48
30163,6,1,5.5,7.12
49339,1,1,3.8,4.89
21307,2,4,2.6,5.03
9903,0,2,8.8,4.02
27757,6,1,8.2,3.74
25530,4,3,9.8,5.53
39468,1,3,2.3,4.15
14321,1,4,1.0,3.35
13620,3,4,3.1,3.62
31807,7,2,5.3,5.11
354,5,0,0.3,6.21
39936,7,0,3.0,6.74
8372,1,3,5.0,6.22
16972,0,3,4.8,4.3
723,2,4,3.5,3.33
14935,3,4,2.5,4.16
1390,4,2,9.2,2.55
9319,6,3,1.6,4.62
16734,4,3,4.2,6.3
35285,4,1,6.8,5.89
14114,2,1,7.1,5.53
40440,5,1,4.1,4.36
48682,0,2,0.7,5.25
16448,5,1,6.9,4.06
16464,2,0,7.8,2.69
19432,5,0,8.6,2.56
48366,6,2,4.1,4.27
43239,6,2,0.4,3.84
17307,1,3,7.5,5.0
34760,0,3,4.7,2.25
46465,1,2,2.0,6.69
48081,1,4,2.5,5.48
13213,2,4,8.6,4.14
35520,0,1,4.3,5.07
41849,3,3,5.5,5.34
34649,3,1,4.6,5.37
36293,1,1,2.3,5.8
13416,0,3,6.7,3.24
37197,1,1,5.9,7.18
336,5,0,1.0,4.97
44694,5,2,9.8,5.32
49269,7,3,4.7,4.02
16706,4,4,5.6,5.0
12614,4,3,5.8,5.77
36997,6,0,4.9,2.78
12652,2,0,0.2,4.22
6803,1,3,2.0,6.69
13376,7,4,8.1,5.02
34654,0,2,5.0,6.76
33997,6,2,4.3,3.05
19418,1,2,3.5,5.75
34319,7,4,9.6,5.87
8892,3,4,3.6,4.32
43311,4,4,2.8,4.45
21512,1,1,5.3,5.28
7107,0,3,6.5,5.13
7708,4,0,1.0,4.37
45978,0,4,0.6,6.6
38918,3,2,4.9,5.48
2433,0,4,2.0,5.78
39825,1,4,9.8,5.61
42383,4,0,6.7,6.0
36097,7,4,1.9,6.15
48811,3,4,1.4,2.7
5594,0,4,6.0,4.69
15308,2,3,6.3,4.73
22077,0,2,4.3,3.89
27332,7,2,5.7,3.83
8075,4,3,9.8,2.88
29367,1,3,8.4,5.22
42753,4,1,9.3,4.81
22893,7,3,1.0,6.94
42987,1,2,0.6,4.85
11313,3,4,1.4,4.88
21240,2,2,0.3,4.93
7941,4,1,3.1,5.29
8355,7,2,9.5,5.87
39151,6,2,7.3,4.47
13194,4,2,5.7,4.74
22773,3,2,0.3,6.24
34027,1,3,3.5,4.03
39292,7,2,4.3,5.0
27884,7,0,9.5,6.6
25910,1,3,7.3,5.68
30750,4,4,7.0,5.43
8394,1,4,7.6,4.35
26502,4,0,8.3,4.07
19947,5,4,0.1,5.36
12799,6,2,5.1,2.84
14535,7,3,7.1,5.85
41711,2,0,3.9,3.28
21976,5,4,0.6,2.02
11016,1,1,8.3,3.87
20186,2,2,7.5,6.81
8057,7,2,0.5,4.77
42302,5,4,8.1,6.43
4053,1,2,6.2,5.24
2630,0,3,3.4,4.74
7414,3,1,8.6,4.65
2320,3,1,2.5,4.64
20587,5,3,7.5,6.63
31513,2,4,0.3,5.33
16106,1,2,3.4,4.41
19042,6,1,1.7,1.69
11551,5,2,8.5,3.61
12272,1,4,6.4,4.47
22470,5,4,6.6,6.16
46189,2,2,1.6,3.87
43503,7,0,3.1,5.75
49566,3,3,5.9,4.76
24930,3,2,5.1,3.53
1932,4,1,4.8,4.8
49998,4,4,7.5,6.54
10484,3,4,2.5,3.41
26678,5,2,9.5,6.83
6962,6,1,3.8,6.43
41014,3,4,4.6,2.95
25227,3,1,4.5,4.56
27570,1,1,0.5,3.66
15078,1,1,8.3,4.31
12180,4,4,4.6,4.65
20137,3,1,9.0,5.82
46256,1,4,2.3,4.75
33294,3,4,8.6,4.91
23659,5,4,5.1,4.98
45920,3,1,5.5,5.92
5626,6,2,0.7,4.28
34879,2,0,7.4,3.56
20969,0,0,1.8,6.9
40660,4,3,3.5,5.14
42191,1,2,9.0,3.28
49960,2,2,4.3,5.64
30938,0,3,6.9,5.04
48569,1,1,3.1,3.68
45004,4,2,8.7,4.34
23088,4,4,6.7,3.34
26592,3,0,7.4,4.85
27310,6,3,8.2,6.46
26667,0,1,0.2,5.32
5075,1,4,7.9,4.04
48511,2,4,9.1,4.7
38527,4,4,2.1,5.77
21245,6,0,7.3,4.68
25408,6,0,7.8,6.55
22713,3,3,8.6,5.02
45198,0,3,2.3,4.24
35573,7,2,7.9,2.78
15209,2,4,5.3,1.67
45896,7,3,9.5,2.39
5293,4,0,7.3,4.86
19325,7,1,6.2,6.04
7833,1,2,9.7,4.97
18525,1,0,9.3,5.22
20025,3,2,9.5,6.08
9780,4,2,7.8,4.05
47471,1,4,8.2,4.06
21170,3,0,2.3,6.36
576,7,2,8.2,6.08
10847,3,3,0.9,3.51
13918,3,0,6.9,3.51
46579,7,3,1.2,3.99
25290,5,0,1.8,5.63
43658,7,1,2.0,6.97
41989,1,1,3.4,4.59
34276,0,1,9.8,7.14
5032,4,3,4.2,4.52
12271,6,1,7.4,7.28
39044,6,2,4.0,5.44
1515,1,2,1.0,7.73
40171,6,1,1.7,4.39
18013,7,1,5.0,4.88
14084,0,4,4.8,3.72
8419,7,2,2.1,3.27
17039,6,4,5.6,4.08
46038,6,3,6.3,5.35
6471,5,1,4.5,4.28
21927,6,2,0.8,5.47
30353,0,0,0.0,4.88
1388,5,1,0.4,4.83
45203,7,0,2.3,4.93
39797,0,3,3.4,4.98
33182,6,2,2.4,6.55
5088,4,0,4.3,7.37
35460,6,0,4.0,6.9
26578,1,0,4.9,4.2
6742,2,1,4.9,6.08
22051,5,0,1.7,6.08
34059,3,1,3.4,4.6
6796,6,2,4.6,3.37
43074,5,2,2.8,4.41
47658,0,3,5.3,4.94
10810,6,4,5.8,4.96
16313,6,2,0.9,5.22
33770,5,3,9.9,3.05
25401,2,4,8.9,5.57
41617,1,2,7.3,3.36
1609,2,4,6.7,5.35
41822,6,0,4.5,5.83
43070,6,1,6.3,5.5
26203,3,4,5.8,3.08
23877,1,2,1.2,2.14
46508,7,0,0.7,5.16
13284,7,2,6.6,4.08
46334,1,0,6.4,4.14
23699,7,3,6.1,2.76
22272,7,2,2.2,7.44
29035,3,0,0.3,4.81
40866,6,0,0.1,3.56
19762,6,2,4.0,4.25
20636,5,0,0.1,4.08
14773,6,3,7.4,6.36
30920,5,2,9.8,5.84
5683,1,1,1.9,4.93
2331,6,4,0.0,3.23
37374,7,0,9.5,3.57
21797,7,0,3.0,5.97
27590,3,0,4.3,5.36
15130,6,4,9.4,2.77
1963,6,2,1.7,3.54
45296,1,0,3.5,5.3
34390,0,2,2.5,5.52
17300,2,4,5.1,6.67
25653,0,3,8.8,3.67
43026,7,2,5.0,6.39
34117,2,2,7.8,7.85
8774,5,1,7.5,3.92
45431,5,1,5.9,5.3
18594,1,2,7.7,6.18
27529,4,1,6.0,3.88
28928,5,1,3.4,4.29
8326,4,2,9.2,6.18
24132,6,4,6.8,3.38
15173,3,3,5.7,2.58
45293,3,0,3.5,5.86
15232,7,3,7.5,4.57
17062,5,3,8.2,6.53
19783,4,2,1.4,4.92
47850,6,2,8.1,4.47
28311,4,3,4.3,6.32
5069,4,0,8.0,2.61
32393,5,4,6.9,5.58
27223,1,0,0.3,5.58
38518,0,2,0.4,7.27
31473,5,1,5.5,5.96
32046,4,1,2.1,6.01
11390,0,4,2.3,5.92
25855,4,1,2.6,7.12
18099,7,1,6.5,4.27
9334,5,2,2.7,3.06
1964,6,0,5.2,3.12
31417,2,4,2.2,7.71
9691,4,0,6.5,3.76
42427,5,4,6.1,5.4
9899,3,2,2.8,5.34
13568,4,3,8.1,5.21
44195,5,3,4.9,5.52
45126,4,3,4.1,4.64
14495,2,2,0.9,5.47
30,7,4,5.1,3.09
18917,2,1,8.7,4.64
1749,6,1,0.4,5.18
6497,5,2,2.4,4.43
40669,0,3,1.4,2.33
47756,3,2,5.3,3.71
38023,7,3,6.6,4.99
24841,0,1,8.7,3.41
21138,4,3,3.6,5.15
41912,3,2,7.3,5.23
30117,1,1,2.1,4.36
23444,0,2,0.2,4.59
26315,4,3,8.6,4.94
38863,7,1,7.2,4.65
42129,2,0,9.3,6.48
31147,4,0,0.6,4.06
951,1,2,3.2,3.32
32594,7,0,9.2,5.97
14281,1,0,4.6,2.38
1717,6,4,6.4,4.42
12732,5,4,8.0,4.85
8279,1,4,4.7,4.89
21773,6,0,9.9,5.26
37576,0,1,1.0,3.27
40888,6,1,1.3,5.87
33106,1,1,0.3,4.46
11587,1,0,0.5,3.86
44290,1,4,4.6,4.57
42633,5,2,9.9,4.11
19918,6,2,9.7,4.51
24870,5,1,9.2,4.48
37917,7,3,9.1,5.29
32074,0,0,9.0,3.48
25168,7,1,5.9,3.06
23022,5,4,3.1,4.71
31303,3,1,7.6,4.98
7289,5,2,7.8,6.22
2793,1,3,3.1,3.47
3774,6,4,8.2,2.95
4035,1,4,4.7,5.15
32663,3,2,1.6,5.8
16736,3,0,0.9,4.2
4160,6,2,7.0,2.44
37446,0,2,9.7,7.85
4170,5,1,6.5,6.22
2613,6,2,4.1,2.99
35797,7,1,3.9,5.49
32112,0,3,8.8,5.47
47868,5,1,9.1,5.14
14606,0,2,0.5,6.32
31705,4,2,9.5,7.15
37156,7,0,2.2,6.01
13582,7,0,1.1,7.25
27308,5,2,2.6,4.63
19896,7,3,9.0,3.24
7353,1,1,9.6,6.19
14852,5,3,5.5,4.9
20910,1,1,4.8,5.36
11788,4,1,9.9,4.01
647,6,3,9.9,3.78
27871,4,2,0.6,5.82
41838,3,2,7.6,4.71
49038,4,1,3.3,7.44
23817,1,3,6.1,6.77
18473,0,3,7.5,3.47
8058,2,0,4.1,4.42
27977,7,2,6.8,4.41
18332,1,0,3.2,4.42
13380,1,0,5.1,4.65
11007,2,3,3.6,4.8
15807,4,2,0.1,5.61
18452,0,2,5.5,6.14
43351,5,1,8.4,6.29
41960,5,1,0.8,5.34
10946,0,0,1.0,5.66
26729,3,0,2.0,4.97
32589,1,4,7.2,5.17
34234,4,0,2.9,3.46
36608,3,2,0.9,7.59
23313,0,1,4.9,3.41
44239,3,4,0.3,7.04
37107,5,0,0.7,5.13
11815,3,4,4.4,5.84
37528,2,0,5.6,5.03
6865,2,3,0.5,4.76
11372,2,0,4.0,4.81
28849,5,1,7.2,5.27
1670,0,0,6.4,2.93
8668,6,3,7.2,3.39
23383,3,2,5.7,5.51
36315,2,3,3.4,5.05
9544,5,3,6.3,6.25
22797,7,0,9.0,4.11
10657,0,0,4.5,4.76
20855,4,4,9.6,3.87
15368,0,2,5.1,2.94
33866,0,3,8.3,4.33
6787,5,3,6.1,4.73
28355,0,2,6.3,5.54
7446,2,2,9.3,3.72
25030,3,1,2.2,4.63
12884,4,3,8.8,4.22
31547,2,0,8.6,7.13
26784,4,4,2.3,4.51
15505,5,4,10.0,3.19
7180,7,1,6.1,6.04
36574,1,3,6.7,3.48
48182,1,1,3.1,4.54
14911,0,4,2.6,3.89
26602,3,0,0.9,3.64
16899,1,3,6.6,6.08
19868,6,4,8.8,4.84
9466,1,0,7.0,3.59
27244,2,4,6.0,4.87
34852,7,2,1.8,4.02
10198,0,1,8.7,7.39
7855,1,4,4.2,3.27
47100,0,3,4.5,5.68
934,3,0,3.6,5.29
2715,7,1,0.9,4.76
15604,7,2,6.2,6.01
25320,5,3,3.5,2.45
13783,3,2,9.6,4.32
4635,1,4,4.6,4.73
44843,6,1,7.4,4.36
27675,4,2,5.3,5.41
26972,3,2,0.1,5.48
37866,5,3,3.7,5.44
23668,2,1,8.9,2.99
12220,6,4,6.4,4.37
27130,1,2,1.4,4.11
37219,2,2,6.7,5.81
47636,0,1,1.3,3.04
31239,5,2,1.4,6.17
36123,3,0,4.7,4.53
12865,4,0,3.9,4.46
2171,5,1,9.5,3.44
25089,1,4,6.3,3.48
49978,5,2,0.9,4.67
14508,2,1,9.1,4.89
49284,1,0,8.2,5.11
17498,0,1,5.2,3.31
23708,3,1,1.2,3.45
18095,1,4,0.0,5.87
7215,0,4,4.5,4.38
38807,3,2,5.3,4.76
19825,6,1,0.3,4.7
1347,3,3,2.4,5.64
28671,1,4,3.2,4.87
44490,5,3,6.3,6.01
26617,1,1,4.1,4.09
872,4,0,1.0,6.8
18,3,2,4.6,7.87
10802,5,2,7.0,3.8
26974,1,3,6.1,5.43
42268,3,4,1.8,2.47
36229,0,3,6.9,5.34
10081,7,0,3.5,6.29
16321,4,4,2.3,4.71
47393,5,2,5.9,6.97
4008,6,2,2.3,4.68
32305,0,2,2.8,7.26
47827,0,2,7.3,5.81
48058,5,1,8.7,4.52
7776,2,1,0.6,3.1
38543,7,1,1.1,2.72
38796,4,1,8.0,6.19
16261,7,2,1.7,5.01
46563,4,4,2.0,5.32
31991,4,3,1.7,3.09
35414,2,1,9.8,3.09
18738,3,4,4.3,1.92
22784,5,1,0.5,3.81
35341,5,1,9.1,4.93
49807,2,2,3.4,5.8
45006,0,1,1.2,5.34
16927,6,4,6.7,5.65
24606,5,2,3.6,4.2
22416,0,3,2.8,4.56
31703,6,1,0.7,6.16
44173,1,4,8.2,5.39
22788,6,1,4.7,6.55
14950,2,4,9.7,6.0
20157,7,0,7.4,6.66
16255,2,0,6.3,2.57
41867,4,1,3.4,4.81
6321,3,4,3.4,5.97
11055,3,3,3.1,4.91
40092,0,0,0.7,7.08
22614,4,4,5.0,4.9
48805,4,2,2.0,3.45
31433,6,0,9.5,4.44
24044,7,2,9.7,6.42
24345,4,3,4.5,4.76
43645,6,2,3.5,6.2
5631,4,0,6.6,4.36
37722,6,2,6.1,4.85
10177,4,1,9.2,4.72
5930,2,4,6.0,5.95
34931,0,2,1.4,2.53
32278,6,1,7.8,5.31
8617,4,0,6.0,6.45
48333,1,3,5.3,3.69
31076,5,2,5.7,5.42
15071,0,3,0.4,3.95
30762,3,3,0.3,6.27
8859,6,1,6.3,4.97
34397,0,0,3.4,5.8
34462,7,2,6.2,6.22
17002,0,3,1.7,6.48
29216,6,1,2.7,4.77
16491,3,2,8.4,4.93
36390,3,1,6.5,3.34
36160,0,0,6.2,6.46
27204,1,0,2.2,5.45
6968,2,0,2.4,5.37
44704,7,4,6.9,4.59
6931,6,0,5.2,5.76
35629,7,3,1.8,2.83
30839,6,1,6.3,5.33
33943,7,2,0.6,4.52
3670,2,0,2.6,4.89
35331,5,2,9.3,5.29
43811,3,1,2.6,5.42
16560,7,0,5.0,6.82
43068,7,2,7.0,4.24
40221,4,0,5.7,4.62
23138,6,1,9.0,3.46
30305,1,2,3.1,5.26
12917,6,3,9.3,4.81
20649,2,1,6.0,5.82
7532,7,3,4.4,2.68
39120,5,4,9.4,3.57
26441,0,2,6.6,3.63
46532,0,2,0.5,5.85
37463,1,0,8.2,4.99
29851,6,1,8.7,5.17
12903,3,0,6.3,6.36
47998,5,4,0.8,7.32
44777,0,1,9.8,6.24
11234,2,0,1.4,6.44
20546,4,2,1.0,4.93
26171,4,0,4.4,7.23
12398,2,0,0.6,4.4
16704,1,4,9.8,3.15
40680,3,3,8.3,6.03
4293,7,1,4.0,6.09
41947,3,3,9.6,5.85
6072,2,3,8.1,3.61
27493,4,4,7.8,4.62
15990,4,4,1.7,5.94
44316,3,0,6.7,4.09
39886,5,0,6.0,4.17
44107,0,4,2.1,5.59
48387,1,4,4.7,4.34
29867,7,0,0.5,2.83
23320,7,2,2.3,6.0
7111,0,0,6.8,3.86
35900,5,0,9.4,5.63
22961,4,0,9.4,7.88
24470,0,2,4.9,4.41
35369,0,0,9.4,5.26
162,5,0,9.9,5.85
9461,1,0,6.1,4.74
11048,0,1,10.0,2.15
30486,3,1,10.0,4.63
45219,5,2,7.5,3.46
31421,1,3,1.7,4.01
7015,5,4,2.4,4.46
43633,2,1,1.5,4.73
37772,3,4,8.4,4.57
21074,7,0,0.5,5.93
43287,3,4,0.9,4.27
17157,7,4,5.5,4.76
2451,0,0,8.6,7.17
25940,6,3,4.9,2.11
17838,6,2,7.9,3.6
4164,4,4,5.0,6.44
5679,5,1,7.6,5.87
24206,5,4,2.4,6.87
48426,7,4,5.3,4.74
47970,0,0,8.5,4.59
3228,1,4,1.4,4.6
2162,7,0,6.2,4.34
31460,3,1,8.4,3.78
31248,5,3,3.7,3.01
26999,3,4,5.5,3.53
5136,3,3,6.6,3.87
16137,0,2,4.5,6.54
45600,2,4,1.8,6.66
15364,1,3,4.2,5.29
7551,1,1,9.0,3.3
29878,6,1,4.7,4.79
41173,1,3,0.7,8.37
987,5,0,6.8,4.03
8097,2,2,2.3,5.7
5958,6,2,3.0,3.31
23756,6,4,7.4,6.37
10690,4,3,1.2,3.76
41326,1,2,6.6,2.52
9919,5,0,1.9,3.79
16511,3,2,9.3,5.19
10139,7,3,4.2,6.13
31218,2,4,3.7,4.98
24869,1,1,3.6,6.28
6925,3,4,6.1,4.16
25619,1,1,3.6,5.6
43450,0,3,7.1,3.66
27235,1,2,6.6,4.75
34463,4,2,0.9,4.48
17135,4,1,6.6,2.1
25423,4,3,5.0,5.24
49677,0,2,9.4,4.57
8704,2,0,5.6,4.37
37243,4,0,5.9,5.76
38579,3,3,3.7,5.34
14023,3,3,0.4,5.69
45859,2,0,3.6,5.62
30517,5,3,2.0,7.43
13310,1,2,3.5,4.87
28885,7,4,3.0,4.51
23509,6,3,3.4,5.29
26043,5,3,8.1,5.54
33042,1,1,8.1,3.71
188,4,0,5.8,4.86
22816,7,1,0.8,2.07
21664,5,4,8.9,4.36
37742,3,4,7.8,4.62
23978,5,0,7.0,2.64
36185,4,3,4.8,4.11
34170,7,3,0.3,3.75
43226,1,4,8.3,3.86
19019,1,1,4.7,5.87
12729,2,2,8.1,4.27
11585,1,0,8.6,3.54
704,0,4,8.3,4.18
12191,4,3,9.1,4.16
9318,2,4,4.2,4.32
44405,2,0,2.9,1.78
15382,6,4,5.0,5.05
5944,0,2,3.9,4.19
41127,6,0,1.1,7.34
37303,4,2,9.9,4.26
41795,4,1,0.9,4.8
17779,2,4,4.8,4.64
103,3,2,1.7,5.28
33538,6,2,0.2,5.28
14176,3,3,0.5,4.05
18664,7,4,7.4,4.19
13260,0,1,0.3,5.03
45379,5,1,3.2,5.68
4368,3,4,1.5,6.36
43869,6,1,9.5,5.81
2998,6,3,4.1,4.16
30998,7,3,2.9,7.68
2461,7,4,8.0,4.28
20640,7,2,5.0,3.94
18251,3,2,7.4,6.07
42710,6,3,6.2,4.79
37700,5,3,1.8,6.4
12918,1,4,1.5,5.28
4557,6,2,7.0,4.47
8697,7,1,0.9,4.32
13045,1,0,0.5,4.65
6240,5,0,6.8,5.29
7075,4,3,8.3,2.87
38687,6,3,9.5,4.72
37430,4,1,8.6,4.6
5636,6,4,1.7,6.87
33281,4,0,6.6,6.1
24741,4,4,8.9,5.3
33143,5,1,9.2,5.9
14271,5,2,8.5,4.03
19354,5,0,5.0,2.79
19303,7,2,3.4,5.1
11836,3,4,2.0,5.45
969,5,2,3.5,4.77
39942,0,0,6.3,5.56
24376,0,3,1.0,6.3
24145,6,2,6.6,6.19
33792,2,1,7.8,6.71
45392,2,2,2.2,7.43
5964,0,0,9.1,6.53
11802,0,4,0.7,5.48
3585,4,2,7.3,6.35
39571,4,0,6.1,2.8
23360,7,2,0.3,5.75
2304,7,4,10.0,5.55
34,6,4,3.8,2.44
41282,4,1,3.6,7.02
23211,7,1,2.9,3.75
15678,4,4,1.0,5.58
23554,6,2,9.5,5.21
29693,7,4,9.4,6.56
10452,3,2,0.6,4.55
9408,1,1,8.7,5.88
14399,0,0,6.4,6.74
38308,0,0,2.0,4.7
12320,7,0,9.0,4.78
30559,6,4,9.9,5.32
36183,3,3,7.1,3.99
30082,5,2,9.9,5.45
3875,6,2,7.8,2.61
38887,4,0,5.1,6.04
42426,1,2,1.0,3.29
26182,1,3,4.5,4.01
31999,7,2,1.4,7.19
15735,4,3,1.5,6.04
4415,1,4,5.0,7.3
3081,2,3,8.4,5.69
9023,3,1,7.1,1.96
49442,4,0,8.4,4.62
36445,6,1,9.5,7.04
14722,1,2,8.9,7.36
38745,4,1,2.4,3.39
27404,2,1,8.3,5.33
24187,2,3,0.5,5.72
13784,7,0,1.8,6.85
5121,6,0,2.4,5.15
45118,7,4,4.4,5.56
49349,2,4,7.0,4.58
39587,6,0,4.2,5.97
3776,4,3,7.8,2.84
30957,1,0,1.1,4.51
41104,7,1,8.2,5.23
37822,3,4,8.4,5.5
48392,1,1,3.1,7.23
36643,5,4,1.7,4.54
13202,6,2,1.7,4.95
27172,3,2,6.4,5.24
13068,6,2,3.6,4.46
42844,6,4,2.7,7.36
42571,5,4,5.1,4.68
42247,2,2,4.0,6.22
34926,5,2,7.4,3.29
38122,3,4,6.4,6.68
31148,0,0,8.7,7.01
17573,1,1,4.7,2.85
24552,4,3,8.8,3.93
38417,3,4,1.7,7.48
39897,7,3,8.8,3.59
9103,4,4,4.8,4.24
319,4,4,8.3,4.41
18712,5,1,0.6,5.12
25425,6,0,1.9,5.39
21630,5,4,8.8,5.33
43316,1,1,4.6,5.19
7889,2,1,5.0,2.46
30959,7,2,0.1,6.61
13061,3,2,4.7,6.08
49393,0,0,5.8,5.96
33092,3,3,1.0,5.2
7234,7,0,2.6,5.13
3398,4,1,0.6,3.15
35921,0,3,3.9,6.28
40179,3,2,4.2,5.04
26368,3,2,7.7,4.26
48728,7,2,7.7,3.5
12912,1,0,1.8,2.85
35790,7,0,4.0,6.35
2708,0,1,0.5,4.74
37692,0,3,5.2,5.43
49380,5,1,4.2,5.54
27589,5,3,1.9,4.81
33863,6,2,0.5,3.72
46637,2,2,3.5,3.02
10858,6,1,6.3,4.34
44081,5,2,7.5,4.12
42257,4,4,3.6,3.54
44139,1,2,1.1,3.01
32448,5,3,9.6,7.11
32744,4,3,0.2,6.89
10154,2,4,5.3,3.36
43293,3,2,7.5,5.04
15578,5,1,8.2,6.44
26774,2,3,0.2,3.03
42152,3,1,4.0,3.48
37586,0,4,4.7,5.45
777,0,2,4.1,5.82
13594,6,2,4.1,5.76
17888,3,1,6.1,3.67
15552,7,0,9.3,4.7
32201,3,3,9.1,5.21
49797,7,4,4.0,6.29
28011,1,1,7.1,5.2
37615,4,2,1.9,5.39
36685,3,3,9.2,6.56
14867,1,1,0.6,3.54
3203,3,0,1.6,3.88
23083,6,0,8.5,5.14
20185,6,1,10.0,4.66
6400,5,0,7.2,4.94
37957,3,1,0.2,5.43
4458,5,2,9.4,4.34
47074,3,2,8.4,2.44
34193,7,1,4.5,4.12
11987,3,2,7.8,5.92
33656,0,0,2.4,2.65
34955,2,4,9.3,6.88
44676,1,4,7.3,6.3
16265,2,4,1.9,3.99
23706,2,1,6.0,4.69
17409,5,3,5.1,3.46
11825,2,1,8.1,5.09
35672,7,4,4.5,3.64
20847,5,4,2.2,4.44
46785,4,4,4.2,3.31
34876,4,3,2.5,4.61
35112,3,4,0.7,2.91
7853,5,1,4.3,4.74
30723,7,3,1.9,5.31
6320,1,0,4.4,3.62
179,3,0,1.3,4.34
3502,1,4,0.1,5.65
11775,7,3,5.5,5.04
18366,2,1,8.8,4.91
36789,1,0,2.7,4.06
39668,1,4,1.0,4.57
44166,0,3,9.1,4.96
14024,7,2,5.0,5.05
49961,3,0,8.7,3.06
8124,2,0,8.1,4.78
20787,2,3,2.4,4.4
7577,4,0,3.1,3.87
37735,5,1,1.0,5.98
3178,7,4,0.2,2.78
41720,2,2,3.1,4.55
25248,3,3,0.5,3.28
29127,0,0,7.7,5.6
49394,7,1,1.4,5.02
28923,1,4,4.3,4.73
13964,6,0,2.5,3.91
13155,7,4,8.9,3.22
26174,6,3,2.3,6.01
23476,6,4,3.0,5.83
5407,5,2,6.4,5.02
31462,3,0,4.6,2.54
31540,2,3,9.2,5.49
33676,5,4,1.8,4.49
3251,0,2,8.1,5.58
27470,7,2,9.0,5.06
36166,4,0,9.0,5.12
20670,6,3,1.6,6.37
39828,2,2,2.8,5.02
45938,1,1,5.9,2.96
49258,1,2,9.6,6.79
22029,5,3,9.3,4.52
26255,2,0,9.6,3.12
33083,6,2,2.8,4.54
6990,1,1,9.5,2.73
31891,3,4,7.4,5.87
17915,2,3,4.0,4.94
980,4,0,4.3,5.85
44719,4,1,7.9,6.08
42657,7,0,1.3,4.6
45286,5,4,6.1,4.15
20711,3,1,9.8,5.25
19254,4,4,8.8,6.91
42041,6,0,7.0,4.54
15831,6,2,0.3,3.86
46295,3,2,3.1,5.95
13193,4,4,7.2,2.34
42108,7,3,3.3,6.29
9258,2,1,7.0,2.47
4754,1,0,4.4,6.4
25207,5,2,9.9,4.66
18563,7,1,6.9,4.28
47096,6,4,2.9,2.47
10293,4,0,2.5,5.34
21769,2,3,0.2,5.28
22252,0,0,4.2,6.21
37628,2,1,7.6,2.39
27061,0,2,6.0,6.89
28781,5,2,9.6,4.05
10565,7,4,1.1,4.45
21066,2,3,6.4,3.34
38706,4,3,6.7,5.88
29996,7,2,4.3,8.02
40394,2,0,5.1,2.35
42103,4,0,5.3,3.22
3001,2,2,5.8,5.03
5377,1,2,1.6,4.65
35701,7,4,8.0,5.16
26366,7,1,4.2,3.48
35157,5,3,1.9,4.38
23054,7,1,3.0,5.71
34902,7,3,0.8,6.13
42377,5,3,1.0,2.47
34076,0,0,6.6,5.44
48215,1,4,10.0,7.9
6007,0,0,6.9,7.66
45253,2,1,9.5,6.62
41892,6,3,5.7,4.59
25874,5,1,3.9,3.0
4085,0,3,3.5,5.54
24853,0,4,6.3,2.93
46190,7,3,0.1,5.45
35081,1,2,7.7,5.12
1155,1,1,3.3,6.08
32496,1,3,3.4,6.06
23596,5,2,0.7,5.34
30376,2,0,9.4,4.55
27473,3,0,1.8,6.47
38569,2,1,5.3,3.86
39560,5,4,2.6,4.84
32299,1,2,3.0,6.29
45087,0,1,1.2,3.04
12227,7,3,1.2,4.54
9160,7,0,0.4,4.2
2881,4,4,2.1,4.34
36924,6,3,5.2,4.74
2238,0,2,8.4,2.94
1368,5,4,2.7,3.14
19247,5,1,0.8,7.41
23829,6,1,7.3,6.05
39140,6,2,4.4,3.76
4995,1,0,3.4,4.32
1561,5,3,1.5,7.15
3356,1,1,1.8,4.78
31277,0,4,9.0,4.97
9341,1,1,8.7,5.53
24157,6,4,3.9,3.36
12450,3,0,2.0,5.97
47763,3,2,9.9,7.04
13299,4,1,6.8,7.3
27099,3,2,6.8,4.99
26002,6,3,9.0,5.92
12482,3,4,0.6,4.19
38658,1,2,9.7,4.14
47482,5,1,7.8,3.72
20783,5,4,5.3,5.04
8306,6,1,4.4,6.44
33670,6,2,4.9,6.8
29580,1,1,2.2,5.09
12706,1,4,2.3,6.45
35000,6,0,5.0,5.62
31834,0,4,9.7,6.43
33726,3,4,6.9,5.71
46843,6,3,3.0,6.52
2321,2,3,1.5,3.58
9958,5,3,3.5,3.08
43892,0,4,4.2,5.28
22684,3,3,6.0,4.81
10819,4,0,8.3,7.1
44301,3,3,2.3,7.15
43102,1,0,9.7,4.42
17417,3,4,0.4,4.5
542,7,3,2.0,3.41
24973,7,3,3.1,5.12
16436,1,1,2.8,5.56
9675,1,3,3.6,3.84
33709,5,0,9.5,3.25
738,6,3,7.1,4.25
29234,5,4,9.0,4.65
11285,3,4,3.1,4.54
37699,6,4,4.5,5.14
38005,7,4,3.5,3.09
48296,5,1,4.9,5.7
46052,5,3,10.0,5.33
49280,3,3,0.3,6.39
41739,1,1,5.3,3.3
36910,7,0,4.0,5.45
4289,0,2,0.6,3.65
16692,2,1,0.5,4.4
45128,1,3,0.3,5.79
48365,1,4,2.1,4.86
19164,0,2,2.8,4.97
26782,7,4,7.4,4.78
2210,6,2,8.8,4.33
34529,3,0,6.2,5.26
43776,4,1,7.5,5.11
7043,0,4,3.2,3.65
11189,4,2,3.3,5.2
2756,2,2,6.2,3.72
39569,5,4,5.8,4.02
5769,5,2,2.7,3.48
16532,7,0,4.7,3.93
25803,6,3,0.8,2.65
42524,6,1,7.3,4.7
26345,6,4,2.6,6.37
46938,4,3,9.6,4.0
4174,2,3,2.1,5.91
46037,3,0,8.4,3.26
35799,6,4,4.1,5.64
48722,2,2,2.3,5.24
14982,4,2,10.0,6.55
29896,7,3,6.8,5.73
32510,6,0,9.7,5.52
16357,7,1,4.6,5.11
9300,3,1,0.6,5.6
48529,4,2,5.6,5.34
6206,5,3,1.6,3.73
31657,5,1,8.4,2.22
17647,6,4,9.0,6.64
1471,3,4,2.6,5.83
638,0,2,2.1,4.96
28208,0,4,4.7,4.05
8330,3,1,0.7,5.28
47572,0,3,0.7,5.0
26281,7,0,3.5,4.36
45928,4,1,5.3,5.32
38610,7,2,8.5,4.23
23760,5,2,2.6,5.53
27865,6,1,4.2,5.33
31564,7,1,3.7,6.7
48119,3,2,7.4,3.66
44540,1,0,4.7,3.26
5237,7,0,9.4,4.67
43367,4,3,1.6,4.05
41988,2,1,6.1,6.96
22571,4,0,4.9,4.27
25078,0,4,2.7,5.66
10555,4,0,4.2,2.97
19655,5,4,1.2,5.61
7418,4,3,4.5,2.46
19636,3,0,5.8,6.66
906,0,3,2.9,5.61
4798,7,2,2.8,3.77
13149,6,2,3.5,4.72
309,1,4,9.5,3.9
25732,4,3,9.8,5.26
34352,2,1,8.0,2.99
27718,7,0,5.5,5.96
23408,2,3,2.8,5.07
5114,0,1,6.8,3.97
26605,6,3,7.4,4.63
24952,6,0,6.1,4.5
22950,6,3,7.2,4.26
47706,6,2,2.8,5.79
38314,3,3,2.0,4.37
15557,0,4,0.5,3.35
41745,0,2,8.9,4.74
26651,6,1,5.8,6.28
1360,2,2,5.7,4.04
5962,1,0,5.2,5.06
23236,4,4,1.7,3.73
34243,6,1,0.0,4.79
1999,4,2,2.8,5.78
23560,2,2,4.1,5.1
17341,4,0,6.8,4.65
832,0,4,6.7,4.96
25856,3,1,3.3,5.03
25164,4,1,9.8,2.92
34177,1,4,3.2,8.38
36512,4,1,6.1,4.95
15435,2,4,3.2,4.81
48954,2,2,0.7,3.18
3794,7,4,7.5,3.72
35195,4,4,4.2,2.5
38094,5,2,8.4,6.45
2444,2,2,7.6,6.31
42298,3,2,4.3,6.28
27549,0,0,0.7,4.32
34457,1,3,1.7,2.92
10041,1,0,2.8,4.5
44736,2,3,4.6,4.24
46691,7,1,0.0,3.12
47573,7,4,9.0,5.5
38916,2,2,3.8,4.28
14416,7,2,2.1,6.51
7163,3,0,7.8,6.06
31816,7,2,0.4,7.33
17947,7,1,3.1,4.81
30873,0,1,0.6,3.22
8965,0,4,5.9,4.67
19943,4,1,9.6,5.73
10839,1,4,8.1,4.3
34497,1,1,9.6,4.45
27809,7,2,9.1,3.69
8868,3,2,5.8,5.22
41640,6,3,4.7,4.35
20218,2,1,7.5,5.79
16836,0,0,7.6,5.11
5310,7,1,0.7,7.24
31390,6,4,9.2,2.05
33361,7,1,8.5,3.33
18773,1,3,1.4,3.89
19079,7,1,8.7,6.52
222,7,4,2.9,3.8
45933,5,0,4.0,4.8
17109,1,2,9.1,6.01
35534,3,2,1.4,5.17
28847,5,0,8.3,5.4
191,2,4,1.4,3.95
7778,3,1,5.5,2.92
23093,5,4,0.8,5.35
47795,5,1,0.6,6.16
12007,5,4,8.8,5.93
10655,6,0,5.2,5.24
38463,3,0,8.5,5.13
20674,3,4,7.3,5.09
28104,2,4,3.7,7.33
2553,5,4,8.2,7.28
10260,4,0,3.5,6.29
24129,7,4,7.4,6.48
42351,4,4,3.5,5.5
38956,4,3,2.7,6.46
31881,0,0,1.7,3.95
33160,5,0,3.9,4.53
23831,7,2,3.9,5.32
13630,5,3,9.2,3.93
35440,7,1,4.1,5.06
32554,6,2,7.2,6.35
46298,7,0,6.8,3.38
26360,6,4,7.4,5.45
36566,7,4,7.4,4.2
42501,3,1,2.0,4.86
4512,0,0,2.9,6.13
1810,1,0,5.3,5.98
49592,6,1,9.0,4.52
36825,2,3,6.4,4.74
24332,5,2,6.1,4.85
5754,3,0,5.2,3.79
48743,4,3,5.9,3.58
12785,7,1,3.8,5.36
38300,2,2,0.6,6.23
38378,4,3,6.7,6.06
17087,4,1,4.9,3.65
14854,3,0,3.9,7.27
26272,3,2,3.1,5.28
16303,1,2,2.0,4.46
1394,1,2,5.9,5.02
33037,0,3,8.8,6.89
14006,2,4,5.5,4.32
47234,3,2,5.3,4.15
8388,3,4,0.9,4.66
47381,6,0,4.8,3.76
19817,4,0,2.4,4.65
39768,3,3,5.7,3.62
34707,0,2,5.9,4.99
43589,7,3,1.4,4.46
49325,1,4,2.8,6.33
8565,3,1,1.7,5.66
27184,5,2,1.6,4.85
15741,7,4,1.4,5.44
13553,0,1,0.1,4.28
39204,6,4,1.3,4.98
48354,3,1,6.6,5.48
1655,4,3,1.3,3.64
27807,4,0,9.9,6.02
37781,0,2,8.1,7.08
23115,3,0,8.8,4.8
28984,0,3,4.7,5.4
23493,3,4,2.3,4.68
26572,5,1,5.1,6.91
33462,6,1,3.8,4.11
26733,7,2,5.9,2.56
34368,4,1,7.2,4.11
46128,5,3,9.1,5.29
38840,3,3,7.4,5.38
7888,7,2,4.4,4.37
41318,2,3,0.1,4.58
16905,3,0,5.6,6.45
25324,2,1,3.1,3.46
20795,4,3,5.7,4.58
23325,7,0,9.5,5.05
1006,0,2,6.6,5.38
11342,1,4,2.7,5.99
2119,3,4,2.7,6.44
34047,2,3,1.6,6.75
47052,2,1,7.2,4.92
49319,1,4,1.3,3.68
7222,3,4,1.4,5.53
13178,0,0,1.6,5.34
43154,5,0,2.1,3.94
15770,1,3,2.5,4.39
20489,4,4,8.9,5.96
48465,3,1,5.6,5.47
6241,2,3,7.5,6.69
42409,1,4,0.5,4.09
40627,1,4,1.4,5.62
27954,7,0,0.5,7.16
12438,4,4,5.4,4.27
38214,5,1,6.6,5.67
36619,6,4,0.8,5.07
31319,5,2,5.3,4.3
22460,5,3,4.3,3.67
46396,0,3,5.5,5.21
10222,3,3,6.7,3.96
47066,3,1,7.2,5.58
48691,3,3,8.9,7.71
42620,3,2,7.8,3.57
22573,5,3,8.5,4.05
32800,2,4,4.1,4.74
29516,2,2,1.8,5.19
29212,5,1,4.6,4.34
11939,7,3,8.7,6.77
24958,7,2,8.2,4.42
35305,7,3,6.6,5.24
29532,6,0,3.6,6.85
20341,3,2,1.8,4.91
21493,0,0,9.7,6.36
5866,5,0,0.3,3.77
28034,2,0,7.7,4.18
8082,3,4,0.5,4.02
1245,6,1,5.0,4.57
43228,7,2,5.3,7.14
47843,6,4,0.3,4.07
47330,5,0,5.0,4.24
10445,0,2,3.4,4.21
38309,5,0,7.4,3.88
13761,3,3,3.8,5.67
33244,0,1,1.3,5.82
17817,7,4,1.7,8.13
7984,2,3,7.7,5.63
19346,1,1,9.3,4.55
3417,3,1,2.1,3.61
23806,6,1,2.4,4.59
12322,6,0,3.3,4.66
5098,1,1,0.3,6.93
6898,3,0,3.7,2.66
16419,4,3,2.7,3.95
46742,7,4,6.1,5.66
36367,0,0,9.8,6.01
15709,2,2,4.9,4.03
27066,5,1,6.5,5.61
25143,5,1,8.4,5.09
34146,1,4,1.3,5.64
22877,7,4,0.7,4.13
7424,6,4,9.5,4.94
17555,2,0,3.6,3.44
35732,1,1,3.8,4.99
23988,0,1,5.3,5.26
12976,0,3,0.9,4.82
1021,5,3,9.2,6.97
40859,2,0,4.8,4.36
20984,7,3,3.9,4.71
48679,2,3,1.2,6.49
38600,4,2,5.6,2.73
13098,7,2,8.8,4.84
6624,0,4,5.4,3.62
20014,2,2,5.8,3.22
37788,0,2,4.8,4.14
12281,0,2,1.3,2.05
31403,5,4,8.7,5.37
6720,5,1,10.0,4.24
49122,5,3,0.7,5.59
31247,1,3,5.2,5.06
21292,4,2,5.1,5.83
33195,5,3,2.7,5.65
40668,7,2,9.0,4.9
6134,0,3,2.2,6.03
22217,2,4,1.3,6.99
49570,3,4,2.5,3.75
35261,5,3,1.1,4.85
24130,7,1,4.8,5.38
31890,5,2,3.2,4.87
7998,3,0,6.0,4.86
16998,1,1,2.0,5.1
2894,1,3,0.1,3.93
21569,3,2,8.1,7.03
34074,4,2,1.7,4.1
36602,2,0,5.6,5.96
2512,1,2,5.9,3.3
48981,6,3,0.5,4.43
18170,3,1,6.8,6.72
20827,5,3,7.8,4.06
36397,0,2,6.6,2.88
18232,2,3,0.9,6.6
43217,7,1,2.4,5.33
33275,1,2,9.3,4.41
35295,2,4,2.9,6.42
46658,1,1,2.6,5.26
44386,4,3,4.6,4.19
22720,4,3,0.2,4.5
3936,1,2,3.5,5.38
47269,1,3,2.4,5.45
9396,7,2,9.9,4.99
44197,3,0,5.4,5.26
5534,2,1,5.1,6.3
3183,3,0,8.1,4.2
46154,1,1,6.0,4.8
15475,7,2,2.8,5.44
46684,5,2,9.0,4.04
20741,3,0,0.5,3.86
23171,6,1,7.2,4.78
17385,6,0,6.3,4.3
10353,6,4,5.4,4.82
12577,4,1,2.9,3.17
12164,1,0,2.6,4.27
21989,5,0,3.3,4.52
24754,5,2,1.6,5.35
16440,7,4,1.2,5.42
46686,5,1,9.1,4.92
35128,7,1,6.1,4.42
5932,6,4,6.3,5.06
32915,0,1,3.2,6.42
14374,1,4,5.6,6.8
5621,3,2,8.8,5.99
28082,3,4,1.1,5.99
39786,5,4,7.5,6.61
11156,2,1,1.2,5.23
33641,1,1,9.4,4.1
10631,1,4,7.6,5.06
46373,0,0,3.4,5.62
22870,7,2,4.1,4.98
8618,0,0,7.4,4.32
20091,0,3,3.0,3.87
37817,5,0,7.3,5.34
8395,3,1,7.2,3.42
43209,4,2,4.2,5.18
2940,5,2,0.3,5.4
38010,3,2,5.3,4.28
19623,0,2,2.2,5.18
6905,6,0,6.9,6.27
30457,4,1,9.5,4.79
48347,4,1,5.2,5.64
29721,0,3,2.6,3.96
23999,6,0,2.3,4.12
10630,5,2,9.6,3.77
29712,3,4,8.7,3.87
6271,0,4,1.0,3.11
36262,4,1,5.1,3.2
20404,5,1,5.4,6.1
19909,3,4,6.8,3.6
36242,5,1,5.2,5.54
49129,2,2,8.8,2.97
8838,6,0,9.2,4.95
46992,6,2,0.4,4.59
45776,5,4,2.6,4.49
27613,4,3,0.9,5.47
34972,5,4,1.3,5.03
45371,3,2,7.4,6.65
45528,1,2,6.0,4.09
35286,4,3,8.2,3.91
34766,2,2,7.5,3.85
1267,2,1,4.1,5.38
2427,6,4,8.8,4.13
17568,3,1,8.3,6.29
13920,4,3,3.0,6.93
44984,0,3,4.0,5.12
13714,4,1,0.2,4.94
25640,0,1,2.7,5.95
2026,3,4,1.5,4.49
41236,5,1,7.3,6.04
26167,7,2,7.7,4.19
14744,3,0,9.8,5.68
2002,1,3,8.3,4.37
25799,1,1,0.7,2.95
46193,5,2,6.2,2.92
22247,4,2,6.3,3.08
39453,7,1,9.5,3.37
16385,2,1,4.3,5.79
15605,1,4,4.9,4.69
46692,4,1,1.9,5.67
8374,4,4,9.5,5.9
26795,6,0,9.9,5.74
22408,2,3,0.8,4.34
31364,7,0,7.3,6.33
45536,6,2,8.5,4.39
7031,0,2,0.7,3.79
14118,0,4,6.5,3.21
29683,1,0,6.4,2.9
43198,2,2,3.1,4.81
42589,1,1,7.8,2.95
44695,1,4,2.2,6.91
48107,0,3,2.8,4.96
9225,1,4,2.6,6.34
41053,2,4,6.2,4.76
16506,5,0,6.8,2.13
12060,3,1,0.7,4.59
7246,6,1,3.7,6.69
12749,4,1,9.4,3.99
28175,4,4,7.5,3.77
45204,1,3,0.1,7.47
12330,5,2,6.7,5.57
33104,0,4,9.1,4.48
2507,3,3,4.3,4.33
10535,7,3,2.8,5.57
47321,7,1,4.3,4.73
43779,3,1,8.2,5.52
34313,3,4,5.3,5.43
25305,0,0,6.8,5.4
19277,1,4,8.3,6.32
37645,1,1,5.6,5.47
43396,1,1,1.9,5.5
40543,3,2,2.1,6.32
36675,2,0,6.3,4.25
33561,6,3,2.6,3.12
32980,7,4,0.1,5.4
16281,1,2,8.9,5.29
27105,2,0,9.6,6.11
20139,7,4,8.5,5.54
17823,6,1,5.6,4.33
34258,3,0,3.5,4.1
966,1,0,1.5,4.88
43045,5,3,1.1,5.74
14918,1,2,8.3,2.18
28137,6,4,1.9,3.9
18852,3,0,1.2,5.19
25717,3,4,3.7,6.58
32849,1,1,7.3,4.1
45546,2,2,1.4,6.04
17682,6,2,4.8,4.87
29454,6,1,0.1,5.06
21579,5,1,4.8,7.56
11934,3,3,2.0,3.15
36567,0,3,4.6,4.1
1835,7,2,3.0,3.9
29028,4,3,6.8,6.41
37760,3,3,10.0,3.01
12177,5,2,9.0,4.74
28898,7,3,1.1,6.36
19551,0,2,6.8,5.47
49484,7,3,0.6,6.5
46006,3,4,8.1,5.62
48294,5,1,2.2,4.42
44445,0,0,3.7,4.54
21145,0,1,4.3,4.64
15835,3,1,4.2,6.23
42674,5,2,2.1,5.48
40456,0,2,3.1,4.15
39425,4,3,5.2,3.14
4136,5,3,1.4,5.7
34581,5,4,4.9,4.77
47225,6,2,3.3,3.34
32110,3,1,3.1,5.73
42203,2,4,1.1,3.72
44911,6,1,4.6,3.75
42394,7,0,2.8,4.76
40841,3,0,1.3,5.12
37020,4,1,8.9,4.94
38774,0,1,4.1,4.77
37316,5,1,6.8,4.73
43983,3,1,4.9,4.79
49577,1,1,3.3,5.07
14144,4,0,3.7,5.9
47959,0,1,7.3,6.13
49900,3,3,7.2,5.88
29932,2,3,9.8,4.77
33270,5,2,9.9,5.25
39288,5,1,4.8,5.72
25719,7,0,9.1,4.68
22028,6,2,6.2,5.16
5296,4,0,0.4,5.82
19980,6,3,9.4,3.86
32509,3,3,4.6,4.84
30567,3,3,5.7,6.36
20284,7,2,9.5,6.8
27727,2,0,2.4,4.32
9477,0,0,1.4,2.59
17512,1,1,6.7,4.6
43871,7,3,3.7,6.59
36222,5,4,7.2,6.73
14010,6,1,3.9,4.93
44475,4,2,6.4,1.52
10564,5,2,4.2,3.62
19286,7,1,9.5,4.9
36180,3,3,1.8,4.65
37070,2,0,1.0,6.08
32759,0,4,0.4,5.45
2540,1,2,8.4,4.07
17364,4,3,2.5,5.9
49336,6,1,7.0,6.34
43895,5,3,1.4,4.19
35226,7,1,0.2,4.08
506,1,2,7.8,2.87
17540,5,2,9.5,6.08
14053,3,2,4.1,5.33
34171,3,1,1.7,6.02
27438,3,3,9.5,3.82
16778,6,2,7.4,3.02
48000,2,4,6.9,5.77
31172,6,2,4.1,4.1
6346,0,1,5.1,2.18
33523,4,1,4.5,3.76
43673,4,2,2.2,6.48
20819,7,0,6.1,5.16
34477,4,2,2.3,5.71
5893,5,2,4.8,3.65
25674,7,2,0.4,3.84
39109,0,3,9.5,6.0
4602,4,1,7.4,4.56
44662,5,2,5.6,4.94
24050,4,2,0.9,5.19
22257,2,3,0.5,6.77
13799,0,3,7.9,3.97
10296,4,0,6.4,5.43
23052,0,0,8.8,2.8
46106,0,2,6.0,4.31
16211,7,0,5.1,3.83
35367,2,2,3.7,4.75
20639,3,4,1.3,5.11
25574,5,2,1.3,5.82
29231,5,2,9.1,8.05
29746,1,2,9.6,3.49
37680,7,1,9.2,4.53
48407,4,0,1.9,3.17
8484,3,1,8.7,4.5
21780,6,1,3.3,7.78
4806,4,3,7.7,3.73
10640,1,4,3.0,5.37
43715,7,4,2.0,5.39
44120,4,0,7.8,4.73
29069,5,2,4.2,2.07
6330,3,4,4.0,5.01
41087,5,1,7.7,4.44
31632,5,3,7.1,4.53
17282,5,0,7.7,3.91
14295,3,0,2.1,5.55
34479,7,4,5.1,4.56
45836,6,0,4.0,4.86
9539,1,2,9.7,7.25
42471,3,2,1.6,5.74
31455,0,0,9.6,7.7
16145,3,2,4.6,5.7
17052,6,1,5.1,5.19
20253,1,2,2.3,5.73
47723,5,2,7.5,3.21
46983,6,0,5.9,6.65
17916,5,2,4.6,5.17
43462,2,4,6.4,5.89
24874,2,3,8.9,4.4
39880,7,3,7.7,4.65
14100,3,0,6.0,3.85
11914,1,1,0.7,4.65
15236,4,0,6.3,4.11
33162,4,0,4.5,2.07
2358,3,0,6.5,3.62
46737,7,4,4.1,6.3
6902,5,4,5.3,4.05
37723,5,4,8.8,3.91
31845,1,1,2.4,4.05
28407,1,2,6.5,5.67
44628,5,3,6.1,4.28
41470,2,3,0.1,4.88
45050,3,0,2.0,5.48
32081,7,2,8.5,5.14
42402,3,2,4.4,5.79
23566,5,0,7.8,4.84
24489,3,1,8.6,3.81
1273,6,2,4.7,5.09
31645,2,1,2.6,3.75
1047,6,3,8.5,3.78
36757,3,0,5.9,4.38
31432,2,2,7.6,3.58
5006,5,2,0.2,5.28
45011,0,4,9.8,5.26
48965,1,1,9.6,5.68
10597,5,3,0.8,7.03
12598,2,0,9.2,6.42
23232,0,3,1.0,5.03
43493,4,0,5.0,4.78
48991,1,2,3.7,5.19
17472,1,2,0.4,5.28
15462,0,1,3.5,5.26
24598,3,0,9.9,5.22
38418,3,4,9.4,5.49
29757,3,3,7.7,5.65
15486,1,4,2.1,5.03
24384,0,2,0.8,3.95
30739,7,4,0.6,5.67
1876,5,4,2.6,4.12
3052,7,3,9.9,4.47
43597,1,1,0.9,5.82
25129,0,4,7.7,5.22
32955,6,0,2.4,6.18
8207,6,0,8.4,4.72
26836,6,4,1.7,4.65
16517,4,2,0.5,4.59
31238,0,0,3.5,6.23
37143,1,3,2.0,4.72
26810,7,0,3.1,6.45
39193,6,4,9.5,7.1
37206,1,3,10.0,5.35
55,3,1,5.4,5.08
33678,3,1,1.8,5.16
19708,7,0,4.5,4.54
29941,1,0,3.6,5.02
49017,0,1,7.9,6.75
29260,3,4,3.7,4.79
39194,2,4,4.7,4.66
3663,0,2,2.0,5.54
46631,5,0,6.2,5.81
45458,7,4,5.1,6.07
23368,4,2,1.0,4.52
30730,0,4,0.1,5.06
25430,3,2,8.9,4.24
34652,0,4,2.9,3.85
6260,7,4,6.6,4.45
44078,6,2,7.4,6.45
46483,0,3,7.2,5.8
17597,3,4,5.8,5.22
6422,1,0,4.8,2.36
21371,0,2,8.0,3.25
4510,7,2,3.3,4.73
31102,7,2,2.4,6.01
5556,3,1,4.4,5.47
29396,0,2,1.0,3.24
3810,3,3,2.9,2.87
3533,2,3,10.0,6.81
45017,6,4,7.5,6.4
3402,3,0,4.4,3.42
39168,5,1,7.2,4.36
13987,1,0,2.7,5.84
6746,2,4,5.8,3.46
27471,3,2,6.2,4.66
38428,7,3,4.1,4.5
25452,5,3,5.1,6.07
20705,4,1,5.3,6.11
42865,0,4,7.3,4.02
17020,0,1,5.6,4.84
41108,5,1,0.5,3.88
39773,6,1,2.0,4.09
33811,0,0,3.9,3.11
7684,4,3,0.5,5.3
40577,5,3,8.4,4.39
38806,6,2,5.8,6.66
5268,3,3,7.6,5.87
20356,3,3,6.2,5.93
29736,7,2,7.7,2.67
11090,5,1,0.1,4.97
3499,5,4,0.8,5.06
44348,7,3,6.0,4.5
1508,4,2,5.6,2.94
22861,3,0,0.2,4.71
16011,2,3,7.9,6.39
37116,5,2,3.2,5.63
15830,0,0,3.0,3.98
26205,6,0,7.8,6.08
20081,6,4,5.3,5.35
3999,6,1,8.2,5.17
2549,3,4,9.3,3.95
13729,3,4,0.2,4.17
29357,0,2,8.0,4.51
47934,3,3,4.5,6.49
36053,3,4,9.8,5.16
10575,4,4,7.1,6.25
48708,2,2,1.8,2.76
18043,7,2,8.7,4.43
5798,2,1,1.1,3.59
11098,0,0,7.7,1.99
2056,3,2,6.6,5.24
4630,0,4,2.7,5.09
18191,4,3,7.6,5.53
45679,3,0,0.0,3.58
36378,3,4,4.0,5.88
34292,1,2,1.7,4.66
27085,2,0,1.7,6.27
38789,0,3,1.3,3.44
44656,7,1,7.3,4.93
32053,7,4,6.5,3.95
32902,3,4,4.0,6.09
22168,0,0,4.6,4.99
2939,1,0,1.6,5.02
22769,2,3,9.2,7.06
20193,7,4,1.8,6.48
35823,4,4,7.9,6.77
12923,5,0,3.8,3.75
19654,5,0,8.6,6.1
39696,5,4,7.0,5.74
26648,5,4,9.2,4.6
23167,1,0,2.0,5.77
931,1,3,5.3,4.43
31724,0,4,2.7,4.13
9734,0,4,5.5,5.43
16552,2,2,3.0,6.76
24232,1,0,3.1,6.42
32633,3,0,3.4,6.28
17911,3,3,5.3,5.85
24511,5,0,3.6,3.65
21116,4,3,7.9,4.37
24201,7,4,1.8,6.33
2189,2,3,3.8,5.86
32712,1,2,2.7,4.61
16781,0,4,2.4,4.56
26379,5,1,10.0,4.09
31553,2,0,2.9,7.35
22560,2,4,5.9,3.73
28518,1,1,4.4,4.18
43559,4,0,1.9,5.75
23242,4,3,9.3,4.14
24816,6,1,6.0,4.48
22568,5,1,9.6,5.45
34573,4,0,9.3,4.42
2753,3,0,1.0,3.54
1229,7,2,9.6,5.06
8179,1,1,5.4,5.21
1704,2,1,0.6,5.11
47765,1,1,4.5,2.92
41160,1,1,4.3,5.44
38901,4,2,4.4,5.01
11639,7,0,1.6,2.77
41471,4,4,0.7,3.28
40008,5,4,8.9,4.87
24333,5,1,1.4,5.42
10948,6,2,6.2,3.28
23009,3,2,3.3,4.86
47249,5,0,1.9,6.0
27883,4,3,2.9,5.16
43352,6,0,9.0,6.77
15081,1,1,3.8,4.63
18228,6,0,0.9,4.11
19044,4,0,0.6,5.51
32540,7,3,8.2,2.78
9964,2,4,4.0,5.11
34765,5,2,8.4,4.51
28464,3,2,0.3,3.81
47137,0,2,3.9,6.82
25990,5,4,0.1,5.99
16830,6,0,7.7,5.98
24861,2,3,0.2,5.07
23861,7,2,7.5,4.81
6575,4,0,1.8,3.78
17293,0,3,1.3,4.86
20791,6,2,5.0,3.57
9979,7,4,2.6,4.29
41219,0,4,4.3,4.46
17019,5,3,6.8,6.27
40402,7,1,3.6,5.22
15302,5,2,1.2,6.03
35808,7,0,7.0,5.73
14791,5,3,9.9,5.36
31026,5,4,2.8,4.23
6783,4,2,2.8,2.74
12341,7,1,1.7,3.66
23108,4,0,10.0,6.56
31942,6,3,1.8,5.19
28614,0,4,3.1,5.43
1982,4,2,8.9,5.4
15393,3,1,5.5,2.9
11619,6,2,9.7,3.08
47204,5,4,2.5,4.71
42049,4,3,7.0,5.24
25019,0,0,8.5,4.3
38138,3,2,3.3,6.35
40318,6,3,0.2,4.58
12073,0,3,2.0,3.57
10273,0,4,9.5,2.94
2113,5,3,2.8,3.03
35814,5,2,6.9,3.07
5305,1,4,8.9,5.21
33923,3,0,3.6,7.14
31706,2,0,8.1,5.6
26449,5,3,2.8,4.08
44248,7,3,4.7,7.11
46791,5,2,7.3,4.12
23631,2,3,9.0,5.82
13844,2,1,7.4,5.37
48353,2,1,5.2,7.28
4012,7,4,8.5,4.57
159,3,0,0.9,6.68
43883,1,0,7.5,6.44
46863,4,4,8.0,3.36
16908,6,4,2.2,5.78
14929,4,4,0.4,1.51
27469,1,3,6.5,5.84
15057,7,4,5.8,3.92
16490,1,2,6.6,5.48
3117,0,1,7.5,3.78
4299,5,3,3.2,4.79
10056,2,1,4.5,5.35
3968,6,4,2.6,5.75
38260,1,2,2.4,7.7
1915,1,2,8.7,4.59
36181,6,0,7.0,4.52
25809,5,4,0.8,4.02
100,1,3,2.5,4.35
35568,4,4,9.6,5.49
47854,4,2,5.3,3.25
5335,6,2,2.0,2.93
4304,0,0,9.3,5.39
24108,4,4,7.4,6.01
45054,4,2,4.0,3.6
6655,4,0,6.9,5.63
19441,7,1,1.0,3.94
27820,3,2,9.9,3.8
17592,6,2,7.1,5.41
8454,4,4,6.5,5.36
21896,0,2,2.4,5.16
41467,4,3,0.2,6.39
40717,5,1,3.0,4.59
35022,5,4,5.6,5.04
3343,0,3,9.7,3.03
46872,0,1,9.9,4.36
7102,5,2,1.8,4.88
43885,6,3,3.0,4.74
7662,0,4,7.7,4.52
29548,2,0,9.2,4.86
29940,5,3,2.8,4.14
42250,4,3,5.4,4.3
12913,2,1,6.6,6.61
46810,0,1,4.5,5.45
38715,4,2,7.7,4.11
40372,4,2,2.3,6.52
40166,2,2,7.3,3.85
24047,3,0,1.1,4.82
33061,4,2,5.0,6.3
20917,0,0,2.4,5.95
46626,4,1,7.3,5.44
24038,2,3,8.8,4.25
14575,7,0,5.7,4.35
31758,1,2,0.7,1.86
44576,2,2,8.9,4.95
23249,2,3,4.7,2.46
13858,7,1,0.5,5.07
41490,3,2,5.8,5.25
4653,4,0,2.9,5.15
31188,5,4,8.3,5.18
24401,0,0,4.5,2.43
42380,6,2,6.2,2.83
7518,6,3,4.0,4.95
10551,2,3,7.6,2.07
14703,0,3,9.8,3.88
3720,7,2,5.2,5.97
19569,2,1,9.2,3.5
44375,2,0,3.7,5.54
3945,1,1,6.0,6.89
39618,1,4,6.1,4.79
33276,3,1,9.1,4.59
45996,6,3,1.6,2.06
15721,2,1,7.6,5.53
27269,2,0,7.5,3.38
23119,6,1,9.4,6.74
15509,7,1,9.9,3.26
44855,4,3,1.6,2.65
4967,3,2,4.9,5.97
46359,6,3,8.1,3.38
49954,0,4,3.0,3.19
38741,3,1,9.7,4.15
14397,7,0,8.4,4.08
20771,4,0,0.7,4.94
49186,0,0,3.2,6.42
12315,0,4,7.2,4.73
31392,1,0,0.2,5.84
39191,4,1,9.1,4.33
3842,1,3,4.9,5.49
13449,7,2,4.8,4.35
33477,4,0,0.7,5.31
15452,3,1,1.4,3.44
29670,5,1,6.4,5.82
37262,1,3,2.1,8.02
11798,3,0,9.7,6.44
8471,0,0,4.3,4.86
13872,1,2,7.0,4.53
5647,4,4,4.3,6.08
13468,6,0,8.9,5.48
18915,1,4,8.4,5.25
45107,0,2,2.5,5.0
16670,0,4,7.8,5.27
41626,6,2,1.4,4.59
43718,2,0,8.4,2.41
39738,6,3,7.6,4.67
31198,0,0,4.9,6.63
16452,0,1,6.2,2.37
36981,7,1,0.6,5.92
3142,6,1,0.0,6.95
30652,6,4,1.2,5.44
29154,3,2,5.8,5.63
2902,3,3,6.8,6.42
18675,6,4,2.0,2.08
161,7,0,6.5,3.43
25148,4,4,3.3,4.43
25132,4,4,8.0,4.66
21701,1,3,9.3,2.86
44926,6,2,1.5,5.44
25886,3,0,1.4,4.51
17747,3,2,7.8,6.54
43940,6,4,4.7,4.6
36539,4,1,5.7,4.74
12332,0,3,0.9,6.87
24852,6,2,9.5,7.05
42229,7,4,3.7,5.64
4562,6,2,3.1,7.06
43178,1,0,2.6,7.12
27024,2,2,0.3,5.52
45502,1,2,4.2,5.06
24821,6,3,1.6,5.81
26953,7,2,7.5,4.29
20155,7,0,6.5,4.97
33198,2,3,7.6,4.53
41654,7,1,7.6,5.66
23609,3,2,0.1,6.68
29395,6,4,8.5,3.01
42550,3,1,1.7,5.19
21713,5,4,9.1,4.92
17690,7,1,1.4,6.05
5284,4,2,0.8,5.64
690,3,3,2.3,3.05
40523,2,1,3.6,5.93
14685,6,2,8.1,3.19
47879,7,1,2.3,6.29
24907,5,3,1.5,4.39
26072,0,4,1.2,3.35
19016,4,1,1.0,3.53
34520,3,0,2.6,6.52
14908,3,0,5.1,2.93
16681,4,0,1.2,5.45
26357,2,0,2.1,5.19
15356,6,3,9.8,6.25
23040,2,2,9.0,5.14
36610,4,4,9.5,2.72
6354,0,0,0.3,6.03
43614,0,1,3.1,5.04
21254,2,2,1.6,6.07
29290,3,2,2.5,5.36
49779,4,1,1.7,6.52
13117,1,3,1.4,3.9
29477,5,4,9.8,3.57
44619,2,0,5.2,6.79
14175,2,1,5.7,5.3
2662,4,3,2.5,6.53
39184,1,4,1.7,6.07
25655,2,0,5.0,3.76
13087,3,4,7.1,5.62
45661,4,0,5.3,5.88
36835,2,2,2.2,3.94
4877,7,4,1.5,3.88
47802,0,4,7.5,4.6
20799,6,1,5.7,5.4
26494,1,2,0.1,3.71
9711,7,2,3.9,6.47
21543,4,2,2.0,5.81
7856,5,1,7.4,6.72
11725,3,3,0.1,5.34
9283,3,1,5.3,4.46
9060,3,4,8.9,4.01
13204,3,2,1.3,5.68
48203,7,1,3.9,6.36
30880,6,2,6.8,6.15
49298,7,3,4.3,6.17
28840,2,1,1.9,5.35
6728,6,2,7.7,7.09
33201,4,2,7.0,4.86
43848,5,4,2.7,5.18
7445,5,1,4.5,3.2
30199,3,3,5.6,4.79
41,5,1,7.4,5.15
4075,3,0,4.5,6.32
2705,2,0,4.6,5.49
6860,3,4,2.6,6.6
21354,3,1,3.3,4.85
41475,0,3,2.6,5.86
38170,4,2,5.3,4.62
20824,4,4,3.6,7.32
48358,5,1,3.3,4.79
4785,3,2,2.4,3.09
11280,6,0,6.7,4.23
8258,6,2,5.3,6.94
15188,4,1,5.8,4.55
2886,7,4,0.6,5.62
42494,5,0,7.5,6.34
49160,5,1,6.2,5.78
6719,7,2,5.6,4.8
37155,5,2,1.5,6.37
35019,5,0,7.0,4.78
13273,3,1,9.2,6.28
32060,2,1,0.8,4.97
2380,4,4,4.7,5.9
2037,6,1,9.6,5.12
13613,5,4,1.8,4.2
38217,7,4,9.7,5.73
5606,5,4,0.2,4.52
45697,5,3,0.6,3.55
9091,1,4,7.8,6.15
39838,5,2,3.2,6.69
41775,2,2,0.0,5.96
12039,3,2,0.1,3.98
38801,4,3,8.1,6.9
22007,1,0,1.5,4.87
19011,5,3,2.2,5.78
24676,4,2,5.2,5.52
27036,0,4,6.6,4.93
12758,5,4,4.6,5.78
45579,0,2,7.7,5.09
40894,7,3,1.1,3.77
23217,7,4,5.0,5.32
21882,3,4,8.3,5.19
19280,2,2,1.9,5.29
28244,5,3,0.4,7.19
8343,2,1,5.6,6.05
24328,5,4,8.0,5.5
13446,3,0,0.7,2.51
12984,3,3,8.4,3.1
39263,4,4,5.2,3.06
17240,3,4,5.0,3.45
27300,4,2,8.1,3.04
22109,2,3,8.6,4.47
36484,3,0,1.6,5.02
48019,1,2,5.9,6.64
13842,5,2,9.2,5.03
17283,2,4,5.9,6.11
32275,1,0,7.2,4.72
15028,6,2,4.0,5.11
4087,0,3,2.6,2.95
22232,3,0,0.4,4.01
45015,5,4,6.5,7.22
9277,7,0,0.9,3.86
9611,1,4,6.3,4.48
31438,7,4,6.9,5.91
38039,6,2,3.3,4.39
34525,2,4,0.2,5.03
13323,7,0,8.7,6.72
18894,1,1,7.1,4.08
44393,6,2,2.7,6.42
17221,6,0,6.1,2.33
20230,6,4,7.6,7.57
15547,4,4,6.6,6.57
4913,0,0,7.3,6.35
473,4,1,2.3,3.87
45199,3,1,9.9,5.75
43867,3,1,3.1,6.2
14552,2,1,3.1,8.25
26540,4,4,9.4,5.15
23777,6,3,5.0,5.42
5390,3,2,6.6,5.1
29875,6,2,7.8,5.34
23288,7,3,3.1,4.74
19135,0,2,7.1,4.25
43080,5,0,9.9,3.26
4846,7,3,7.3,4.52
8238,5,4,7.8,4.87
19676,4,1,2.1,4.03
8193,2,3,8.0,4.73
48199,0,0,9.8,7.24
6421,5,1,2.0,6.31
26191,7,3,3.0,5.86
21391,7,0,7.5,3.68
27486,5,4,4.6,5.55
711,0,2,9.2,2.88
49085,2,1,3.0,4.83
25354,5,0,9.2,4.53
23894,0,3,9.0,5.29
33668,2,2,7.8,4.71
29307,1,4,4.9,5.91
22156,5,2,5.3,5.23
39401,7,2,8.4,4.03
3271,2,4,9.8,4.63
30172,1,1,7.0,5.92
12429,2,0,7.6,3.98
34534,5,2,5.4,4.19
20300,7,4,2.8,4.53
23045,3,2,6.1,5.93
20222,4,1,0.3,4.66
7018,1,0,4.1,6.32
46958,4,3,7.0,5.01
7735,5,1,8.2,2.43
4747,6,3,2.6,3.51
39906,6,4,0.6,6.86
11498,7,2,2.8,3.02
2117,2,2,5.6,4.14
39289,2,2,4.0,5.02
8993,1,1,3.6,4.43
40958,0,0,9.8,5.96
43124,4,4,9.5,5.93
6856,5,4,8.6,5.04
23786,3,2,0.4,5.93
41088,7,1,9.7,4.37
40794,6,1,2.8,5.26
31826,1,3,8.1,5.01
33447,3,0,7.4,4.61
27952,2,4,7.4,5.16
44818,6,0,6.4,4.08
6458,7,1,1.5,5.37
8734,7,3,2.0,6.14
3924,7,3,2.9,3.77
17809,6,4,7.4,4.57
38964,7,3,6.2,6.65
45475,3,4,0.1,5.24
17391,4,3,3.0,6.51
32530,7,2,4.2,3.71
10402,2,4,9.0,4.53
12727,1,1,8.0,5.97
33171,1,2,4.2,5.3
577,6,0,6.7,4.43
18190,1,4,7.7,4.98
2178,1,1,1.8,2.13
46243,6,2,0.6,6.2
47394,6,2,1.3,6.08
41005,3,4,0.3,5.04
48011,6,4,4.3,6.12
44318,7,0,0.6,4.08
49275,6,1,2.5,5.1
1432,6,2,0.8,7.45
25322,6,2,9.0,6.27
29555,4,3,6.9,4.17
12814,4,2,3.3,5.26
34532,2,3,4.1,6.79
18440,1,3,7.6,3.6
8559,0,3,5.2,5.52
26807,0,0,7.2,6.18
1600,1,4,2.1,6.78
28162,6,2,0.2,2.72
6642,1,4,7.2,3.6
2657,4,2,4.6,4.81
38566,6,3,0.3,2.47
39143,5,1,4.5,5.81
12032,4,1,8.2,6.19
40504,1,1,7.0,4.52
28259,3,0,5.7,5.7
22270,3,4,9.5,5.67
19510,4,3,8.0,4.16
30374,6,0,1.9,3.56
28165,2,2,5.5,4.88
17791,0,0,0.2,5.86
3124,4,4,9.6,7.12
148,7,3,1.1,4.8
12034,1,2,2.4,5.01
19906,1,4,9.0,3.81
33046,4,4,7.1,3.9
2394,1,0,6.2,4.52
5928,7,1,1.8,5.26
42223,2,2,0.9,3.44
48911,1,4,3.7,4.7
38912,1,4,8.9,4.01
22719,4,4,3.3,5.69
28229,7,1,4.8,4.7
49152,2,2,10.0,7.22
46831,7,1,3.3,6.95
3239,4,0,9.4,3.65
35876,1,2,1.6,5.23
11792,0,2,8.9,3.71
22321,1,3,7.3,3.81
359,6,0,0.7,4.96
16523,0,3,5.0,7.26
30591,1,1,1.7,4.0
4670,4,2,4.5,6.06
48251,6,1,8.2,5.7
47348,1,1,2.9,3.79
27794,0,3,5.5,6.29
33513,1,2,7.4,3.31
26178,0,4,7.1,4.25
34084,5,0,2.9,5.66
9506,2,3,7.5,5.47
6555,5,4,4.1,7.4
5111,7,3,9.9,3.65
37365,3,1,1.2,4.08
20224,2,2,3.8,5.73
6980,0,2,5.3,4.09
49712,5,0,3.6,3.36
45385,4,3,1.4,5.1
16460,7,0,1.8,3.78
40762,6,2,4.3,4.73
39695,4,2,7.2,4.42
46008,1,0,7.2,3.92
26823,6,2,2.1,4.59
20128,5,0,9.1,4.45
7490,2,0,7.8,4.66
44874,2,4,6.9,5.98
28656,7,0,4.9,5.96
34310,6,3,2.0,2.76
46466,1,0,9.7,3.9
32142,1,4,9.2,3.11
13538,1,0,10.0,4.39
29646,2,4,7.5,2.77
46278,1,0,5.9,4.41
45820,1,1,5.9,5.06
8845,5,4,8.1,7.14
748,7,0,6.1,5.9
31675,7,2,6.5,1.79
4485,3,1,5.1,5.11
6621,1,0,4.7,7.18
524,0,3,9.6,7.31
34316,5,2,7.9,3.16
9571,4,2,5.2,3.67
34289,2,1,6.2,7.71
43347,4,3,3.2,6.47
1797,0,0,7.3,3.62
2585,6,2,6.9,4.83
48723,1,3,2.9,2.65
1115,1,2,9.3,4.35
22686,7,3,0.2,4.72
43361,3,0,2.3,2.48
47455,2,1,6.3,4.75
7724,4,1,9.5,3.96
36037,0,3,2.1,4.69
23878,1,2,7.6,5.98
269,1,2,7.1,6.09
47923,1,2,4.8,4.78
29920,3,0,2.6,4.73
46481,1,1,8.3,5.59
37894,1,3,6.8,5.94
7244,2,0,1.5,4.22
25614,5,0,8.9,6.18
40568,2,4,4.8,4.69
13130,5,0,5.5,3.55
6830,4,3,9.1,4.05
1056,5,4,1.7,5.65
10470,6,2,7.7,5.19
25777,5,1,0.8,5.48
24526,5,1,8.6,3.06
8919,5,4,0.9,5.97
6737,1,0,8.1,6.14
41456,0,4,3.7,4.42
7025,5,1,9.6,5.13
1753,3,0,0.7,4.34
22805,4,1,8.3,5.64
25876,2,0,7.8,7.36
6753,7,1,9.7,5.44
49327,7,4,8.3,5.07
33375,1,3,7.5,5.21
1111,5,2,7.6,5.24
46417,3,1,5.4,5.92
35202,2,4,0.5,6.56
12673,5,0,0.8,5.87
4447,5,1,1.3,4.56
12250,2,4,7.8,6.92
14213,6,2,2.6,5.14
19316,7,3,7.9,4.93
14994,3,4,0.4,3.82
41411,7,1,6.5,7.18
46590,2,1,0.1,5.35
36218,5,4,9.1,5.67
16851,5,0,3.6,5.15
12669,3,3,0.1,5.75
32200,4,2,4.7,5.33
6603,1,2,6.3,5.45
11143,3,3,5.9,4.64
7447,7,2,1.4,6.49
8483,5,2,4.4,3.92
7676,4,3,7.9,4.56
15777,5,1,0.2,4.65
7336,3,0,5.1,5.12
9873,5,2,7.5,2.32
13038,0,3,1.7,5.65
534,2,2,1.0,5.2
31385,6,3,4.8,6.04
21280,6,1,9.4,4.7
13132,6,1,1.8,5.34
15385,7,0,3.4,5.81
27687,4,1,9.7,4.32
19074,3,2,8.8,3.92
17653,4,2,0.8,5.89
17511,1,4,4.9,3.21
35388,3,4,6.9,5.44
41620,7,0,1.8,4.58
24892,1,0,2.3,4.41
39189,6,1,8.0,4.79
32643,2,2,7.2,7.4
43753,6,0,0.4,5.31
48244,1,4,2.2,5.25
22182,0,1,8.4,5.07
36712,1,1,8.8,5.68
45637,6,4,5.4,2.83
49617,1,1,4.3,6.07
41902,2,4,8.2,5.81
35237,6,4,0.0,5.7
2070,4,4,9.7,4.06
44335,2,3,9.4,6.51
35068,7,0,8.7,4.29
212,4,2,1.3,4.46
18329,3,1,9.3,4.5
479,2,3,3.0,4.52
6679,1,2,9.2,2.58
20187,3,4,7.2,5.73
17241,4,4,3.3,6.6
20402,7,1,7.8,5.48
5784,0,3,3.9,6.39
42178,3,1,5.1,6.94
17330,7,1,9.3,5.98
967,4,4,3.5,6.07
7231,6,0,8.7,3.87
4232,1,4,0.5,4.71
23667,7,1,7.9,3.52
9049,0,2,5.6,5.44
14013,6,0,3.3,5.85
27584,7,4,7.7,3.24
35722,5,3,4.6,3.9
19121,2,1,0.3,6.88
6057,7,4,8.9,4.21
2479,0,0,2.2,5.62
15857,4,2,9.4,4.57
18706,1,4,4.9,4.38
8007,7,2,3.3,4.13
49267,4,4,1.0,7.62
43579,2,4,7.5,3.78
37656,6,1,0.8,5.42
13991,0,4,0.5,5.83
3455,1,4,8.6,4.31
16787,3,0,5.9,2.65
35343,6,4,5.1,4.45
14648,2,0,8.8,5.23
3587,2,3,2.5,5.28
12483,5,4,0.1,6.58
27175,3,4,3.4,5.97
42500,5,4,6.5,5.64
31204,7,1,9.8,3.9
32370,3,0,3.4,5.64
29053,4,1,10.0,5.24
21078,0,1,2.9,6.69
39802,3,3,0.5,3.85
10601,3,0,6.2,6.94
29165,6,0,7.0,4.9
31609,0,0,6.4,5.92
49917,3,2,0.1,4.88
41936,0,4,2.9,6.07
18469,2,3,9.7,4.69
37361,7,1,5.9,4.49
49416,1,4,8.1,5.17
30090,2,2,8.3,5.97
24996,2,3,9.5,3.13
45888,0,0,4.5,4.74
2929,5,4,4.2,4.78
45123,1,3,5.3,2.89
29656,7,2,5.9,4.3
25830,3,4,5.6,2.28
25841,4,4,9.7,6.13
47703,0,4,2.9,4.25
20724,2,4,10.0,5.67
20465,6,3,7.0,3.56
8141,2,1,0.5,5.35
7957,7,1,6.5,5.48
26973,1,1,4.4,4.28
40641,2,4,2.5,5.53
45934,3,0,0.6,7.61
19935,6,3,1.4,6.7
39036,3,0,9.4,4.31
15651,1,0,9.9,3.95
36002,6,4,6.3,5.39
16754,4,3,2.6,5.44
28235,0,3,0.6,6.83
3512,3,1,6.0,5.53
16824,7,1,0.9,5.07
35810,7,3,4.0,4.0
3715,2,0,3.0,5.93
26370,7,0,6.7,4.26
16288,7,3,2.8,4.35
47846,7,1,4.1,7.18
46280,4,4,6.8,5.42
10490,1,2,5.6,4.49
26177,2,0,0.0,5.41
38520,4,0,6.9,4.33
34270,5,4,4.1,4.1
23363,4,3,7.8,5.34
9945,4,0,1.8,2.48
17463,5,1,0.0,5.15
21201,4,1,5.0,4.93
6368,0,3,0.4,5.59
46472,2,1,2.7,6.05
25282,0,0,0.3,4.89
18257,5,4,1.4,5.7
39891,7,4,1.1,5.49
7474,6,0,6.8,4.94
26092,1,4,2.7,5.69
38528,2,0,7.5,5.24
27561,6,2,7.0,5.02
45408,3,1,1.0,3.57
1332,2,0,7.0,7.45
48558,7,3,3.8,5.15
29607,3,2,4.9,4.56
20722,3,2,5.0,5.91
19495,4,1,6.9,6.78
13893,4,0,5.4,7.16
37098,2,1,4.1,7.33
44751,6,2,5.0,3.6
3326,5,4,7.7,6.81
49858,7,0,3.3,5.02
6351,6,1,5.1,7.79
17763,3,4,0.9,5.48
26665,5,4,5.9,4.84
35870,7,0,7.5,3.93
49217,0,1,6.3,4.58
21231,3,1,4.1,5.32
29349,3,2,6.2,3.85
42508,0,1,8.9,5.28
26546,4,3,4.1,6.16
35590,0,1,8.6,5.95
36444,5,1,2.3,4.52
22183,6,1,8.1,4.7
458,7,0,8.0,5.48
23434,6,3,7.9,5.28
27108,0,1,6.9,4.95
46514,3,2,7.1,4.26
11492,0,4,5.0,3.45
29146,6,0,1.4,5.02
8472,0,3,5.6,5.62
49107,7,0,4.8,4.69
1783,6,2,8.9,5.3
20148,7,3,9.1,6.06
6231,0,2,8.6,4.51
26062,7,0,5.8,6.33
941,7,1,3.2,5.55
30553,7,3,0.4,6.61
11186,0,1,9.1,4.6
3521,1,3,5.6,6.0
10585,3,4,2.7,6.28
12337,2,0,4.9,4.06
6662,0,4,5.6,4.99
23915,2,1,7.8,6.01
47193,0,4,4.4,5.4
29403,6,0,3.2,5.19
43780,1,3,5.8,5.34
29853,1,4,9.0,5.47
32250,0,4,4.6,6.59
46935,4,4,6.7,4.76
2402,3,0,0.7,5.53
19233,7,3,7.6,4.62
32207,2,3,0.6,5.53
30487,2,2,4.4,4.58
12908,7,2,6.7,4.98
9617,0,4,8.2,5.51
38779,0,0,2.4,6.03
18212,3,3,8.0,3.62
3192,5,4,4.7,5.09
21903,1,1,0.7,6.71
7509,7,1,0.6,4.34
39413,1,1,2.2,6.32
8111,1,2,2.4,4.14
47915,5,0,6.5,5.04
11559,2,2,6.9,5.64
39762,2,0,3.8,4.13
11286,5,2,7.3,4.51
34677,0,1,9.4,7.46
48163,2,4,5.1,4.13
44802,5,0,4.8,3.74
41482,5,4,2.5,5.32
45788,4,0,2.6,2.34
49440,1,1,6.2,4.18
29576,4,3,7.5,5.88
32061,2,0,0.0,5.74
39147,2,0,7.3,4.72
43445,4,2,2.3,8.08
35739,2,2,7.4,6.66
7268,6,3,9.0,5.57
29499,0,2,5.5,6.11
22250,1,4,2.0,6.2
26312,3,1,0.8,5.64
40279,4,1,1.9,6.16
49332,3,2,7.6,3.81
4941,6,3,9.2,5.75
35474,7,2,9.2,6.45
14765,6,4,2.7,4.36
18740,5,1,2.2,7.4
23581,2,0,9.4,4.82
26743,6,2,2.9,5.88
3486,3,2,2.7,4.52
34894,5,0,7.3,4.34
30467,6,0,2.3,6.11
13163,7,1,0.0,4.85
15070,6,0,2.0,4.67
26068,5,0,8.6,3.03
24449,1,4,9.6,4.1
48476,0,1,9.7,5.1
4061,4,1,5.3,6.11
24228,0,4,6.6,4.5
25319,0,4,4.3,5.86
29874,5,1,0.2,5.29
34433,7,0,2.1,3.07
15954,0,2,3.2,6.14
38234,5,1,8.6,7.27
43862,2,1,0.9,3.57
45370,0,1,1.4,6.1
31095,5,3,5.1,6.21
36591,4,0,6.4,5.66
1076,0,3,9.4,4.94
41452,3,3,8.2,6.25
6399,3,4,4.6,4.11
27665,7,0,5.1,4.28
9977,3,1,8.5,3.51
13007,4,0,1.1,5.33
40252,6,1,5.3,5.39
21728,5,2,9.6,3.31
38329,3,0,0.8,6.58
23570,1,0,5.2,5.4
46906,0,3,2.5,6.26
5064,5,1,1.2,5.52
28411,5,1,5.3,4.84
3613,5,3,8.6,4.0
16016,4,3,3.3,4.0
20719,6,0,8.0,3.38
45687,7,0,1.9,6.83
18916,3,3,6.4,5.81
48168,7,3,2.6,6.59
39139,0,2,3.4,5.11
4839,6,0,7.4,3.73
43328,3,1,9.6,3.94
44918,5,3,4.3,5.26
8693,0,3,8.0,7.57
33723,3,3,8.5,3.54
43418,6,3,3.8,4.5
48479,5,2,6.7,6.6
22968,2,1,5.8,3.99
35186,4,1,5.8,4.01
16964,5,2,4.6,3.9
29239,6,3,0.3,3.68
9985,3,0,2.3,4.29
48388,1,2,2.5,4.48
41382,7,2,3.9,4.94
24807,7,1,7.6,4.75
24948,5,3,1.7,7.16
14671,0,4,9.8,3.93
3437,2,1,1.7,5.41
45292,6,0,1.7,7.56
15733,0,1,8.0,5.72
29955,3,2,8.2,3.4
24590,5,1,6.8,6.12
13876,4,0,5.1,5.77
20515,1,2,6.0,6.27
22255,7,0,8.6,6.6
4587,5,0,4.7,3.96
6152,6,4,9.5,6.08
6696,6,3,5.8,7.66
18619,0,1,7.3,4.17
7981,3,0,1.4,4.36
10471,0,0,9.2,5.65
34006,3,0,5.7,6.34
467,4,3,9.0,4.67
19774,7,2,6.4,4.71
2790,1,3,1.9,4.71
13571,0,3,0.5,5.26
25570,7,4,4.4,4.49
3734,0,4,0.3,5.02
6030,7,4,4.7,5.18
13505,0,2,9.6,5.54
49849,2,0,3.5,5.02
13129,2,0,3.9,5.3
20317,1,3,3.2,5.39
3313,7,3,9.8,4.24
42757,2,4,9.1,3.9
38415,2,4,3.7,5.67
1606,4,1,1.0,5.7
4216,7,4,8.6,2.87
26563,6,4,2.9,3.69
39683,2,1,5.0,7.56
33556,2,1,5.9,2.86
38831,1,0,6.4,3.57
46155,6,2,0.2,4.83
25484,0,3,9.8,4.51
17318,1,2,1.2,4.42
28507,1,4,0.2,5.41
36035,3,3,1.1,5.49
42346,4,0,9.5,4.2
42137,2,2,5.0,5.65
19093,2,4,6.2,4.58
4795,5,1,7.4,3.68
34096,5,4,0.6,6.12
43063,7,0,7.2,5.29
9014,5,1,7.2,4.39
29577,4,1,4.6,7.38
5267,5,4,6.3,6.66
33854,3,2,8.9,5.14
40163,2,0,5.4,3.81
16406,4,3,8.7,4.29
37721,5,4,3.7,4.85
38592,0,4,8.5,5.26
33928,3,3,0.8,5.43
8813,2,1,7.5,5.2
21046,2,4,5.0,4.66
12739,0,2,3.5,5.03
17349,7,1,6.6,5.19
31320,2,2,4.2,5.68
42456,0,2,9.7,6.58
13715,3,0,6.3,3.63
24760,4,4,6.2,2.9
5597,0,2,7.5,3.89
26970,3,1,9.2,4.35
11017,7,2,6.3,3.79
31175,1,1,1.4,5.38
36046,4,2,2.9,5.31
23886,7,3,6.0,1.56
19467,0,3,9.5,5.96
16113,2,4,7.7,4.42
36821,6,2,6.3,5.15
39198,1,3,1.3,5.22
41070,3,2,7.2,5.11
40389,5,1,7.3,4.51
12493,2,1,2.7,6.17
21163,4,0,3.7,4.79
11522,6,4,2.0,4.89
18882,1,1,5.4,6.31
17623,7,3,3.4,4.41
13083,6,2,0.4,3.87
38668,6,3,2.8,4.2
1423,7,1,1.2,4.47
3187,4,1,8.9,6.11
36903,2,4,4.6,6.08
12335,0,2,2.6,5.39
12760,2,4,4.3,4.43
23695,1,2,8.4,5.01
28356,3,4,1.9,2.46
20904,0,0,5.3,3.42
22466,5,2,3.2,4.43
45517,0,2,7.6,3.4
24504,3,1,8.4,5.92
20175,5,3,1.3,4.89
27591,7,3,6.6,4.98
15261,4,4,3.4,5.5
32692,2,4,1.9,5.58
43360,0,1,9.7,3.87
47465,6,4,2.5,4.29
32494,2,4,2.3,3.44
44042,5,2,9.3,2.65
15091,5,3,1.5,5.92
21369,4,0,4.0,3.42
36752,1,4,1.2,6.02
43987,2,3,1.5,3.06
43514,4,0,6.0,5.1
14623,0,2,1.0,5.55
20380,4,0,9.9,3.34
37160,4,2,9.0,4.62
18174,1,3,0.1,6.98
48474,2,1,3.8,5.57
18215,5,2,0.3,4.66
19945,1,2,0.9,5.19
1975,2,2,0.5,6.07
21393,1,2,3.7,4.55
41381,7,0,1.1,6.6
29438,2,4,4.3,5.49
19808,1,3,6.2,5.51
40410,0,2,8.0,7.61
42759,6,2,3.2,5.82
15745,6,0,9.7,4.38
6982,7,4,3.3,6.28
12411,1,1,1.4,3.28
27193,3,4,4.0,6.03
979,7,4,1.9,4.84
43924,5,3,7.3,3.58
871,6,1,3.6,3.72
48829,7,0,1.2,3.63
6937,0,0,6.5,4.07
38695,2,1,4.6,6.11
36736,4,2,1.6,5.73
11506,1,3,7.3,5.42
17866,7,4,4.4,4.37
27647,0,1,0.8,5.38
16516,2,3,9.8,4.67
4387,3,2,1.4,5.8
23965,7,1,7.0,3.87
45399,3,4,9.7,7.01
6207,0,0,5.5,4.25
13042,4,2,2.2,5.83
39152,4,0,3.8,7.72
28495,6,4,2.7,4.45
1657,6,0,2.0,4.89
5658,5,4,5.3,6.26
15221,5,3,9.6,3.43
29409,3,2,8.8,7.66
29841,6,3,8.2,5.91
4610,5,2,8.6,5.56
30078,4,0,1.6,5.48
8031,1,1,3.8,3.86
26045,0,1,7.4,3.8
23887,2,4,6.5,5.66
33843,1,4,1.4,4.97
20810,7,4,2.5,3.4
33078,1,2,0.8,5.37
11030,7,1,9.0,4.64
12546,3,1,5.8,4.3
10898,4,3,1.4,4.28
40029,4,3,3.1,5.86
42650,4,1,4.0,4.8
45036,4,0,7.2,6.3
6949,6,0,7.4,4.94
15843,6,3,3.5,3.78
10969,7,2,7.4,3.46
26216,7,0,1.5,5.31
15980,0,0,9.8,3.09
17145,4,0,6.8,4.46
21535,4,2,3.7,6.22
43684,0,2,1.5,4.95
11245,5,3,2.8,4.33
37969,0,3,4.5,3.65
40339,1,3,8.2,3.44
2272,5,2,7.1,5.27
33540,2,2,1.1,6.27
11974,4,2,3.4,3.62
48076,1,1,4.6,3.42
26083,2,2,0.3,4.45
16795,4,3,8.0,3.96
49099,6,3,2.9,2.65
15739,3,1,7.7,5.57
21430,0,2,4.3,4.69
13942,4,4,9.0,4.25
27894,0,0,6.1,2.66
16253,4,1,2.8,5.04
48212,4,0,7.6,5.61
42846,7,4,1.0,4.02
25150,0,1,1.5,6.14
39149,3,3,5.0,3.09
35238,5,2,5.1,4.75
5447,1,2,10.0,4.68
45239,0,3,1.8,5.5
27546,7,1,7.4,4.69
39417,1,2,3.8,5.45
5496,3,1,9.6,6.78
33968,7,2,6.3,4.64
37565,3,1,0.7,3.32
6250,6,3,8.7,5.78
23393,7,0,5.4,6.92
8366,5,2,6.3,5.94
47293,6,2,3.8,4.71
48543,0,3,1.8,4.07
21141,5,0,8.4,6.45
20125,1,4,3.3,5.44
2632,4,3,3.5,5.38
3876,3,1,6.5,4.6
22153,7,1,1.0,5.14
35572,6,1,7.7,3.42
10852,7,4,8.8,3.92
43796,7,0,5.4,4.1
32588,6,2,7.3,6.42
22744,7,3,0.1,6.44
7468,3,3,7.2,4.16
43318,6,0,5.1,5.28
9419,2,1,8.7,5.31
23405,1,2,1.2,3.58
45772,1,4,0.3,5.6
29147,1,0,6.7,2.17
449,4,3,1.7,2.63
15115,4,1,2.8,5.13
47261,7,0,5.7,3.06
33982,5,3,3.6,4.77
16107,7,1,6.1,5.86
21107,4,4,7.2,3.35
6126,1,0,6.0,4.65
42248,3,2,3.9,3.64
42419,7,4,3.9,5.42
19031,6,2,2.2,5.03
26425,3,3,7.1,2.2
22939,1,4,6.6,4.7
40065,0,4,3.3,3.92
399,6,1,4.5,6.35
23791,4,1,7.7,5.44
49935,7,0,3.7,4.4
8564,7,2,3.5,2.66
21492,2,0,4.1,2.47
44357,3,2,7.4,3.53
49182,5,2,1.7,5.74
3201,2,4,7.1,6.02
6841,3,1,0.6,3.16
8661,4,4,0.9,4.38
27378,4,2,6.4,4.14
14379,3,4,7.3,3.6
46294,5,2,2.7,8.42
29401,3,3,0.9,5.43
45638,1,2,6.0,4.07
23856,4,1,6.1,3.87
2482,5,4,1.3,4.91
7837,2,3,0.5,5.89
9212,2,0,4.7,4.99
9794,7,1,9.8,2.01
48281,1,1,7.9,4.81
19852,4,0,8.3,4.12
47105,3,4,7.0,3.63
33825,6,1,0.7,3.38
44462,1,1,1.7,5.33
38492,6,4,6.4,7.6
30582,6,2,7.1,5.12
1299,6,4,7.7,6.27
22608,3,4,5.5,4.31
33121,5,0,3.9,5.37
11004,7,2,3.9,3.16
8569,0,0,9.6,5.34
25463,4,2,3.2,3.72
34232,4,2,2.8,6.93
5938,0,1,2.7,3.5
2085,2,4,2.7,4.31
43569,5,2,0.6,4.6
9217,2,1,6.9,6.27
34098,1,2,2.3,5.7
13692,3,2,2.7,6.4
46876,5,3,5.2,5.1
46996,3,0,6.7,5.01
35878,2,1,2.7,4.68
49743,1,4,1.1,7.65
38891,5,2,3.3,4.96
28968,7,3,3.8,5.11
17048,2,3,6.9,2.62
37943,0,0,9.3,5.98
44346,6,3,8.4,4.93
2410,5,1,5.5,6.07
36080,5,1,8.2,5.32
45317,4,1,0.4,5.3
2325,7,0,8.2,4.62
40366,3,2,7.8,3.65
42077,5,4,8.3,4.9
32215,3,4,6.3,4.26
40287,5,1,0.3,5.67
25100,2,0,0.2,2.83
48102,3,0,7.2,3.96
8337,1,3,3.1,6.31
612,4,4,2.4,3.92
12229,7,1,3.1,6.74
23039,1,4,7.6,5.83
7985,1,2,3.3,6.13
29610,6,0,5.9,5.43
13017,2,0,8.0,5.36
26628,6,1,3.8,5.44
36095,6,3,0.3,4.59
14200,4,3,3.2,4.7
2311,0,1,0.4,2.99
46520,1,0,2.4,5.41
47467,6,0,9.7,5.42
625,0,0,6.6,6.1
11465,6,2,6.2,4.23
10074,6,3,4.4,7.37
22855,4,3,6.3,3.97
6270,2,4,6.8,5.18
44302,2,0,9.8,3.68
6834,3,2,0.7,6.79
47811,5,4,6.4,5.35
38327,4,2,1.3,4.53
19150,1,0,4.0,5.7
20276,4,3,7.8,6.62
24043,0,2,7.6,5.1
855,6,4,1.7,3.1
47092,3,2,5.3,6.84
41657,4,1,3.3,7.5
16709,3,2,8.1,4.24
26884,4,2,3.6,4.78
30431,3,0,1.6,5.09
45793,4,1,6.0,3.36
39588,7,0,0.9,4.26
48921,0,4,9.6,3.52
33752,4,0,7.2,5.29
41813,4,0,7.6,4.72
27880,1,2,2.3,3.52
16881,2,3,4.0,5.8
34300,4,3,3.8,5.02
15871,2,0,8.0,2.43
23294,6,4,7.8,6.59
22363,7,3,5.6,5.36
37733,5,0,4.4,5.61
42007,0,1,4.7,2.92
12855,7,4,6.2,4.61
12891,3,1,3.6,3.29
38458,5,2,1.8,5.08
39763,1,1,6.6,4.44
45268,4,0,5.5,6.89
4893,6,3,7.8,5.15
8583,0,2,9.7,5.8
9013,3,4,8.6,4.98
43329,2,2,5.4,6.26
1295,0,0,5.8,5.63
39228,0,0,2.8,5.16
24313,2,4,2.3,3.04
29842,1,4,8.9,4.8
25571,7,3,6.5,6.49
8907,3,4,6.4,4.13
17360,7,0,3.5,4.15
36163,1,0,9.3,4.5
3274,5,0,1.1,4.97
35729,4,0,8.5,6.39
44638,1,0,2.4,6.14
22595,1,1,0.9,6.24
26491,6,4,5.2,3.21
29644,6,3,1.9,5.3
37362,3,0,4.3,3.83
43783,3,3,6.4,5.56
6530,7,2,2.2,4.28
31201,2,4,0.3,6.26
27521,6,4,0.6,6.05
703,7,0,4.2,5.11
31489,1,4,2.6,4.48
8541,3,4,0.6,6.15
45926,7,1,3.3,2.76
1503,0,1,1.4,5.57
31441,0,2,8.8,6.06
49004,5,3,2.6,3.73
29270,6,4,0.5,3.25
18481,5,1,5.2,4.96
19706,6,2,1.7,4.12
19080,1,4,7.2,4.74
10299,4,2,7.2,4.9
23582,5,1,2.3,4.82
28375,2,1,4.6,4.51
35270,5,0,5.7,5.13
32736,5,3,1.9,5.49
45432,3,3,0.3,4.97
18707,4,0,5.1,3.26
32506,6,3,9.1,6.42
30054,7,3,5.1,3.73
31458,1,2,3.7,4.23
28423,5,3,3.0,4.83
6084,4,2,3.1,5.68
17225,6,3,5.6,1.93
451,4,1,2.6,5.84
42767,0,1,3.0,4.41
26090,5,4,1.0,4.55
22354,1,2,4.8,1.99
3082,3,3,3.4,4.83
30907,3,3,4.3,6.53
4988,7,0,6.6,5.3
12071,5,1,8.5,6.71
10275,2,3,6.2,5.51
14954,5,4,1.2,4.29
17471,3,1,4.5,5.35
19797,3,1,8.5,4.22
25600,0,2,6.0,4.01
20084,6,1,4.8,4.11
23508,4,1,1.2,4.38
31638,0,3,2.0,5.64
15035,5,2,9.5,7.04
13457,2,4,6.9,5.52
5248,0,4,6.5,7.55
35140,6,1,7.1,6.29
3025,0,0,2.0,5.06
379,2,2,3.4,5.03
17294,4,3,9.4,5.3
38487,0,4,5.3,6.47
28292,3,4,2.5,5.85
26454,0,4,1.3,5.93
35084,4,2,5.7,3.28
18402,5,4,2.6,5.1
23718,3,2,6.3,4.29
4294,6,4,9.1,5.86
14510,2,3,0.2,4.14
31800,7,4,7.5,4.24
12186,5,4,7.2,5.21
36356,1,2,3.3,3.28
40296,6,4,0.2,2.41
30636,1,0,0.5,5.67
6123,4,2,1.4,6.21
33588,5,3,5.8,6.6
14526,4,0,7.0,5.89
21041,4,2,8.0,3.57
9609,0,0,3.1,5.93
27420,4,1,0.8,4.01
17970,2,0,0.7,3.27
34597,2,4,6.3,4.4
11463,0,1,5.4,6.32
21782,4,2,6.5,6.13
46025,7,1,6.3,5.56
18314,7,2,5.9,4.33
39943,1,2,8.3,3.79
39616,5,0,1.9,5.01
23764,1,3,0.5,5.01
37657,3,3,2.8,4.79
25890,5,2,6.2,5.22
22259,6,0,5.4,4.49
23591,3,0,7.9,4.56
12070,2,1,8.7,4.53
18767,4,3,9.1,4.74
17177,5,0,8.7,6.25
25789,2,2,9.0,6.76
10137,7,2,5.7,4.95
46462,4,2,3.3,4.21
6085,2,2,1.9,4.29
5790,7,0,1.0,3.69
44033,7,4,4.3,6.58
20309,5,4,4.9,3.73
46077,1,4,8.4,4.58
3763,2,0,4.3,3.28
16318,4,4,3.3,5.2
12455,0,0,6.6,6.57
17845,6,4,2.6,3.18
31077,6,4,8.9,5.58
9798,0,2,7.7,4.87
12880,7,3,4.8,2.76
47378,0,4,4.6,6.39
42418,7,4,8.4,6.15
35178,2,3,7.8,6.88
13369,3,4,5.7,4.06
8268,5,1,4.2,6.22
32665,0,3,9.4,6.03
20408,3,0,7.5,4.83
21687,6,1,0.5,5.07
13812,0,1,4.2,5.17
29169,6,1,0.9,3.48
39639,2,0,4.7,6.79
8422,1,4,3.6,4.75
37955,1,1,9.9,7.34
10467,0,3,7.2,3.11
40355,4,1,2.7,6.06
13663,3,0,3.4,5.16
31754,1,3,4.9,6.91
22496,7,2,4.6,6.06
17504,1,2,9.5,4.6
5086,3,0,4.5,4.94
12068,2,0,5.7,2.6
27228,4,3,6.0,4.78
30734,6,1,0.8,3.49
21155,6,1,3.2,4.44
36538,1,4,7.4,5.74
24883,2,0,4.0,6.08
48844,6,2,8.6,5.31
12029,4,1,6.8,5.25
32924,3,2,4.1,6.87
340,6,0,4.7,6.4
6108,0,3,4.6,3.9
22952,2,2,8.6,4.41
43726,1,3,8.8,4.59
28850,7,4,3.8,4.85
5877,0,0,8.1,3.5
15121,5,4,6.6,4.12
41193,5,0,10.0,7.31
18722,5,0,7.2,5.8
38823,3,2,1.5,5.3
32628,6,4,9.4,4.85
5785,1,2,0.3,4.75
1020,6,4,4.2,2.91
19750,1,1,3.6,4.04
15551,7,2,0.1,5.61
46270,5,3,8.5,4.83
39613,0,2,3.7,3.37
8425,5,1,4.1,5.43
43149,0,1,6.2,4.86
7392,7,1,4.8,4.31
14264,2,0,0.4,3.76
26657,2,3,2.8,3.01
7864,5,0,5.6,4.5
29087,6,0,4.0,4.13
45367,0,0,3.6,3.76
5174,5,2,0.9,4.67
30500,2,3,2.8,5.67
13807,3,4,1.5,5.2
32551,4,4,8.9,5.09
29756,2,3,2.4,3.76
32709,3,2,6.2,7.94
21898,4,2,1.9,3.56
6047,6,1,1.7,1.82
38538,6,2,9.4,2.86
23588,4,3,0.9,5.02
29925,4,0,3.5,6.08
35923,3,2,4.7,2.92
11804,0,4,3.1,5.38
21088,4,0,9.0,4.42
38688,6,4,6.6,4.01
17332,7,2,0.1,5.93
26109,5,0,4.6,2.39
48348,0,1,3.1,2.9
39635,5,1,2.3,3.8
25072,7,0,0.0,7.51
34038,5,0,9.5,4.2
48782,4,3,4.1,3.67
25835,5,2,6.6,4.1
26864,4,2,1.1,6.12
2683,5,3,8.5,4.79
9058,2,2,3.3,5.88
40899,6,3,7.2,7.57
11292,3,1,1.6,6.11
32638,2,4,3.9,3.14
44735,6,1,1.1,5.22
20092,2,2,9.5,4.77
49220,7,2,5.9,5.94
8332,0,0,8.8,7.15
19177,5,1,5.8,4.09
21037,7,3,9.9,4.91
48507,2,3,4.2,3.42
29931,3,3,8.0,6.54
16040,2,3,5.8,7.05
33689,2,2,7.2,5.61
13928,0,2,3.9,4.31
49548,3,3,3.6,7.36
32450,3,3,7.1,5.68
39009,5,1,4.5,4.77
29236,0,4,2.7,6.75
6127,2,4,7.3,4.78
45710,5,0,4.5,7.04
44844,6,1,7.3,4.9
45644,2,3,1.5,8.69
318,7,2,3.2,5.41
15814,4,1,9.2,5.16
11235,7,0,6.6,5.21
44246,5,2,8.9,5.47
17218,2,1,8.1,7.17
19035,1,3,7.6,5.94
48851,6,4,7.9,4.3
6761,7,2,4.4,6.48
27937,5,2,4.9,2.19
236,1,2,4.4,4.45
40204,0,4,5.1,6.06
8106,6,2,4.9,5.15
3472,0,3,1.9,5.57
32114,1,1,5.7,6.31
47608,7,3,8.7,4.81
29356,5,1,8.8,7.23
4322,1,4,6.1,5.31
39998,0,4,5.4,6.58
4441,7,2,1.1,4.99
35946,2,3,0.3,5.57
27990,3,3,3.3,3.86
27079,0,4,2.3,6.37
47207,6,3,5.7,5.42
16875,6,2,8.6,4.42
26415,6,3,7.5,3.31
44841,3,4,2.1,2.49
29882,4,0,8.1,7.32
16369,4,0,4.8,4.7
11661,4,4,6.9,5.88
46095,1,4,1.4,5.83
49939,3,0,2.2,5.24
13527,0,3,0.8,4.62
14874,2,1,1.6,3.18
33272,0,0,6.7,2.42
43767,1,0,6.8,6.29
22464,6,0,9.2,6.66
4592,4,1,3.6,5.85
29514,6,2,9.3,4.12
18601,5,3,5.0,3.92
39270,0,1,7.3,3.17
9742,4,4,7.8,7.53
48129,3,3,8.7,5.35
40649,1,1,0.5,5.98
40371,6,3,7.0,5.28
22,6,0,9.9,4.91
27982,2,4,8.0,5.46
17018,5,3,2.2,5.67
20731,5,3,9.8,3.39
43284,6,2,8.8,4.31
28362,1,0,0.0,5.29
42072,4,4,8.3,3.72
16478,2,3,5.5,6.04
41630,1,1,2.4,6.45
31861,2,4,4.3,7.75
18127,7,3,3.4,6.97
7189,3,3,3.2,4.16
36698,4,1,2.1,4.49
38660,0,0,2.3,3.4
46806,5,2,0.1,5.09
45099,0,4,8.2,6.35
37063,4,2,8.7,6.17
49687,1,0,4.3,4.45
24211,1,2,4.6,6.76
28588,4,4,7.3,3.82
37043,6,2,2.1,4.12
47546,5,2,0.6,5.35
25612,1,3,9.7,2.23
22599,6,0,7.5,5.35
24802,6,4,10.0,5.02
1417,6,0,7.7,6.52
12885,7,2,0.8,2.8
23569,1,4,1.4,4.02
9600,2,0,5.9,4.2
45608,5,2,4.8,5.55
31537,6,2,9.2,6.04
23804,6,1,6.5,2.23
29803,5,1,0.6,4.78
13791,5,0,6.6,5.93
45559,5,4,8.1,5.22
31814,4,0,9.5,5.25
39789,1,2,0.9,4.51
9282,2,3,5.5,4.62
6955,4,1,3.9,4.71
22122,5,1,6.4,4.18
22538,7,0,3.5,5.01
29651,2,2,7.7,4.81
35793,7,1,1.6,6.43
32945,4,3,5.7,5.05
46348,1,1,1.3,4.57
39326,7,1,7.1,3.71
24040,7,1,1.4,6.23
23770,2,3,3.7,5.05
39250,2,2,4.2,4.48
29662,5,1,0.6,5.38
9548,7,4,7.1,5.38
48962,7,0,1.6,5.27
49772,2,2,3.7,4.72
46889,3,0,2.1,5.04
14989,5,3,2.7,3.26
19995,0,4,7.1,5.2
16231,0,3,9.8,4.33
32291,5,1,3.6,6.17
31480,2,0,2.1,4.79
8496,7,0,4.2,5.99
44625,4,4,0.4,4.96
24744,5,3,3.6,5.55
40995,0,4,3.6,4.95
757,2,4,2.5,4.13
22362,5,3,4.7,5.87
3162,1,1,3.1,5.18
35555,6,1,6.5,6.07
40013,1,1,7.1,5.3
39484,1,1,2.4,4.74
5487,7,1,1.2,4.41
33871,0,3,1.0,5.07
12484,2,4,5.3,4.48
47146,1,0,0.2,5.49
10945,7,4,7.9,6.35
32977,2,4,9.0,5.32
19939,1,1,3.0,4.15
48621,6,3,1.9,4.74
2274,2,4,3.2,3.9
9056,7,2,8.6,5.73
37141,7,0,5.2,6.08
7920,4,2,7.1,4.12
30468,5,1,8.4,3.73
26218,5,0,3.8,6.18
25321,0,1,0.4,6.86
13559,6,2,7.1,4.24
5383,4,2,9.3,7.7
3751,1,4,3.0,6.87
47670,1,2,4.9,6.2
5827,1,2,2.9,4.86
31968,0,0,6.2,5.43
21855,7,1,2.6,4.87
22318,6,2,8.3,2.84
5955,4,0,1.3,5.75
36852,2,0,0.0,3.08
32669,5,3,2.1,4.22
29296,5,4,4.1,4.8
45976,1,1,6.9,4.74
45968,6,1,3.9,4.47
41835,1,2,1.5,4.45
46123,4,2,6.2,6.92
19552,2,3,9.6,7.75
21128,0,3,5.4,3.73
40809,0,2,4.8,3.89
2435,0,0,3.6,8.07
18160,2,0,7.3,3.86
39859,5,3,1.7,4.85
41288,3,0,9.9,7.73
27593,5,1,1.3,4.41
26824,3,2,5.6,5.94
22508,7,1,5.4,7.05
25009,6,0,4.7,6.26
30985,5,0,4.9,6.51
22732,7,0,6.4,6.7
23572,0,4,7.3,5.51
46941,3,1,1.6,5.4
49480,3,2,2.5,3.56
35641,7,2,6.9,3.64
22567,1,0,3.5,6.64
10078,4,4,2.6,4.44
41386,0,0,3.7,6.46
4379,6,2,7.5,2.24
21586,0,0,4.9,3.35
46530,3,4,3.5,5.43
23720,3,0,7.9,5.23
30068,0,1,1.6,5.21
39631,1,4,5.9,4.2
14187,1,1,9.8,5.01
37956,3,3,8.9,4.96
14622,0,1,5.2,4.28
3012,3,2,1.7,4.36
45714,3,2,2.7,6.33
16269,7,1,3.5,6.13
34208,7,0,8.7,5.66
30568,6,3,7.2,6.92
40099,1,2,4.2,4.41
29870,3,2,9.7,5.28
37688,3,4,6.1,5.2
48799,2,3,9.3,4.41
29251,5,4,3.3,3.57
16088,3,4,2.1,3.67
17401,4,0,1.3,5.72
44137,2,3,0.6,3.35
30836,5,0,2.2,5.77
21030,1,2,4.1,5.17
46765,7,4,3.4,5.66
46713,2,0,9.8,4.87
20250,6,4,7.4,4.06
7710,3,0,7.9,5.49
26365,6,2,9.6,4.85
44378,4,0,8.4,4.76
1774,2,0,3.2,4.27
18745,1,4,5.3,4.36
4449,2,2,6.5,5.17
20471,4,0,8.4,4.06
29072,6,1,2.8,3.99
30537,3,1,4.9,5.55
8440,1,4,8.4,4.31
13152,7,2,7.9,3.14
27327,6,2,8.5,4.08
2362,3,2,1.5,3.18
3092,5,4,8.2,4.92
30975,1,3,6.4,3.32
46067,3,2,4.2,5.25
27328,5,3,7.3,1.53
37651,7,2,1.0,5.96
763,6,1,6.1,4.56
3931,3,1,8.6,7.0
45242,5,1,0.0,5.09
49842,4,0,3.8,5.67
11182,1,2,3.4,4.1
10759,4,2,2.0,7.4
38498,1,2,1.1,3.45
49735,7,2,8.1,3.86
43850,4,1,7.4,5.65
6961,0,4,7.8,4.48
43265,5,2,2.6,5.74
1697,0,2,7.0,5.61
26405,7,2,3.7,3.96
19017,5,4,0.3,6.87
10610,2,2,4.3,1.32
26440,2,2,6.5,5.92
22828,3,0,2.7,5.45
22745,3,0,5.1,4.68
47027,3,0,5.3,6.43
4648,6,1,3.3,6.69
4736,1,2,6.2,4.44
39658,1,1,8.9,4.24
46325,0,0,5.6,5.65
31425,6,2,6.9,5.38
45840,6,0,5.0,4.6
49061,1,4,7.0,6.62
779,2,0,9.1,4.13
48280,3,0,0.1,5.93
32911,6,4,9.3,4.04
8598,1,4,6.2,3.61
35266,4,2,5.0,4.98
14991,6,4,1.3,3.73
21203,2,3,8.4,5.94
556,5,3,0.6,4.81
28089,1,3,2.6,5.91
46900,1,3,6.1,4.29
40738,2,3,7.8,5.17
22189,1,3,3.2,5.13
30780,0,3,4.5,4.37
33789,5,2,9.2,5.38
13270,5,2,7.7,4.14
13833,7,4,2.7,5.61
34121,7,2,4.4,5.3
40418,2,0,7.7,4.74
8606,5,0,0.5,4.83
38237,4,4,1.5,5.8
953,2,2,6.2,5.81
860,5,1,5.5,5.59
33254,5,3,8.8,6.3
16036,7,2,9.2,6.64
47989,2,1,4.6,3.36
25971,3,2,2.8,4.66
32035,1,1,3.2,3.73
20345,4,1,3.8,3.74
22581,6,1,4.9,3.19
7875,6,3,5.5,4.96
33777,2,2,5.7,4.97
22712,5,0,4.3,4.94
8292,6,3,6.1,3.91
47831,5,0,7.2,4.5
15856,3,3,8.0,3.12
7986,2,1,5.6,3.15
8842,3,4,0.8,4.98
25424,1,0,9.9,6.32
31160,1,4,7.1,6.38
22974,7,2,1.0,4.07
25500,5,4,4.3,4.43
40286,4,2,0.1,6.26
6324,2,2,2.6,6.07
47354,5,2,0.3,5.12
30274,7,4,6.4,5.18
32014,5,3,1.2,5.41
19975,6,3,4.0,6.46
42993,1,3,5.8,4.84
3028,3,2,7.7,8.05
36991,5,1,8.5,5.38
11749,1,3,7.6,3.47
48339,3,0,6.7,6.71
20409,4,0,9.2,5.78
12970,0,3,4.4,2.92
36207,4,0,0.8,5.61
42648,2,2,5.5,3.22
26531,0,4,2.3,3.46
17737,1,2,9.1,5.45
48590,7,3,9.4,6.22
26402,1,4,9.7,7.0
21494,3,1,1.3,4.36
4265,2,4,5.6,3.56
7909,5,3,1.6,6.18
15169,3,4,5.4,5.96
21226,1,3,3.6,4.45
37890,6,0,7.1,5.35
16503,4,2,1.2,4.79
35991,3,4,0.5,5.63
17937,5,2,4.0,5.92
9732,4,0,7.9,7.26
22818,6,0,4.7,4.28
25402,1,2,9.0,3.88
15626,0,2,1.0,6.18
33209,5,2,2.2,4.93
2537,3,0,9.6,5.91
1219,5,4,2.5,4.53
23916,5,0,6.6,5.14
30929,6,2,1.0,2.36
26455,4,4,2.7,4.84
529,2,3,1.8,4.3
31604,3,3,9.4,5.52
37939,5,2,5.5,4.4
47504,3,2,4.3,4.06
43466,5,2,8.3,7.09
44616,5,2,0.5,3.39
19411,2,1,4.7,5.52
10511,6,1,6.1,5.38
20064,5,2,5.0,3.52
43523,2,4,8.1,6.9
27833,0,2,3.8,5.52
13665,7,4,4.7,5.96
31166,4,3,2.7,4.32
37974,1,2,9.7,5.54
38770,5,4,4.6,5.81
8437,6,1,0.7,5.58
30242,2,0,4.8,4.37
16519,4,2,1.4,5.17
47036,7,3,6.9,4.48
3230,7,4,7.1,3.48
40588,4,0,1.2,6.01
21323,2,4,1.3,5.09
15048,3,3,2.4,7.55
48878,5,1,6.3,4.67
42172,4,0,9.6,4.1
28166,4,4,7.4,4.91
42990,4,3,7.6,4.29
1575,1,2,9.2,5.63
49091,0,3,8.9,6.45
37324,7,3,1.1,6.69
22685,3,0,4.3,4.79
11250,7,2,2.6,5.57
26575,5,2,1.7,3.8
46560,4,3,8.3,4.83
33831,6,0,5.0,6.18
18194,6,1,8.2,3.11
1833,5,4,9.5,5.8
22203,3,3,6.1,7.0
35311,7,2,2.2,5.57
28070,2,3,5.9,5.33
32948,4,2,5.7,5.02
14131,3,3,7.2,5.2
47766,0,4,4.2,6.18
14857,7,1,9.4,5.21
41625,6,1,0.5,3.12
10390,7,4,7.3,7.82
35056,2,3,9.6,5.98
48906,6,4,1.3,4.83
37630,0,2,6.3,5.59
27612,6,2,8.4,4.73
13056,0,1,4.8,5.3
31115,7,0,0.9,5.69
13283,2,2,7.7,5.61
18918,1,3,8.9,6.09
18994,5,3,1.6,3.19
32571,1,1,7.1,4.78
26755,6,0,7.3,5.63
1937,0,2,5.6,4.16
38974,2,4,8.8,3.9
12033,4,2,6.8,6.04
40679,2,3,1.8,6.27
48885,4,2,5.0,4.24
15080,0,2,3.7,5.16
30611,4,1,0.3,4.26
10982,4,4,1.7,6.14
21837,0,1,2.1,5.25
30848,6,1,7.6,4.64
41311,5,4,8.8,5.4
41501,4,0,7.9,5.96
36781,7,1,5.9,5.19
46654,7,4,2.3,3.86
14325,0,2,8.1,5.36
3444,3,2,6.3,5.3
29268,0,3,4.3,5.2
29238,0,1,8.7,6.89
7953,2,2,0.4,4.02
1133,6,2,8.8,4.99
9823,4,3,4.7,3.97
11394,5,3,6.0,5.15
28102,3,2,3.1,6.51
47522,0,1,8.6,5.33
31297,5,3,2.9,3.99
10644,6,3,8.7,6.13
7257,7,4,3.2,4.14
41695,2,1,7.7,5.88
7193,3,2,9.4,5.44
32229,4,0,4.9,6.34
13660,3,1,1.2,3.47
43136,3,3,8.2,1.93
22670,5,2,5.7,4.91
13058,2,2,2.2,6.06
40770,1,1,0.8,5.69
24954,6,3,1.8,4.2
38459,6,4,0.9,4.31
8690,0,3,9.8,3.97
18283,3,2,7.7,4.32
44256,3,2,3.2,6.92
37479,4,3,6.6,4.86
4884,6,3,1.7,3.83
10567,5,1,0.7,6.64
21964,6,3,1.1,3.42
22781,0,3,1.8,4.91
10952,3,1,6.6,4.17
34169,0,0,8.0,4.1
44324,6,2,3.6,5.51
44998,3,2,9.5,3.03
30851,5,0,6.1,4.42
22545,7,3,9.7,5.5
6669,3,3,0.1,5.19
17806,7,0,9.7,5.29
31312,0,4,3.9,3.79
16070,5,4,4.8,4.68
16268,7,2,9.6,6.62
35677,6,0,5.0,4.71
13120,2,4,9.8,5.19
11131,5,4,5.6,5.59
19884,3,3,5.4,4.78
23810,0,0,7.3,2.82
13370,7,2,4.4,5.23
44809,3,4,1.3,3.94
20826,3,4,8.3,5.14
6098,3,0,1.1,7.31
30820,6,4,5.0,5.19
11697,6,3,5.7,7.01
47171,6,4,7.7,5.27
43849,6,0,3.8,6.04
2442,5,3,4.2,4.73
18408,3,0,1.3,6.09
7831,4,3,2.4,5.43
40487,2,3,2.5,4.85
39077,6,2,7.4,4.4
1068,4,4,9.3,2.69
34189,7,3,0.0,5.07
33980,7,1,2.0,4.43
7911,7,2,7.6,5.8
15694,2,2,7.0,4.18
49426,6,3,3.2,6.7
12355,2,4,4.2,5.46
23460,2,4,0.6,4.34
16277,1,2,6.5,4.06
2344,7,3,8.3,4.5
10461,2,4,5.6,5.68
40845,5,2,4.7,6.61
23899,4,4,3.8,4.5
24766,5,2,3.4,4.84
35356,2,2,9.0,6.57
2287,4,3,0.9,6.76
18044,6,2,9.5,4.65
7792,3,1,7.4,5.57
18482,0,3,1.1,6.94
33530,6,4,4.8,5.09
14831,4,2,6.9,4.62
3805,4,3,3.1,4.85
20372,4,4,5.7,4.06
6406,4,3,3.2,6.16
21131,4,0,5.7,5.45
47382,0,4,4.2,5.82
41787,0,3,6.8,7.33
7626,1,0,8.6,3.84
48344,5,3,0.4,3.55
1844,3,4,0.7,3.61
8939,2,3,2.7,4.65
47290,0,3,4.5,3.98
29508,5,3,7.9,7.1
35502,0,3,2.9,5.83
7258,1,2,4.8,4.35
20845,4,2,4.3,3.77
33471,2,4,5.3,3.92
5368,6,2,8.4,3.51
35816,0,1,6.9,6.87
42816,2,1,0.9,5.36
35666,1,4,5.2,5.88
4052,7,1,0.2,5.12
49278,1,1,7.1,4.78
33268,4,0,8.6,5.73
27604,2,4,7.0,3.18
23409,5,1,4.3,6.27
5194,5,2,2.2,4.11
14071,4,1,8.8,4.33
28982,1,4,9.5,4.63
469,5,2,9.9,5.53
20373,1,0,0.4,4.97
43600,4,1,0.6,5.01
11982,5,4,9.9,4.94
34137,7,4,3.7,5.92
6139,7,4,0.8,4.6
36404,0,4,1.8,2.8
18348,6,2,3.5,4.46
25220,2,2,4.0,6.3
48733,0,0,8.7,4.61
42185,7,2,0.8,3.4
48161,0,1,6.4,4.34
23906,5,0,3.5,6.68
33472,5,1,2.8,6.01
23201,1,3,6.3,4.91
8191,7,3,7.3,5.82
8424,7,1,4.8,5.43
21181,7,3,5.0,4.85
12445,7,4,8.5,4.18
33442,7,4,6.5,5.08
24566,6,4,3.1,4.35
32814,5,2,0.7,5.32
13397,7,4,2.6,3.72
12583,4,2,9.0,4.63
33233,4,4,6.6,3.17
12617,5,4,7.7,6.41
6002,7,0,7.5,5.33
33851,1,3,1.6,6.72
31274,6,0,8.4,4.83
38177,6,0,9.5,5.55
48999,3,2,9.0,6.23
21661,1,4,8.2,6.44
42574,4,4,7.0,6.31
25928,5,4,1.1,4.43
22992,7,1,6.8,4.55
34359,5,1,4.6,3.34
30476,2,2,5.6,5.74
19489,5,4,2.3,6.61
24011,1,2,4.3,4.86
46174,4,0,2.4,4.12
1798,4,3,8.1,5.81
12692,7,1,2.9,4.99
15988,3,2,2.9,5.15
46954,5,4,3.7,3.59
43674,3,1,2.2,3.8
29235,7,1,7.4,5.84
42856,7,1,5.4,6.28
6688,5,1,9.5,6.4
35992,2,3,8.6,4.16
34820,5,3,9.1,5.48
35952,0,1,5.7,5.82
25586,4,4,8.0,4.37
24275,4,2,9.4,3.82
33220,6,2,1.5,4.85
46807,2,0,8.2,4.52
32728,2,2,7.0,3.23
44878,6,1,2.2,5.62
21992,3,4,4.6,5.82
47235,7,2,5.1,4.54
21602,0,2,4.8,3.12
6819,1,0,9.2,3.52
23636,3,0,7.1,4.28
25623,7,1,8.7,3.36
20603,6,0,6.6,5.83
2174,0,0,8.6,4.24
8115,2,2,6.0,5.23
3497,6,2,7.9,3.82
11853,0,4,9.0,6.01
23821,5,2,7.5,3.88
18150,2,3,7.4,3.95
44886,7,3,4.3,4.58
11719,7,1,3.8,3.42
34644,3,4,4.0,4.56
43984,7,1,2.3,7.0
8987,4,0,9.6,5.38
28511,1,4,8.4,4.66
3232,1,4,3.6,5.32
7283,6,0,6.5,4.71
8998,1,3,5.5,3.49
24794,2,3,2.0,5.48
117,0,2,3.1,4.42
41851,4,4,8.4,6.21
28077,4,3,0.3,5.79
28845,1,3,0.9,4.03
12531,0,3,9.7,4.81
4550,5,3,6.7,6.37
39638,2,4,3.2,4.97
358,2,2,6.1,3.25
47975,5,4,2.0,6.53
17805,3,1,0.9,6.51
15213,7,2,1.6,5.97
33077,5,0,0.7,6.61
8582,5,2,8.0,2.29
30162,6,4,7.5,5.72
14822,5,2,2.8,4.94
4716,7,2,9.5,5.91
22770,4,2,6.9,4.32
22088,2,2,0.8,3.87
49958,3,3,3.1,4.81
12915,7,1,3.4,6.55
33813,4,3,6.6,5.16
49282,0,4,4.5,4.48
28260,2,4,8.1,2.95
32247,4,0,5.1,4.59
7652,5,4,2.0,5.31
7233,5,0,5.9,4.6
32457,5,2,3.5,5.26
49715,5,3,1.9,7.32
32018,7,2,5.9,3.57
42986,4,3,0.3,4.98
42165,3,0,2.9,4.42
5586,3,3,7.4,5.99
18181,0,1,7.8,4.6
44803,3,0,7.0,5.74
14555,5,3,7.6,4.74
42339,1,1,7.0,3.27
5646,7,1,1.5,3.66
28805,4,0,6.4,2.74
32355,2,3,3.8,7.67
6553,4,3,9.7,5.43
49357,4,2,7.7,5.96
235,2,3,9.6,5.02
11411,7,3,2.2,3.99
28059,0,1,1.2,6.71
18509,0,0,4.7,4.42
19052,0,4,4.3,7.13
12216,1,2,6.6,5.36
5118,1,3,8.2,6.0
29215,2,1,8.7,3.67
9655,1,0,9.3,6.6
16558,4,2,5.6,4.62
24276,1,3,0.4,6.93
42911,5,2,2.7,6.32
49371,1,1,9.6,6.33
5940,3,3,7.7,5.05
411,1,2,0.5,5.18
30419,5,4,9.5,4.83
42954,5,4,2.3,5.2
25363,3,2,7.9,4.66
5348,3,1,8.7,3.91
24827,7,4,1.9,3.26
32535,6,0,3.2,4.73
753,4,2,2.8,5.27
14097,1,1,8.2,4.12
41574,5,4,5.7,5.89
45529,5,0,4.0,3.77
20103,0,3,1.5,2.54
32242,3,3,3.0,3.99
39343,0,2,8.2,7.57
24405,1,3,7.0,5.41
3257,7,2,9.5,5.29
45003,3,1,4.3,5.15
76,0,2,8.2,5.16
17044,6,3,4.2,3.25
13171,6,1,0.5,5.55
27962,0,0,4.2,3.78
33836,4,1,5.5,4.7
7580,6,4,0.4,3.79
14998,5,2,3.5,5.49
32251,1,3,1.5,4.2
8255,0,0,9.8,5.42
4810,5,3,2.5,3.32
3332,3,1,2.3,4.81
46600,7,1,8.2,3.35
24521,2,4,7.9,2.77
31464,5,2,1.3,4.62
31406,7,0,9.1,1.54
32957,7,0,9.6,4.57
14149,5,1,1.4,4.47
17550,7,0,1.5,5.92
5854,7,2,8.4,5.35
48671,6,3,6.6,3.09
39182,5,3,9.3,3.39
44184,5,3,5.8,5.3
34240,0,0,4.8,3.57
6772,7,3,1.2,5.93
1685,7,3,4.2,3.77
47584,3,4,8.5,6.05
7598,2,3,4.2,5.43
8313,3,3,5.4,6.67
6461,5,0,3.7,5.86
10120,1,1,8.1,5.27
44330,4,0,5.2,4.97
25742,4,2,7.1,3.06
29860,5,2,3.0,3.84
36258,4,2,5.2,6.69
5041,6,2,1.0,3.89
10980,5,0,8.0,5.64
49890,7,0,6.8,5.83
31430,4,4,8.9,5.95
4357,6,2,3.9,6.92
4589,4,1,6.2,4.47
29474,3,1,5.8,3.23
43175,7,2,2.7,4.6
24025,4,1,2.5,6.13
25277,1,0,4.5,3.7
9174,0,0,5.4,4.12
28117,6,2,7.0,5.01
20537,7,3,1.3,4.91
32044,3,3,2.6,6.38
5656,5,4,6.3,5.51
2386,5,3,7.8,4.46
32941,1,1,4.0,6.47
47155,0,2,1.9,3.76
22082,5,4,2.4,5.9
28301,7,4,0.5,5.6
37032,2,2,6.1,5.61
11008,5,3,6.3,5.08
45194,3,0,5.4,3.95
2656,6,3,3.4,2.78
17735,6,4,0.5,5.48
16720,5,3,5.4,4.59
31223,4,2,9.0,3.52
40960,7,3,4.7,4.5
46435,0,2,8.1,5.6
24058,2,4,1.4,4.06
8047,6,0,1.4,6.37
12548,1,2,0.5,3.28
36231,3,1,3.0,6.07
17094,4,1,6.1,3.57
29561,0,3,9.3,3.9
21337,0,1,8.2,4.13
35320,0,1,9.0,6.14
40922,6,3,1.8,5.11
27514,2,0,8.8,5.37
5839,4,2,7.2,4.58
43386,0,3,1.8,4.84
42963,2,2,8.8,4.32
36940,3,3,7.2,3.4
3555,6,3,8.9,5.33
20459,3,1,3.7,5.21
28184,6,3,3.0,7.3
20684,4,3,2.4,6.83
49096,3,3,1.3,6.68
38699,3,1,4.6,7.21
25210,6,2,6.8,6.83
2033,6,1,4.2,3.07
46910,3,1,9.4,5.29
18098,4,4,1.4,3.57
25567,0,1,9.0,6.04
35326,1,0,3.8,3.69
18762,0,3,6.3,4.85
5157,3,1,4.9,6.43
33993,2,1,0.0,3.88
40623,2,1,3.3,3.76
38982,2,3,3.7,6.4
21442,7,4,0.5,3.77
17263,5,4,5.6,3.86
42606,6,2,8.1,4.58
14423,0,0,0.1,5.86
24708,4,4,5.5,4.18
37972,1,1,6.2,3.81
18360,7,1,4.0,6.25
264,4,4,8.7,5.79
37677,5,2,4.1,4.38
31905,5,0,9.9,3.59
4934,1,3,6.7,4.87
20274,5,3,0.9,6.63
25243,5,1,6.0,5.05
8828,3,4,1.4,5.04
44641,1,4,3.6,2.61
18823,2,0,4.4,6.38
8086,4,3,5.1,5.18
36456,7,3,9.7,6.3
40802,6,1,1.8,2.83
49052,2,4,9.2,2.93
42881,6,1,2.5,5.39
42421,0,0,6.6,5.61
4499,4,1,1.9,6.5
30620,3,2,9.5,4.32
24239,3,3,9.2,4.73
16109,3,4,1.2,5.16
39313,3,1,4.9,5.86
41388,4,3,5.7,4.56
19812,3,4,1.4,4.41
45941,2,1,7.5,4.58
2817,2,4,5.5,5.41
39971,5,1,0.9,4.88
20138,2,2,6.7,5.82
47696,7,2,0.9,4.45
26647,5,4,9.4,2.61
42945,7,2,2.0,6.39
5079,5,0,9.8,5.44
37600,6,2,8.7,4.48
6436,7,4,8.2,4.53
23900,0,3,3.4,6.52
12457,1,4,1.6,3.62
5125,0,1,1.2,5.21
32387,5,1,6.8,7.09
46503,5,2,8.1,3.97
13993,5,0,3.2,4.61
20777,1,1,2.9,3.9
28236,3,0,9.0,5.89
36393,6,0,0.9,4.6
36027,4,0,0.9,5.67
9680,7,4,3.9,4.84
44647,2,2,1.3,5.45
46221,6,2,4.2,4.27
45703,0,1,3.3,5.03
28751,0,4,1.5,6.84
27586,0,0,4.5,5.93
24441,2,4,6.1,4.92
2181,3,1,0.9,6.38
12443,4,1,8.6,3.53
4540,7,3,0.9,6.92
12989,6,2,5.5,5.05
4840,2,2,5.2,3.09
37096,4,0,5.0,6.45
44312,7,3,2.7,3.11
21094,1,1,2.9,5.99
34880,5,4,7.8,5.08
9464,6,0,0.5,6.23
30005,6,4,2.9,3.38
10068,4,0,7.6,5.01
29871,7,1,4.9,5.58
47505,2,4,1.4,5.82
6837,7,3,8.3,6.51
19060,6,3,3.8,3.82
35768,0,3,1.6,4.07
8397,0,2,1.2,4.13
44903,3,4,9.9,4.12
26347,2,0,7.6,5.28
19735,6,2,3.5,5.67
47548,4,1,3.2,5.85
28809,1,0,9.1,3.7
30712,2,2,3.4,4.12
19689,3,3,4.5,4.59
18238,5,1,4.0,4.49
10811,2,0,6.9,4.18
6097,6,2,0.8,5.12
20050,7,2,8.0,7.6
8776,5,4,3.6,3.8
26080,6,4,0.8,4.39
22935,1,1,1.6,5.14
5741,7,2,3.7,4.82
34980,3,4,7.2,6.14
16149,5,0,0.3,6.2
13402,1,3,4.7,5.11
10974,3,3,0.6,4.99
9853,6,3,9.6,4.18
31400,6,1,2.4,5.49
49938,1,3,8.5,5.69
49799,2,1,10.0,4.81
196,2,0,9.2,6.53
917,2,2,9.0,4.83
14012,6,1,3.2,3.6
4243,6,1,3.9,6.69
22659,7,2,0.9,4.66
44699,2,3,6.5,4.23
19378,7,0,4.6,4.01
16162,7,1,4.1,3.13
24576,1,2,0.4,5.14
12021,1,1,0.1,6.85
46930,7,0,0.6,4.5
45406,2,1,0.6,5.61
2384,4,1,9.6,5.81
27117,3,3,1.3,4.28
20124,4,0,4.7,6.59
48852,2,2,7.5,5.42
18644,4,2,8.2,1.97
34149,3,3,5.0,3.67
30794,7,4,4.0,3.82
2577,2,2,8.4,5.94
38229,2,2,9.0,7.01
17639,5,4,7.3,2.19
34201,1,0,6.1,4.25
17316,6,4,10.0,3.35
35826,0,0,7.8,3.75
17167,0,1,7.4,6.51
2261,0,0,6.5,5.21
36134,5,1,6.9,5.98
10323,2,1,6.2,4.77
45609,6,0,2.1,4.35
48603,1,3,5.3,3.28
27323,4,3,4.4,6.59
30653,4,1,9.4,3.01
8524,1,4,6.9,5.44
39134,6,0,1.9,4.19
23118,5,2,0.4,4.8
13426,7,3,2.6,4.28
15448,4,2,8.5,4.96
48545,4,2,3.5,4.03
8368,3,1,8.8,4.01
4345,3,0,3.9,3.81
41097,1,1,0.1,2.89
40778,1,1,10.0,4.65
443,5,2,3.2,4.7
41284,0,3,5.1,3.3
2294,5,4,0.1,6.33
6510,3,2,0.0,6.84
20121,3,3,0.1,5.41
6641,1,3,0.6,5.51
8056,4,3,1.8,4.89
29489,2,2,6.1,7.17
38382,3,3,7.2,6.99
35014,6,1,8.6,3.5
40297,7,2,3.5,5.74
39922,0,0,0.2,6.41
5696,4,4,6.1,5.95
40694,4,0,3.1,4.58
12946,2,1,5.1,6.99
18106,5,1,6.3,4.37
9710,6,2,4.5,5.27
38119,4,3,4.7,5.07
32565,3,2,2.7,7.33
44696,1,4,1.2,4.59
30084,0,3,4.7,2.56
37658,0,0,7.3,3.66
3293,7,1,8.8,3.49
18846,2,2,6.9,5.91
4946,4,4,0.9,4.12
7557,0,3,4.3,3.49
11734,7,3,8.1,6.99
44615,0,0,5.6,4.71
40048,7,0,4.6,5.71
3911,6,0,0.4,5.17
49584,1,2,3.2,5.18
42870,3,3,6.6,4.98
679,4,3,1.8,4.58
48674,3,2,1.6,4.65
5436,7,1,7.8,6.07
15021,5,0,2.3,3.93
30206,5,4,8.7,3.65
20716,0,1,5.4,4.46
17641,4,1,2.7,5.09
11171,7,2,5.3,4.42
32763,6,3,2.8,2.61
27027,4,1,4.4,4.04
3089,5,3,8.6,5.02
40517,2,1,0.2,5.99
37750,6,3,7.5,3.12
37013,1,4,6.9,6.12
32462,5,2,3.6,8.16
37780,1,3,5.4,5.24
4114,6,3,1.5,5.7
49105,2,0,2.3,4.48
48695,4,4,9.1,6.58
23552,2,4,9.3,3.87
31910,2,1,0.8,5.93
7695,5,2,3.5,5.89
34941,4,3,7.2,6.1
2718,3,3,4.7,4.74
40891,7,4,4.3,4.9
12870,2,2,4.4,3.7
35636,1,2,4.1,4.38
35920,1,2,8.4,4.38
18567,5,0,3.7,5.4
3466,7,2,3.3,3.67
21575,2,1,9.8,5.86
12145,7,1,3.1,6.34
5908,7,2,8.2,4.53
32227,4,0,3.3,5.12
9011,3,0,5.8,5.6
17400,2,0,7.5,3.3
20462,0,4,9.4,4.49
11843,4,0,1.4,4.96
22886,7,1,5.3,4.75
14800,5,3,8.6,5.32
18450,5,0,9.3,2.68
15962,0,1,8.8,5.3
39803,3,4,8.1,5.28
4674,3,0,5.0,2.07
47023,2,0,0.2,5.96
24752,4,2,1.0,4.21
40395,6,0,3.2,2.89
38201,5,1,8.9,4.33
26364,4,1,6.6,4.37
37801,6,4,4.0,6.78
28083,7,2,6.5,5.03
631,0,1,8.6,4.92
2675,1,3,9.5,4.95
23665,1,1,2.8,5.24
33741,3,0,9.2,2.6
44778,1,4,5.8,3.52
18426,3,3,6.5,6.2
5515,4,3,6.8,5.81
47687,1,2,5.8,4.57
17862,6,2,0.7,4.95
30275,5,0,6.2,6.02
3611,0,3,3.8,5.44
14180,1,0,7.6,6.68
35053,2,1,5.7,3.08
1374,0,4,7.1,1.92
44296,0,3,4.5,3.53
25739,7,2,4.7,5.48
36413,0,4,7.8,4.92
36368,0,0,4.1,4.85
25323,0,2,0.1,4.59
47597,4,1,9.1,4.38
26625,7,2,8.7,5.56
7105,3,3,7.6,4.69
322,0,2,4.6,5.15
37950,5,1,5.8,4.23
15532,3,2,8.9,3.69
36763,7,1,8.0,4.49
24451,5,3,5.4,7.04
29422,4,2,0.8,4.09
48578,1,2,1.9,4.22
1410,4,2,8.8,4.57
11015,2,1,5.7,4.05
15796,7,4,1.3,4.29
18233,4,3,5.6,5.76
20495,3,1,4.5,6.51
27856,0,4,5.4,6.73
24541,4,2,5.0,3.45
32066,4,4,7.7,6.71
20266,3,3,6.9,6.88
3986,2,3,1.9,3.19
30309,4,2,8.9,7.28
26162,3,4,6.6,3.67
10529,1,2,4.5,7.31
27284,2,3,5.5,5.78
48975,7,1,6.8,3.76
45435,1,2,4.6,2.64
42277,6,3,9.3,6.8
2766,2,1,8.5,5.1
15135,2,0,5.8,5.41
36710,6,3,8.4,3.92
27179,1,3,4.1,5.45
34245,4,0,2.1,5.41
6695,4,3,5.7,3.05
25676,0,3,3.3,6.75
17766,0,3,8.2,5.89
46628,2,1,2.0,7.29
6752,3,1,5.1,4.22
30960,5,3,3.8,4.77
32824,7,3,4.0,3.57
11532,7,2,3.3,4.64
36956,3,0,3.5,3.4
35141,3,1,3.0,6.09
25493,7,0,7.2,6.64
41535,6,3,1.2,5.09
7093,7,3,2.6,5.73
32086,7,0,7.9,2.59
46170,7,3,7.3,4.59
39524,5,2,6.2,5.26
39724,3,0,3.9,4.36
31670,0,3,3.2,3.96
37982,1,3,6.3,4.19
33927,0,3,4.6,6.97
39941,1,3,9.6,4.87
3516,6,2,6.5,4.57
2852,7,2,2.5,5.21
759,3,2,5.5,4.41
24964,2,1,8.5,6.2
20180,4,3,5.8,6.18
13565,7,1,2.4,4.91
13889,0,1,8.3,4.32
11803,4,2,7.2,4.05
39290,4,3,5.5,5.73
37922,4,3,1.2,2.82
31368,7,3,4.8,4.78
7636,5,2,4.6,3.85
15177,4,4,6.2,4.43
13878,5,2,6.7,5.11
7966,0,0,5.4,4.85
48509,1,0,3.3,4.76
35469,0,2,8.8,5.67
4567,2,4,1.2,5.92
45287,2,2,3.2,2.6
26711,6,1,9.5,5.89
24600,6,3,4.7,6.68
9513,2,0,0.7,5.89
38997,4,0,4.3,6.43
33180,6,1,8.1,5.22
14977,7,4,8.7,4.93
27799,1,2,2.5,6.35
39017,4,2,6.4,7.89
43312,6,2,5.6,5.76
49079,7,1,6.1,3.93
28308,2,4,8.6,5.65
38185,2,1,3.5,2.52
4636,7,4,8.7,5.82
47446,3,0,2.7,4.46
28037,6,1,8.6,6.28
45075,5,0,7.9,6.59
23684,1,1,4.2,6.52
8835,1,3,3.5,5.28
20444,3,1,3.2,5.31
2214,6,3,4.4,7.32
18718,1,0,4.9,2.16
43573,5,1,4.8,3.75
8017,5,0,5.3,4.36
42754,4,0,3.6,4.79
28353,1,1,4.9,3.59
32725,4,4,2.3,3.36
39756,3,0,7.4,4.49
24059,4,1,7.6,4.86
9192,7,0,5.8,4.62
31270,4,1,2.7,5.57
23656,2,0,6.6,4.15
18325,0,3,4.3,4.96
15616,3,0,5.2,5.05
13924,0,1,3.5,4.31
38919,3,1,0.3,6.79
48490,6,2,8.4,6.12
33590,4,1,4.1,4.81
37016,4,1,9.8,5.35
20023,5,3,2.8,3.06
22539,2,1,6.0,5.54
31189,4,0,5.3,4.55
13678,3,4,8.4,5.2
34594,6,4,2.1,3.77
21077,4,2,3.3,5.06
41971,1,0,5.3,5.64
22290,0,1,3.4,5.68
27788,1,4,4.8,3.13
46772,6,3,2.8,5.66
18058,7,2,4.9,4.67
3297,4,2,4.7,6.67
26299,0,0,0.6,4.2
13180,4,1,2.1,4.84
21531,5,1,1.8,6.26
47930,2,4,6.7,3.88
49555,0,1,6.1,4.08
6661,5,2,0.4,5.62
13469,1,0,5.8,3.2
15238,2,0,7.1,6.29
39594,1,4,5.3,3.19
20241,2,0,5.9,6.2
8023,3,0,6.0,4.64
785,7,3,0.9,5.23
20406,1,4,8.6,6.29
8745,7,2,2.6,3.81
475,7,3,9.0,4.85
19559,1,3,0.1,3.81
8963,5,2,0.0,7.4
7918,2,4,0.7,4.07
12733,7,4,6.8,4.54
40516,3,3,10.0,7.33
19114,0,1,1.3,4.52
42490,1,4,1.5,4.42
16546,5,4,0.4,4.45
47727,6,3,5.3,5.9
6498,5,4,7.4,4.61
25432,5,2,0.2,6.63
38425,0,4,3.7,4.09
49351,0,4,2.6,4.62
34583,4,3,1.6,4.64
34337,6,3,0.3,4.74
14787,4,1,2.6,5.74
1093,3,0,8.5,4.0
22588,6,4,1.8,5.41
137,3,1,7.2,5.52
39217,4,2,3.8,6.01
34375,0,0,9.7,3.7
45058,7,1,1.8,5.29
25,5,1,6.0,5.21
31595,2,1,6.1,5.96
15882,1,1,4.8,4.35
47788,7,0,6.0,5.2
11690,4,3,7.0,5.54
39589,6,0,0.0,2.76
36476,4,3,5.3,3.37
7368,4,4,4.5,5.15
2824,6,4,3.1,3.69
8247,6,0,6.7,6.82
7128,3,4,8.0,6.28
40867,5,2,2.0,6.71
23069,5,4,8.9,8.43
5823,1,1,0.8,5.18
16394,2,4,3.6,5.7
42829,6,3,1.2,4.38
39158,1,3,2.1,6.8
25936,5,1,2.1,3.59
40949,1,3,5.2,5.62
49613,7,0,8.0,4.5
20306,3,4,5.3,5.11
39461,6,4,1.2,5.2
28802,5,2,9.4,6.15
2195,7,3,1.9,1.83
29308,6,3,9.7,7.08
17861,3,0,8.6,6.81
30497,5,4,0.4,3.65
18810,6,2,4.7,5.99
45961,5,3,7.8,6.06
19015,0,2,8.3,4.74
34202,1,0,5.5,5.25
22124,0,1,5.2,6.36
44620,0,3,2.1,5.62
33487,6,4,7.6,5.82
43400,6,3,9.4,6.44
3478,1,1,0.9,3.14
1118,0,2,5.6,5.38
42749,0,4,1.4,6.07
22965,7,3,4.1,6.12
28265,0,2,3.7,4.71
17979,3,3,3.3,6.29
47493,3,2,3.3,5.13
13317,1,3,0.1,5.3
30085,2,2,9.5,5.7
37011,2,2,9.0,5.45
197,7,2,8.9,6.62
45915,5,1,5.2,5.43
46940,7,1,4.8,2.26
37889,1,2,9.3,3.15
29947,6,1,7.8,6.88
10119,1,0,5.2,5.39
44343,0,0,3.5,6.81
29504,2,2,6.8,5.93
751,1,1,3.6,3.83
26231,5,3,8.6,4.73
16408,3,4,5.4,4.3
44455,3,0,9.1,6.11
13406,7,0,3.7,6.18
30025,6,3,9.7,6.77
9459,7,2,9.3,4.16
36245,3,0,7.2,5.98
35185,1,2,6.6,7.41
880,2,0,4.9,6.85
47542,7,4,1.3,5.74
27522,3,1,7.6,4.27
21935,6,2,6.3,3.57
10411,6,3,7.8,4.42
31673,2,1,6.1,6.85
6343,6,1,5.6,7.81
21856,5,3,4.5,6.8
9150,0,4,7.6,4.82
36525,3,3,2.7,3.74
14196,3,4,9.0,7.86
10045,4,1,2.3,3.21
20458,5,0,7.7,6.71
10325,6,4,0.3,6.01
49019,3,0,9.1,6.35
30340,6,0,1.3,4.27
24067,3,3,1.7,4.97
228,3,0,8.9,5.67
18090,5,2,9.0,2.63
16194,2,0,3.7,7.06
17919,6,3,0.3,4.34
14033,0,2,0.9,5.88
27038,2,3,0.4,3.6
14285,0,4,5.0,3.51
10253,5,3,9.7,5.88
3144,3,3,6.0,5.78
30420,7,3,2.5,7.4
22225,0,3,6.3,3.87
13220,5,0,1.7,5.15
32362,4,0,7.0,3.31
4986,5,2,3.4,5.29
48431,6,4,1.4,2.36
10549,6,4,9.7,5.58
2370,4,3,3.4,4.5
24987,1,0,4.7,6.37
9236,7,2,8.5,4.84
23743,4,0,2.2,4.48
2232,7,1,4.5,3.96
33212,1,3,2.7,5.32
25644,6,3,9.3,5.6
840,6,4,5.7,2.17
25108,2,0,7.7,5.23
12050,7,3,9.4,4.23
30845,1,0,4.4,4.51
13952,0,2,3.3,6.95
41605,6,3,9.8,4.26
8753,2,0,8.0,5.35
15262,0,1,0.6,5.87
46265,4,4,4.0,4.53
42024,3,2,4.3,4.82
5432,4,2,1.6,4.2
46433,5,1,8.3,6.01
44750,0,3,3.4,4.51
12611,7,0,7.6,4.83
44749,7,0,2.4,5.57
48759,3,3,8.0,5.2
39457,7,2,9.4,2.39
38337,5,4,6.8,4.68
22966,5,2,3.8,4.84
11647,1,0,3.3,4.47
29394,2,3,0.6,3.58
18103,6,3,3.0,5.02
11730,5,1,3.6,5.17
20480,1,3,5.6,3.17
38751,6,2,6.2,3.98
3801,0,2,7.8,3.38
18480,5,3,9.0,3.81
48256,2,0,8.7,6.31
48900,6,1,2.1,3.63
19262,1,3,0.6,4.52
24659,3,2,6.4,5.67
2120,7,1,6.6,2.99
47028,1,1,3.5,2.34
940,4,0,3.0,4.75
30472,1,2,0.9,4.42
16244,4,0,6.1,5.32
5951,3,4,3.3,5.1
11287,2,1,1.8,6.63
12444,5,3,7.8,4.92
13763,4,4,2.8,5.42
48,4,1,9.1,6.45
22240,6,3,8.3,3.8
11087,2,0,1.4,7.1
37331,6,0,5.8,5.63
25167,1,0,4.9,6.39
5869,2,2,3.4,8.38
16330,5,4,3.1,5.24
37420,0,3,2.6,4.32
24694,2,3,7.9,4.6
49540,1,4,7.4,5.31
17686,1,3,5.0,4.68
28780,2,0,7.4,5.69
41528,4,4,7.3,4.79
48824,5,1,9.5,7.76
24472,0,0,3.6,4.05
26021,1,3,1.0,4.99
11715,3,3,7.2,3.43
20146,1,3,1.8,4.34
44163,4,2,7.4,5.95
21947,4,0,7.8,5.41
37373,1,1,0.2,5.39
3656,0,1,3.4,4.76
33809,3,0,5.0,4.36
15281,3,3,6.9,6.46
10062,1,4,8.9,4.43
7464,0,3,0.2,3.32
48687,0,1,3.1,6.18
8982,4,0,9.0,3.52
33602,1,0,4.1,5.29
41399,6,3,9.5,4.02
37488,5,1,9.2,3.43
36028,0,1,3.2,3.39
14328,2,2,0.4,3.66
9062,1,4,4.6,6.96
17184,3,4,9.7,5.04
32234,6,3,5.8,6.11
1288,7,0,0.5,4.34
6010,2,0,2.1,5.25
37673,5,4,6.2,4.9
39955,5,0,0.8,3.79
770,6,3,3.6,5.17
37402,5,3,1.2,3.33
3644,3,4,8.0,3.99
32135,5,0,10.0,3.17
41827,4,0,4.4,6.09
46241,1,3,3.3,5.86
35484,7,3,8.4,4.57
31865,1,2,5.7,5.32
9052,3,4,7.4,4.73
29538,4,0,2.7,5.36
40792,3,0,0.7,4.44
21235,4,1,2.9,4.99
49109,2,1,9.8,3.98
34804,5,2,1.0,4.12
44981,7,0,8.5,4.99
8456,2,4,8.3,7.28
48732,3,3,5.7,5.56
16331,4,2,3.0,5.77
17275,5,3,0.3,5.45
5581,2,3,2.6,4.77
27084,4,3,2.4,6.04
45990,4,2,2.9,6.62
9043,5,3,9.5,4.74
25182,5,2,9.8,3.88
2020,2,3,1.5,3.3
7712,3,2,6.7,4.6
33629,6,1,5.5,6.32
20452,1,0,4.7,5.78
1154,5,4,2.2,3.88
22832,1,1,0.8,2.48
22869,7,1,7.1,2.49
24972,3,0,3.8,5.25
46253,2,2,4.3,5.67
10560,1,4,9.0,4.24
30586,0,0,3.2,6.93
48235,7,3,4.5,7.87
18046,7,3,0.2,5.21
5585,6,1,2.9,4.43
37865,0,4,1.7,3.74
31185,3,3,6.3,4.32
16489,6,3,2.7,3.28
38347,4,0,0.2,5.93
8943,7,3,9.4,5.52
4590,6,4,4.0,5.73
6001,7,4,6.6,6.92
44286,3,3,8.6,3.86
39687,6,4,3.2,4.75
23548,4,1,4.6,4.77
17327,6,4,9.3,6.33
19256,3,0,0.7,3.62
44728,3,3,7.1,4.41
18938,7,0,9.4,4.28
10706,2,4,4.1,6.04
47624,6,1,7.0,6.55
21578,6,2,2.6,5.07
2463,6,4,4.5,6.27
44703,4,0,8.1,5.32
12097,0,2,8.0,4.94
20911,5,3,1.3,3.94
22287,4,1,7.1,5.44
9865,6,4,1.7,5.31
28349,1,3,1.6,4.3
21370,0,1,0.0,4.56
28779,5,1,7.8,4.33
30436,6,1,2.2,5.38
153,0,0,1.2,5.82
16996,1,4,3.0,5.85
7296,1,2,0.7,4.31
730,0,4,1.8,6.01
28523,4,4,1.7,5.76
21619,7,2,0.2,4.91
44032,3,0,6.2,3.0
26039,0,0,2.7,3.89
24337,0,2,7.7,5.1
8144,5,2,4.8,6.07
47206,5,3,1.0,4.65
10458,0,4,8.1,7.09
24411,7,0,5.9,4.86
19530,4,0,2.9,3.21
17860,2,3,7.7,6.39
24534,1,1,1.8,5.65
36021,1,2,2.0,3.25
13254,2,3,5.1,2.29
38224,6,4,1.4,3.95
31729,0,0,4.8,2.67
20097,2,2,5.3,4.03
10237,4,2,0.9,4.71
1523,3,3,3.5,5.1
16740,1,0,6.2,4.43
13015,2,0,3.9,3.86
27171,3,3,7.2,4.86
46,3,0,6.9,3.52
17196,6,4,3.9,5.35
27417,5,0,7.6,4.8
22069,4,3,7.1,5.02
12905,5,0,2.5,5.18
33684,2,1,7.5,6.19
38640,5,1,8.4,4.92
29279,4,4,2.9,5.19
26831,4,1,8.9,6.15
39067,7,0,5.1,5.71
30596,4,2,2.9,6.14
25779,2,1,8.4,3.25
22099,2,0,7.0,3.47
19464,3,4,1.7,5.7
48918,1,1,7.3,4.64
25957,6,0,2.5,5.85
8153,1,0,4.4,5.11
5455,3,3,7.8,7.1
41756,3,3,0.1,3.51
31741,2,0,3.4,4.24
48216,7,0,8.1,2.88
10468,6,3,3.1,3.78
15240,2,1,2.6,6.32
7478,0,4,6.9,6.42
36650,0,1,9.6,6.64
8648,0,4,7.5,5.06
10713,4,4,0.5,7.16
27453,2,0,8.6,4.91
49534,2,4,5.3,6.36
15677,3,0,4.6,5.4
6248,0,2,3.3,6.22
14916,1,0,8.1,3.46
15065,0,3,0.0,4.59
16037,6,2,6.8,3.83
14740,3,2,2.4,7.39
7816,1,1,0.9,5.59
27739,1,1,4.1,4.37
28538,5,1,8.1,5.12
44021,1,2,4.0,5.75
25185,5,2,4.5,4.45
4723,4,1,0.2,5.5
28960,3,3,3.7,4.7
10107,2,0,5.0,4.56
40578,7,3,2.4,3.72
15280,0,3,2.8,5.25
22328,3,2,9.7,6.51
32922,5,2,5.3,5.68
24887,2,0,7.5,6.77
43623,2,0,6.0,2.45
43635,3,1,4.9,7.3
26257,2,1,2.7,5.96
9699,6,0,4.0,5.84
31285,4,1,2.8,4.44
4392,7,2,1.1,5.95
15263,7,2,6.8,3.49
35837,2,0,0.2,3.77
25177,3,1,4.2,5.49
4765,1,0,8.5,4.23
776,2,4,9.6,8.59
49432,0,1,7.6,4.03
8241,0,4,3.6,3.42
40744,2,4,7.9,3.86
33415,7,0,6.4,5.63
3330,5,0,2.8,6.04
24197,3,0,9.5,4.94
13387,1,3,4.6,5.94
25850,5,2,8.1,4.1
49865,3,4,2.6,5.21
10513,7,2,3.9,3.99
39553,2,2,8.0,5.2
25288,3,1,7.8,5.51
20461,5,1,0.4,4.93
29099,2,2,9.9,5.49
25342,5,4,2.4,5.95
12189,4,1,6.9,6.85
8011,6,3,4.3,5.2
18105,7,4,1.9,5.16
45135,6,0,9.5,6.05
48416,3,1,2.5,2.83
34990,7,2,7.3,5.83
24027,7,4,4.5,3.88
1138,2,4,2.3,5.59
12494,2,2,2.8,4.8
22038,7,1,9.3,1.52
12295,3,1,5.6,4.15
20521,4,3,6.7,6.26
11272,3,4,2.8,4.96
46811,0,1,0.8,4.02
15123,4,2,7.2,3.95
47310,0,2,8.9,6.08
4662,1,3,5.8,6.56
36256,6,4,8.7,4.77
1544,0,1,4.6,6.21
15665,3,0,2.3,5.13
40377,4,2,4.1,5.99
19789,2,4,3.9,5.19
16700,2,2,0.8,4.1
42948,4,1,8.8,4.94
35398,0,4,9.1,6.05
4652,7,2,3.4,5.47
16534,6,1,5.9,6.24
32260,5,0,0.4,4.95
45480,5,4,1.5,2.23
41000,0,3,5.7,3.95
40889,4,2,3.2,6.51
9040,6,2,9.3,4.24
9718,6,0,2.5,5.37
31981,5,1,9.3,4.55
25620,1,2,7.2,7.15
17299,6,0,7.4,7.37
13797,7,1,9.7,6.09
26321,7,3,1.6,6.68
25172,6,1,3.5,3.35
1587,1,2,2.0,5.84
9860,5,3,9.7,4.57
16118,7,0,4.1,5.74
27358,5,1,8.1,5.12
45381,5,1,7.0,5.27
18293,5,0,0.4,5.98
26095,2,2,7.8,4.39
14278,2,1,1.3,4.33
22926,4,3,2.2,4.06
25086,5,0,4.7,3.27
30411,1,4,2.0,4.21
16800,2,3,2.5,6.1
787,6,2,7.3,6.4
34805,7,1,6.2,4.26
4407,5,1,9.5,7.33
12156,4,3,7.8,4.58
46642,5,1,1.4,5.35
32987,1,1,8.5,2.77
32337,4,3,0.9,5.11
10829,5,1,5.4,4.21
19538,2,1,2.8,5.02
43879,1,2,5.4,5.82
44510,0,4,6.1,4.93
9900,7,4,4.2,5.35
40661,5,4,7.7,5.53
41984,7,3,9.9,3.11
40518,5,4,9.7,4.64
16342,5,2,3.2,5.71
42451,4,4,0.2,4.95
7591,7,3,5.0,3.53
35723,2,4,7.9,3.14
11336,1,0,3.2,4.88
40988,1,1,6.0,4.26
29956,4,0,5.5,2.35
328,3,4,3.4,4.35
41372,5,2,4.2,3.66
15398,2,4,7.0,5.82
9663,6,2,4.4,4.25
32208,0,1,6.2,4.9
46015,4,1,6.9,6.55
31614,7,4,9.0,4.42
4504,5,3,9.1,3.53
5124,0,1,6.3,4.78
9407,7,2,8.5,5.03
12734,0,4,1.4,6.08
22826,5,3,1.5,6.84
43676,4,0,5.4,6.47
41495,4,3,3.9,5.3
43431,0,1,9.2,6.14
33649,2,1,2.3,5.99
35936,0,4,3.6,6.94
36546,1,2,6.3,6.24
38971,6,1,9.1,6.64
6736,3,0,6.0,2.2
14639,1,2,6.3,5.43
1310,6,1,2.9,4.49
8463,7,1,5.6,5.48
42468,0,1,9.5,4.52
22759,5,3,5.4,4.21
21601,6,3,6.3,6.76
19727,4,2,5.8,5.45
12856,4,3,8.9,5.38
49036,6,1,0.7,3.91
37115,5,1,3.9,4.99
34304,1,3,3.4,4.86
32908,1,0,9.5,5.1
10433,0,1,1.7,5.49
45539,5,0,0.6,5.73
3969,2,0,2.6,3.73
18661,2,4,9.1,6.53
41195,2,2,1.6,5.64
32727,5,2,8.0,3.11
11339,0,2,0.4,4.1
24711,0,2,0.3,2.52
32635,3,3,8.6,3.28
1179,5,0,2.7,4.44
9612,7,1,1.1,4.72
29732,0,0,6.0,6.37
7395,6,4,2.2,7.87
7947,7,0,9.0,2.73
36962,4,2,2.0,3.9
49690,7,4,2.5,4.01
47760,1,0,5.7,6.22
43472,7,1,0.0,2.46
11748,0,0,4.1,5.98
29421,0,3,2.1,3.7
36131,2,1,6.4,6.46
29277,5,4,2.9,4.28
28763,6,1,7.7,5.16
8736,2,0,9.6,5.91
15612,3,2,0.8,6.37
13796,0,3,8.4,3.94
47517,6,1,2.9,5.77
21031,0,3,4.9,5.96
45799,4,0,2.0,3.28
36764,0,4,9.2,5.83
28051,6,2,8.1,6.25
47403,6,4,6.1,5.43
4671,5,1,3.6,4.39
8726,0,4,1.9,5.0
34909,6,0,2.2,6.1
49927,1,0,6.5,5.49
3681,0,1,9.1,6.84
35179,6,4,8.0,6.05
6356,4,2,2.3,6.51
22349,5,2,1.1,1.9
41430,5,1,6.3,6.91
38008,6,0,5.6,7.81
48539,1,1,1.5,5.34
40039,2,1,0.4,3.85
25932,7,1,2.3,5.48
41119,7,4,9.8,3.96
30819,5,1,1.8,6.44
2784,5,4,3.8,5.34
39804,7,4,6.5,4.22
126,2,1,1.0,4.08
6877,2,3,5.4,5.41
44762,3,0,8.3,3.87
8365,4,1,9.8,4.77
23376,7,0,2.1,6.82
17414,3,4,0.8,5.44
35160,7,1,9.0,5.57
34403,1,2,3.1,4.1
8038,0,1,7.3,5.38
23473,0,1,1.1,6.15
7574,1,0,2.2,5.92
45923,5,4,0.2,7.54
42741,2,1,0.6,3.96
7184,3,0,0.6,4.19
47762,4,4,1.5,6.36
27498,3,4,1.5,4.32
26414,4,4,3.5,4.17
39850,7,2,0.3,5.34
19699,7,2,1.3,5.16
22603,3,3,4.1,5.92
40212,1,1,2.6,4.41
1850,4,4,5.9,5.25
29587,3,4,3.9,4.67
4873,1,4,3.5,5.09
18020,7,2,0.9,5.62
29067,5,0,8.0,2.66
17601,5,2,4.4,7.38
3151,5,2,6.3,4.36
9155,4,4,0.4,5.93
3676,7,2,4.5,4.09
6426,0,2,3.4,2.35
22422,7,1,1.2,3.39
5504,6,2,6.9,3.38
44453,2,3,0.0,4.67
47064,1,3,3.9,5.65
26392,3,4,9.0,5.27
24051,1,4,4.7,6.23
14985,3,4,8.9,5.66
45671,3,2,9.9,7.3
35097,5,1,3.4,3.58
33816,0,3,3.7,5.23
28643,7,4,7.3,4.13
11458,5,2,8.3,5.67
48765,7,2,9.1,6.94
610,3,2,2.3,7.42
30939,4,0,3.6,4.55
2301,3,2,9.8,5.56
11259,7,1,9.8,4.49
22504,4,2,3.4,5.73
6577,5,1,5.6,3.82
26722,4,1,4.8,7.26
35332,6,0,0.1,6.14
24426,4,1,2.5,5.95
29076,4,0,0.8,4.94
2229,3,2,1.3,4.74
21910,7,0,5.5,4.84
40885,5,3,9.9,5.93
21023,3,3,1.5,3.89
21495,7,4,7.2,4.74
34835,3,2,0.4,6.16
26940,6,3,6.2,6.69
12998,7,4,7.2,4.69
19440,0,0,5.8,6.85
46756,5,0,6.0,6.87
20842,0,3,8.2,3.79
22238,1,1,6.8,7.77
21133,2,0,0.1,5.08
31176,1,4,4.8,5.14
14055,1,0,4.0,5.37
15816,2,3,6.2,5.27
25333,7,2,5.0,5.97
23172,7,1,0.3,4.28
36528,3,0,5.8,2.79
42595,3,0,2.4,5.67
16388,3,2,4.5,4.99
49409,3,4,8.9,4.85
32718,5,2,2.3,7.07
13146,3,3,9.7,3.75
29640,6,0,8.1,6.17
12441,5,3,6.0,4.34
48447,4,0,5.3,5.18
22739,4,2,5.9,4.57
23365,6,4,6.6,3.94
30283,2,3,1.6,3.66
20467,2,3,8.7,3.47
40989,7,2,7.6,4.16
24356,6,0,9.1,6.05
8781,7,1,7.7,5.72
28739,1,3,9.8,3.31
41273,7,4,5.0,5.35
9867,4,1,5.1,5.6
9673,6,4,2.2,6.3
38127,7,2,2.1,4.14
42174,1,2,1.7,5.65
33441,5,3,7.0,5.37
33091,1,4,4.4,3.6
42917,4,1,1.6,6.42
9814,1,4,3.9,4.34
29822,0,2,8.1,2.44
31978,5,0,4.2,4.2
23111,7,4,7.5,6.82
5265,1,3,8.2,6.8
721,5,3,1.8,4.86
7582,5,3,3.8,6.45
3537,6,3,7.2,6.89
9955,7,3,7.9,5.29
24116,7,3,8.4,6.01
35029,4,2,3.0,3.38
38190,1,2,6.4,7.02
38998,4,4,8.5,5.52
49470,4,1,3.8,4.44
26882,4,1,9.3,3.61
9076,1,1,0.1,4.77
40178,3,0,1.2,5.85
42040,1,1,7.8,5.83
48054,3,3,6.7,3.81
41364,7,0,2.6,4.11
4826,1,4,6.8,6.04
25046,5,2,3.6,5.78
35552,3,2,6.1,4.5
34564,1,2,6.7,7.37
31187,6,4,8.4,5.41
38410,0,0,8.1,5.95
20151,2,0,4.1,4.71
26117,6,0,2.4,4.45
663,3,1,0.1,8.36
35018,3,4,5.5,5.08
18380,4,4,7.5,7.68
14011,1,1,4.0,2.55
25652,3,0,0.5,3.12
49736,0,2,6.8,6.97
7343,6,2,4.1,4.97
48174,2,3,4.1,6.35
20393,1,0,4.9,5.34
38383,4,0,6.6,2.54
30428,1,4,1.0,6.29
35131,3,2,2.8,7.05
6355,4,1,0.1,3.85
41049,7,0,3.5,4.02
29448,2,3,9.6,4.24
22809,5,4,6.6,4.46
31127,6,3,6.7,4.29
1008,4,1,10.0,5.78
19376,1,4,1.1,3.79
20583,5,0,3.1,4.8
24707,6,0,8.3,3.59
15327,7,1,7.6,5.48
16792,4,4,1.0,2.93
39605,2,3,5.9,2.94
42810,0,2,0.0,4.26
9719,7,0,5.9,6.27
44305,2,0,8.5,2.63
19062,3,0,3.0,4.63
903,0,4,4.7,5.29
24949,6,3,0.7,5.15
8250,3,3,3.2,5.03
29427,2,4,8.6,2.27
48152,5,3,9.2,4.57
6567,4,0,3.6,7.38
19624,7,1,9.3,4.65
33509,6,2,6.4,2.53
40053,5,4,9.5,5.19
27955,0,1,8.2,5.63
40385,0,1,4.3,3.47
38468,3,4,6.9,4.29
30345,7,1,1.7,5.41
3249,5,3,2.5,4.18
21814,2,4,9.9,5.21
27049,0,0,8.3,3.34
22046,6,0,5.4,5.05
29170,2,3,1.8,4.3
14476,7,4,5.4,7.32
30562,3,2,5.5,4.18
21445,2,1,0.3,5.94
21232,2,4,7.7,3.78
47893,0,2,4.4,5.97
36430,2,1,6.0,5.92
12402,4,0,6.3,6.46
42228,6,0,0.7,6.3
11168,4,1,9.3,6.7
41896,4,4,4.5,6.14
25889,2,0,8.7,4.87
14997,1,2,9.1,6.21
18065,3,4,1.6,5.38
22479,0,4,5.7,7.51
14702,6,4,8.6,6.06
44905,3,2,5.6,5.91
1799,6,3,6.0,4.26
14902,4,4,9.9,7.0
15610,0,0,8.1,5.16
44810,2,1,7.0,7.1
26693,1,0,2.2,6.18
15313,6,1,8.4,5.4
40400,4,0,8.0,4.33
507,3,2,7.1,6.06
23799,7,0,3.8,5.19
33920,5,0,7.2,4.16
16766,5,3,6.3,2.41
45347,7,3,8.0,3.55
719,1,3,2.7,4.21
40882,3,3,3.7,6.76
35167,0,1,0.4,5.85
388,0,1,7.5,4.11
34860,0,2,1.2,3.0
34116,3,3,4.3,3.89
22960,6,1,2.6,3.04
2396,5,4,2.8,5.74
7581,5,4,9.0,3.49
23725,6,4,4.0,4.57
30417,1,4,1.2,4.38
48270,2,2,1.7,5.81
3826,3,3,8.0,4.84
5796,5,3,2.1,6.68
32265,6,2,4.7,4.73
31029,2,3,9.1,3.32
18735,2,4,8.0,4.06
9578,3,4,3.8,4.98
3526,0,4,9.6,6.26
10150,2,4,1.5,3.01
45943,6,0,9.8,5.12
20417,0,4,8.9,2.71
23951,6,1,1.5,5.12
43093,1,1,0.4,5.05
36679,3,0,8.4,2.3
43750,0,4,4.5,5.21
29351,5,1,2.4,2.9
31215,0,4,6.8,3.04
2112,5,0,2.6,5.54
30799,3,1,5.4,6.38
6427,0,1,8.6,5.45
17873,2,3,4.3,5.19
25785,7,2,8.4,3.88
15784,2,4,5.3,5.88
5880,7,0,3.4,5.02
44553,5,2,8.7,3.17
44245,2,1,5.5,8.24
13716,6,0,3.6,4.28
46891,6,0,6.3,6.27
45052,2,0,3.2,5.71
33697,2,3,5.3,6.25
34501,3,0,5.4,5.22
25977,2,0,2.7,4.62
13493,4,2,0.9,4.42
26762,3,1,4.2,5.73
40503,5,2,9.0,5.04
5522,5,1,8.0,4.4
783,6,0,0.3,5.13
14708,2,0,5.2,4.57
16340,7,4,7.8,5.48
12736,2,3,9.8,5.87
44337,0,0,7.3,5.13
17622,3,3,9.3,2.14
16628,6,3,8.9,5.06
41670,0,0,0.4,4.69
28527,3,2,2.6,4.82
26573,4,1,1.7,4.69
11525,4,3,2.4,3.61
14268,6,0,2.1,4.97
31200,6,0,1.6,5.89
33295,5,1,7.8,5.27
12365,2,0,5.2,4.26
27837,4,1,0.2,4.04
46730,0,4,6.3,5.91
6915,7,4,8.1,5.0
7563,4,3,9.0,6.92
49175,1,1,5.2,3.92
19047,3,1,9.5,2.62
31263,3,3,5.8,4.0
27430,0,0,7.1,5.26
16868,2,1,5.7,6.35
49987,3,1,7.5,6.08
22652,4,3,0.1,5.97
34277,0,0,6.8,5.36
7164,6,3,9.4,6.45
8858,0,2,8.4,4.43
44472,0,4,6.3,6.07
46212,5,1,3.8,3.29
44234,1,2,5.0,4.95
22475,3,0,7.8,4.0
12656,6,1,3.6,6.15
11175,7,3,3.0,4.94
47120,0,1,1.8,2.66
46408,4,0,4.4,2.84
13428,6,2,8.6,7.5
15785,0,1,9.3,5.53
30550,0,2,6.6,3.25
32777,6,1,0.1,4.32
9132,6,1,3.9,3.86
18748,2,3,0.3,4.28
43350,5,2,1.7,4.38
5279,2,4,7.5,5.55
2028,2,4,4.1,6.28
45557,6,1,7.6,5.9
4168,1,3,0.2,5.95
27020,5,4,8.8,3.7
38601,4,1,1.9,5.02
4689,6,3,1.0,2.96
24731,3,2,7.1,4.19
29569,5,2,0.6,4.17
28111,0,2,3.3,5.31
8525,0,1,1.3,4.74
28906,3,1,4.0,4.28
11648,0,2,3.7,4.54
6415,2,3,8.1,6.22
18036,0,0,1.9,4.67
39926,2,0,9.9,4.7
22188,6,3,7.6,4.5
30031,6,2,2.6,4.14
9350,0,3,6.2,4.95
24231,7,1,5.7,6.7
43498,1,0,3.0,3.39
29464,0,1,8.1,5.19
19976,2,1,1.1,4.35
30877,7,3,8.6,4.77
41497,6,1,2.0,3.37
4960,0,3,9.5,6.27
46786,4,1,4.9,7.08
40777,7,3,3.7,4.83
41085,6,4,10.0,6.27
44725,6,3,5.1,2.17
23742,3,4,3.4,5.8
4013,4,0,2.6,4.75
33950,3,4,3.4,7.53
34490,3,3,9.9,7.33
28273,2,2,3.4,4.01
32884,5,0,6.5,6.92
25213,1,1,2.3,5.7
49775,6,3,2.2,4.25
37276,0,3,9.6,3.07
45027,7,4,8.6,4.97
1259,7,1,3.3,5.53
22409,7,1,0.8,5.36
21698,3,0,8.8,4.43
1072,3,2,8.3,5.82
27365,2,3,3.3,8.19
42424,3,0,3.3,3.9
45191,5,2,9.7,3.9
4696,2,3,7.8,7.57
5415,3,1,6.2,5.56
31449,5,3,3.5,6.83
42744,7,3,3.8,4.18
48467,7,4,5.6,5.25
40532,4,0,2.3,4.2
20881,5,0,3.8,4.89
500,1,0,9.3,5.29
43112,0,2,7.3,3.89
37930,5,2,6.5,4.6
43250,4,0,6.5,4.36
28630,3,2,8.8,4.5
28114,4,1,0.4,7.03
24513,0,0,8.3,5.06
1971,2,2,1.3,7.61
4599,0,2,1.6,3.72
24352,3,4,9.9,6.1
4729,0,3,5.6,4.26
12329,0,1,8.2,5.68
35593,0,4,5.2,4.39
6947,2,0,0.0,5.9
34870,2,3,9.9,4.05
45090,2,3,7.4,3.39
25338,4,4,7.6,4.21
41607,4,1,6.6,6.71
533,1,0,1.5,4.0
27260,3,0,1.8,5.7
11274,3,2,8.5,5.76
39163,4,3,3.7,4.83
5162,2,3,4.1,4.09
28995,5,4,1.4,4.7
18962,4,1,1.2,6.03
13394,6,3,4.7,4.7
46623,4,4,5.6,6.81
3786,3,3,1.1,5.81
37218,2,2,6.0,4.18
11053,3,4,4.5,3.67
49237,1,0,7.4,4.33
43533,4,1,8.4,6.09
39210,3,3,9.6,3.46
13003,1,0,0.2,5.26
3997,6,0,1.4,3.15
31963,7,0,1.8,4.31
4380,4,2,5.4,4.81
46459,0,0,6.3,3.22
24397,3,2,4.9,4.92
23795,1,2,4.0,5.7
30394,6,0,6.4,5.56
11049,4,1,2.9,4.21
925,0,0,0.1,3.66
8490,0,0,6.2,4.96
23655,0,4,0.8,6.09
34656,0,2,4.5,5.84
23834,2,4,4.2,4.95
30643,7,1,2.2,3.31
16192,3,1,0.6,5.78
43549,3,0,4.2,7.86
22495,6,0,6.1,6.0
43390,5,4,8.1,6.16
28579,2,1,3.8,3.61
9460,0,0,2.1,4.24
11794,0,2,4.3,4.79
46853,2,1,2.8,3.43
6261,0,4,4.3,6.22
28101,7,0,0.9,7.9
5396,0,2,5.6,5.65
45283,6,2,0.4,5.52
38016,4,0,1.0,5.06
20580,5,1,2.7,4.32
1379,0,3,0.3,3.95
48367,4,1,8.4,5.78
49478,1,2,9.5,5.91
18078,7,1,1.5,6.64
23477,0,0,0.8,4.91
6658,0,3,2.8,6.61
40686,0,4,0.1,5.94
38738,4,3,8.9,5.4
33006,5,1,0.6,5.12
40011,1,2,4.4,5.12
46147,3,1,9.0,5.65
562,2,0,5.2,2.88
41416,4,1,2.0,5.88
45465,6,4,5.2,3.47
35308,0,3,3.1,6.04
16598,2,0,9.7,3.0
40375,0,0,4.2,7.15
35344,3,4,2.2,5.41
23378,3,2,2.8,1.46
17188,2,3,0.3,5.2
39527,5,4,2.5,6.31
22728,6,0,3.4,3.06
30440,5,0,5.5,6.6
35542,2,2,8.9,3.35
9027,6,1,5.5,3.88
11668,4,3,4.4,2.36
44975,5,3,9.3,3.39
46063,5,0,1.7,4.06
28957,5,2,2.8,5.44
5992,0,0,9.4,4.71
14863,6,4,2.9,4.6
6417,1,4,4.2,4.32
32487,0,3,1.1,4.1
21624,2,4,8.2,3.1
38893,5,0,6.3,4.64
25090,4,0,8.2,6.5
31777,6,3,8.8,3.09
46608,6,0,9.6,6.52
20844,3,0,6.3,3.91
48814,5,3,2.3,6.67
16600,7,4,7.6,5.25
32293,1,2,1.8,3.98
16005,1,1,5.6,4.44
26497,4,1,0.5,4.7
37117,2,4,1.9,5.07
10665,3,2,8.1,3.78
42512,2,0,1.3,4.43
4730,6,2,8.4,6.26
48623,3,4,9.2,6.84
23553,3,3,5.4,6.11
33842,5,0,1.6,4.23
47008,4,4,2.5,4.03
12009,0,1,2.6,2.52
48082,4,3,3.9,4.21
29987,2,3,0.6,2.13
37851,2,2,6.4,6.27
38258,5,1,2.5,4.87
39393,2,3,5.9,3.54
33859,6,0,0.7,3.81
38812,5,3,1.9,6.29
42586,6,4,7.6,5.09
33122,6,4,2.9,4.6
3491,0,2,4.7,4.15
6440,2,4,4.6,5.38
33167,0,3,3.4,5.26
13365,4,2,1.2,4.55
43497,4,0,8.8,6.6
49948,4,1,3.0,5.97
47634,5,2,1.4,3.32
49667,7,2,9.6,2.94
47250,7,0,10.0,5.56
24394,6,2,1.3,3.21
4560,3,2,8.7,4.02
23161,4,3,0.1,4.75
1052,4,4,4.2,6.24
898,3,1,3.7,4.27
9147,1,3,7.6,5.2
12576,1,4,3.4,4.53
15799,1,2,7.7,5.02
28429,5,4,4.7,6.01
28434,7,4,2.8,4.88
24968,5,1,0.9,2.61
22281,0,1,7.1,3.46
8493,6,3,9.2,4.22
42944,4,4,3.5,5.52
27988,4,0,2.0,5.81
47644,4,2,1.4,1.93
13521,0,2,1.1,4.2
5909,0,4,7.3,6.77
20464,1,3,8.2,5.18
37946,2,2,4.5,6.45
39623,3,1,2.2,5.16
34946,1,0,6.1,4.78
16487,2,2,9.5,5.7
47464,0,3,3.4,4.64
24428,1,2,2.7,3.47
46217,0,2,1.4,4.03
10992,7,1,0.1,5.92
32623,1,3,7.0,3.11
4007,3,0,5.0,8.04
1770,7,2,0.7,4.55
1733,5,4,2.2,7.1
28822,5,3,3.4,3.68
13662,1,3,2.9,4.12
31335,2,0,4.4,5.3
28585,3,2,5.2,5.28
3179,1,0,9.7,3.69
48052,4,0,1.0,3.87
43327,2,1,8.0,2.79
10660,4,3,6.6,4.44
28827,2,1,5.4,7.06
47313,6,3,9.2,8.36
6971,1,2,1.3,5.37
9987,1,2,0.7,4.12
49559,0,3,0.7,3.49
21568,2,3,4.3,5.0
13820,4,2,1.2,5.44
27555,2,0,4.0,4.65
33223,2,3,4.1,4.09
47007,3,4,7.5,5.48
35125,5,1,9.6,4.67
19112,7,0,7.5,4.25
1376,2,0,5.2,4.1
29563,3,4,0.7,3.0
26942,4,2,3.1,5.08
2349,2,3,2.9,4.41
34783,4,1,8.2,4.21
42604,3,1,3.7,5.01
47533,0,1,1.4,4.34
25638,4,3,3.2,5.86
23503,7,0,0.6,4.12
7777,2,1,9.1,5.3
2316,7,2,7.2,5.04
25768,2,2,0.3,4.67
23446,6,4,9.8,5.25
9698,0,2,8.8,6.65
4522,3,3,7.5,4.95
35877,4,4,6.6,4.38
24756,7,2,8.3,6.18
21789,3,4,7.1,4.82
24031,5,1,4.8,6.32
48472,0,4,1.9,3.13
7228,5,4,7.8,4.32
42462,5,4,8.2,2.87
33464,7,0,8.2,4.61
41687,1,3,5.2,5.97
46030,4,4,6.9,4.87
5731,5,3,3.8,5.46
15559,3,0,6.5,6.02
13081,4,2,1.1,3.83
11870,1,4,5.1,5.25
41909,4,4,6.7,6.35
1574,7,2,9.1,2.95
24244,2,4,7.9,6.98
9122,0,0,3.6,5.8
18198,5,4,4.0,4.73
13352,2,0,1.5,3.09
1000,7,3,1.6,3.25
33959,4,4,9.0,7.44
25237,5,0,4.3,5.37
19179,0,4,3.5,5.71
16896,0,2,8.0,3.34
42812,0,2,1.1,5.02
7473,3,3,2.8,6.83
27931,7,2,4.4,6.22
24585,2,3,6.4,5.88
34472,5,0,6.2,6.37
46815,3,0,8.4,4.13
27335,2,0,7.6,4.17
28940,3,1,8.3,6.13
40944,1,3,5.7,4.98
29974,3,1,10.0,4.33
27434,4,3,8.3,2.36
5201,6,3,4.4,1.62
31229,7,3,9.7,6.41
36754,2,2,3.9,3.35
37581,0,4,5.4,5.36
22068,7,1,4.7,2.7
22106,0,1,8.6,4.82
48956,0,4,7.7,3.12
34615,5,1,5.3,3.71
18584,5,0,6.2,6.25
4596,4,4,3.5,4.45
11713,7,0,4.2,5.57
25656,7,4,5.4,5.01
22425,5,2,3.5,5.97
15349,7,3,6.0,4.71
21688,2,4,6.6,5.59
38222,7,3,9.1,2.2
19012,6,3,2.0,5.72
45331,0,2,5.8,6.04
11101,5,2,0.2,5.41
17201,4,1,6.3,4.16
31974,3,0,5.2,5.61
6534,4,0,8.6,4.74
36859,6,2,4.5,5.48
15168,0,4,1.0,5.48
14017,2,0,9.3,4.6
45430,7,3,0.2,3.95
25787,5,3,6.6,5.9
635,7,3,3.5,4.53
11460,6,0,4.9,4.76
29862,6,1,9.6,5.28
39340,6,4,8.1,4.24
28304,4,4,5.5,5.58
16535,0,3,5.6,4.35
30891,4,1,1.6,5.51
34311,0,2,1.1,5.67
6666,3,3,8.4,3.54
28907,7,1,1.0,4.47
33932,1,4,8.0,5.03
26816,7,3,1.3,5.34
15223,5,1,8.7,5.78
18971,6,0,10.0,4.88
35989,1,2,1.5,7.75
23051,3,2,6.8,6.5
404,6,0,7.4,4.83
11763,7,3,2.5,2.63
6237,0,0,1.2,5.68
1014,2,3,5.6,2.69
49255,2,3,7.2,5.49
24071,1,1,6.9,5.7
28680,4,1,2.7,4.64
7351,6,3,0.3,3.97
7795,2,4,3.1,4.44
27414,3,3,5.3,3.34
46203,2,2,5.0,8.22
33796,5,2,5.3,5.66
47316,2,4,4.6,4.77
30347,0,4,7.1,4.44
11523,1,0,5.7,4.21
1563,3,1,4.0,2.99
36922,0,0,8.9,5.49
21904,4,0,5.2,3.24
44011,6,1,3.3,5.02
39008,0,0,5.0,6.15
26314,3,1,2.2,4.15
35137,7,4,8.5,4.38
31219,2,2,2.2,2.74
7982,5,3,3.7,2.61
25725,7,1,1.1,6.43
48170,2,3,4.5,5.0
22229,1,2,7.4,3.36
7034,1,2,1.5,6.44
32517,5,3,7.0,4.74
43275,5,3,4.8,4.2
41641,2,3,5.5,4.38
48188,2,3,1.9,4.93
20171,1,0,2.1,5.52
44367,4,3,8.4,4.55
2664,6,3,7.6,4.9
22472,5,4,0.3,4.53
3366,2,3,1.3,6.92
40141,3,3,7.9,5.76
40241,5,4,0.8,3.89
23855,7,4,6.7,3.09
20291,0,0,2.2,4.29
25684,0,2,9.4,6.89
29242,5,2,3.1,4.53
1947,5,1,4.1,4.66
6379,3,0,0.8,2.58
9688,0,2,0.9,5.3
29582,4,0,4.5,5.73
17827,2,0,6.1,4.0
4373,2,4,6.5,5.67
29926,7,0,6.1,5.34
16400,5,1,9.0,4.21
30932,6,1,6.2,4.09
1395,4,0,7.6,3.74
24180,0,4,0.0,4.1
44082,3,2,4.7,6.54
27796,4,2,1.0,7.83
44205,1,1,1.3,3.84
21042,3,2,4.7,6.44
177,3,2,1.2,7.19
26431,2,3,10.0,4.69
12304,1,1,4.2,5.77
8592,5,0,8.1,5.21
32023,2,4,1.8,4.76
2345,0,0,4.3,5.61
27427,1,0,4.9,6.23
37138,2,0,7.5,4.04
40292,2,4,6.2,5.95
26806,0,1,5.5,5.85
3977,6,2,0.2,4.65
8645,4,4,6.5,4.44
39860,4,1,5.4,5.72
46224,0,4,1.4,4.87
1283,3,4,4.8,4.68
20479,7,1,9.3,4.82
1365,7,1,2.2,4.51
23233,4,2,3.2,3.77
43714,7,3,0.6,3.31
34175,0,1,1.3,4.37
29293,5,2,5.3,5.83
44432,2,0,4.5,4.21
11985,5,0,4.2,4.78
11817,2,0,3.2,5.69
46595,7,2,4.8,5.28
25497,1,0,6.4,3.4
3238,3,2,2.5,5.01
7608,3,3,7.9,5.26
49514,7,2,7.9,3.48
11685,4,3,5.6,6.77
37571,3,3,2.6,2.82
43106,3,3,4.1,4.39
40613,3,3,3.4,4.66
32979,6,2,2.0,5.44
47855,7,4,7.3,6.26
45722,7,2,7.3,5.37
20960,2,4,0.3,5.64
24099,7,2,2.7,4.9
496,2,2,7.4,5.82
27406,2,0,9.9,4.55
8504,6,3,9.8,4.61
5181,6,1,10.0,5.08
25073,3,2,8.2,3.67
18587,6,1,0.6,4.63
19021,0,0,3.7,5.3
30066,7,3,7.6,3.85
21741,6,3,1.5,5.69
38432,0,2,7.7,4.71
8468,4,2,0.4,4.17
8049,7,0,8.6,4.25
7516,5,0,7.5,6.11
46927,0,3,5.3,6.62
48285,0,4,8.4,4.8
12333,5,1,3.7,5.45
30198,5,3,8.1,2.61
29839,4,2,1.0,4.41
95,0,3,9.5,6.09
7972,1,4,9.8,6.47
441,3,4,8.7,6.35
598,4,4,6.6,5.06
1672,6,2,0.9,7.33
17874,1,3,0.2,6.52
4384,2,3,0.5,2.8
31643,1,0,7.1,2.62
35471,3,1,1.8,4.12
25592,7,0,6.8,5.03
2198,1,3,2.5,5.71
49607,0,1,3.1,4.4
34278,2,3,9.3,4.57
38659,3,3,5.3,4.49
8190,5,2,9.4,4.67
10671,5,0,5.6,6.32
18793,3,2,2.0,2.93
15143,4,4,6.9,3.21
8948,4,3,6.6,5.28
37162,4,2,2.6,6.83
32361,0,1,6.5,6.23
48450,7,3,2.4,5.83
15159,7,3,2.2,5.04
21724,6,1,5.1,3.18
20369,5,0,8.9,6.65
695,6,3,8.3,1.96
7643,7,2,7.6,5.3
18625,4,3,7.5,4.68
32895,3,0,6.6,4.03
30988,0,2,4.9,3.74
33721,1,1,5.6,6.02
13625,3,2,0.8,4.36
35416,1,0,8.9,4.74
19962,1,2,1.0,3.38
43376,7,0,1.2,7.56
24998,6,0,0.3,3.88
27953,3,3,5.5,5.56
1094,2,1,5.6,6.64
22850,1,2,8.6,5.61
6862,4,4,7.4,3.84
8215,6,2,1.5,5.82
12173,1,0,2.1,3.25
17315,5,1,7.3,4.69
23504,3,3,7.3,6.18
16091,7,4,0.4,4.62
46969,1,0,3.7,4.22
32459,7,0,4.2,6.06
8469,2,2,3.4,4.97
4964,5,3,2.0,4.05
42843,7,4,8.8,4.27
10754,3,0,1.1,6.06
4191,6,2,10.0,5.78
16453,3,2,8.1,4.23
26939,5,0,4.8,4.37
30196,4,3,7.3,3.55
22459,7,3,1.2,5.72
19326,6,4,7.7,5.89
8542,2,1,1.4,6.12
43605,3,4,5.6,3.75
12846,3,3,6.7,4.16
38002,3,1,9.0,5.25
42966,5,4,5.5,5.82
39180,0,2,3.3,6.07
32940,2,2,7.6,5.19
5596,4,0,2.9,4.18
25255,4,1,0.9,3.83
16627,1,2,6.8,5.15
34492,3,0,8.9,5.63
33370,3,4,0.8,5.97
10249,3,0,0.4,3.34
47277,0,0,2.4,6.36
34809,2,2,4.4,5.47
6486,0,3,6.1,2.99
7186,5,2,1.5,5.46
42979,4,3,7.3,2.95
38230,3,0,4.3,7.67
25629,0,1,5.6,5.95
27318,3,0,8.7,8.59
27881,4,3,5.7,4.46
37249,6,4,0.5,6.82
48321,4,1,9.2,4.14
37519,6,2,9.0,5.19
39066,2,0,1.9,2.93
23086,0,2,8.7,5.0
13540,3,1,8.5,6.96
40902,5,2,6.5,5.61
21707,1,1,4.2,4.83
18550,3,4,4.6,6.09
27755,6,1,8.6,2.96
12085,2,4,8.9,4.73
16902,0,3,2.9,4.85
32497,1,4,9.2,5.86
30540,4,4,4.4,4.54
17707,5,1,8.0,4.79
18957,3,4,0.8,2.79
9917,0,2,2.1,5.57
11845,7,0,8.8,4.52
28627,3,2,5.5,4.76
21968,5,2,2.7,7.42
19204,3,1,7.2,6.94
7517,6,2,6.8,7.18
5718,0,2,5.1,5.37
8514,5,1,3.1,6.15
28715,6,1,0.5,7.25
44547,0,0,7.0,2.46
49140,5,1,9.5,4.68
37747,1,3,1.2,7.21
41036,2,1,7.3,6.11
1962,4,0,3.0,4.48
1168,0,1,4.7,3.19
42158,7,4,5.5,4.7
7068,3,4,0.1,5.14
9595,1,0,6.4,6.8
9570,4,3,5.6,4.25
34558,5,1,9.9,3.45
13308,6,4,1.3,6.83
31775,0,3,3.9,4.56
12628,2,1,7.7,4.93
24155,2,1,3.4,2.72
37832,6,0,3.4,4.54
28869,5,0,8.8,5.16
47407,7,0,7.7,4.29
36820,6,3,4.2,3.54
21091,3,2,3.3,4.64
31079,2,1,9.2,3.18
18693,2,1,4.0,6.94
35470,4,2,1.0,4.43
11576,0,1,4.6,7.17
44250,4,2,6.4,4.46
30797,7,2,8.6,6.15
14519,1,3,6.3,6.15
46770,3,4,7.7,5.77
12648,5,0,7.8,4.15
12830,4,2,8.2,5.11
23974,7,3,3.4,5.72
27466,0,2,2.4,4.83
15911,6,0,8.1,6.92
22656,7,1,2.0,5.36
23438,5,4,1.9,6.8
48651,7,3,8.7,3.36
8048,0,4,2.7,5.38
47256,2,1,0.6,5.54
4797,0,3,0.7,7.04
44018,0,0,3.0,5.95
17209,0,0,4.1,6.17
1888,1,1,3.2,3.64
31833,7,1,9.2,6.29
37457,2,4,2.1,4.47
23131,5,0,8.2,4.71
10526,5,0,9.2,3.3
27926,0,3,3.0,5.03
48293,0,0,8.7,6.89
31944,1,1,1.8,5.67
45835,1,4,2.1,4.37
15244,4,4,9.9,5.37
21877,0,0,5.2,4.71
24781,4,2,7.1,7.89
33974,3,0,1.8,6.87
30748,2,3,8.6,2.53
22391,0,3,5.8,2.58
40446,3,4,1.1,5.59
44515,6,3,2.7,3.31
18474,0,0,2.9,4.27
27854,6,3,0.6,5.22
41603,2,2,9.2,5.61
1590,6,1,3.1,5.33
648,5,0,4.4,4.72
45530,2,0,1.9,2.17
47149,5,4,8.8,6.93
3748,1,3,3.2,2.79
42335,6,0,10.0,5.11
12600,7,4,0.6,4.97
32815,5,1,6.0,3.54
44095,4,0,8.5,5.33
28876,5,2,1.0,5.42
35561,7,0,2.3,6.22
4173,6,3,3.0,5.59
11826,1,2,6.3,4.63
4095,7,4,2.4,6.14
38820,2,2,3.3,4.4
43928,3,2,2.8,3.36
11855,7,0,7.0,6.05
48132,0,4,1.2,5.91
27942,2,4,9.6,5.36
38003,2,2,0.5,3.42
6704,5,4,9.8,5.44
1846,3,3,5.4,4.68
17764,2,3,5.4,5.55
37009,3,4,7.6,5.53
46019,2,0,6.9,6.35
24814,7,1,8.2,5.43
6054,3,0,9.8,5.9
42151,0,1,6.5,3.57
18395,1,1,2.9,4.82
30525,1,2,9.7,5.52
32323,7,4,2.5,5.92
19171,4,0,1.5,4.99
49782,7,1,4.9,5.01
39923,2,2,4.0,5.52
30593,3,3,6.3,4.5
19581,3,2,7.9,6.24
13301,3,0,9.7,3.6
20630,4,4,9.4,5.07
37466,5,0,7.6,5.42
17126,0,0,2.4,6.02
16197,5,0,2.2,5.86
48350,1,4,9.1,4.93
24546,2,0,2.1,3.96
1510,5,3,4.1,4.55
1301,5,3,9.2,4.11
44130,3,0,3.6,2.91
6809,0,4,6.5,5.29
4062,2,0,4.0,4.4
47220,0,0,9.6,5.43
35147,3,3,8.8,4.61
37175,5,1,4.2,2.63
7264,6,4,1.7,3.66
4870,5,0,0.7,7.02
47579,5,2,7.7,4.86
47460,0,4,2.4,6.1
24188,3,1,6.9,6.18
3483,2,2,3.5,4.88
15570,3,3,3.2,4.17
5051,4,3,0.1,6.08
48429,7,4,2.0,4.39
15305,3,4,0.7,4.57
36904,6,1,6.2,4.18
25186,7,0,1.3,4.82
17973,5,2,4.0,5.18
43947,0,2,1.3,5.88
23585,5,4,4.3,4.97
24960,5,1,5.0,3.6
49045,1,1,7.6,2.72
7798,7,1,1.5,4.47
5471,0,3,5.0,6.44
42686,2,2,7.3,6.22
45699,5,2,0.6,6.29
11341,7,4,1.1,4.97
27652,5,3,6.0,4.41
27439,7,0,5.7,5.11
10939,6,2,3.5,6.36
22544,5,2,7.6,6.26
19601,3,3,5.0,6.58
1900,0,1,4.0,2.49
6262,5,0,4.9,3.73
26452,2,3,7.6,5.57
31276,1,0,6.3,3.82
25895,0,4,4.9,2.21
44085,0,4,8.7,6.87
38093,3,0,8.9,4.71
30155,6,2,8.9,3.36
3286,2,2,0.4,4.98
8945,0,3,7.7,5.06
19677,0,1,5.3,5.34
6519,7,0,4.0,5.89
18604,3,2,8.5,4.95
9693,2,2,2.4,6.05
39040,5,3,3.7,7.1
36096,5,3,9.7,3.66
30189,3,4,3.8,5.22
17566,0,3,8.2,5.05
6542,0,0,5.1,4.44
11289,0,0,8.8,6.36
10306,4,2,2.6,6.03
39665,5,1,6.5,6.53
8814,4,0,4.9,6.76
16057,4,1,9.3,3.52
2807,0,0,0.8,6.47
14152,0,1,8.4,6.35
42217,3,1,4.3,5.78
14207,4,0,1.9,7.13
94,0,2,1.6,4.95
915,4,0,0.8,3.63
11043,5,4,1.4,6.4
12765,7,0,2.8,5.1
36627,3,4,4.0,5.74
28546,1,1,5.2,4.14
4202,1,1,6.9,6.15
31889,6,4,4.3,5.9
24692,1,2,7.5,3.0
32516,7,0,1.7,3.81
36860,1,2,8.3,3.76
35153,7,0,1.7,4.1
19776,2,2,0.2,3.02
23485,6,2,0.8,6.07
48741,1,2,3.9,4.64
32219,7,3,0.2,4.36
36579,2,3,5.4,4.66
5343,0,1,0.4,4.69
9505,4,2,5.6,4.52
21364,5,1,4.1,7.33
45407,2,1,4.1,4.41
30288,2,2,6.2,6.0
30113,2,1,6.6,5.98
38841,7,3,8.4,5.25
12006,6,4,6.0,4.6
38938,4,3,0.1,4.37
47726,7,3,9.1,3.99
45479,1,2,8.4,7.22
17632,1,2,2.4,4.76
27043,0,2,3.3,6.44
8600,4,1,8.9,5.14
9672,1,2,4.6,4.98
31637,7,4,0.2,4.93
5192,2,0,2.6,3.97
35801,7,4,8.3,3.11
31282,2,2,6.7,6.05
42996,7,1,4.5,4.7
23315,0,4,0.2,4.79
15396,3,4,6.3,4.0
16887,3,0,2.0,5.16
29984,6,4,5.0,5.82
26304,2,3,3.3,5.78
20971,2,1,4.1,5.06
28983,6,3,3.9,5.15
3115,1,0,9.5,4.16
49898,6,0,3.1,3.72
11951,4,2,6.9,7.24
13556,6,1,7.2,4.63
4869,1,3,3.4,7.88
28176,3,4,3.5,5.16
32346,0,4,9.2,3.46
27811,0,0,5.6,5.56
42474,3,2,6.3,5.17
32569,1,4,8.2,6.86
44044,5,3,9.4,6.82
25974,2,2,3.9,4.44
39867,4,3,3.0,4.89
24596,5,3,7.7,5.62
44959,7,0,2.1,4.8
36208,1,2,1.7,5.25
2531,6,0,5.6,5.72
15350,6,3,9.4,4.56
39670,1,2,8.2,4.41
27636,4,4,5.5,6.71
21884,4,1,1.1,5.41
8537,2,3,7.0,6.22
14925,7,3,6.2,4.28
49546,6,0,2.2,3.84
1584,6,3,2.7,7.0
7832,7,2,3.2,6.23
26988,0,0,4.4,5.58
24885,1,1,1.3,4.06
10919,5,2,3.3,4.6
1617,0,1,3.3,5.17
22729,2,1,5.2,5.56
35689,3,4,9.9,5.94
14732,6,4,9.2,6.34
26048,4,1,3.0,3.21
7311,7,1,1.9,5.51
43790,2,3,6.0,4.35
39721,4,4,9.7,2.92
16595,2,2,3.2,5.61
7757,0,2,0.3,3.12
31685,2,2,2.7,3.93
6491,7,1,3.6,6.46
28432,7,1,8.9,4.95
32134,2,1,8.1,2.83
45829,5,2,4.5,6.43
35592,1,4,6.0,6.46
11264,2,0,9.6,8.28
38472,6,3,6.0,2.57
33358,2,3,0.4,6.44
19742,1,0,3.9,6.05
23543,7,0,3.2,4.84
25328,3,4,8.4,6.57
14940,0,0,0.1,4.79
8928,0,2,7.0,5.36
47506,7,2,5.1,5.8
6576,1,2,5.8,4.71
22638,0,3,1.5,6.82
6767,2,3,6.3,3.86
49136,0,1,2.6,5.33
47757,2,4,2.0,6.3
28621,7,1,7.9,3.83
47753,2,4,1.5,5.91
2688,0,4,6.7,1.74
44783,1,3,2.2,4.9
24793,5,4,2.8,5.58
8127,0,3,7.6,2.48
36248,4,3,1.5,4.44
3298,0,4,5.4,3.74
4749,1,2,7.2,4.5
11963,2,0,4.6,4.93
42274,1,4,2.4,4.03
7791,4,0,6.1,4.06
34577,5,2,8.7,5.33
28534,4,2,1.7,4.68
34242,2,1,3.7,3.35
41208,3,4,3.4,3.27
3476,7,2,6.5,6.69
18129,5,0,1.9,4.22
3150,5,4,4.9,5.4
11085,7,3,0.5,4.4
25375,7,0,5.9,6.17
25080,4,1,9.1,5.58
7729,3,3,4.5,4.79
29829,3,0,5.4,4.89
29431,5,3,1.2,3.1
46097,7,4,7.3,6.26
2946,3,1,5.1,4.45
46991,7,4,6.5,3.67
1771,6,0,9.9,4.07
41688,2,2,5.8,5.03
41221,5,0,4.3,3.75
38577,6,4,6.9,5.28
42112,0,2,6.4,6.67
47775,0,4,3.9,6.12
34418,5,0,2.1,4.77
49773,6,3,5.2,5.11
47675,1,0,2.7,3.57
33979,3,4,4.3,8.07
3114,0,4,4.8,3.85
37790,7,0,6.6,3.59
15008,6,2,6.1,3.5
42241,1,1,6.9,4.77
16350,2,4,7.7,4.98
43203,4,3,1.2,7.02
26404,5,2,1.1,3.03
7805,0,2,6.3,2.67
11674,0,0,2.7,4.43
12081,3,0,9.8,4.94
7906,1,2,4.3,6.09
1800,5,2,4.8,6.18
35003,6,0,6.7,5.33
47937,2,3,2.3,6.41
24435,3,4,2.7,4.67
23367,3,3,1.9,6.74
4819,2,2,2.7,5.05
21071,7,0,6.2,3.49
32073,7,1,7.4,5.2
17237,3,3,2.5,4.75
35427,2,4,7.6,5.08
24252,6,0,5.1,4.78
13282,5,3,1.9,5.17
3021,0,2,5.2,4.25
5007,7,1,5.4,3.21
11262,4,2,1.2,5.48
39973,1,3,0.3,5.35
24985,2,1,5.0,5.98
4852,2,0,4.8,5.71
19997,0,2,8.6,4.61
17353,3,3,6.8,4.77
21828,5,1,1.0,4.95
19369,0,0,4.0,6.72
13346,6,2,5.6,5.6
20130,4,1,7.4,2.01
33864,4,0,8.8,4.49
8448,1,3,6.7,5.31
39055,4,0,9.9,5.73
23924,3,1,7.2,4.95
12169,3,0,4.9,5.16
1581,0,1,2.9,5.61
7973,7,0,1.0,4.09
22404,2,4,7.0,2.23
15340,4,0,2.8,2.94
49441,3,3,2.9,5.73
26416,1,4,4.0,6.08
671,1,3,8.0,6.79
4476,0,3,8.3,6.32
20381,7,4,4.8,5.19
10282,5,2,7.8,2.65
17732,3,4,8.4,5.43
33745,2,1,5.2,3.22
47029,7,4,0.4,3.66
38320,3,2,4.9,6.11
40222,6,2,1.0,6.31
28707,0,1,2.4,4.28
46877,7,2,0.7,3.57
17392,5,2,5.6,6.34
25814,2,4,5.9,5.0
26125,4,3,8.1,2.91
12663,5,3,6.7,3.63
31568,6,0,9.9,4.43
45924,4,0,6.3,5.69
28565,2,2,8.7,5.49
6792,2,3,7.0,7.14
40157,7,2,10.0,6.25
44067,5,4,8.8,4.9
34958,5,2,7.3,5.01
37629,7,0,6.1,5.79
25033,1,1,7.4,4.87
9057,7,2,2.2,5.35
46715,2,2,2.1,2.18
517,0,1,7.7,5.38
2767,5,4,9.5,4.06
14617,7,2,2.3,2.27
40190,1,1,9.6,4.59
42295,3,3,8.8,4.38
28812,4,4,5.0,6.2
15407,5,1,5.6,4.81
22917,3,4,7.8,5.31
11063,6,3,6.9,5.54
11809,6,3,1.6,6.0
15436,0,4,3.3,4.84
25219,6,0,3.3,4.15
45832,0,3,0.9,2.85
3745,4,3,8.7,6.26
21404,0,4,8.0,6.01
4680,3,1,6.2,5.7
5155,0,2,3.4,3.37
15588,4,1,9.4,5.75
8446,2,4,1.9,4.27
1210,7,0,2.9,5.38
22379,2,2,9.7,6.14
20944,0,0,1.5,5.56
49750,5,4,0.3,6.4
23250,5,0,7.6,6.7
23142,5,1,7.8,5.65
39911,5,1,1.4,4.92
21000,4,1,6.8,3.49
32573,0,3,2.8,7.11
14087,4,3,4.5,6.88
39505,6,2,3.0,4.88
43905,1,4,9.2,6.94
249,7,1,4.0,2.96
41281,7,3,8.0,3.86
30212,5,2,6.4,3.69
31903,5,1,1.2,5.51
40383,4,4,8.5,3.52
14336,2,2,0.4,4.94
13734,1,3,3.1,6.25
24709,7,3,4.5,5.91
42258,0,4,6.3,6.4
3716,2,2,4.9,6.55
13862,1,3,9.3,4.04
40737,7,3,0.4,5.1
13309,2,1,1.7,6.22
5560,2,2,0.0,5.01
48611,2,4,0.8,5.92
25539,7,3,0.3,6.07
32486,3,2,1.8,4.17
6155,3,3,10.0,5.92
5379,3,2,1.5,7.21
49529,7,2,2.5,3.8
42297,7,2,3.9,7.51
7380,2,0,0.4,3.36
3000,1,3,1.2,6.52
10734,0,0,0.5,3.93
31436,2,3,2.4,3.2
35916,1,3,1.6,3.1
24617,2,1,3.6,4.14
46318,2,2,9.6,6.75
39595,4,2,5.3,5.25
26535,6,0,9.4,5.75
35893,5,4,2.2,4.32
45030,3,4,3.4,5.18
9978,2,1,8.8,4.45
38330,0,3,9.0,3.83
15984,7,3,1.3,3.29
35346,5,4,9.8,3.07
44136,5,0,3.2,4.96
2592,5,4,2.6,2.64
26642,6,2,6.2,5.16
22114,3,0,9.8,6.68
24737,2,0,3.6,6.18
28436,0,1,5.1,5.73
7461,7,1,2.3,3.85
32634,5,3,2.9,5.36
23333,7,2,6.1,4.33
7576,5,4,9.0,5.47
38225,2,2,5.4,4.19
3784,5,4,6.6,4.5
2606,5,2,6.3,3.46
24194,7,0,4.7,6.01
8872,7,3,5.3,6.4
16395,5,1,3.0,4.96
22048,4,0,3.6,4.84
24114,1,2,0.1,4.48
3909,7,1,8.4,7.04
6623,2,4,9.5,5.2
45653,6,1,3.4,3.49
29684,5,3,6.0,2.55
39648,2,2,6.7,5.29
17449,5,3,4.7,3.84
15294,4,2,5.6,3.62
11535,5,1,2.1,4.21
26765,0,1,1.4,5.12
48797,5,1,8.0,6.12
3180,2,0,7.6,7.88
47767,4,0,2.3,7.85
17832,3,1,3.3,4.82
23257,4,2,3.1,2.72
31116,7,0,9.5,4.47
31300,5,0,0.8,5.05
17085,7,2,2.8,5.03
427,3,2,8.3,5.18
35204,5,0,8.3,5.81
31565,1,2,6.6,4.76
20423,7,3,4.7,5.26
26193,0,0,0.7,5.37
20981,7,4,0.5,4.99
18558,5,0,0.6,7.02
2183,7,3,0.5,5.48
26728,6,1,1.6,4.69
32189,5,4,1.6,4.81
10069,0,2,3.1,4.58
8739,4,2,8.4,5.5
27026,4,2,6.4,5.63
14481,2,1,0.6,7.82
25058,0,2,3.0,2.61
40202,0,4,4.1,6.67
10509,2,1,7.3,3.47
14133,2,0,4.2,5.22
4751,1,0,7.6,4.17
3477,2,0,1.2,4.87
6682,6,3,3.7,5.51
46980,4,4,4.4,3.98
24264,1,3,3.7,6.11
2464,0,3,2.9,6.76
6521,6,0,8.7,5.46
27823,5,3,6.1,3.71
48584,6,1,9.1,4.02
28572,0,1,4.1,4.99
16086,5,4,3.3,6.78
23753,2,4,2.0,5.15
35912,2,3,3.9,3.7
14618,3,1,0.4,4.77
43628,4,4,1.8,6.07
41990,5,2,2.0,6.65
48938,0,4,9.5,2.88
33408,3,3,3.8,3.76
4383,1,0,0.4,5.22
49783,4,3,7.8,3.5
17769,6,3,5.8,5.2
19482,1,2,6.8,2.73
5566,2,2,9.5,4.68
13989,0,2,8.1,4.33
39166,1,1,9.4,5.45
3895,4,1,7.7,5.44
9370,0,4,0.0,4.29
10879,5,3,8.0,6.68
12597,0,3,8.9,4.31
9208,0,1,3.8,5.5
47408,5,2,4.5,5.56
31528,7,0,4.7,4.02
3593,4,2,4.1,4.61
5049,5,3,9.9,6.02
20214,0,1,6.9,4.1
28096,7,4,2.5,4.43
31037,3,0,1.1,5.56
11468,5,0,6.7,7.6
8160,0,0,3.6,4.79
23895,3,2,0.6,5.19
24944,6,1,0.2,4.7
47694,7,4,3.0,6.91
49571,1,3,3.4,4.95
27695,4,3,2.1,3.78
48454,6,3,4.4,5.58
27000,6,4,7.4,3.94
8180,3,2,1.7,2.77
8961,6,4,7.3,6.39
25250,3,3,5.9,7.45
26129,1,2,0.1,4.41
46379,6,0,0.3,6.22
39698,2,4,8.9,5.38
10936,3,1,3.7,3.67
35694,3,1,6.2,6.26
31635,1,4,0.2,3.98
24081,2,4,5.2,4.54
22598,2,2,2.9,3.18
25093,7,4,4.5,3.44
47536,1,4,1.4,4.46
33717,7,1,9.1,5.93
28787,0,0,2.5,4.53
30149,2,4,2.5,5.01
27446,6,2,4.5,4.44
3950,2,3,7.9,6.9
28040,1,2,2.3,3.96
20829,2,2,0.4,3.67
43968,1,1,5.7,5.15
44271,4,1,6.4,6.16
26631,0,1,0.4,2.75
29462,3,0,4.6,4.1
25964,1,1,9.4,5.23
3461,6,1,3.0,4.79
25410,5,4,4.4,4.8
14231,7,1,6.8,6.06
42288,7,4,2.3,5.66
7669,5,4,7.6,4.16
42461,6,2,8.6,5.72
7276,1,3,7.9,2.21
9140,0,3,5.1,2.27
30187,2,1,4.9,5.82
37935,4,3,7.0,6.18
47370,1,4,5.0,3.11
45734,0,3,7.9,5.19
33405,5,2,2.5,7.22
30180,0,1,6.5,5.15
16648,3,1,7.6,5.29
24479,0,2,6.9,4.77
22052,2,0,0.9,6.66
45151,4,0,5.1,5.26
48383,7,2,6.3,5.45
44014,2,3,8.4,3.1
48855,7,0,1.5,2.18
49576,6,4,0.4,5.44
26267,1,4,3.1,5.75
42410,3,1,2.2,5.44
46146,1,4,3.5,5.44
13297,1,2,5.8,4.21
20899,5,4,0.9,6.36
35310,6,0,0.7,6.11
38923,5,2,7.4,7.7
11956,6,3,2.5,3.75
18239,0,4,6.9,5.7
12601,4,3,9.3,4.53
12187,4,1,4.9,5.45
15291,3,1,1.0,3.42
1494,4,0,0.1,5.98
16746,2,0,1.4,2.58
29305,4,3,5.5,4.58
21143,5,1,9.2,4.35
9365,7,4,5.8,3.63
24486,1,0,1.0,4.49
3199,0,2,8.9,4.95
17361,6,3,4.3,5.04
24297,5,1,2.4,5.24
37209,6,1,3.5,6.34
9774,3,2,9.7,6.56
21560,6,0,3.8,4.88
16430,5,3,7.8,4.45
42332,3,2,1.1,3.31
29200,7,1,1.4,4.13
19759,5,2,6.5,5.27
40502,6,2,7.8,5.23
3701,7,3,2.8,3.01
13257,0,1,6.6,6.8
13574,3,0,5.9,4.46
42558,3,3,1.4,4.66
14261,7,2,1.6,4.07
21840,3,0,3.1,6.05
38073,1,2,7.8,5.2
18791,7,4,1.5,2.99
8551,3,0,9.4,6.22
43060,3,0,8.5,4.28
24315,0,0,0.9,5.99
46839,1,1,4.5,7.52
46042,5,2,9.1,4.89
32699,2,4,3.5,5.11
8139,6,2,6.9,3.38
29113,2,2,4.8,6.6
14920,0,4,8.4,4.29
27191,1,2,6.7,4.36
4131,3,0,3.4,6.14
47102,6,2,0.2,7.08
15879,3,4,1.2,4.86
41554,3,3,8.8,6.12
4937,1,2,5.8,5.48
10049,1,1,0.7,4.21
30808,1,3,9.2,5.88
16079,0,2,6.6,5.07
29865,6,3,0.8,5.37
13612,6,1,4.8,4.42
29534,4,3,3.2,6.9
7032,7,3,0.9,5.69
18643,2,1,2.7,3.02
26945,5,1,1.9,4.12
45055,3,2,9.8,4.87
25516,7,2,3.3,8.18
37978,4,1,9.5,4.03
42323,3,0,7.3,7.18
24076,5,0,6.2,4.52
11002,6,4,5.9,4.39
1292,0,4,5.7,3.13
31771,7,2,4.4,5.23
32675,4,1,0.5,4.39
42042,5,3,1.9,3.6
45805,1,3,5.1,2.81
21048,4,2,4.6,5.13
37945,4,4,0.7,4.8
10300,6,3,3.8,6.43
32608,4,4,2.9,5.05
46023,6,1,4.6,5.16
41429,1,3,2.2,3.09
12299,5,3,0.0,5.02
45899,0,4,7.2,6.25
39357,0,1,0.7,5.49
5803,4,4,3.4,3.7
39496,6,4,9.1,5.53
49035,0,3,8.6,6.08
43071,6,3,6.5,5.12
30822,4,3,4.3,6.89
285,2,3,9.1,4.95
31580,7,1,8.1,4.42
29802,6,3,8.5,4.74
8783,3,0,9.9,3.0
28231,0,4,5.3,7.51
9422,1,0,7.8,4.26
49166,4,4,2.9,4.86
10158,4,1,7.5,3.8
26614,3,1,3.3,3.31
32181,5,2,8.6,5.37
16413,5,4,2.9,3.13
41094,7,1,2.3,5.43
12466,7,1,7.0,2.67
25212,1,1,8.1,2.99
19374,5,2,6.2,3.86
39237,2,2,2.3,5.11
15635,2,1,5.3,4.92
26928,6,0,1.2,5.34
7349,0,3,2.2,5.6
13483,1,4,3.8,4.64
12837,5,3,4.9,7.0
35442,1,1,4.6,4.38
38815,2,3,2.1,5.84
48785,4,4,3.5,4.17
27848,7,0,8.5,6.19
5885,7,0,8.6,4.5
27037,4,4,1.6,4.39
9508,0,2,1.9,5.96
47534,2,3,7.2,2.9
39866,4,0,5.8,5.04
45229,2,4,1.6,5.45
25752,4,2,5.1,7.19
34960,3,2,1.8,6.85
8889,2,4,6.9,3.34
9356,5,2,6.0,5.27
5729,5,1,9.6,5.43
8089,2,2,9.1,5.52
11960,3,2,2.0,4.76
25469,2,2,7.6,3.68
48211,2,2,5.0,4.08
8123,5,0,4.2,5.01
14043,7,0,3.9,4.6
24448,0,3,4.4,3.89
20558,7,2,3.2,4.86
37270,2,3,3.2,4.24
4478,3,4,3.2,5.61
12999,5,1,4.7,3.85
42937,2,4,5.1,4.84
10870,6,3,1.8,4.86
7232,2,4,8.4,7.75
325,2,2,7.5,4.26
7009,1,2,6.8,6.86
26699,2,4,7.0,5.43
49640,7,1,3.4,5.29
24871,7,4,1.5,7.22
36620,5,1,6.5,3.8
2024,0,0,8.2,5.7
13727,4,3,1.9,3.57
29716,7,0,0.1,3.94
17370,0,4,2.7,5.49
35973,2,2,9.5,4.49
40496,3,4,3.6,2.97
46883,7,2,8.4,3.38
7546,2,2,7.1,4.0
25449,3,2,9.6,6.15
30107,4,2,8.1,4.6
8412,7,2,3.2,6.35
19902,1,1,6.5,7.15
36373,3,1,1.6,5.09
35902,3,0,7.7,3.55
15592,7,4,7.6,5.94
18136,1,2,8.9,6.17
36298,1,3,3.0,3.48
21209,6,2,5.3,6.12
157,4,3,6.5,4.78
22902,5,1,4.1,2.85
23065,4,3,2.6,3.6
48640,1,1,8.2,6.54
36927,6,3,9.2,4.54
7979,7,2,9.5,3.85
21171,1,4,1.9,3.53
45663,1,0,3.0,5.07
353,0,3,8.5,6.1
32553,6,3,0.5,6.49
22374,4,3,3.2,3.53
7566,4,3,0.6,4.23
37081,3,2,4.7,7.6
19901,0,2,3.2,6.69
35402,6,0,2.3,5.46
9064,6,4,5.3,3.92
38860,0,3,9.7,3.07
6740,1,0,6.0,4.32
25001,0,1,3.6,4.88
4803,7,4,4.9,4.81
9740,7,2,4.7,4.8
17070,6,0,0.2,2.7
17266,6,4,8.4,5.9
36796,6,1,0.7,3.26
24414,3,1,4.1,5.3
7657,7,2,5.6,4.15
12741,1,3,5.7,4.02
38255,6,2,2.3,5.0
1101,0,3,5.2,6.5
7329,6,0,6.9,4.95
35909,0,2,5.3,5.95
20523,0,4,5.1,4.5
31262,3,2,8.0,3.88
25386,0,4,7.6,3.97
35264,1,2,1.5,5.61
6879,7,1,6.0,6.45
18055,3,4,1.5,3.13
12086,7,2,2.7,5.97
46873,5,4,8.3,5.95
13432,5,1,0.0,5.57
23481,1,1,2.5,3.53
11913,5,1,7.7,4.29
5533,3,0,2.1,5.5
12461,7,3,2.3,5.55
7573,5,4,7.9,4.55
36838,6,4,6.3,3.16
36354,7,2,1.0,7.07
17500,2,2,2.1,4.83
67,6,3,9.5,3.47
31273,7,3,5.4,4.13
16884,3,2,8.0,5.34
28352,1,2,1.8,6.04
16862,2,3,6.2,6.05
9541,6,3,1.2,5.8
13548,7,3,7.0,6.36
4617,3,4,1.1,5.82
12363,4,1,7.5,7.09
10083,2,4,3.3,4.73
13108,2,1,6.8,3.79
42299,1,4,7.2,3.51
39888,3,2,7.4,6.02
6973,7,1,9.1,7.69
48971,0,0,8.7,6.5
33542,4,2,7.2,4.28
7181,1,0,3.8,5.63
3540,2,4,3.2,8.39
18206,5,4,9.2,4.78
45570,6,4,3.2,6.6
10775,3,1,4.1,5.23
42123,0,4,9.4,5.6
11477,6,1,3.9,6.15
16828,0,4,0.4,4.25
14549,6,3,3.0,6.14
6813,6,3,6.9,5.8
19542,2,2,1.3,4.59
9876,5,3,2.5,5.85
6545,6,3,2.2,4.91
11446,0,1,6.4,5.17
10771,0,0,6.5,5.04
5100,6,4,4.4,5.84
2634,0,0,7.4,4.22
15490,0,1,1.5,3.87
47562,5,1,0.9,3.45
36465,7,4,0.2,5.64
11916,5,2,9.3,3.53
43370,6,1,5.5,3.88
1160,2,2,3.3,4.94
22676,7,2,4.6,5.46
16726,1,3,0.4,4.81
23784,5,4,3.3,4.17
37196,4,4,7.2,4.91
5610,6,1,9.9,6.26
31592,0,4,7.9,6.68
39682,6,2,9.1,6.19
40438,6,1,0.5,6.05
24635,5,3,5.5,3.18
20535,1,3,1.3,2.11
24093,7,2,4.9,4.44
18772,4,0,0.8,3.37
16838,3,2,0.4,5.16
41410,0,1,3.6,7.89
18714,3,0,6.8,5.06
39717,7,2,3.8,7.07
24813,7,1,0.4,5.23
14507,6,3,8.7,7.81
29889,0,0,4.6,5.39
30631,2,0,6.3,5.02
20968,1,1,2.1,5.2
47399,4,2,9.6,4.15
12,3,2,8.0,3.31
29136,3,1,4.2,4.39
15226,7,1,4.6,3.68
33217,4,0,8.7,2.43
12518,1,1,7.7,3.27
32719,0,1,2.2,6.3
25683,7,4,4.6,5.61
36232,0,2,6.1,5.24
49443,3,3,7.1,6.09
11940,2,3,5.7,4.5
40191,4,2,7.8,4.67
32477,7,0,7.8,7.55
22817,0,1,8.5,2.69
1433,1,3,2.2,3.06
18600,0,2,7.4,4.28
12616,6,3,7.6,5.01
2382,2,3,7.8,4.31
25508,3,4,0.0,7.61
17434,7,3,4.8,3.7
30407,3,4,2.1,3.99
3182,5,1,4.9,7.02
12610,4,2,0.4,6.51
43538,4,2,3.6,5.35
17966,5,4,9.8,3.32
33261,0,4,3.9,5.43
1630,5,3,3.2,5.54
3423,6,3,2.0,3.97
48889,0,2,4.0,5.13
33782,6,4,2.0,3.45
4911,5,4,2.8,5.8
30671,0,3,4.0,5.27
39637,7,0,7.4,5.77
24413,3,2,7.3,5.08
2225,2,4,6.9,4.36
1087,3,3,5.4,5.66
9527,2,2,6.3,4.25
38318,7,1,1.0,6.02
3923,0,3,5.1,3.56
16791,4,1,2.9,4.85
8688,1,0,7.2,5.9
17611,2,2,5.5,6.58
34087,0,4,0.5,5.21
33271,6,2,6.4,5.25
37556,2,0,5.2,3.82
34762,3,1,8.2,4.8
7618,3,2,2.9,5.49
33862,7,1,4.9,5.11
19083,5,3,3.9,5.39
38269,7,1,8.2,4.87
47654,2,3,5.8,4.38
38431,4,1,7.5,3.24
962,0,2,1.7,6.05
1735,4,4,7.4,5.09
36529,3,4,1.5,7.48
31812,2,1,0.5,4.03
18216,1,3,2.1,5.11
22243,4,2,2.5,6.59
19383,0,0,5.0,3.38
3991,3,4,4.1,3.9
20874,3,4,0.3,6.17
13112,6,0,9.0,2.41
2911,3,2,1.0,5.32
22355,1,1,2.3,7.14
37495,1,4,9.4,2.21
44683,3,2,8.4,5.59
27278,0,1,6.9,6.16
42214,6,1,0.4,5.61
13674,2,0,8.3,6.53
33597,0,3,7.2,5.94
8568,1,1,0.7,3.76
13293,6,4,4.3,5.97
35856,5,2,1.1,5.14
12280,6,3,8.0,4.0
39849,1,3,6.7,3.23
22631,4,2,7.2,4.31
25428,6,3,6.6,4.87
2933,7,3,4.0,5.15
23281,0,0,6.6,4.27
1005,4,3,9.0,5.8
37595,2,0,4.9,6.32
40058,6,2,8.6,3.95
36632,4,1,2.5,4.14
19804,1,1,2.2,3.97
43565,1,0,9.7,5.5
20913,5,2,6.4,6.02
5720,7,1,2.5,6.07
33056,7,3,8.9,2.58
43054,5,3,5.9,4.27
6263,3,3,7.9,4.06
46438,3,3,6.1,4.63
18077,3,4,1.2,2.94
43585,5,4,7.0,4.11
29374,0,3,3.2,4.17
12209,7,0,4.4,6.29
20410,7,2,6.1,5.05
4440,0,3,2.9,6.8
7365,1,0,5.2,2.92
34082,6,0,5.7,5.74
22514,1,3,3.4,6.73
44460,2,1,2.5,5.44
1314,7,1,4.7,3.69
37028,3,3,6.8,5.45
6673,6,4,8.6,3.13
35301,3,4,3.6,4.4
12843,4,3,0.3,6.1
39529,6,2,0.0,3.84
37076,1,3,8.0,2.1
32320,2,1,1.9,5.13
2758,2,1,0.8,3.61
16138,6,4,9.7,5.8
15707,3,4,5.7,5.63
5936,7,4,6.6,5.9
9077,3,1,8.9,5.2
2052,3,0,3.0,4.13
5395,4,0,4.5,5.45
12101,0,3,0.1,6.23
40270,4,0,1.1,5.85
34129,2,0,3.9,4.02
29389,7,2,7.5,4.85
39809,4,3,4.8,3.02
21477,5,2,1.2,5.19
24592,2,3,0.9,6.06
1631,3,4,2.4,3.67
29181,3,3,6.4,3.83
31479,6,2,7.0,3.52
11232,3,3,0.7,3.62
20263,5,0,5.4,5.35
15506,2,1,6.6,3.64
16981,7,2,3.6,2.58
31050,6,2,3.3,4.44
35679,1,2,7.8,6.53
17288,7,3,7.1,5.26
45464,5,3,1.1,3.82
36680,2,0,9.8,5.07
20286,5,2,2.3,4.9
2700,0,4,5.7,3.49
15644,7,0,3.9,3.86
24545,2,4,2.5,5.03
21257,1,4,2.1,5.31
845,2,2,0.5,3.34
7824,0,2,9.5,5.6
48706,2,2,4.2,6.92
18068,5,0,5.1,4.95
37574,4,0,4.1,5.56
15966,7,0,8.2,3.96
22875,0,3,2.9,5.46
28471,1,4,0.0,5.59
36364,2,1,9.5,4.91
11813,4,1,3.0,3.9
27400,6,4,1.3,5.52
12646,6,3,3.8,3.96
25978,4,1,7.7,4.52
7098,0,1,4.0,7.55
16167,0,4,4.7,2.06
8605,7,4,0.3,6.4
43139,3,0,6.1,6.51
21126,4,1,2.4,3.01
49650,5,3,4.4,6.17
42267,1,1,5.6,5.83
44854,7,0,8.5,6.3
47147,0,1,8.2,4.61
19839,3,0,8.7,4.89
48088,5,4,8.6,3.82
4898,1,0,6.6,5.28
47729,2,4,8.0,6.16
36023,3,2,0.9,5.01
16852,3,1,1.7,5.2
26606,6,0,6.4,6.06
43763,7,1,8.6,7.12
40527,2,0,3.8,4.64
49731,2,4,8.3,6.06
21050,1,2,2.7,7.06
24938,3,1,7.5,6.37
23328,1,2,4.1,4.06
19921,6,2,1.5,4.22
36217,0,3,6.4,4.83
14140,0,3,7.5,5.22
37418,3,3,5.2,6.63
36459,6,3,7.2,3.39
14886,3,4,3.6,5.04
15295,0,1,6.3,4.81
19609,2,1,7.2,3.94
40973,7,4,7.0,5.26
23403,0,1,6.3,2.99
7457,2,4,6.8,5.39
35954,3,4,9.3,4.64
24652,4,2,3.7,4.65
21751,4,4,3.3,5.88
49963,0,0,3.4,6.66
48340,4,4,1.8,5.37
9044,6,1,8.7,6.64
21952,7,2,9.0,4.31
6889,5,3,3.2,4.79
22446,7,1,7.3,4.85
3772,5,4,9.3,5.59
27150,5,2,2.4,4.09
10807,4,3,1.6,6.81
27452,4,0,1.1,3.96
1482,1,2,5.8,6.6
16786,5,2,7.5,5.43
11858,1,0,5.9,3.44
36319,5,1,9.8,7.67
10544,0,2,4.1,4.63
37223,4,4,2.8,4.8
23384,1,1,6.0,5.6
41043,2,1,2.5,3.46
24490,0,4,1.7,3.63
28366,1,3,5.9,3.15
33380,4,0,6.7,4.68
2621,6,4,4.1,6.57
44431,1,2,6.2,2.57
20867,1,2,7.3,5.84
40663,4,3,4.8,5.72
19145,4,3,3.1,3.32
8439,5,1,4.6,5.44
31253,2,2,6.6,7.12
45267,2,3,7.0,5.0
45103,3,0,3.0,4.7
26411,4,0,8.1,4.76
30348,1,3,8.1,6.16
47660,7,0,5.9,6.72
21544,5,1,1.3,5.64
34141,6,1,9.0,5.83
30776,6,4,5.0,3.81
28884,7,0,0.3,5.76
20663,7,1,4.1,5.42
24296,1,3,4.7,2.88
16530,5,0,1.5,5.32
48534,2,0,8.5,5.82
39125,5,0,3.2,3.02
2660,2,3,5.2,7.87
22292,1,1,2.6,4.01
18813,1,1,0.8,2.77
749,0,4,6.7,3.61
22356,5,4,8.5,6.16
25153,5,3,3.7,6.51
12503,6,3,8.4,6.04
13121,3,4,0.5,4.12
6802,1,0,9.7,5.71
23454,5,3,0.2,3.78
41286,0,0,8.2,7.48
5206,4,2,7.5,4.8
3041,4,3,0.9,3.75
34092,7,3,3.1,5.91
10721,7,2,4.4,4.51
36479,0,0,1.7,2.79
14008,5,2,5.8,6.14
30807,3,3,5.9,6.63
34357,0,0,4.5,7.59
49852,1,4,1.5,6.51
16910,6,3,3.9,4.99
23774,3,4,1.0,6.58
6046,3,3,9.3,3.02
19008,7,1,0.4,4.62
37077,6,4,1.2,6.59
16172,2,0,1.3,4.92
15714,2,0,3.3,4.24
11712,6,0,8.2,5.24
1772,1,1,6.0,3.65
7692,2,3,1.3,5.07
41823,1,4,9.6,6.02
20861,0,2,10.0,5.33
16952,7,3,2.1,3.04
33773,4,2,0.5,4.16
10126,3,1,8.9,3.45
30746,4,1,4.2,5.19
41845,1,1,2.6,7.24
12149,5,4,1.4,3.88
5180,3,1,1.3,1.61
1775,5,0,6.1,3.91
43810,0,0,7.3,6.23
41949,3,2,2.7,3.11
28581,3,4,1.0,4.63
39634,7,3,6.1,5.86
16125,7,4,3.6,3.57
916,4,0,8.8,4.32
43457,6,0,5.7,7.4
15865,3,4,5.0,5.02
12666,0,1,3.1,5.2
37225,1,0,5.2,5.76
7265,5,2,4.5,6.41
41513,4,2,8.7,7.16
21308,4,2,7.6,4.3
32779,3,1,3.1,4.54
42799,3,3,7.2,5.23
37079,3,0,9.4,4.43
27319,2,3,2.5,5.68
39141,6,0,7.0,6.37
40224,1,4,6.9,5.93
36760,6,2,4.8,4.43
3355,5,1,8.2,6.53
40467,2,1,8.0,4.29
31725,4,4,6.1,3.59
410,2,4,2.6,5.69
2724,6,1,7.8,3.85
10277,3,3,0.2,5.17
44484,2,1,3.2,7.72
4654,4,3,4.7,5.04
27763,4,2,5.1,5.7
21360,1,1,1.9,4.02
47892,5,1,4.7,4.98
31803,4,2,2.2,6.14
5222,2,1,6.8,3.78
4801,3,3,7.7,4.48
30112,3,1,6.1,3.5
30656,0,4,2.7,4.6
23274,7,0,0.1,6.86
414,3,2,1.9,5.87
21749,6,1,6.3,4.89
19174,1,2,3.3,4.45
21558,0,3,2.3,5.07
44568,7,1,6.5,4.81
36125,5,3,0.9,5.01
28796,7,4,3.6,3.84
27008,0,2,0.0,4.63
17724,4,1,7.0,6.88
42074,6,3,2.2,5.38
3835,2,3,9.3,4.27
16630,4,2,2.5,4.87
6967,0,3,3.7,3.17
47641,0,3,8.8,4.08
36437,1,0,9.0,5.23
31467,3,4,8.1,5.59
5220,0,3,0.7,3.85
27849,1,1,1.4,5.02
11397,6,1,9.5,4.64
12703,2,3,3.4,5.4
510,0,3,3.9,4.92
28185,7,1,6.9,2.53
9933,0,4,8.9,5.25
12469,4,3,9.2,4.08
7873,2,1,0.2,5.19
11109,2,3,9.9,4.87
31908,5,2,8.4,5.19
13022,1,1,0.3,6.22
21934,7,0,1.5,5.68
23259,5,1,2.4,6.02
47838,0,2,9.5,4.83
21207,6,2,9.6,3.73
49316,0,2,7.4,6.17
30000,2,0,8.1,2.07
34890,7,0,0.9,4.15
30368,7,1,4.3,4.9
29658,1,2,7.1,5.49
5291,0,1,3.5,4.96
35439,4,3,0.6,3.68
3802,0,2,0.8,3.89
22813,3,4,6.1,7.68
42794,7,1,6.7,6.62
43582,1,0,1.7,3.54
35228,4,4,5.6,5.58
3104,2,2,4.2,6.11
47857,3,2,1.7,3.32
16776,6,0,9.6,5.09
37452,7,2,1.6,5.86
17492,0,4,8.9,3.55
8980,0,2,9.3,4.31
35918,3,3,1.1,5.09
46699,2,4,3.3,4.71
49078,0,3,3.1,5.76
2681,7,4,7.9,4.28
47251,4,4,7.7,3.52
118,7,4,2.7,6.02
21055,1,3,1.4,6.51
26833,0,1,4.2,5.97
1882,3,4,0.6,3.47
48445,3,3,0.1,4.71
22891,0,4,4.6,5.49
31921,1,0,3.4,6.03
42469,3,4,4.7,5.22
43206,2,2,1.1,4.47
43369,1,2,0.3,6.44
2636,5,4,2.1,5.98
47041,2,4,5.4,6.08
34957,3,1,7.6,3.2
49499,7,3,6.1,5.63
48136,6,3,1.6,3.98
47302,6,3,9.7,7.02
35337,4,0,0.6,5.94
17830,6,3,3.6,4.01
8503,0,2,4.1,6.18
8686,0,0,0.9,2.8
31226,5,3,8.8,2.87
30279,0,0,3.0,6.21
14789,6,4,0.9,4.65
25671,7,0,2.4,5.49
21291,6,1,3.8,4.4
12084,2,4,8.6,3.76
41523,7,4,6.4,6.81
9969,3,1,9.8,2.03
5896,1,4,8.3,6.27
42791,7,2,9.5,4.75
9338,3,4,2.4,6.74
45059,7,3,0.1,4.61
39550,1,3,4.9,1.48
35358,5,3,0.6,4.37
28414,0,1,8.5,7.33
29850,7,1,3.3,6.0
14704,4,1,2.7,3.82
29248,1,4,3.2,2.73
38270,7,0,6.0,6.21
38951,7,2,5.1,4.28
13189,0,0,4.8,3.26
13929,1,1,5.5,5.87
29205,3,4,1.3,6.19
20618,6,0,3.9,6.32
834,1,3,5.8,5.53
46022,1,1,2.9,5.96
17783,4,1,0.3,5.81
3412,3,3,1.6,4.55
43344,0,1,0.5,5.28
27601,7,0,0.2,5.67
38454,4,3,4.9,1.8
42709,3,2,4.9,7.09
30698,4,3,2.6,7.41
8557,4,2,0.2,3.75
1535,5,2,0.0,3.29
37380,5,3,6.7,4.32
48781,1,3,2.4,2.83
19671,6,1,2.6,5.45
41370,2,0,1.1,6.44
20780,4,4,0.5,4.28
23362,4,4,4.7,7.12
33213,7,1,3.2,6.31
42715,6,0,6.1,5.11
7297,2,1,5.1,5.81
40401,5,2,4.5,5.37
6596,6,2,6.8,5.6
47961,2,3,0.2,5.74
24686,6,4,6.0,2.5
1308,3,1,10.0,4.55
33181,3,2,6.3,3.5
47132,4,1,3.2,5.95
190,2,4,2.0,3.82
24665,2,4,0.4,5.83
21186,0,0,2.3,4.31
5449,7,4,4.7,5.59
12048,0,4,4.6,5.61
33965,7,4,1.7,5.45
7129,3,4,4.8,5.53
32237,5,0,4.4,5.77
35418,0,3,5.5,5.05
32006,7,1,5.8,5.29
31937,3,3,4.8,4.98
48833,3,1,1.3,5.71
41645,4,3,8.9,2.64
47346,7,0,2.0,4.35
36898,1,3,8.6,4.82
7176,3,4,1.3,6.23
3797,3,2,9.3,6.51
1856,3,2,6.3,5.58
18302,4,2,3.2,5.24
14009,5,2,6.5,6.35
16527,3,4,3.5,3.13
39038,6,2,1.2,6.57
854,4,1,1.5,6.52
14182,7,1,5.2,4.88
12122,5,2,0.8,6.42
47662,0,1,5.4,3.4
40714,1,4,5.0,4.33
28410,3,3,4.5,7.12
39556,0,4,2.2,4.23
3654,5,0,9.6,6.6
4628,2,2,9.2,4.54
23644,3,0,9.9,4.38
42959,1,0,7.1,5.78
13077,1,4,0.8,4.11
41597,0,3,3.1,4.29
16986,2,1,3.6,5.84
1065,3,4,7.3,6.64
42730,3,0,4.8,4.45
25261,0,4,4.5,7.08
24307,3,4,4.1,6.14
1823,0,4,6.4,4.82
15476,2,0,4.5,6.46
25515,2,3,1.6,3.89
4339,2,0,3.6,5.95
38053,3,4,6.0,7.05
16427,3,2,5.5,6.91
48746,0,0,3.4,3.59
4255,5,0,0.9,5.75
35145,5,1,9.1,4.11
44442,3,1,0.5,6.58
39751,7,0,6.3,4.86
7787,4,2,4.1,5.83
8432,6,4,3.9,4.24
26233,2,2,7.2,8.25
10444,1,1,8.5,4.99
11129,3,2,6.9,4.13
28122,6,3,8.1,5.85
38125,5,1,3.7,5.0
30921,3,0,9.1,6.49
9184,7,3,7.1,5.13
48313,0,3,4.4,3.25
24735,5,4,4.9,4.69
19897,7,2,6.6,3.68
16719,7,0,6.9,5.28
23610,4,2,1.8,4.86
45263,0,3,4.6,5.23
25115,1,0,5.2,6.15
24418,3,4,4.4,4.86
16366,5,2,8.0,6.18
27134,0,3,2.9,7.03
39961,2,0,2.2,6.18
38018,6,4,1.2,6.05
49245,1,2,8.2,6.66
2224,4,3,9.8,5.27
29844,7,1,9.6,2.74
41565,5,4,5.2,5.51
38227,2,1,0.8,6.09
48303,7,2,8.5,5.03
2643,5,4,9.3,5.99
34168,2,2,3.8,4.87
27578,4,0,4.1,3.78
3636,5,1,2.3,5.88
37667,6,0,6.2,5.32
18213,2,1,5.8,4.14
17457,0,1,1.9,6.61
10397,2,3,3.4,5.97
21379,6,2,6.5,5.11
32414,0,3,6.0,5.75
13804,3,0,2.3,5.61
39847,7,1,5.3,7.06
40325,5,3,0.1,5.2
5428,1,1,5.6,4.88
9793,7,4,4.7,6.94
581,0,1,5.7,6.6
23001,5,4,0.7,3.93
21472,6,2,4.4,3.77
15817,5,4,6.0,5.43
33154,5,0,7.6,5.86
5551,5,0,6.6,2.77
19802,1,2,1.4,3.26
47409,3,4,6.2,4.71
6762,0,3,0.2,6.3
15797,5,3,0.7,3.3
31764,1,2,8.2,7.15
19536,0,2,1.4,5.79
47774,0,3,4.9,5.69
43974,2,4,4.4,5.28
25818,7,3,2.3,4.83
25740,6,3,7.8,6.92
18393,7,4,7.8,5.2
38732,4,4,0.9,4.13
26750,3,2,8.5,7.6
5998,6,0,4.1,6.64
8567,6,4,2.0,7.07
3186,5,2,8.8,5.5
14610,2,1,2.4,4.14
44684,5,4,6.7,5.23
26339,1,4,9.9,5.5
31493,7,0,1.0,6.21
44655,1,2,9.7,4.53
6900,6,4,5.9,5.73
27583,6,1,1.1,6.13
10720,3,1,5.2,4.01
30747,6,2,1.8,3.74
89,4,0,5.5,4.72
3202,6,1,6.8,5.19
49538,1,0,6.9,6.05
23038,0,3,6.3,4.56
4176,4,0,7.0,5.59
21736,6,0,2.9,5.39
49776,0,3,0.3,4.64
48057,6,3,3.0,1.63
12899,0,3,0.9,7.05
13208,2,4,4.3,4.86
28999,2,0,2.7,4.13
28151,4,0,5.2,6.5
39593,5,0,2.2,5.2
38990,5,3,6.7,2.81
28084,2,2,2.1,5.23
6434,6,3,0.4,2.73
5376,2,4,5.3,4.32
17635,7,2,4.4,6.02
25136,7,1,8.4,6.78
30412,0,3,9.1,4.21
32426,3,2,2.8,4.52
37354,0,0,2.7,4.91
28673,3,3,6.7,4.59
44498,1,3,5.3,4.47
40780,5,4,4.7,4.07
21056,0,0,2.5,3.72
37184,3,0,3.8,2.13
14042,0,1,3.9,5.87
5116,6,0,9.8,4.12
34749,0,2,6.5,4.06
39439,3,4,8.8,3.09
33303,7,1,7.4,6.26
5027,6,3,6.8,3.0
23031,2,2,4.4,6.65
1632,5,3,5.1,5.98
25464,3,1,9.8,5.62
3438,1,2,9.1,5.25
3404,0,4,1.1,5.25
3894,6,0,7.5,3.66
19237,3,1,8.5,4.61
16048,5,2,0.5,4.68
22731,7,3,5.6,4.32
3175,1,2,5.8,9.16
18562,1,2,4.8,4.9
38589,4,0,0.8,3.17
24638,6,4,8.3,4.76
16457,7,4,8.2,4.34
34106,4,3,4.7,6.19
46656,0,3,3.5,5.41
23003,5,4,7.2,4.98
26319,7,4,9.7,3.89
24477,1,4,7.8,4.3
49827,7,2,2.1,4.59
10180,2,3,5.0,4.66
21098,2,0,6.7,5.26
2542,6,4,6.9,3.94
22285,6,4,9.8,3.23
40706,1,3,7.7,4.04
7091,4,0,4.4,3.33
21675,4,3,4.7,3.83
13598,5,4,2.7,5.34
40274,6,0,1.3,6.89
1565,0,0,3.2,5.48
9956,1,1,4.4,1.74
46934,6,3,5.7,6.77
27864,7,4,0.2,5.07
46452,6,2,7.5,4.35
49801,4,1,0.4,5.59
49709,5,2,8.9,7.11
38440,0,4,3.0,6.15
44457,5,0,2.9,4.28
3552,6,0,7.4,4.04
10880,3,1,9.4,6.85
11249,6,3,2.0,2.64
35115,1,4,6.7,5.76
27666,1,0,4.4,6.91
17130,0,2,4.3,3.85
42611,0,2,0.6,5.41
15904,5,2,0.1,2.26
43884,3,4,3.3,4.97
2350,4,3,6.4,7.57
3051,2,4,0.5,6.46
5977,5,2,1.5,4.98
18674,0,3,0.4,7.12
30715,1,2,6.3,4.91
12294,0,1,2.5,2.74
11038,0,4,5.5,4.39
34165,7,4,6.1,5.19
45195,7,1,2.1,6.51
7827,5,1,5.8,4.42
38614,1,0,1.8,4.26
15539,2,2,9.7,4.53
7488,3,1,7.8,6.42
48930,7,2,5.3,3.21
11178,1,4,2.8,5.12
15274,1,2,8.4,5.2
26229,2,3,5.0,6.92
34631,7,2,9.3,3.56
17136,1,4,7.8,4.83
15423,6,3,5.4,3.78
34432,3,0,8.4,5.43
46362,3,3,9.5,6.27
24889,4,2,6.9,5.15
41832,4,3,4.3,5.18
5501,7,4,2.0,3.94
49012,5,1,8.9,6.31
38491,7,3,1.2,6.22
24259,3,0,2.3,4.62
33903,0,1,5.5,8.16
42171,1,3,5.0,5.2
24475,1,3,2.6,6.07
41028,6,1,3.2,3.08
30871,2,1,6.3,2.64
47176,7,3,1.3,5.85
32273,3,2,2.4,7.32
38849,1,0,9.1,5.04
24199,7,1,2.3,3.12
7064,7,2,10.0,5.33
5601,3,1,4.8,2.24
42436,3,4,0.8,5.05
46441,0,1,7.0,4.03
25496,5,0,9.7,5.21
8208,5,0,0.8,7.11
46602,0,4,6.7,6.41
19944,7,0,2.8,5.67
33026,5,0,5.1,5.68
16290,2,3,0.1,5.03
8226,4,0,1.7,6.46
35554,4,3,4.4,5.66
34402,7,1,4.2,3.34
16409,4,3,8.2,5.3
46474,0,4,4.0,6.34
36085,3,1,7.8,4.9
16451,6,1,2.8,4.95
17774,6,2,6.0,4.45
32621,2,0,0.1,4.91
46205,4,3,3.9,6.31
41019,2,3,8.4,7.02
35381,1,0,0.5,6.42
42124,2,2,7.3,5.94
43713,1,4,10.0,6.15
19913,4,1,6.7,5.72
4193,2,1,6.1,5.12
24324,5,4,1.6,2.31
30565,7,3,6.4,5.45
23673,6,3,1.4,4.41
43934,4,3,0.0,6.44
47334,0,1,2.3,4.41
23675,3,0,0.5,5.35
20818,0,4,1.0,7.29
35721,2,4,9.8,4.96
19032,5,2,4.2,2.77
41118,4,0,9.7,7.45
32130,6,2,6.8,5.52
30833,6,0,4.4,5.19
35692,7,3,0.7,5.23
12467,7,0,6.5,4.03
14915,0,3,2.2,5.19
43061,0,3,3.0,3.08
30769,4,3,2.8,5.31
28328,0,2,2.9,3.03
6974,2,4,6.6,5.96
1784,6,2,6.8,5.87
3661,1,1,2.8,7.01
3604,3,4,6.1,5.86
49870,1,4,5.9,4.27
18076,6,3,2.6,5.97
26612,2,3,7.7,5.45
45511,2,4,4.1,5.18
550,0,3,5.9,4.53
49472,0,1,8.2,5.33
2039,1,4,2.7,6.44
43014,2,2,9.4,3.79
8545,0,2,2.2,5.31
36065,7,3,1.9,6.85
10893,5,0,5.9,6.92
17678,5,0,5.0,2.59
38223,4,1,3.8,4.59
6798,6,4,8.8,2.71
4926,0,4,2.8,4.92
17144,6,0,8.2,8.13
706,1,4,9.9,5.25
41274,4,4,3.2,6.64
6765,6,2,1.3,6.15
17836,1,3,5.1,5.57
29794,4,2,3.2,4.54
14263,1,1,1.5,5.59
33524,0,3,6.6,5.5
27219,3,4,1.3,4.83
45712,6,1,6.6,3.4
25176,3,2,1.8,4.97
47379,4,2,8.5,4.68
4721,6,0,1.5,3.0
34680,5,4,8.5,4.24
16775,4,4,5.4,7.94
22120,6,3,5.4,5.75
32995,0,0,8.0,3.33
7451,0,3,5.2,5.69
13092,6,0,6.3,6.65
6288,0,0,9.7,3.44
4531,2,3,8.6,6.86
18943,1,1,6.6,6.35
40320,7,2,5.1,4.85
27440,0,3,3.4,4.83
39507,7,1,3.0,4.67
12833,4,2,5.3,3.71
45910,0,0,2.3,6.44
6698,1,1,9.1,4.35
34952,4,4,6.0,2.99
4422,2,0,8.5,5.07
21140,2,3,4.4,3.87
11514,0,3,6.2,4.16
4748,5,3,6.4,3.45
24317,7,0,5.8,3.78
31995,6,0,5.0,4.87
47376,4,2,0.8,6.46
12796,1,4,3.7,4.0
49305,1,4,2.3,3.22
19874,0,0,3.4,5.05
49863,7,4,1.6,3.11
30616,5,4,4.4,3.85
10884,7,2,9.7,4.54
30276,5,2,4.0,3.32
28218,7,3,5.4,5.58
14785,1,4,6.7,4.77
18614,3,4,1.9,6.94
47520,6,0,6.7,4.51
912,5,3,5.8,2.52
48764,0,0,1.4,3.76
13990,6,3,0.4,7.04
12730,7,0,1.9,5.98
42603,5,2,3.2,7.26
46044,0,0,2.3,4.21
1320,2,4,4.6,4.54
36505,1,1,7.2,7.03
7559,7,4,5.8,4.43
11135,6,4,6.4,4.91
35599,6,2,8.9,5.41
20579,4,3,2.2,6.79
31086,3,1,8.4,4.83
6650,0,1,2.8,5.79
23263,6,2,0.8,6.18
39231,5,0,0.6,4.57
6503,4,4,2.6,6.18
40621,1,2,3.7,5.13
18747,1,1,4.6,5.48
892,4,3,6.9,5.0
33199,3,0,0.9,4.71
24568,1,1,9.8,3.7
16309,5,2,5.2,5.04
8666,1,1,5.1,5.27
34759,5,2,3.4,5.98
14342,5,4,8.1,5.21
25004,1,1,6.9,4.77
40111,6,3,9.4,3.39
32914,3,1,0.4,8.75
22205,7,2,10.0,4.21
22688,1,1,4.4,6.09
551,3,4,8.6,5.14
20320,3,1,4.0,3.45
16842,6,3,8.3,6.14
40952,7,0,1.8,5.52
6546,0,1,9.3,2.96
16672,2,3,2.3,5.53
29995,6,1,3.9,5.14
48231,5,3,0.2,5.01
33105,0,4,5.5,5.31
33944,1,3,6.2,4.78
23337,3,3,4.7,5.89
14372,2,3,9.0,6.13
37746,4,3,8.5,4.97
48821,2,1,4.7,4.75
7388,7,0,9.6,6.44
15795,6,1,9.7,4.45
49232,3,1,6.1,5.21
11094,6,1,3.2,5.81
32644,5,4,4.9,5.55
49880,3,0,3.9,5.42
27180,1,0,2.0,3.96
4206,1,2,0.1,4.48
29768,6,4,4.6,3.68
48510,7,0,2.7,6.24
9627,6,3,5.1,8.02
17264,6,0,7.1,3.82
13539,2,1,5.1,4.77
41660,2,0,2.4,5.31
25053,7,4,4.6,7.17
3413,2,3,6.7,4.89
11840,5,3,8.3,5.32
29326,4,0,6.9,4.33
43996,6,2,7.4,3.77
29820,3,4,6.4,5.05
1751,0,4,0.5,5.17
27607,3,3,0.2,5.4
8785,4,4,4.6,4.49
24404,7,3,4.7,5.69
46740,6,1,7.3,3.83
42294,5,3,8.1,3.37
27177,3,3,8.0,4.75
18920,7,4,6.7,7.17
18401,5,4,9.2,2.76
33478,0,1,8.7,5.49
21028,2,4,5.3,5.03
25267,2,2,6.8,5.2
5065,6,0,4.2,4.54
42119,7,1,7.0,5.47
32781,4,4,6.5,2.94
3063,0,2,9.5,4.46
47070,4,4,5.9,1.88
43725,0,3,6.6,5.42
45988,7,4,5.9,5.82
41599,3,0,2.5,4.01
12310,2,0,9.1,2.95
9455,1,0,3.9,6.23
14842,1,3,0.3,4.51
16742,3,1,6.8,6.1
11675,0,3,8.6,4.11
33601,7,4,2.2,4.86
37532,6,3,3.9,5.56
28946,5,2,6.6,3.49
23329,4,2,5.2,5.9
7679,6,4,3.9,2.35
49580,1,0,5.3,3.65
15803,1,3,4.9,3.86
13492,0,4,4.9,6.36
35510,2,0,5.8,5.98
5664,0,1,3.6,5.16
9473,6,3,3.5,4.65
26309,0,2,7.9,4.92
8426,4,0,4.7,4.42
9053,4,3,2.4,6.53
27073,4,3,0.3,4.46
41061,0,4,3.1,4.59
27831,7,4,2.1,4.34
7969,3,1,1.8,7.59
19241,4,2,3.9,6.88
20473,3,3,8.5,5.46
1446,6,2,3.0,6.03
37841,1,1,7.8,5.85
29859,2,4,5.0,5.44
34893,1,1,0.2,5.68
30171,0,2,3.7,4.55
38082,7,4,0.5,4.52
32016,4,1,6.4,5.28
3338,7,0,2.1,4.82
7398,4,0,9.2,1.3
12699,5,4,4.5,6.02
44113,1,3,6.2,5.77
35848,5,3,3.4,5.73
33076,1,2,2.9,6.19
24845,3,0,0.7,2.73
43602,2,2,2.0,4.74
44559,0,4,9.1,4.99
44682,4,2,1.7,5.05
28664,3,4,1.1,3.94
39223,6,1,9.5,6.38
37579,7,0,7.6,6.65
25202,3,1,9.1,4.69
46975,4,4,4.1,4.38
7819,7,2,3.6,5.08
13868,2,2,6.5,4.34
9973,5,2,2.1,4.16
9177,6,4,9.9,4.65
23681,5,2,1.4,5.28
41069,4,3,0.1,4.82
48010,3,1,1.5,5.04
46111,0,3,3.8,4.32
14126,0,1,9.0,6.01
19919,4,1,1.6,5.65
22123,3,2,5.6,4.66
745,6,0,3.8,3.82
28135,6,2,1.5,3.71
41944,0,2,3.9,6.22
23094,6,2,9.1,3.34
10112,5,4,2.1,6.43
8632,7,4,3.8,6.15
24461,3,3,3.5,5.27
5104,3,1,8.4,5.69
10331,6,2,4.2,4.45
15867,6,3,9.2,4.3
1306,7,4,1.1,4.4
7402,5,1,5.0,4.59
37854,4,2,0.7,5.02
780,0,1,1.2,4.22
4991,5,4,2.7,3.87
41102,2,3,10.0,7.32
27119,5,3,6.7,5.12
23773,3,4,2.7,5.35
49195,5,3,8.7,3.23
47918,6,3,8.3,4.54
25391,4,2,1.6,6.13
38274,3,3,8.2,3.29
14713,6,1,6.6,4.8
46471,0,2,6.8,4.94
43743,1,4,4.2,4.76
10595,2,1,6.2,5.27
47384,7,4,0.0,6.14
3854,5,3,1.5,1.85
16171,0,3,3.1,4.56
38707,2,3,4.3,4.39
26968,6,2,9.2,3.48
30139,0,4,4.6,4.37
30506,0,4,0.8,7.04
12821,1,2,2.8,4.16
3880,7,3,1.2,4.34
30535,0,2,0.9,3.82
43308,7,2,5.7,5.95
1185,2,1,2.9,5.71
15545,6,0,5.9,6.94
42182,1,4,6.3,6.33
29795,6,3,8.4,5.58
6265,3,3,8.1,6.26
5122,6,2,3.4,2.73
39303,1,1,4.7,2.08
29767,3,3,4.4,4.2
39718,6,0,7.9,3.97
21731,7,4,1.4,5.29
38497,3,3,8.3,5.27
33023,7,1,6.9,5.62
15131,3,2,7.8,6.39
24999,2,3,3.4,3.29
22984,4,1,6.3,5.39
27967,2,2,6.2,5.91
19771,6,3,8.6,6.17
46573,4,0,3.2,5.2
1427,0,3,3.2,5.38
43712,5,4,0.6,3.66
40388,6,2,8.6,4.25
21412,7,3,3.2,5.94
4640,5,3,3.2,6.51
12065,7,1,3.1,5.51
30488,1,3,4.9,2.8
24122,3,0,4.6,6.8
3928,1,3,8.4,4.61
17822,2,1,0.4,3.81
9897,2,3,9.7,5.67
46202,6,4,0.7,3.94
25161,4,4,6.9,4.52
41328,6,3,4.7,5.01
5722,7,1,3.6,5.81
46219,2,4,2.5,4.34
20080,2,3,6.5,3.49
20219,5,1,7.8,4.86
33557,4,0,4.3,6.06
35927,5,4,1.4,6.57
9444,7,3,9.2,5.02
28,2,3,9.7,3.58
8723,6,2,4.8,4.91
30254,0,2,0.8,4.43
48400,5,1,6.1,5.11
3044,7,4,6.7,4.01
45571,1,3,1.2,4.31
8533,4,3,8.1,4.24
998,3,3,3.3,3.93
21604,2,3,2.3,6.68
28813,6,4,10.0,5.87
23432,0,0,7.1,3.32
9446,3,0,7.9,5.25
42566,1,2,9.2,3.24
10963,6,3,8.3,2.7
17100,6,4,6.1,4.27
48644,5,4,5.5,5.31
46342,0,1,9.3,5.48
23749,0,2,3.0,4.9
17636,2,1,6.6,4.65
11880,4,0,8.3,6.05
22955,7,2,5.6,4.49
27533,5,3,0.0,3.18
31863,7,3,9.3,4.2
43091,0,1,8.1,4.2
38519,5,2,7.3,3.62
30606,3,3,8.1,3.46
42398,3,1,4.7,3.1
16504,1,0,2.7,2.91
24514,3,4,5.3,5.13
32546,2,3,2.7,3.07
5508,3,2,8.7,5.36
38818,1,1,3.4,4.25
45375,3,2,1.0,4.55
6292,6,2,1.9,5.62
42434,4,1,7.4,2.76
40444,7,2,6.4,6.13
32092,4,1,8.1,2.86
44048,5,0,9.3,5.01
49080,2,4,4.8,4.1
15362,1,3,2.4,6.4
26013,3,1,7.0,4.76
37306,1,1,5.7,2.36
36944,0,4,9.4,6.12
49311,3,4,5.1,5.82
41792,2,3,2.4,4.11
22512,4,0,6.6,4.87
3666,4,0,0.8,6.17
42612,0,0,7.4,4.54
7168,4,4,8.4,3.93
2258,3,3,6.9,4.44
31111,3,1,6.2,5.67
31049,2,4,9.7,5.93
14350,0,3,7.3,4.02
44723,1,4,5.5,7.81
11240,1,4,6.8,4.55
28875,4,4,8.0,5.07
48575,5,1,4.8,4.7
1164,5,0,8.8,6.4
30623,0,0,0.4,3.87
24083,7,1,8.6,5.26
16494,6,1,0.4,5.51
30976,4,2,6.4,2.26
38162,1,2,7.9,5.07
16825,6,0,10.0,5.39
39887,2,2,4.6,4.93
28332,5,0,0.5,6.61
23525,3,3,4.8,5.78
18996,7,4,7.8,5.84
20808,7,2,5.3,4.58
18255,4,2,2.7,1.65
24510,4,0,7.8,5.44
35447,5,3,6.1,6.37
14582,0,3,4.1,6.69
22208,5,3,4.8,3.43
23308,2,3,5.9,4.88
12836,3,0,1.1,2.52
10055,4,4,6.1,5.04
1773,3,1,4.5,4.82
38071,5,1,9.3,3.87
35871,6,4,3.3,4.33
24785,0,0,2.7,5.79
24068,6,2,8.8,3.92
44871,1,3,2.5,4.94
39609,0,1,5.8,6.06
26738,7,1,0.6,4.88
14609,4,3,7.6,5.74
29075,2,2,4.7,3.88
26548,1,4,3.0,4.13
25393,1,4,8.7,3.45
16483,7,4,9.0,4.84
22280,6,4,3.3,4.21
49719,4,0,5.2,5.24
41130,4,2,7.7,4.28
6115,4,3,4.2,5.47
41702,5,2,6.1,5.37
11614,3,4,1.4,6.13
47169,3,3,2.7,7.25
11438,4,4,4.5,4.93
376,5,4,3.6,4.38
38403,5,3,5.0,5.7
20477,3,0,9.1,3.98
16645,6,2,7.9,2.43
33480,4,3,7.5,4.34
25174,4,3,7.2,5.05
39723,0,2,9.2,6.29
12745,5,4,6.0,5.76
37838,7,0,8.5,4.18
14959,3,2,9.1,5.38
23534,6,1,9.1,5.28
38080,7,2,7.0,3.12
48469,0,0,6.9,2.79
37840,5,0,5.2,3.52
11975,5,0,1.3,4.77
24385,0,3,7.5,3.61
42776,0,0,4.9,4.49
10118,3,2,2.1,4.14
15722,4,4,4.1,5.23
2484,7,4,3.4,3.39
17692,3,1,3.0,4.61
33436,0,2,1.2,5.19
16212,2,0,4.6,4.93
19446,7,1,7.7,6.31
27289,5,4,7.3,3.09
6983,2,1,4.4,6.07
30763,4,2,7.5,7.04
35872,4,3,0.2,4.1
7547,4,3,6.2,5.69
23723,5,1,5.4,6.91
35735,1,1,1.1,6.33
17344,5,1,1.1,5.32
11650,6,0,7.6,4.51
17643,2,3,1.1,4.71
19567,0,2,7.4,6.12
31254,4,2,7.1,6.2
15290,0,0,0.3,4.67
32909,4,3,4.3,2.79
38723,0,0,2.0,6.5
28756,4,1,9.1,3.81
41316,6,0,2.6,2.57
1718,1,0,2.5,3.14
26212,4,3,2.9,4.09
43320,1,4,0.4,3.91
43160,1,0,6.6,4.0
11667,1,0,4.1,3.57
41582,6,1,1.3,5.88
28542,7,0,4.6,5.48
22649,2,1,3.3,6.57
13659,0,3,0.8,5.06
6946,4,0,0.8,5.75
38597,1,1,6.7,4.28
24318,5,1,4.2,6.62
33242,5,1,6.8,5.99
27221,7,2,2.1,6.06
45503,5,0,9.5,6.34
4544,7,3,4.7,5.57
24452,4,2,4.9,7.44
15053,0,2,6.7,5.02
9677,3,0,2.6,5.56
38204,4,3,6.7,3.69
49937,1,4,7.2,2.73
10856,3,3,9.2,7.13
40199,0,3,3.9,4.47
34297,4,4,6.2,5.85
2539,5,3,6.5,4.91
17079,2,2,0.4,6.48
36331,0,3,4.0,3.9
48659,6,2,2.6,4.83
22071,5,1,2.5,6.75
43151,7,1,7.3,2.27
6419,1,0,2.1,3.8
37322,3,3,2.7,3.62
5328,6,1,8.2,4.75
1712,7,1,6.5,4.85
22610,6,4,7.3,4.96
16022,5,2,1.3,5.19
3174,2,1,5.2,4.19
27504,2,4,4.1,5.83
29266,2,1,9.7,4.26
44969,3,4,1.9,5.7
22078,2,4,2.1,5.99
47949,3,0,2.9,6.23
37204,0,0,5.6,4.21
37919,2,4,8.5,7.21
32925,5,3,4.7,4.28
45787,0,4,7.1,5.3
20622,7,1,4.1,5.75
49848,5,2,3.8,6.17
46521,4,0,6.5,4.49
20920,4,2,1.1,7.46
6930,5,3,9.6,4.14
28684,0,2,9.1,5.77
1674,3,3,1.1,4.91
49047,7,1,7.2,6.26
15323,7,4,9.4,5.43
46358,2,3,8.3,6.06
599,4,2,7.3,3.8
18464,7,0,8.5,4.75
9448,1,3,6.3,5.57
5989,2,1,1.3,3.64
30684,4,4,5.8,3.25
11393,2,0,2.7,6.38
114,3,4,7.1,5.44
14779,6,3,2.0,6.66
5950,2,2,8.4,5.57
19553,0,4,4.8,3.86
12861,5,1,4.2,3.51
43321,0,3,8.7,2.31
8629,6,0,7.4,4.97
25716,3,2,9.6,3.41
18311,7,2,3.7,5.74
14046,4,2,7.5,4.41
5671,6,1,5.0,7.92
4296,0,3,9.4,7.04
1553,5,3,0.3,6.52
43123,1,3,3.5,5.57
20782,0,1,0.8,8.24
25947,1,2,7.4,6.21
11105,5,1,6.4,5.35
14572,7,4,3.1,4.13
40056,6,3,9.0,3.16
28473,4,4,0.5,5.82
22235,0,3,0.6,4.84
3559,4,3,0.4,4.67
16949,3,1,5.3,5.06
48773,7,4,0.9,4.59
47940,0,1,4.6,5.95
40786,4,3,2.8,3.19
17270,5,2,3.1,6.24
45272,0,3,6.8,5.02
43839,2,2,1.8,5.73
17905,6,2,1.5,5.77
21085,4,2,5.5,5.28
42431,2,2,9.2,6.32
13107,4,4,6.6,3.43
22436,0,4,2.3,3.03
21509,3,3,0.6,3.78
16686,3,4,2.5,4.53
43427,0,0,2.5,6.23
13958,0,0,2.3,4.42
48085,7,1,8.5,5.14
36361,5,2,7.8,4.28
23293,2,1,9.1,7.29
48123,4,2,0.0,6.5
21550,7,4,0.2,6.77
46456,6,4,0.8,4.16
12754,3,4,0.8,4.53
37095,4,0,6.4,6.07
9648,7,2,8.0,6.36
40986,0,1,0.7,7.0
41889,0,3,4.1,4.83
9491,2,1,9.3,6.7
9664,1,1,7.8,3.82
36458,2,2,7.5,4.31
14748,0,4,1.0,4.74
17066,6,3,5.3,3.93
46047,0,1,9.1,5.67
2816,2,3,6.6,4.75
24759,6,2,7.6,6.5
40113,3,2,2.4,7.01
33550,7,0,1.0,7.23
4467,2,1,3.8,3.29
41051,3,1,7.7,5.77
3315,5,2,8.5,4.23
41424,2,2,1.3,4.69
19250,1,0,6.3,6.67
23840,3,0,5.7,5.02
7980,1,3,4.4,5.37
37920,1,4,8.1,5.41
29840,3,3,3.6,5.68
31529,3,1,0.3,6.51
24743,7,0,8.9,2.61
22901,7,0,2.5,7.41
12002,2,3,5.1,5.16
25912,0,0,5.6,4.34
40579,4,4,0.7,5.16
38271,1,3,1.7,4.84
22783,7,0,3.1,3.69
21642,7,3,1.0,4.55
6632,5,2,2.5,4.78
297,2,3,1.1,6.04
41755,2,2,6.2,5.17
37330,0,3,5.5,6.08
24462,4,2,7.0,3.76
20049,3,1,5.5,5.49
18242,2,1,7.6,5.27
20812,3,1,8.0,5.63
2172,2,3,8.4,4.45
37660,2,1,2.0,4.47
11932,2,0,8.0,5.3
8662,3,2,2.9,6.83
11277,2,3,6.6,5.34
24325,6,3,0.8,4.19
42406,4,2,9.6,6.13
36648,4,2,1.7,4.29
22310,3,0,7.7,5.02
36301,1,4,6.2,5.69
48118,7,2,5.3,4.9
41811,0,1,1.0,2.86
44730,3,4,9.8,3.83
3987,2,0,7.4,4.96
1707,5,4,4.2,4.81
29304,0,3,3.9,6.39
2957,3,0,4.2,3.34
4192,1,3,2.9,4.94
18029,3,0,1.6,4.82
41917,5,4,4.0,4.25
2379,1,0,4.6,4.86
42965,7,0,9.9,3.94
15225,4,2,1.4,3.31
8677,3,2,1.2,4.83
35564,0,2,4.5,6.78
37298,7,3,2.0,6.25
9156,4,3,9.5,5.29
22794,1,2,1.1,5.16
20906,1,1,9.1,5.07
42272,3,3,4.9,6.07
42439,3,2,7.8,4.55
33319,3,4,9.9,5.29
20945,4,2,7.1,5.11
21991,4,3,0.6,3.27
22411,4,2,0.4,2.72
15624,5,4,3.6,4.15
42330,3,2,0.4,5.78
36519,2,1,3.8,5.67
45143,1,3,6.5,4.99
40386,4,1,7.6,5.91
7256,2,0,9.3,4.12
6223,6,1,6.4,6.14
24593,6,2,5.4,4.61
49067,4,3,2.4,3.08
10956,3,4,0.2,3.44
14522,4,1,2.5,5.53
19998,6,4,9.4,4.34
7927,6,1,4.9,4.05
11696,0,2,8.3,7.02
10343,2,1,2.5,3.93
49659,0,3,1.8,5.43
39812,7,2,8.2,3.88
27725,6,0,5.0,2.95
278,7,0,7.6,4.56
32408,6,0,0.6,4.89
47929,5,4,5.5,4.28
38457,2,3,2.4,4.0
49095,7,1,7.6,4.62
38873,4,0,9.6,4.11
34487,6,0,6.3,5.38
49253,7,4,2.1,3.18
34730,4,3,4.5,5.56
10573,4,0,0.7,5.1
23678,4,2,2.1,5.45
4502,1,2,7.7,5.75
29800,5,3,3.7,2.88
45812,0,0,2.4,3.78
5776,5,4,8.7,6.46
40535,0,4,8.8,4.91
46029,7,3,9.2,5.4
20260,3,4,0.1,3.6
19883,0,1,8.5,6.75
22840,1,4,2.5,4.08
44311,2,3,2.4,5.61
6694,0,2,1.9,6.44
19619,6,1,8.5,3.85
49276,6,2,5.8,3.36
26158,1,3,9.8,4.71
24580,7,2,1.6,5.22
24381,3,4,7.2,1.62
5080,3,4,1.6,3.3
2110,6,1,6.3,3.34
21460,7,2,3.7,2.35
43745,7,1,8.1,6.47
11921,0,1,6.0,4.25
44738,6,1,2.4,5.42
3858,7,4,2.4,4.03
45873,5,4,7.6,6.0
41330,0,3,8.5,5.04
28475,7,4,0.3,3.3
6969,5,0,0.4,4.19
12756,2,1,9.7,4.78
40789,0,0,6.1,3.61
5931,3,3,8.2,3.78
9255,6,4,3.8,4.38
39862,1,4,8.3,5.23
33800,0,4,5.9,6.75
37916,2,2,0.8,4.41
31743,2,2,1.1,3.19
1200,0,2,9.7,4.81
30982,6,4,1.5,4.95
47299,2,3,4.3,6.29
7061,3,1,8.0,1.84
2552,0,2,2.5,3.57
14244,5,1,4.9,6.88
27386,2,1,2.9,3.59
17187,7,4,5.4,5.47
9097,6,4,1.0,3.27
35262,7,4,10.0,4.92
9304,6,1,1.5,4.87
49215,2,1,7.4,6.68
10027,2,0,1.5,3.32
42001,2,4,5.6,6.03
40728,1,2,7.3,7.56
26222,1,0,1.2,7.29
49496,3,3,3.1,5.67
39253,0,1,3.3,6.29
18923,7,3,0.4,4.68
11191,1,2,2.7,5.71
45218,1,1,0.9,4.01
19391,5,4,5.8,6.92
31497,0,0,1.7,4.75
43588,2,1,2.6,7.36
965,2,4,1.2,4.35
42246,3,3,3.5,5.62
713,4,0,6.0,5.78
46127,5,2,2.8,4.73
12453,0,2,8.6,5.68
30755,2,2,8.7,4.4
48139,0,1,7.2,2.38
6782,3,2,1.2,5.41
25913,3,2,1.4,4.73
41651,4,2,1.9,4.78
10230,5,2,9.6,5.7
4326,6,3,2.1,3.58
41267,1,1,6.8,4.61
19688,5,4,2.8,6.59
44503,1,2,0.1,4.33
27064,4,4,8.0,4.67
7651,5,3,3.6,5.09
6853,2,1,9.2,4.68
35551,3,2,1.5,6.27
41374,6,1,5.2,4.99
789,0,2,9.0,4.69
31302,5,2,9.2,6.13
35646,3,2,3.8,5.2
44278,7,2,8.8,2.47
38226,1,3,9.9,4.53
43664,7,1,7.4,7.18
35791,1,4,7.4,4.99
17558,7,3,7.5,5.19
19404,5,0,3.6,6.12
39525,4,3,10.0,6.86
39781,1,1,5.6,4.16
10028,1,4,5.2,4.08
25200,1,2,6.2,3.99
31057,2,2,5.0,4.74
805,1,0,2.7,3.37
2109,5,4,9.0,2.9
6410,5,0,2.0,5.61
25245,6,1,8.5,5.5
5538,6,4,5.8,5.58
41403,7,2,5.0,4.02
23382,3,0,2.6,6.59
46990,7,0,5.5,3.51
42974,2,1,3.6,5.28
21965,0,1,8.5,5.87
25038,5,0,2.1,2.82
8793,0,0,6.0,4.34
17614,5,0,4.4,4.29
30986,4,4,0.0,4.54
11441,7,2,9.7,5.66
28725,4,1,6.8,3.49
46524,3,2,2.8,5.36
38539,0,3,2.1,4.9
49244,5,4,6.8,4.45
27295,6,3,9.1,7.38
37830,5,4,6.2,5.69
2842,7,2,0.4,4.51
30194,0,3,2.4,6.94
42385,4,2,9.1,4.02
32442,6,3,1.7,6.1
35670,2,3,5.1,3.42
26489,6,4,3.8,4.64
19104,1,4,6.8,4.84
35647,7,0,0.9,5.45
28094,2,3,9.6,5.93
2568,7,2,3.8,5.05
13590,1,0,6.2,6.05
13237,2,0,2.5,4.5
42690,3,4,7.6,4.91
16801,2,4,3.0,4.32
38346,4,4,4.6,5.29
13126,4,3,9.1,4.48
48929,5,1,0.6,3.67
27488,3,4,9.3,4.62
14369,2,3,5.1,4.83
45680,7,4,4.3,6.81
5115,3,1,5.4,5.19
23845,4,1,9.7,3.29
35216,0,1,1.1,4.17
32467,6,3,6.3,5.81
7545,3,4,2.7,6.19
48783,5,1,6.7,6.27
3382,0,3,2.2,4.99
49957,2,2,0.7,4.96
16749,7,4,1.1,4.64
7483,0,4,2.5,4.43
10462,0,0,9.1,6.12
35155,6,2,2.6,3.74
49983,7,3,0.7,5.49
7556,7,3,2.8,3.65
24023,5,0,4.8,4.1
46248,2,4,7.3,5.89
41039,6,3,1.5,4.16
18624,1,3,8.6,3.69
12561,4,3,8.3,5.18
33970,3,1,9.6,5.58
9503,1,3,3.9,3.25
19930,5,4,9.9,4.53
9381,4,2,1.2,3.8
5345,2,3,3.9,3.31
30475,4,3,9.6,4.8
2746,2,0,1.8,6.16
33278,3,3,4.3,4.33
49868,5,2,0.3,6.15
20301,3,1,4.2,5.84
16072,7,3,1.0,3.75
582,7,0,1.5,3.65
28045,2,1,5.5,3.41
31491,1,0,1.2,4.03
11268,5,0,3.2,5.57
38328,3,0,2.4,3.56
40710,2,1,5.1,4.96
40481,7,1,0.0,6.48
9339,4,1,6.4,5.06
22633,5,1,5.3,4.52
19188,1,1,6.5,7.43
43453,3,4,6.9,4.33
28573,0,3,4.1,3.69
12024,1,0,6.6,4.3
4137,3,1,6.7,6.7
4224,5,0,2.7,5.32
44038,4,4,6.9,4.13
47106,3,4,3.0,3.88
5099,2,1,6.2,4.84
33205,5,3,3.7,2.18
13637,0,1,4.6,3.44
15752,7,0,5.1,3.0
32174,7,1,4.8,3.55
29416,7,3,2.4,4.36
4145,0,0,5.0,3.35
35703,3,4,9.4,3.72
13792,7,2,6.1,3.01
32266,0,3,4.8,3.47
9554,1,3,9.1,5.59
37119,2,4,2.6,6.06
49494,6,3,4.4,2.44
29968,3,0,8.1,3.06
31008,4,3,10.0,4.99
43741,1,3,7.9,6.23
8839,5,2,9.7,5.38
25055,4,3,5.8,2.75
2439,2,1,4.7,6.11
36303,3,1,9.9,4.91
37335,6,3,2.7,2.96
10688,7,2,4.9,3.92
47163,7,4,4.4,6.3
38698,4,3,8.7,5.36
29424,0,4,4.4,4.84
45512,3,2,4.4,4.11
41369,5,1,5.9,4.25
10614,4,2,4.9,5.26
45338,6,3,9.2,4.78
39782,5,1,9.5,5.7
42216,5,2,2.7,5.8
44190,5,0,6.6,5.35
29105,2,1,7.7,4.91
46718,7,1,4.0,4.92
15378,4,3,6.0,5.91
45332,1,2,6.5,5.83
59,6,2,7.6,3.39
27344,3,4,0.2,5.27
26451,2,3,1.5,5.67
12447,4,0,3.3,4.9
32576,3,2,0.8,7.05
16974,5,0,3.0,3.09
39599,1,4,4.2,5.16
3779,6,0,3.0,5.33
24273,5,1,6.8,4.79
10926,7,0,1.8,5.05
45666,3,4,3.7,2.88
47145,6,2,1.9,3.09
29793,2,1,6.0,3.32
16126,0,0,4.2,4.75
32377,0,3,3.9,3.23
8044,6,3,1.4,2.17
34259,6,3,0.7,6.74
25524,7,0,1.7,4.46
18202,5,4,9.0,4.49
2399,3,2,8.7,5.02
37802,5,2,3.8,4.37
41631,0,2,2.2,2.22
28374,4,4,4.8,4.41
22125,5,2,7.7,6.18
5048,1,0,5.9,4.5
7391,0,4,9.0,5.53
21565,1,1,1.8,7.13
36606,5,2,9.4,3.26
6932,0,4,3.2,3.36
18441,1,4,2.2,6.65
26273,7,3,1.7,2.52
25439,5,1,8.4,1.66
27348,3,3,4.5,5.39
32022,2,1,9.3,5.72
41135,3,3,2.2,6.36
5205,6,3,4.6,4.86
905,6,3,2.1,4.91
29726,6,2,5.7,4.41
14633,5,3,8.2,2.64
12819,6,0,3.5,2.97
10696,6,3,8.6,4.61
21788,4,0,3.6,3.1
37257,6,0,3.5,5.61
39684,5,4,3.7,6.37
42242,3,0,1.9,5.23
19185,4,1,9.2,7.18
12536,2,4,4.3,4.44
45590,0,0,0.6,4.51
5814,1,2,3.2,4.7
26580,1,1,6.0,3.49
30547,6,2,2.0,4.62
16201,7,1,9.9,5.59
32270,4,3,9.6,5.99
46648,6,3,2.1,6.38
32813,5,2,3.5,6.61
17158,4,1,1.8,4.92
1953,1,2,3.2,4.18
6608,3,1,2.0,3.29
22368,0,4,1.0,5.91
35026,4,0,8.1,4.63
25685,6,0,5.8,6.55
18833,3,4,1.6,6.38
26348,5,2,0.6,1.94
16984,3,3,9.4,4.47
15860,1,0,6.5,5.63
15248,6,1,5.9,5.59
22001,2,1,9.6,4.37
20743,4,1,0.1,3.92
3008,2,1,0.5,6.4
49421,0,4,7.1,4.22
45243,3,3,9.0,4.92
130,6,4,0.0,4.82
45597,4,0,0.8,3.75
3130,2,3,1.0,2.72
22079,7,2,7.7,4.95
17684,2,4,8.3,5.77
49533,1,2,2.1,6.16
27497,7,2,6.4,5.61
16056,1,2,0.2,6.05
36228,0,2,0.1,5.95
28593,5,1,9.1,4.63
4493,5,1,2.6,2.88
46055,0,0,9.9,4.58
42560,6,1,7.0,6.88
20797,7,4,3.7,6.02
17483,0,1,5.4,7.67
26600,1,0,0.6,7.34
46592,0,3,3.5,4.67
20048,1,2,4.5,6.95
7743,7,1,5.2,4.09
48131,1,2,8.1,6.5
33228,1,2,7.5,4.69
39115,5,1,3.8,3.78
25920,7,3,7.3,5.31
2129,7,3,6.1,5.26
11822,2,4,8.7,4.01
10576,3,4,6.4,6.52
2961,4,4,8.2,5.92
2314,0,0,4.0,5.8
16151,4,0,2.0,6.98
42319,1,4,0.5,2.87
12667,1,2,4.3,3.74
2055,6,4,2.5,4.19
26112,6,0,0.3,3.97
42452,4,1,5.5,7.49
20688,0,0,1.5,4.05
31209,2,1,0.6,6.36
44744,7,3,7.6,4.24
7526,0,2,0.9,7.3
6178,5,2,3.0,4.46
4139,6,2,5.9,3.89
40342,7,1,5.8,5.51
20486,3,1,2.8,6.23
18042,7,0,3.2,5.67
19687,3,0,8.7,4.24
21419,7,2,4.8,5.33
2300,2,1,6.1,5.63
7846,7,2,9.1,3.8
10352,6,0,0.8,3.49
7218,3,1,8.4,4.33
18339,1,0,7.9,2.25
36116,0,2,2.5,4.64
42975,0,4,3.2,5.82
21380,1,3,0.9,3.89
27792,2,2,7.0,3.68
2040,5,3,8.2,6.34
11892,6,4,4.8,5.09
20539,1,0,0.7,7.37
11461,5,3,4.8,3.65
27703,4,1,0.9,6.08
10612,0,2,3.2,4.54
46907,4,2,5.1,5.29
30974,2,1,1.9,4.98
42470,1,4,0.8,7.27
21045,3,4,1.4,4.28
24498,6,0,1.7,1.87
37990,7,4,7.2,4.44
6612,5,3,4.1,5.25
48983,4,0,8.9,7.37
30927,6,3,9.6,6.47
33142,7,3,9.7,5.73
34846,1,2,7.1,3.67
42062,2,2,0.2,3.1
31983,4,0,9.5,2.98
43958,4,2,0.4,4.28
48206,0,2,9.3,4.57
21908,2,4,3.4,2.69
24415,2,4,5.5,3.11
8929,0,2,6.7,4.27
32975,1,4,7.6,4.87
13332,1,0,6.6,3.42
37278,7,4,3.7,5.06
7857,5,1,8.4,4.9
8696,1,0,9.0,6.4
8531,2,2,4.7,5.12
31349,2,0,3.0,6.98
24984,3,1,7.5,4.04
5702,0,3,0.3,4.41
46847,1,1,7.3,3.04
28920,7,1,6.0,5.0
13512,5,3,1.8,6.65
21150,2,4,0.3,6.12
7948,2,1,8.0,5.67
18579,5,0,3.8,5.21
32139,3,1,6.1,5.0
21781,4,3,7.6,6.88
47925,2,1,0.2,4.58
2728,5,1,5.9,5.81
1281,1,4,3.9,3.0
28477,2,4,2.6,5.58
38448,7,2,6.9,4.74
24669,1,0,1.8,4.53
35450,1,3,4.6,5.37
1822,6,0,5.7,2.32
16029,6,0,0.3,4.91
4312,3,0,7.4,6.85
17147,5,3,7.2,4.85
29910,4,3,6.6,6.36
41955,2,3,3.4,4.77
41746,1,3,8.6,3.25
33022,4,3,7.5,6.06
35478,7,4,1.1,4.59
20088,4,3,5.0,4.28
47638,5,0,1.1,5.51
24225,2,4,9.9,4.33
24538,6,3,6.5,3.03
29796,2,2,3.5,2.95
25976,1,2,5.1,7.68
32670,2,2,4.4,6.43
20287,3,2,5.1,6.43
24361,0,0,8.4,5.81
32637,1,3,6.0,5.4
40957,4,4,1.4,5.98
5351,3,0,0.4,4.5
21072,5,0,4.4,3.5
38900,1,1,0.4,3.82
27606,0,1,2.3,4.72
44028,1,4,6.1,4.44
1641,2,1,0.4,6.42
31796,5,2,8.2,5.89
49297,6,2,9.3,4.44
18067,5,2,9.8,4.36
27780,1,3,3.8,4.54
23975,6,3,5.8,3.99
23676,3,4,3.2,4.61
9954,7,0,0.5,6.41
8116,5,3,8.2,4.15
48033,1,1,4.2,2.2
36032,1,3,0.3,5.75
31065,7,2,3.7,2.96
15822,6,3,6.3,4.35
39195,3,4,7.6,3.35
12759,7,0,1.5,4.07
49427,4,3,5.5,4.28
9545,5,0,9.6,4.3
17032,3,2,5.4,4.93
30383,7,1,0.4,7.88
1696,0,2,6.1,3.81
8401,6,3,4.7,3.3
1325,3,3,7.3,6.42
24372,7,2,7.9,4.44
32586,7,1,4.5,2.52
18418,1,1,6.5,3.86
16163,6,3,2.3,3.32
28136,1,1,9.9,4.06
25737,0,2,4.3,5.39
29982,7,1,5.4,7.02
4703,7,2,9.7,4.66
14198,4,2,7.0,4.65
33155,1,3,3.8,5.0
21694,2,3,7.1,5.7
14472,1,3,4.3,3.85
46736,2,0,0.2,4.92
10761,6,3,1.3,3.41
25823,6,3,3.0,6.0
17969,7,2,7.8,3.43
35036,2,0,5.1,7.7
1782,0,2,6.7,5.4
30901,2,1,5.5,6.27
1859,2,2,0.5,3.64
29994,1,2,0.0,6.21
45023,4,1,2.7,5.46
21984,7,3,8.7,4.09
11686,5,0,4.4,5.35
39539,4,3,9.1,3.79
19555,1,3,6.5,5.42
24399,2,2,0.9,5.15
19370,6,4,7.0,4.88
21312,4,1,2.3,6.45
38442,7,2,4.1,6.01
21438,7,3,6.0,3.57
19160,1,4,9.5,3.92
15697,2,3,5.4,5.05
1272,2,2,5.8,5.92
24092,6,0,8.0,4.23
29963,1,1,6.8,6.12
42956,7,3,4.2,3.86
22209,7,3,1.1,3.98
848,1,3,1.4,6.48
12712,3,4,2.8,5.6
43859,7,4,9.0,4.71
324,5,2,8.4,7.38
1596,6,1,9.2,4.58
45594,0,1,2.3,5.05
49619,5,2,1.8,7.68
1633,6,4,6.9,4.86
29475,2,3,1.2,6.17
13628,6,1,1.4,6.22
4999,5,2,5.9,5.49
16191,0,3,8.5,5.78
27595,2,1,0.5,3.78
40067,1,3,5.2,4.41
2774,0,1,7.7,4.96
25908,3,3,6.4,5.53
38042,2,3,9.8,6.14
20551,6,1,9.8,4.78
44985,3,0,6.6,4.18
2942,0,1,0.8,5.56
45992,2,0,4.9,5.37
33005,6,4,4.2,3.3
13399,2,0,2.4,5.55
16280,1,2,0.5,4.06
15618,1,0,6.6,5.05
21567,4,4,1.6,5.37
21189,7,3,4.0,6.45
39843,0,1,1.9,3.73
24069,7,2,2.7,5.23
41517,3,3,0.0,6.97
25433,3,3,8.4,5.88
1498,6,2,7.5,5.81
21258,3,3,9.7,5.49
1874,6,1,9.9,4.82
46339,2,0,2.9,6.33
37778,1,1,1.9,3.05
9702,4,2,1.3,5.88
37033,1,4,3.5,6.96
8237,7,3,7.4,4.22
41567,5,2,2.1,5.51
41298,2,1,3.3,4.23
1989,5,4,0.8,6.14
4821,5,4,2.7,5.21
19632,2,2,10.0,3.98
45954,5,1,2.2,3.38
38081,6,3,1.5,5.79
1612,6,4,5.4,4.1
43059,4,2,5.6,3.9
28549,6,2,5.7,5.62
25233,0,0,9.0,4.56
40021,0,4,8.7,6.44
30098,2,0,9.5,5.51
7732,6,1,3.5,4.29
10518,4,1,7.6,7.01
37592,6,4,9.3,5.41
47222,2,2,0.5,6.31
42746,0,4,7.8,4.77
10401,5,2,1.6,6.57
49686,2,2,0.8,5.71
46354,4,3,7.9,5.75
12901,3,0,5.3,5.51
28071,3,0,5.9,5.42
30104,4,4,3.5,5.9
34978,0,3,9.1,4.37
5979,5,2,7.2,3.57
37707,3,2,6.3,6.75
4642,0,3,2.9,3.7
26331,6,2,1.5,7.43
41300,0,4,9.9,4.86
45467,3,4,2.0,4.47
36823,4,1,1.5,4.02
32384,6,0,2.7,6.75
4746,6,4,3.5,5.28
18620,1,0,6.1,7.32
30882,3,4,7.5,5.71
15888,1,2,4.3,5.74
33935,2,1,1.4,6.44
1384,0,1,1.4,4.82
17542,4,0,9.7,4.41
22664,1,3,6.4,5.76
34395,2,4,4.5,5.68
26589,3,1,7.7,6.06
43108,5,0,6.8,4.42
29739,7,3,2.0,6.07
5698,7,0,0.5,6.49
48936,7,3,9.2,3.49
47790,6,2,9.0,5.06
4195,0,0,7.9,7.35
27253,3,1,9.6,4.61
16871,1,1,5.2,3.93
6304,6,1,6.5,5.5
3006,5,4,9.9,4.43
14896,3,1,9.4,6.5
18262,7,1,5.3,6.34
38965,1,2,2.9,4.82
36595,0,1,3.7,5.39
27176,3,2,7.1,5.84
37609,6,0,6.4,4.91
27484,0,3,9.6,2.37
46300,2,3,2.2,4.93
6979,5,1,8.4,7.42
45819,1,4,9.4,6.57
10245,7,0,1.9,5.64
1343,1,3,6.6,2.95
3910,3,1,0.7,2.53
10303,1,3,3.1,3.93
15742,4,4,2.4,5.36
17811,0,3,2.3,3.35
27030,4,1,0.1,3.68
17107,5,1,1.8,5.92
1114,0,3,5.5,4.99
47907,6,3,8.9,4.53
45047,1,2,3.8,4.47
36333,6,3,0.5,8.14
16282,4,2,0.5,5.7
1554,2,3,6.5,5.21
292,1,3,5.8,4.4
46107,4,1,5.4,5.92
16729,6,1,6.7,7.03
44492,1,1,3.1,7.35
24161,1,4,3.7,4.52
15945,5,4,0.7,3.24
20662,4,2,3.1,4.08
8513,5,3,3.2,5.91
28039,3,3,8.6,5.58
11288,1,0,2.3,3.77
13384,1,1,0.8,5.88
38480,0,3,2.2,4.58
30216,1,1,4.4,8.4
41082,0,0,0.3,5.02
30102,4,0,1.8,6.46
33063,1,2,4.0,3.6
15431,6,2,2.8,6.09
34362,0,1,3.8,6.55
46921,1,2,1.4,4.82
9486,3,0,9.7,4.72
3399,1,2,6.6,4.3
11832,7,0,2.2,5.02
43937,3,0,8.2,4.77
49303,7,0,2.1,2.7
37712,2,1,9.8,1.76
41042,3,0,4.6,4.97
8329,1,3,8.5,6.23
32055,0,1,7.3,7.19
22742,3,1,6.2,5.42
19275,4,0,4.9,4.73
38993,0,1,3.5,7.83
8212,1,0,6.6,5.38
44565,6,3,4.2,4.81
35148,6,1,9.6,5.23
15316,7,2,2.0,4.23
7005,6,0,6.8,4.82
1651,2,3,8.7,4.95
22899,3,0,6.0,5.9
47223,4,2,0.9,4.92
31781,7,3,0.3,5.17
40837,5,2,5.5,6.21
19087,1,2,7.4,6.04
24789,0,1,7.0,5.6
48398,0,1,0.2,4.28
24204,7,0,2.0,4.88
23931,2,0,2.8,3.82
20353,2,4,8.7,4.34
26503,7,3,2.6,3.34
45662,2,0,9.6,5.98
49202,5,2,4.4,4.54
4623,1,0,2.6,5.24
46198,1,2,8.3,4.61
43634,7,0,0.5,5.75
9970,3,3,2.0,3.77
9802,7,3,6.0,4.55
6120,3,3,4.3,4.63
8689,3,0,4.7,5.97
18799,1,0,0.3,6.09
7702,0,2,2.7,3.25
2336,1,4,7.7,5.08
27014,0,2,6.2,4.22
623,7,2,1.1,5.8
17051,5,3,9.6,5.49
5350,0,0,2.6,5.56
45827,6,3,6.6,4.1
2887,7,0,1.4,5.49
7586,4,1,6.0,4.13
45166,0,2,0.0,5.64
16339,5,0,5.0,3.96
21496,2,4,2.8,5.65
27616,2,1,8.4,5.53
25443,6,4,4.8,5.17
39674,0,4,2.0,4.66
45903,6,4,9.8,2.99
19960,4,1,7.4,4.27
46058,7,2,3.9,5.7
14990,4,2,2.2,3.91
34742,5,2,8.7,7.22
21862,7,0,5.1,4.54
48435,7,4,0.1,5.16
2714,1,0,4.1,6.33
44753,5,2,5.0,7.35
38554,6,0,5.7,6.38
14978,3,3,9.1,5.67
2475,5,2,2.7,5.05
36015,5,4,0.5,6.04
21365,7,1,2.4,4.34
40025,2,1,6.3,4.6
6894,4,2,1.4,4.27
24778,7,4,2.4,6.95
20786,2,1,3.5,5.77
10335,1,3,7.8,4.68
30484,6,2,5.9,5.39
15827,4,4,6.7,6.33
43570,6,4,5.5,4.28
36098,4,1,6.6,3.78
1034,1,0,9.6,4.47
8120,5,2,8.3,5.95
23935,7,1,7.4,4.47
21146,0,0,9.9,6.99
47755,6,1,1.5,4.3
13182,5,1,9.3,5.89
14412,4,1,0.2,6.82
34601,3,2,1.0,1.99
49250,1,0,4.2,1.97
41204,7,1,8.5,6.86
47412,3,1,0.7,2.96
44110,5,3,2.5,6.04
9230,6,4,9.4,4.45
20930,3,4,9.8,4.86
34436,7,0,8.9,3.56
47921,1,1,6.6,7.97
17354,3,4,5.3,6.66
49082,5,0,9.5,5.01
23616,4,2,7.8,3.83
23029,0,2,3.3,5.37
30121,6,1,8.5,3.33
16665,7,1,4.2,3.99
18848,0,2,4.6,4.15
14613,7,1,8.3,4.4
6963,3,1,4.7,4.1
21421,7,1,7.2,5.94
3273,1,1,4.1,3.8
37394,5,1,6.7,5.58
15463,3,4,5.8,6.6
35098,7,0,4.9,4.74
3216,0,2,4.8,5.56
45980,2,4,3.0,3.42
34109,4,1,2.0,7.59
45418,5,3,2.8,5.18
15582,1,3,3.1,5.11
3852,7,3,9.9,4.29
13162,0,2,7.0,4.83
26363,1,4,7.6,4.9
30847,0,2,7.9,4.18
46701,1,3,5.8,3.35
29189,0,3,7.8,2.78
28649,4,1,8.5,6.58
290,2,1,3.3,4.85
37594,2,2,4.2,3.32
35755,3,3,9.3,4.54
49070,4,1,5.4,4.58
45082,3,2,3.4,1.5
43156,3,0,9.3,3.81
25669,3,0,7.4,4.45
30770,4,1,9.4,4.9
10053,0,3,6.5,5.32
31763,6,0,7.2,2.87
22193,2,1,5.9,3.99
35524,3,3,8.3,4.53
42373,4,3,3.9,6.84
18715,6,2,5.3,5.17
3320,7,3,7.5,7.23
37449,7,1,7.9,6.32
43746,6,2,8.5,3.71
37599,3,1,7.0,3.53
39816,1,3,9.7,5.35
26241,5,3,0.5,4.18
9048,2,3,2.1,8.37
35379,5,3,6.0,4.52
35813,0,4,3.7,4.89
8166,3,0,9.3,5.28
22032,2,2,7.3,4.01
8434,1,4,7.8,6.1
14064,5,0,5.2,5.81
19363,7,4,2.2,5.82
2417,4,0,4.8,4.77
16325,0,0,1.7,4.46
21838,1,0,1.8,6.96
28958,4,2,4.2,4.01
47124,6,2,8.8,6.24
579,6,4,6.6,6.85
25054,7,4,4.7,3.75
37440,1,3,4.7,5.1
14554,7,0,3.4,4.27
2778,5,3,1.5,5.03
20767,1,1,4.6,5.15
3800,5,0,0.6,7.6
6822,7,0,9.4,5.74
47710,3,0,1.9,3.62
38742,6,4,4.1,3.35
22347,5,1,9.2,4.7
34916,0,1,4.8,4.85
26,2,2,6.4,1.86
3003,3,0,0.8,4.1
17984,7,0,8.9,6.36
41945,6,3,4.1,4.37
18371,5,0,7.9,5.71
36864,1,3,3.4,4.19
20002,7,1,4.9,6.46
33878,1,4,8.8,4.87
9012,4,2,4.3,3.43
37314,1,3,6.8,5.68
18910,0,0,3.4,3.79
13849,6,3,6.8,2.67
44858,6,2,2.4,4.21
28528,6,3,4.9,5.97
33566,3,0,4.4,3.37
5643,0,0,0.7,4.34
2967,7,0,7.6,5.07
13305,3,3,7.3,4.58
48931,4,4,5.3,5.12
40084,5,0,8.2,2.92
9895,0,1,2.7,6.68
15952,3,0,3.7,5.65
40206,6,0,1.2,5.0
35560,2,1,2.2,5.82
44102,2,1,3.0,4.21
31750,0,2,6.2,3.67
17255,0,0,4.4,4.81
44114,3,3,6.8,6.07
32564,6,2,5.2,4.24
5709,4,2,1.6,3.9
30507,4,2,1.5,5.21
6919,1,3,1.2,2.42
41566,5,1,5.5,4.33
39285,1,3,6.4,5.81
46296,5,3,7.2,4.83
43797,6,1,4.2,4.02
12847,4,0,5.0,5.73
10882,0,4,2.7,7.22
26695,4,3,7.7,5.29
34274,4,2,0.3,5.99
16314,5,4,2.0,6.3
34190,7,3,1.6,3.29
18115,1,2,1.5,4.92
36947,6,1,5.9,5.16
1659,3,0,9.4,4.34
45443,2,4,7.3,5.85
35835,7,3,4.7,4.25
48647,0,4,2.3,3.29
46690,5,2,1.0,4.79
42498,5,0,9.5,3.46
4261,5,4,3.6,4.8
41803,7,2,0.1,2.61
17709,5,0,4.2,4.6
37425,2,2,5.3,3.26
39533,0,4,6.3,3.59
18692,4,0,5.2,4.16
36537,7,4,6.1,7.11
18523,2,3,8.0,5.47
42573,7,0,5.5,2.27
41833,4,2,3.6,7.35
42711,2,0,8.5,3.4
7489,3,1,6.0,4.89
21154,7,3,1.5,5.52
39566,6,4,9.3,4.99
30856,0,1,1.4,4.11
42443,6,0,6.5,4.51
6189,5,1,0.1,5.44
19410,3,0,2.1,3.12
8053,3,4,7.3,4.9
34131,2,4,1.8,6.5
48150,1,1,8.5,4.14
40329,0,1,0.9,5.73
23151,6,1,9.3,5.24
17093,1,1,5.2,2.91
34246,2,1,8.0,3.3
46784,0,1,1.6,4.42
33715,3,1,6.8,5.75
48045,7,1,0.8,5.08
28900,1,1,4.1,5.59
18502,7,2,2.6,3.55
2005,3,0,9.0,3.43
3347,7,0,2.0,4.44
35092,0,0,6.8,4.82
3594,3,4,9.4,5.76
22275,0,4,3.4,3.56
39177,6,1,7.1,4.98
11654,6,3,9.9,3.53
23489,3,1,5.5,7.95
47109,7,2,4.1,5.72
46447,3,1,7.7,3.95
19163,7,1,2.3,2.0
21628,4,1,6.4,5.5
42133,1,1,2.0,4.34
32664,5,0,9.7,6.15
45860,4,2,9.6,4.04
48009,6,4,1.9,4.95
20994,3,0,6.6,6.59
17931,3,0,0.5,2.66
2200,3,0,1.2,5.03
42493,6,4,6.1,4.4
41734,3,1,3.0,2.17
46223,2,0,0.6,4.73
3221,0,3,0.6,6.28
3357,3,0,5.3,6.22
37001,4,2,8.6,4.46
4217,4,0,1.9,5.3
35673,6,0,7.1,4.86
37954,4,3,2.8,5.03
3809,1,3,3.6,4.0
5302,2,1,7.0,5.74
13939,1,0,6.3,6.37
22924,0,3,3.1,4.76
41007,0,1,6.7,6.16
45985,3,3,2.1,4.83
44096,0,3,6.4,3.16
22228,7,0,9.1,3.67
31090,5,3,6.2,3.98
8508,4,3,1.0,3.73
43680,4,4,9.9,5.1
11679,3,0,3.9,6.0
14745,2,3,6.0,5.66
45630,1,4,6.9,4.7
30258,4,2,0.2,6.84
25370,0,1,4.3,5.05
36948,3,3,3.7,4.04
26597,4,3,0.2,3.52
14674,2,4,6.0,7.26
19175,2,1,4.6,2.61
16647,6,1,2.2,4.43
9126,5,3,9.1,3.78
13134,7,4,2.4,4.33
276,1,2,3.8,5.75
40505,1,0,3.7,6.68
12811,4,1,3.6,5.51
47405,3,4,2.2,4.94
11035,1,3,0.1,3.57
25388,0,1,2.4,4.87
2416,0,1,5.7,5.55
31690,6,2,9.7,5.26
3789,5,3,5.6,5.46
48712,7,1,6.7,5.99
11767,4,3,2.5,4.77
30211,4,2,6.9,4.5
15786,7,0,1.1,6.33
27163,7,1,1.4,5.89
44900,6,4,7.9,5.5
14051,1,2,6.7,3.82
22202,5,4,4.8,4.55
35667,2,0,1.0,4.68
39130,7,3,0.5,7.99
43306,4,3,9.8,5.48
39819,7,1,4.2,5.53
9769,6,3,2.5,6.48
44791,7,2,8.3,6.08
1610,6,4,3.4,6.33
12119,4,1,8.5,3.65
31707,4,0,2.5,6.51
2273,7,0,9.4,4.31
17181,7,4,3.8,5.81
25826,5,0,7.8,4.94
28167,6,1,9.4,5.28
26848,4,4,1.3,4.7
36988,4,0,1.9,5.51
47368,4,1,0.7,3.58
6777,1,0,0.1,4.38
26144,7,4,9.7,5.68
45079,1,2,4.8,6.46
40745,6,1,0.6,4.57
36837,1,3,0.4,4.2
42453,7,0,5.1,4.22
26007,7,3,7.5,5.17
18246,2,4,3.1,6.74
38826,5,4,4.8,6.69
11962,4,0,9.2,5.25
11945,4,3,4.5,6.08
6112,4,2,5.9,5.47
20278,6,4,5.6,5.7
8922,0,1,4.9,4.05
29430,0,0,8.3,4.15
12653,3,3,3.1,3.54
16345,6,1,0.3,4.12
43432,4,1,4.1,5.54
21929,4,0,9.5,4.7
27048,2,0,5.5,5.41
40037,0,0,0.8,3.94
18649,6,3,8.7,5.63
23662,1,2,7.1,4.71
42847,7,4,3.6,3.99
22528,2,3,3.5,3.14
7162,6,3,7.4,3.35
5251,7,2,8.8,5.03
19560,4,2,1.1,4.85
35584,7,4,5.2,3.47
12014,1,2,8.0,5.9
49075,6,2,2.2,4.14
1444,4,1,8.6,2.86
3120,6,1,9.7,5.2
34308,5,3,8.6,5.32
6454,6,4,6.9,5.46
29685,7,2,0.4,4.28
10944,7,4,5.2,6.19
22943,2,4,3.5,4.42
10899,2,3,4.3,5.77
44759,3,4,5.3,4.27
16575,1,0,6.4,5.18
43617,2,3,9.8,4.61
41056,0,0,9.3,5.12
15401,0,3,7.2,4.91
23149,7,4,3.3,4.01
22592,7,3,6.0,5.44
1699,5,3,0.9,7.63
12136,6,3,0.6,3.3
2976,7,0,3.7,5.28
15355,2,4,4.6,4.66
26122,4,1,9.4,5.21
508,7,4,2.7,5.37
9078,6,0,5.6,5.77
38368,5,4,2.7,3.24
5764,2,4,3.3,3.98
44538,0,0,2.2,4.71
18049,1,1,6.5,4.49
27621,6,1,1.7,4.89
21750,6,0,7.9,6.41
28858,1,2,8.3,5.67
4595,4,3,0.1,5.89
37242,2,1,7.9,5.55
13597,6,2,3.6,5.17
24787,4,4,9.2,2.46
6747,0,0,3.5,4.31
8061,2,3,6.2,6.39
25975,4,4,9.9,4.64
28157,6,3,8.9,5.25
15474,6,0,6.9,6.46
30761,7,3,9.7,4.52
1541,7,3,6.0,5.63
17323,0,2,3.9,7.12
25105,4,4,3.0,5.08
3684,5,1,3.7,3.83
22214,6,1,3.7,2.59
15453,0,2,9.8,4.89
15217,3,4,0.4,4.11
5943,6,0,4.2,4.92
34779,3,1,5.9,3.98
41358,0,3,6.5,5.15
25020,7,2,7.0,4.38
27975,0,3,9.5,5.01
5444,3,3,3.1,3.98
1952,4,1,6.9,3.72
3568,0,2,9.4,3.92
10317,6,1,3.3,6.34
30563,7,2,0.4,3.13
41451,4,4,1.9,6.3
12059,3,4,6.4,5.13
37185,1,1,0.4,6.97
23199,6,0,7.7,6.2
40935,6,1,6.7,4.56
4910,1,3,4.0,4.19
45201,3,3,1.3,4.84
48415,2,3,9.6,4.5
12592,5,2,2.1,6.03
22650,4,4,4.3,5.42
18383,6,2,9.4,5.43
42523,3,2,2.3,2.88
44552,1,0,3.4,3.67
42874,3,1,7.1,5.1
36019,7,1,9.1,2.54
19102,4,3,6.9,4.47
22044,5,2,2.7,6.88
11662,2,1,2.7,3.9
28701,7,0,2.8,4.63
34085,2,4,2.9,2.94
49268,2,2,6.3,5.4
46836,0,3,2.2,6.67
5391,6,0,3.8,5.3
30272,3,4,1.6,5.37
35789,4,3,3.1,5.37
12074,0,0,6.2,4.88
5274,4,4,4.6,3.02
45439,1,0,3.8,6.24
10257,0,4,5.3,6.69
44309,5,3,5.5,4.42
1442,1,0,7.0,3.1
4128,5,1,3.4,5.67
41765,4,2,3.9,4.15
17651,7,3,4.9,5.03
2392,4,3,5.1,5.97
139,4,3,1.6,5.4
13922,5,4,7.4,5.14
4825,1,2,8.2,4.73
17,4,0,1.9,6.0
14815,2,3,7.2,4.31
17899,4,2,6.9,3.32
9142,0,0,8.3,7.83
6246,2,0,9.2,5.02
45733,4,0,6.1,5.24
48818,4,3,1.2,4.73
20496,1,2,5.5,4.52
20666,0,2,9.7,4.61
10406,7,2,0.9,5.65
40659,1,0,9.8,4.59
18179,2,0,2.9,4.27
23464,2,3,1.2,3.87
34936,3,4,1.9,5.13
14993,7,1,0.9,4.24
46897,3,4,7.4,3.76
33559,4,0,9.2,5.36
47589,1,4,9.2,6.92
9275,3,0,3.6,4.46
29037,3,0,6.0,5.51
41894,2,0,8.9,4.04
42109,3,4,5.9,6.32
2309,1,4,3.0,4.43
9574,5,4,2.1,5.12
32641,3,1,6.9,6.82
31477,6,0,2.4,4.58
32386,7,2,0.7,4.46
2296,7,1,3.6,4.58
16557,5,4,9.7,4.15
3740,4,3,2.4,4.49
49725,4,2,4.4,5.61
33577,6,0,2.6,4.57
15762,2,3,7.5,6.57
13595,6,1,5.5,5.06
27897,1,3,5.8,3.57
7852,7,0,5.1,3.02
42713,6,0,4.9,4.1
37310,7,3,7.1,6.06
23283,7,2,2.4,2.88
49201,0,1,8.9,5.16
41682,1,1,6.5,3.45
17846,5,1,9.2,5.85
5847,2,3,3.4,4.87
15590,5,3,3.3,4.38
26401,5,2,7.1,7.16
45200,0,1,3.3,5.76
3196,4,4,7.4,4.47
23073,2,3,2.4,3.07
15853,5,3,6.1,5.61
45394,4,4,2.1,2.97
36020,6,4,2.9,5.76
41785,4,1,4.8,3.69
27336,3,1,9.7,3.67
16102,3,2,6.8,2.51
36438,7,2,5.6,5.78
44761,7,0,0.3,3.76
19594,0,1,4.4,5.46
3208,3,2,5.2,5.91
32500,3,0,2.7,3.92
47345,4,3,0.8,3.69
11966,1,1,5.3,5.09
36984,7,2,5.9,4.37
495,6,3,0.9,4.1
1635,2,4,0.3,5.51
45318,3,3,3.8,5.85
15017,6,3,9.3,5.57
10252,5,0,2.8,6.89
455,4,1,6.8,7.32
44531,3,4,7.1,4.51
4340,3,2,6.7,5.1
48678,6,2,2.2,3.56
26726,4,4,0.1,6.42
33377,7,1,7.5,6.25
21982,6,4,0.9,4.39
28917,0,3,4.6,5.28
44213,1,3,9.9,6.42
20027,7,3,9.6,6.19
29762,7,1,7.4,7.39
48922,7,3,7.5,3.97
1128,2,4,5.8,6.22
8850,2,3,8.5,3.53
13086,2,4,9.9,5.91
12680,4,0,3.3,5.0
12864,1,0,9.0,4.98
20529,6,2,7.7,7.47
42895,7,0,0.1,3.61
35260,6,3,5.5,4.99
45556,0,0,2.9,5.01
34763,7,2,8.4,4.1
14301,3,2,7.0,5.45
5959,6,1,6.4,4.81
8970,4,3,0.4,5.41
36282,1,2,7.8,5.27
41753,3,3,0.4,4.95
16606,2,2,8.6,4.85
26903,2,4,3.7,7.0
21771,5,4,9.2,4.56
28690,5,0,4.5,5.1
47730,1,0,9.7,7.06
38911,5,1,7.5,3.33
12524,2,0,8.7,3.39
38846,5,4,6.3,5.73
33522,6,2,8.0,4.06
47698,2,1,6.6,4.39
20390,5,1,1.9,3.94
36540,2,0,2.3,3.39
36795,1,0,0.4,3.6
17168,3,2,0.3,4.55
22197,5,4,3.6,6.05
8458,7,3,7.1,5.5
1389,3,1,0.6,3.94
1472,3,2,4.7,6.51
9110,4,0,8.9,7.09
11876,0,4,1.3,4.66
33581,3,2,3.9,3.86
41726,0,1,3.2,6.04
21202,6,2,4.2,3.36
39372,6,4,6.5,5.92
17312,7,0,6.8,4.61
30778,1,4,1.1,7.28
13478,6,2,9.3,5.02
13055,7,3,0.0,5.37
40765,7,1,4.6,4.29
18968,4,1,5.6,4.26
9280,2,3,6.2,3.56
18746,5,3,6.0,6.19
49378,4,2,2.5,3.64
26896,3,0,6.3,4.25
12051,6,0,1.7,5.58
11557,2,2,4.2,4.61
49832,3,0,8.7,3.97
25128,5,1,1.4,5.17
7030,5,3,7.1,4.63
41836,7,1,6.9,3.87
41744,3,0,5.4,6.61
45834,7,1,0.9,6.0
3431,3,1,9.7,5.03
45966,6,3,1.6,5.18
34015,2,3,5.7,6.11
26923,3,0,5.8,6.74
37367,2,2,1.8,4.94
46137,1,4,4.5,4.89
44334,0,4,5.6,4.99
2170,1,3,2.0,4.61
15989,0,4,1.5,4.59
44697,0,4,4.8,4.89
11383,1,1,8.6,5.58
49377,5,2,2.0,6.3
40232,5,4,4.1,6.56
30197,0,1,4.8,5.13
22091,5,3,5.3,5.65
33835,7,4,8.8,3.31
4683,0,1,0.3,5.9
48676,6,2,7.5,5.48
7002,5,0,5.9,4.73
3439,0,4,8.1,2.55
49315,3,4,2.9,4.52
35743,3,0,2.3,3.55
23755,0,0,3.6,4.04
13772,0,3,0.7,4.5
47245,3,0,8.4,5.52
10192,4,4,1.6,5.38
37191,4,4,2.6,6.04
2328,7,3,5.1,3.63
1239,3,1,5.0,5.97
22999,5,4,3.5,3.99
18142,7,0,9.2,5.21
23507,2,2,1.9,3.86
25626,7,2,1.9,3.46
43799,1,0,8.4,4.43
40566,3,3,2.4,4.6
22896,2,2,2.5,4.81
45262,7,4,5.8,6.22
25039,3,0,5.2,5.74
45953,4,1,4.7,5.49
39246,1,4,7.8,5.94
19761,0,2,7.7,4.64
31009,0,3,0.7,6.09
25647,0,4,7.0,5.71
18147,2,2,1.8,4.98
5844,7,2,8.1,5.44
24981,5,4,2.3,4.39
25930,0,0,5.4,5.34
4333,4,2,1.6,3.97
15718,3,0,3.9,5.03
26470,7,2,6.5,5.08
41928,5,0,8.6,5.62
15806,4,1,1.4,4.75
26374,1,4,3.5,5.96
38380,5,1,7.5,2.87
22541,3,0,2.1,5.09
33267,6,3,8.6,3.13
29041,5,1,0.8,3.98
16631,0,0,9.4,6.83
24120,6,1,2.0,5.56
30786,7,0,8.7,4.59
27101,3,4,0.4,5.17
7439,4,0,8.9,5.39
17751,7,0,9.2,3.26
580,1,0,7.2,7.65
45774,2,3,5.7,2.24
13288,1,0,2.0,6.51
34125,0,2,8.4,4.77
4094,2,2,6.2,4.07
7542,1,4,6.7,3.2
20668,4,1,6.9,7.62
18223,5,4,6.9,4.1
28624,2,2,2.8,4.17
24666,7,4,8.4,2.79
45979,5,4,0.6,5.54
48705,1,2,0.4,4.69
36812,2,4,8.2,6.07
46124,0,2,9.1,4.31
7665,3,1,4.0,4.97
19086,2,0,2.9,5.9
19396,3,0,9.2,6.86
34948,3,0,2.8,5.72
46801,5,1,1.7,5.89
29042,1,0,5.1,3.79
21655,4,1,9.3,6.58
5212,0,4,8.9,5.02
20761,5,2,2.9,4.0
48680,7,1,4.2,4.13
9657,3,3,7.3,3.72
30053,3,3,5.1,6.03
43021,6,2,7.1,4.96
36555,5,2,1.0,6.16
2800,6,0,3.5,2.95
15885,4,1,4.8,4.99
17377,1,0,3.1,7.77
49022,2,4,7.4,4.09
48378,0,1,7.9,5.29
33517,4,0,9.6,7.64
11867,7,4,6.5,5.67
32301,4,1,0.6,5.34
7046,3,2,7.4,4.55
40154,6,0,6.1,5.71
5569,3,4,9.0,5.25
29814,5,0,9.6,4.64
28806,2,3,0.5,4.95
2858,4,2,5.0,6.25
4766,6,4,0.7,7.04
246,7,3,7.7,6.36
38876,7,3,4.4,4.98
49689,5,2,1.7,4.4
42457,4,1,7.2,3.64
36336,5,1,4.2,5.51
22249,4,0,2.9,3.78
11943,0,4,2.0,6.92
36405,0,1,5.7,4.47
26534,1,3,2.9,7.01
32620,6,0,3.1,2.71
9930,3,2,8.6,3.98
22716,6,4,1.1,5.0
46073,0,4,1.5,4.52
15758,4,1,9.1,7.09
5768,6,2,7.3,7.4
2115,1,2,4.2,8.32
13778,3,3,5.0,5.3
15829,3,2,3.3,4.89
36067,6,2,2.9,5.29
18728,6,2,1.7,3.41
40188,2,3,4.6,5.88
48985,5,3,2.6,5.8
8260,1,2,2.3,4.45
22615,7,0,9.3,6.18
5561,6,1,3.7,3.38
33376,5,4,2.6,4.19
24584,6,4,5.1,5.34
4555,6,3,1.3,5.71
45427,1,4,1.9,6.78
1096,2,0,5.0,3.77
22558,2,4,9.5,6.34
40626,0,2,5.0,5.84
37827,3,1,9.8,4.5
45255,5,3,9.5,4.04
40362,4,4,6.0,5.62
2337,2,4,8.7,3.98
19217,2,1,8.8,5.53
22613,3,1,4.5,5.98
38475,5,2,0.0,3.96
20685,6,0,2.5,6.37
31628,5,4,1.3,6.16
16425,2,1,6.4,5.25
42460,0,3,9.2,5.36
34379,6,3,1.6,4.85
25584,0,4,2.1,4.9
9200,6,1,2.6,4.65
43,3,4,7.3,5.57
39052,0,3,1.7,3.97
41464,3,1,6.4,3.55
48873,4,0,4.1,6.29
34217,6,1,9.6,3.73
3365,4,1,8.2,7.1
25180,0,2,4.1,3.51
25047,6,1,9.3,4.95
33808,6,2,6.3,6.67
25337,5,4,4.1,5.8
31418,4,0,5.6,4.24
5661,1,1,7.8,3.93
30464,6,2,4.6,3.71
6449,2,1,5.2,3.35
4203,2,2,0.7,4.71
40151,3,0,3.8,5.09
39549,3,1,2.0,6.11
18298,4,0,8.7,5.36
18532,6,4,4.1,3.91
26966,4,2,1.6,7.76
46470,0,4,9.8,4.58
26252,6,3,9.1,4.37
30043,4,3,3.0,3.85
28025,7,0,7.8,2.18
11871,1,1,1.7,3.47
10431,3,4,9.0,3.62
34254,3,2,10.0,3.84
37634,1,4,9.8,4.71
24728,3,3,8.8,4.36
800,5,3,5.3,5.08
49020,2,1,0.3,5.07
47725,1,3,1.0,4.09
35069,4,0,8.2,5.17
27806,4,3,4.8,4.25
29759,5,2,9.6,3.54
32532,2,3,4.3,3.67
26890,2,0,9.9,4.13
49768,2,1,1.3,7.17
37496,3,1,6.0,3.85
15869,7,2,3.1,5.06
44253,7,1,5.8,3.23
47896,6,1,0.4,5.25
48801,2,2,0.8,1.86
47488,3,3,2.3,6.94
17804,0,0,7.0,3.69
8725,4,1,6.2,5.72
30208,2,0,2.4,4.83
37685,2,0,5.3,6.52
32168,6,1,2.2,6.38
22058,2,2,6.2,3.93
27234,2,0,3.1,3.39
21225,1,2,0.5,6.42
49098,3,0,4.2,5.73
10889,1,1,3.6,5.58
14353,4,0,3.5,4.0
40853,2,1,9.9,7.02
41834,2,2,7.5,4.11
32600,4,2,3.1,3.88
42358,6,0,6.3,5.05
20517,6,1,5.4,3.49
37718,1,3,9.0,6.37
444,1,0,9.4,4.05
39991,1,0,3.9,5.25
11431,0,4,6.9,5.08
34285,7,0,7.9,5.24
8473,5,0,0.6,3.62
5549,2,2,8.7,5.16
13524,5,1,1.8,4.4
33285,0,3,6.0,3.25
36545,4,3,6.9,4.59
1711,0,0,4.6,5.16
7357,4,3,5.9,5.14
48471,2,2,0.3,3.49
1236,7,3,7.0,4.89
44097,1,3,9.3,6.12
4408,7,4,7.2,4.57
31976,1,4,2.5,5.17
46282,1,0,3.9,6.16
41974,0,1,4.2,4.84
33732,5,4,2.0,4.89
5477,2,4,2.7,4.9
33766,1,2,6.5,5.68
3675,6,0,8.0,4.33
41993,4,2,9.9,4.29
28343,2,0,7.6,4.68
15060,7,1,0.3,4.82
15893,3,0,1.8,5.16
45702,2,1,4.6,4.01
9807,6,3,3.0,3.65
33476,1,3,8.2,7.07
28641,6,3,6.8,3.63
13916,6,4,5.4,4.34
33025,6,0,7.6,4.07
42642,7,0,8.9,4.55
26637,3,1,7.8,1.93
23285,2,0,2.5,5.47
46175,6,3,7.9,3.67
47583,6,1,7.8,6.2
41963,6,1,7.8,4.56
43215,6,4,0.3,5.16
9421,2,3,4.7,3.93
32157,6,1,1.6,7.73
1652,0,1,2.6,5.95
8884,1,0,9.2,3.69
30178,6,4,0.3,5.59
42106,2,3,1.6,6.25
45308,3,2,9.2,4.88
35536,6,1,6.6,3.94
6665,0,2,9.7,4.05
46804,4,2,7.3,4.65
40953,5,3,2.3,4.49
34738,2,0,6.2,4.34
18463,1,4,0.9,6.21
20172,6,0,2.2,4.48
22586,6,0,2.8,4.79
37696,4,4,5.6,4.33
23278,7,4,0.5,2.26
10290,7,4,6.5,3.54
4989,7,0,2.6,5.31
39679,2,1,7.7,5.46
19779,0,3,9.3,4.62
7613,7,1,5.4,5.99
2447,1,3,4.9,4.48
24074,5,0,7.8,7.16
47244,1,0,9.5,4.85
37606,2,0,9.8,3.76
10274,7,1,9.9,5.72
2398,7,1,7.8,5.06
23816,2,1,2.8,5.18
10488,1,0,9.2,2.98
42694,2,1,2.4,4.06
48151,4,1,8.7,6.47
12506,0,2,1.2,6.15
24367,3,1,7.5,5.57
26519,3,4,5.1,6.58
4118,1,3,2.0,4.5
38854,3,4,6.4,2.77
20319,1,2,1.5,2.96
36961,4,2,2.9,5.02
35705,5,4,4.5,5.95
31806,1,0,1.7,3.14
17755,2,4,7.9,6.73
8312,3,4,0.9,5.24
37590,3,3,4.1,5.17
3567,1,0,6.2,3.52
11495,1,3,6.0,3.38
11185,5,2,5.7,6.39
21436,7,1,7.4,4.25
13316,4,2,5.4,5.27
7965,4,2,6.2,6.13
268,7,4,0.5,5.74
13750,6,0,2.4,5.52
29588,6,4,5.8,5.13
793,3,1,4.4,4.4
41738,5,4,3.2,5.98
37338,7,4,4.7,5.02
11915,2,1,4.5,2.79
42455,6,2,9.8,4.2
20533,6,0,1.4,6.24
32124,0,3,6.3,6.84
1032,5,3,7.3,5.9
7396,7,3,5.5,5.28
16271,5,0,8.7,3.62
17493,3,0,6.7,4.54
11104,2,3,2.9,6.97
30002,6,1,9.3,6.4
7817,2,3,3.9,4.33
10803,4,4,5.0,5.2
18362,3,2,7.8,5.27
38154,3,3,1.0,2.45
33867,5,3,1.2,7.51
21246,7,4,1.4,6.48
49083,1,3,9.1,4.45
15875,7,0,2.1,6.66
44508,3,4,6.0,4.72
10208,2,1,7.1,5.52
25119,4,3,2.8,5.14
4954,7,2,2.0,4.67
30524,4,3,8.6,4.2
18070,2,1,8.1,6.61
26901,0,4,0.3,4.89
38339,1,3,1.4,3.4
7185,6,2,0.6,5.83
21376,6,1,4.5,6.08
864,7,2,1.1,3.99
25169,1,4,5.6,5.21
38252,7,1,9.9,5.42
28400,5,1,8.9,4.69
25382,4,4,6.9,5.6
25561,6,0,7.9,5.22
17648,5,2,7.7,5.24
8937,5,4,9.8,6.97
13794,5,4,5.7,4.78
39901,0,4,0.5,3.9
2529,3,4,5.0,3.88
48719,3,3,9.7,2.84
22274,0,0,4.8,3.49
39981,2,2,2.5,5.0
39807,7,3,9.7,4.41
39528,3,4,2.9,5.06
48369,6,4,1.2,5.2
2598,5,3,8.8,3.51
35969,5,0,9.6,3.86
19741,0,4,6.4,7.42
25980,7,4,5.1,6.95
21309,4,0,6.4,6.55
33245,6,0,1.8,5.92
23953,3,2,3.6,5.45
24569,6,0,3.3,5.81
45250,2,0,7.0,3.73
42014,1,3,9.5,3.04
27517,3,0,6.2,3.45
30008,1,3,9.4,3.53
40779,3,2,2.1,5.71
12723,6,2,9.9,3.45
10318,7,4,3.1,3.22
34273,3,3,2.1,3.9
44118,3,0,0.6,5.6
17793,4,3,0.1,4.97
29510,2,1,2.9,5.92
48121,5,2,1.0,6.36
27254,1,4,3.2,4.88
2201,5,1,7.7,5.57
10047,1,3,1.9,6.29
14686,1,0,0.7,3.82
4831,0,1,5.6,2.95
10169,4,3,1.2,5.21
12605,5,0,8.9,5.02
16031,0,2,7.7,5.07
43603,4,3,2.8,5.1
44144,4,4,6.6,5.2
15026,1,0,5.3,4.75
8090,1,1,3.9,5.87
37947,0,1,6.3,7.38
27333,0,2,3.5,7.02
6677,5,0,4.5,3.5
39676,0,2,6.2,5.21
44686,7,3,6.4,3.42
15456,6,4,4.8,4.59
45705,0,4,4.2,3.31
41092,3,0,7.5,2.96
5576,3,0,4.3,6.06
47743,0,4,3.0,3.94
8333,3,3,0.6,4.93
45726,3,2,8.2,6.77
21459,0,4,7.2,5.5
22286,0,4,9.4,4.75
39325,6,4,0.5,6.5
46049,6,3,5.3,6.3
19544,2,2,6.7,5.84
39380,7,3,8.7,2.83
37434,6,3,2.8,7.23
32287,3,2,0.6,6.03
37530,2,3,5.3,5.11
23140,0,1,4.8,2.51
19189,2,2,6.5,5.38
37973,7,0,7.2,3.7
42623,4,2,2.4,5.63
27399,1,3,7.7,6.12
1454,3,1,4.4,5.76
15617,1,0,9.1,3.57
32988,0,3,0.0,5.15
35401,5,0,7.1,7.39
4925,1,3,3.6,5.45
35136,2,3,0.5,4.39
4382,7,1,7.2,5.42
31629,3,2,6.3,7.1
37541,5,4,1.3,4.49
1143,5,0,6.7,4.99
19794,1,3,8.7,8.3
37207,3,1,2.8,4.31
29038,4,4,6.5,5.2
19592,7,0,7.4,4.6
5431,6,3,4.1,5.99
39958,2,2,4.9,5.98
32917,7,1,5.1,6.13
6511,4,3,3.5,6.38
11617,1,2,2.2,6.04
21121,4,2,2.2,4.84
42838,3,3,3.9,2.39
12479,5,1,4.3,4.25
48078,3,2,6.5,7.19
394,3,3,8.3,6.42
45247,4,4,8.3,6.79
38208,0,2,2.3,6.28
4154,7,1,7.9,6.4
26704,3,3,3.7,6.31
33418,2,3,3.6,5.33
28409,4,1,5.7,3.13
29083,6,3,1.9,2.29
26756,0,3,9.2,6.25
19107,1,0,5.8,3.67
11065,0,3,2.9,5.01
47489,1,4,1.6,5.08
49341,1,0,2.9,4.86
4290,3,2,0.9,5.81
46634,1,0,1.6,5.47
35956,0,4,4.2,4.91
16940,3,2,7.4,4.52
45327,1,1,0.1,6.75
45906,0,0,7.4,3.66
17729,3,0,3.5,6.33
22985,2,2,2.8,1.45
42763,1,3,8.9,4.17
20375,6,0,0.9,4.91
16384,6,0,6.5,4.42
28285,6,2,2.3,3.66
26336,5,2,0.9,6.66
11265,6,1,4.9,6.63
37323,5,4,6.0,5.44
6385,3,2,1.2,4.07
31589,6,1,7.9,7.15
45973,1,3,5.4,5.15
32829,1,1,8.9,3.99
45737,7,4,0.8,5.92
43775,5,2,0.2,6.21
1579,2,0,1.6,4.46
9346,3,2,9.6,4.65
7179,3,3,3.5,5.1
47174,2,1,8.9,5.41
13018,5,3,4.4,4.41
47003,5,4,4.7,5.55
12103,4,2,7.3,4.55
24656,2,3,4.4,5.12
42379,2,4,0.9,4.59
36900,2,2,5.5,5.84
26865,2,4,7.9,5.98
40216,4,4,4.8,7.2
37460,2,1,5.9,2.4
22590,0,0,1.1,6.33
14762,5,1,6.8,3.18
19220,1,0,5.0,3.82
29832,7,2,3.3,6.66
49151,4,3,4.2,5.42
31579,1,2,2.2,6.53
36829,7,3,6.5,3.73
44013,6,2,4.2,5.09
3781,1,3,7.4,3.3
35154,0,0,2.9,6.87
15789,0,4,5.7,5.19
36101,7,1,9.0,5.54
14836,0,3,9.1,5.35
35548,2,2,5.3,4.14
14491,4,1,1.1,5.52
49558,2,1,9.2,6.04
46708,6,3,6.7,4.41
6644,7,2,7.5,4.51
15018,4,2,4.3,6.25
47157,1,4,4.1,4.68
23292,7,4,1.5,5.12
28313,1,4,2.8,6.09
1702,0,0,2.6,6.19
35995,6,1,1.3,3.62
44533,4,1,7.8,7.23
39924,7,3,1.4,5.51
48757,5,0,7.4,5.14
31265,1,0,9.7,5.48
26262,7,1,3.9,5.66
31523,2,1,4.7,4.68
21008,6,1,0.0,4.63
36059,7,1,2.7,5.47
43064,2,2,2.6,5.06
35957,6,3,7.0,4.81
25546,4,0,5.7,5.07
23627,0,1,9.2,5.18
37873,5,4,4.7,4.49
6039,4,1,7.0,5.64
3722,4,3,6.5,3.58
35118,1,1,1.8,3.24
21161,0,2,1.1,5.76
45424,7,0,5.8,6.18
21779,0,3,2.2,5.8
32441,6,3,2.4,4.66
11756,0,0,2.0,5.82
5443,1,4,2.3,4.17
3565,5,4,7.4,3.14
42364,5,3,1.2,3.66
21735,1,1,4.5,5.69
41886,5,3,4.4,4.76
176,1,1,1.6,4.63
20441,5,0,0.8,5.4
19313,5,3,2.8,4.7
36987,7,3,2.2,2.85
19849,3,0,1.7,2.7
30435,0,1,4.8,7.28
37731,7,0,2.3,4.75
7155,0,2,6.6,5.52
10792,4,4,1.8,5.0
49372,4,4,9.1,5.64
29323,4,0,0.9,6.64
42658,6,3,1.2,4.69
20259,2,2,4.7,3.98
30251,0,0,4.8,3.22
9130,3,2,1.7,6.83
25970,5,1,2.4,3.55
49167,7,0,3.4,4.54
27736,4,2,2.8,4.03
7639,2,1,5.2,6.36
24790,4,4,6.6,4.05
11233,5,2,1.0,4.73
13031,5,2,1.4,3.73
33357,7,3,2.1,5.01
45898,5,0,8.5,4.2
41231,2,3,9.6,3.29
16014,0,0,5.6,5.07
17685,4,2,1.4,5.68
44712,6,3,6.1,1.97
22987,6,3,0.1,3.25
17858,7,1,6.6,4.17
49732,2,4,0.9,5.65
21212,5,1,2.6,4.65
6611,6,2,8.8,4.64
42960,5,4,9.5,3.89
53,6,2,3.8,7.35
21236,6,1,6.0,4.6
31123,2,1,0.8,5.43
38709,7,4,5.9,2.67
8461,7,2,1.8,5.36
45823,4,3,7.8,5.3
7310,3,1,6.7,3.46
14726,5,0,3.8,3.79
30492,0,3,1.9,5.79
11032,6,2,0.9,5.72
1060,0,3,8.9,4.18
8548,4,2,5.6,4.46
22283,4,0,2.7,3.88
838,5,2,8.4,4.72
11447,4,0,7.7,4.03
3908,6,0,9.0,5.72
21386,2,0,4.7,4.65
12217,1,3,0.1,4.81
30132,1,1,9.7,3.98
13266,1,3,8.3,3.39
30262,3,3,0.1,4.59
41462,2,2,0.9,3.57
33247,7,0,2.4,5.56
27060,7,4,8.2,3.62
42546,3,0,1.7,3.96
13057,7,4,7.7,6.97
48311,4,1,0.5,7.11
25963,5,4,6.1,3.88
31163,6,2,8.9,5.28
7943,4,3,8.3,5.1
29244,6,0,1.6,4.45
31109,4,1,7.2,2.97
2404,6,2,5.1,2.94
25858,4,1,2.9,4.62
36216,0,4,9.9,3.94
8009,5,2,3.0,5.02
13757,2,1,8.8,5.85
2132,6,3,2.4,5.86
14282,3,0,5.3,5.14
22618,6,4,8.2,5.58
7606,4,4,0.8,5.51
24210,1,1,3.8,5.29
25203,7,1,4.4,4.4
31760,6,0,3.8,4.51
18193,3,1,5.1,4.84
47815,6,2,0.6,4.15
42890,2,4,1.9,5.34
33159,7,4,2.3,3.49
15736,1,3,6.7,4.75
35846,2,1,8.1,6.18
36950,5,3,7.2,6.57
18804,6,3,0.1,5.22
19672,4,4,0.3,5.5
3954,2,2,0.7,5.44
16174,6,3,0.5,4.83
25758,2,0,5.7,4.19
19916,2,1,8.7,6.2
22700,1,2,5.6,4.21
11095,3,2,4.7,2.37
7512,4,1,7.2,4.1
6533,6,1,7.1,4.94
35274,7,4,5.9,4.25
42477,1,2,1.9,4.72
13516,7,2,8.3,5.79
3638,1,2,7.2,3.89
40160,2,0,2.0,3.86
14498,2,1,9.9,5.7
48018,7,0,5.0,5.31
39907,4,4,4.4,5.08
14470,3,2,1.8,4.46
31744,7,4,6.1,6.03
21036,3,1,7.9,3.69
31450,3,1,8.6,4.36
4122,2,3,3.0,4.63
33,5,4,5.5,4.66
20650,2,3,0.1,3.98
18061,6,3,4.5,3.08
3345,3,2,3.3,3.83
32232,7,0,9.2,5.18
9553,4,3,2.6,6.99
27274,3,4,6.1,7.01
49966,5,2,2.0,5.14
26032,4,3,9.8,5.44
1939,3,2,4.5,5.39
38401,6,0,0.1,4.05
20282,6,0,9.1,4.29
14044,1,1,3.5,4.15
27928,7,4,1.3,3.5
27374,2,1,0.5,6.15
26316,6,0,4.1,3.39
38134,7,1,2.0,3.98
40130,6,1,5.3,4.62
39983,1,3,3.2,3.99
18180,2,3,7.9,4.31
7460,7,1,1.3,7.54
11616,5,4,2.6,2.41
15808,5,3,3.1,6.93
7946,0,0,6.9,3.21
41879,5,3,7.4,4.13
34843,4,1,1.1,7.09
49791,4,0,9.2,6.1
43950,1,1,1.9,5.61
41920,1,2,9.0,4.9
689,7,2,1.8,4.1
38673,6,4,9.2,4.32
7705,1,4,9.2,3.79
44632,7,1,5.9,5.64
40654,3,4,1.5,5.65
8624,5,1,2.4,4.42
34851,5,3,3.3,3.86
30953,3,3,4.1,5.99
33616,6,3,8.7,3.66
2279,7,2,4.2,3.13
43491,0,0,4.8,4.07
16995,4,4,1.2,4.31
39089,2,0,4.0,4.66
10163,4,3,8.9,6.22
46561,1,0,2.1,5.61
9416,6,4,1.6,5.14
30390,2,3,7.8,4.96
16006,2,1,0.6,4.24
42857,3,2,0.7,5.79
11774,5,3,1.3,2.56
29773,0,3,4.5,5.83
22435,7,4,9.4,3.8
24775,7,0,3.1,3.77
30546,0,4,5.1,6.58
15932,0,3,1.3,5.22
47613,4,0,3.6,5.2
21259,2,0,0.5,6.96
47685,6,3,4.0,5.4
43794,4,2,9.2,3.69
14964,5,3,2.7,1.45
22749,7,2,4.1,4.7
46606,7,0,2.0,5.07
3742,2,2,4.4,5.34
29064,0,1,8.9,4.43
14269,7,0,9.7,4.26
15220,5,0,9.6,4.18
16960,0,2,0.0,4.54
5783,4,1,6.8,3.09
48868,0,4,6.4,4.0
14517,1,0,6.9,4.44
15461,2,3,3.8,5.59
48943,1,2,4.2,5.35
49114,6,4,4.8,5.48
48090,7,1,8.6,4.2
29596,3,4,5.6,5.71
28283,3,2,7.6,6.43
23942,3,1,2.0,6.51
3782,1,2,9.5,5.71
45019,3,1,4.0,5.35
37194,6,1,4.7,3.62
22630,5,2,0.5,5.57
30495,3,2,8.7,5.39
15778,4,2,4.0,3.61
2100,5,1,3.3,5.8
41425,7,3,6.8,4.21
36384,1,2,6.1,6.52
49028,5,1,2.6,7.17
34225,0,4,3.4,5.88
23827,5,3,3.4,5.07
29962,7,0,0.4,5.93
13359,6,2,2.9,5.41
28830,0,2,3.7,7.4
31082,0,2,0.7,1.86
35698,6,0,8.4,5.46
36286,0,2,1.0,4.14
28600,0,1,7.1,6.48
774,5,0,8.4,4.31
14630,5,2,2.1,5.76
9745,0,0,6.8,3.93
8373,5,1,4.3,4.47
24967,1,3,8.0,5.47
36102,3,0,1.4,4.97
36661,7,3,5.8,3.19
42087,0,0,0.2,3.94
29114,3,2,4.2,4.76
15658,3,3,9.8,6.09
35127,7,4,9.7,2.93
22127,6,4,8.4,3.54
46236,2,3,0.0,4.61
39389,1,1,2.1,3.39
34618,0,0,5.7,6.01
4554,0,2,1.0,4.22
40547,5,2,5.0,3.45
2652,2,2,5.6,2.77
43038,7,4,2.4,6.63
10774,0,0,5.0,2.72
35394,4,2,3.2,5.32
27508,1,0,1.2,3.83
2121,6,3,3.1,4.83
24141,1,0,2.2,4.4
22777,2,0,8.2,6.13
14966,2,1,6.8,7.13
33977,0,1,6.9,5.83
3306,2,1,5.0,4.66
1639,1,2,4.8,6.78
33095,6,2,3.6,3.53
28823,2,0,1.7,3.81
32661,2,1,9.8,4.52
8573,7,3,8.5,5.04
26809,1,0,0.3,6.0
32077,3,4,3.3,4.58
9659,7,0,9.2,5.78
29637,3,0,2.3,6.41
11740,3,3,1.1,5.75
700,2,0,6.2,4.98
18939,7,2,6.6,3.27
2405,4,4,0.2,5.85
8415,3,2,7.1,4.98
30894,7,3,8.5,3.58
10453,1,4,8.9,4.96
40094,4,1,5.6,4.47
11971,2,3,4.7,2.17
40937,2,3,5.7,3.71
10268,4,1,9.0,4.49
42697,0,3,7.2,5.77
28294,7,0,1.3,2.48
52,1,4,9.1,3.95
44179,3,4,6.2,2.56
38184,1,2,7.7,6.2
23968,5,1,9.9,4.51
24641,6,4,9.5,2.84
5132,2,0,0.4,5.41
37025,5,0,0.3,6.74
8482,2,1,5.8,5.35
5198,5,4,5.7,6.27
7148,3,0,9.1,7.42
35322,6,4,2.9,2.95
12233,7,2,3.8,2.22
13560,5,0,3.6,6.47
49289,5,0,7.3,5.96
16891,4,3,1.2,4.65
1625,6,3,0.5,4.98
41562,5,3,6.2,3.83
28488,0,2,3.8,6.57
7715,1,3,0.8,4.57
16563,0,1,8.0,5.63
13904,0,2,6.4,5.58
26797,2,4,0.1,6.17
43487,5,3,2.3,4.16
41897,4,0,4.8,4.48
17771,3,3,0.8,5.99
18004,0,0,5.7,2.46
8443,4,1,1.4,3.76
36338,1,1,4.1,4.51
45595,2,4,9.7,2.76
23530,3,0,0.5,4.4
21844,5,1,2.7,7.15
18631,4,1,0.1,4.29
45879,7,0,3.5,4.37
49345,4,4,1.5,5.39
13159,2,0,7.8,5.36
38211,0,1,8.3,5.25
31375,6,1,4.2,3.08
16159,2,4,1.7,5.12
17812,2,0,0.6,6.35
26016,2,4,5.3,4.91
18425,4,2,3.7,5.67
40871,3,1,7.6,4.52
43513,7,3,5.7,6.6
39872,5,3,4.8,2.96
36376,6,4,8.8,4.22
5960,2,3,1.8,4.24
37133,0,1,0.5,3.38
6735,2,4,9.6,4.92
38408,4,1,3.6,3.79
13618,2,1,0.1,4.11
2597,7,2,5.5,4.19
1130,5,4,2.5,4.24
48315,7,2,1.4,5.53
44624,2,3,8.5,7.56
23632,5,2,1.7,5.98
17531,5,3,7.3,5.26
37423,3,4,0.1,3.64
5668,4,0,0.5,3.81
48751,4,1,1.1,5.89
45501,5,2,5.3,5.57
19092,0,3,0.1,6.7
47787,5,2,2.9,3.31
48404,2,2,5.5,4.33
19588,4,1,3.7,3.28
27723,3,2,2.2,5.07
6764,3,4,7.7,5.14
48004,1,3,5.4,5.67
14116,1,3,0.5,5.8
43926,3,3,8.9,5.16
11580,0,3,6.7,2.83
21620,0,4,8.5,6.36
37870,6,4,0.3,3.95
46639,0,4,0.4,2.34
34204,6,0,0.9,5.44
25576,4,1,3.0,6.08
45024,1,3,1.2,3.05
32353,3,1,4.0,3.19
5794,7,2,1.4,6.19
33202,3,4,3.7,3.72
16148,7,1,9.8,5.78
46986,7,2,5.5,5.13
7072,3,4,7.9,2.72
42768,0,2,6.6,6.39
29186,1,4,1.4,4.54
38282,7,3,3.7,3.49
24055,4,4,1.4,3.46
12910,2,4,3.5,7.84
3159,7,3,6.0,3.48
45279,1,3,3.4,3.54
35600,3,2,4.2,6.66
35296,4,3,9.0,6.85
44135,1,0,3.8,5.71
47108,4,0,6.0,3.4
28970,6,3,6.0,6.05
22983,2,3,9.1,3.89
36243,3,4,3.3,4.59
13558,1,4,2.2,4.46
47539,2,2,4.6,4.79
6284,0,1,6.7,3.62
24033,6,0,0.2,6.24
5239,0,3,2.9,5.54
23225,5,1,5.3,5.27
20952,1,4,4.8,3.51
40419,7,0,9.2,4.63
25312,1,2,2.5,5.25
24048,2,3,8.8,7.69
45179,2,1,3.4,4.6
10040,5,2,3.2,8.22
19168,5,0,1.2,5.59
20775,2,3,0.5,5.06
16639,3,1,3.1,6.81
28604,7,1,4.7,5.74
4516,1,2,1.7,2.2
30210,2,2,6.0,5.1
21392,3,1,6.5,4.42
30835,7,2,1.3,4.69
22494,6,0,0.7,7.23
32108,5,2,3.0,5.22
44813,2,1,5.9,3.39
43304,2,4,5.5,6.8
32679,7,1,9.9,5.58
44319,5,4,3.2,6.62
10403,7,3,1.8,5.18
21811,1,0,0.9,3.62
10121,6,2,9.0,5.61
10681,5,0,3.4,2.47
23729,3,1,7.5,3.67
43111,2,4,0.6,5.93
32183,2,1,5.9,3.27
2770,6,0,5.4,4.66
46200,2,3,6.3,4.15
9918,2,1,6.4,1.85
34891,3,1,3.7,4.53
7660,1,4,4.9,3.75
22669,4,0,8.6,4.02
32556,4,2,1.5,4.6
28798,2,2,9.3,5.69
20362,6,4,0.7,3.92
46995,5,4,9.8,6.13
32290,3,2,8.8,3.7
35104,1,0,3.4,6.05
31360,0,4,3.9,4.99
49460,1,2,7.0,5.82
37026,3,2,9.4,4.84
8862,6,3,5.5,3.79
23547,2,3,0.8,5.18
23266,6,4,3.7,4.08
35825,1,3,2.2,4.89
7593,4,1,3.6,3.98
14074,2,0,5.0,4.61
14814,7,2,7.8,4.52
21980,0,4,5.7,4.08
34161,6,2,4.1,5.52
49557,3,0,1.4,5.06
1015,4,1,4.1,4.85
49343,5,3,5.2,6.53
44717,0,4,4.1,5.53
48300,4,2,5.6,5.57
6548,7,3,5.4,5.83
25044,2,0,0.8,2.89
49746,0,1,7.1,3.58
7420,4,0,10.0,6.74
27767,0,2,4.2,3.69
46978,1,3,6.1,3.92
46150,4,4,3.8,2.62
47326,2,1,2.1,5.24
36351,4,2,6.4,6.32
30072,4,1,0.5,3.3
25299,0,3,8.0,3.17
42325,5,2,4.6,3.28
3188,2,1,5.7,7.76
30109,2,3,8.7,4.56
12578,3,0,5.7,2.95
49265,3,0,8.7,4.0
447,2,0,3.6,6.28
7783,4,4,0.2,2.95
42782,0,1,8.9,5.26
8022,0,0,4.8,3.89
41035,2,3,5.4,3.27
33314,6,3,5.0,2.59
26148,2,3,3.4,4.08
44586,4,3,2.3,6.7
22675,2,2,2.6,4.78
48240,4,0,9.8,6.06
520,5,2,2.3,6.11
36233,6,4,5.6,4.77
35445,3,2,1.2,4.78
24460,4,1,4.5,3.49
13883,4,2,8.0,6.41
32365,6,2,5.8,2.5
8078,3,2,3.6,3.66
10922,5,4,7.6,6.28
18259,5,0,2.7,5.59
46955,4,2,6.3,6.38
6743,4,3,9.4,2.34
9868,1,0,7.0,4.67
31089,7,2,5.1,6.97
2389,7,4,7.9,5.36
22260,6,4,7.8,4.51
32328,1,2,4.2,7.31
37165,1,0,3.9,4.6
3857,5,4,10.0,4.76
43910,2,0,0.8,4.78
20602,5,1,2.8,4.09
22110,5,2,5.7,4.57
48446,5,2,0.4,2.57
29914,5,2,5.9,3.8
45493,1,2,6.7,4.88
16980,7,4,9.5,4.26
5491,0,4,6.2,5.86
4971,1,3,0.1,6.31
43382,2,4,9.5,4.02
30725,4,3,1.3,5.37
24331,3,1,9.8,6.24
36210,1,3,2.7,6.39
20850,6,2,5.3,3.66
10931,2,3,4.7,4.16
3086,5,1,3.2,3.34
25436,7,4,7.2,4.84
21334,0,0,1.7,6.68
3524,5,0,7.8,6.5
25665,3,1,7.0,6.89
37403,4,3,6.5,4.96
33307,0,1,3.8,4.69
454,5,1,3.8,6.19
17557,3,4,0.0,5.34
26767,7,3,5.6,3.88
36391,0,2,9.2,5.97
24679,6,3,9.2,6.47
34341,1,4,2.1,4.92
32394,5,0,9.5,5.74
31544,1,1,8.2,5.45
26303,6,1,8.4,4.25
40047,6,1,7.2,7.26
12939,7,4,0.7,5.89
48879,5,2,1.1,5.57
14963,2,4,0.0,5.35
42840,7,0,1.1,7.06
22780,4,0,4.4,4.56
31304,4,0,7.2,5.28
44022,0,0,9.7,3.53
5961,7,3,6.2,3.51
10016,7,0,4.9,4.2
13364,7,1,7.6,5.61
32302,2,0,3.7,3.5
47999,7,1,5.0,3.37
17189,3,0,2.4,5.92
23461,3,2,7.9,4.77
1603,6,0,9.9,5.64
21147,0,3,4.2,6.03
12319,6,1,7.0,3.57
6607,1,3,4.3,3.02
5929,4,2,8.1,5.41
28319,2,1,9.2,5.54
29650,1,3,5.3,4.7
34431,0,2,3.9,4.12
15301,4,1,8.5,5.24
17131,2,4,1.1,5.42
8026,0,3,4.6,5.91
32930,0,2,2.9,7.31
35486,6,0,5.8,5.28
2722,7,3,0.7,4.73
28794,4,2,6.9,5.7
49752,0,0,0.4,4.79
150,0,1,5.3,5.13
11162,1,0,9.7,4.22
10247,0,4,9.8,5.36
16028,4,0,3.8,6.73
39767,1,1,1.9,2.98
3418,3,0,0.4,5.41
35038,3,1,2.0,4.02
28264,3,2,6.9,7.34
14865,5,2,2.1,3.49
28203,1,2,0.4,4.88
32534,6,0,0.6,6.41
8171,6,4,3.0,3.37
35676,4,0,3.6,2.71
24963,5,2,7.4,5.11
22121,4,4,7.4,4.21
1746,3,2,0.6,5.08
9328,5,4,4.0,5.71
29775,1,2,3.3,4.09
40591,4,1,5.3,4.82
19841,4,3,5.1,2.43
4355,5,4,2.7,5.07
48141,6,4,2.1,4.12
45095,5,3,3.0,6.7
40083,3,4,3.0,4.51
9830,2,2,7.2,5.68
31034,0,4,1.7,7.44
35967,6,0,0.5,4.73
27112,5,3,1.6,4.0
7878,3,0,7.1,5.36
49551,0,4,5.4,5.78
18717,7,1,2.2,5.5
47819,6,1,1.1,5.42
28824,3,2,6.0,5.72
33880,7,4,6.1,5.5
12392,3,0,7.1,4.33
34113,0,4,4.1,3.4
34414,4,0,0.3,5.32
36280,7,1,4.1,4.71
31691,6,1,7.5,5.74
45076,1,2,10.0,4.57
10365,1,3,5.4,5.66
19650,5,4,7.0,6.47
44814,6,4,3.1,3.86
3282,7,3,5.9,4.66
38696,7,1,1.8,5.23
4475,4,0,7.2,8.09
25155,3,1,8.4,4.82
41506,3,3,9.6,3.15
38802,7,4,1.3,6.73
27642,3,1,3.1,5.54
20283,3,2,3.0,5.44
16644,1,2,8.8,6.83
7300,7,0,7.7,5.58
26835,3,4,6.3,7.16
39857,3,3,8.2,4.61
11920,0,2,4.0,5.51
38179,0,4,7.9,3.75
25949,2,3,3.6,3.61
10357,3,0,5.4,5.64
37648,6,3,7.1,4.45
1525,2,3,1.4,3.25
43516,0,3,0.6,5.61
31802,1,4,2.8,4.68
46588,3,4,7.2,5.37
40323,4,4,4.8,3.32
15613,7,1,5.7,6.06
47291,1,1,6.7,6.16
39470,1,2,3.1,3.62
20510,0,1,2.9,5.5
1026,2,1,7.5,3.87
19036,1,2,1.5,5.02
15627,6,3,9.8,4.81
34491,6,1,2.4,3.59
30666,4,0,2.5,5.34
11224,0,4,10.0,5.04
19739,7,1,8.4,3.83
30612,4,3,0.3,5.35
6114,0,3,3.9,5.29
33410,6,2,8.1,5.43
32156,6,0,6.3,3.78
43110,1,0,6.9,3.94
49873,7,2,3.0,5.6
18557,3,4,1.7,4.52
5786,3,3,0.2,6.54
40454,3,3,7.6,2.68
44592,0,4,5.7,4.6
1506,2,4,8.6,4.44
10627,4,2,5.3,2.93
18795,3,3,5.0,4.21
41009,6,0,6.9,5.32
17554,5,0,0.1,5.01
18091,7,4,8.9,4.77
39362,7,4,3.6,7.07
13405,2,2,5.2,6.01
29177,6,4,4.6,2.75
30892,0,1,6.8,4.58
15,5,2,7.0,5.19
32698,7,1,1.4,5.03
187,7,2,1.6,6.36
45249,5,2,4.9,4.49
27528,3,0,5.7,3.9
26367,6,4,6.3,4.25
46416,1,0,6.7,5.01
31634,5,0,4.3,4.96
45425,3,0,4.2,3.89
46148,1,2,7.4,6.77
29922,3,3,2.1,5.66
33197,4,1,5.4,6.89
45698,3,3,4.2,3.84
1462,7,0,8.8,5.9
1930,7,1,3.8,3.59
29629,2,0,0.9,2.2
20610,2,1,7.8,5.56
34595,2,4,9.3,5.33
19344,2,4,9.9,3.23
29541,1,4,5.8,3.27
4117,7,0,3.1,3.72
34920,5,0,7.5,3.26
20596,1,2,9.7,4.26
31451,3,1,8.3,3.88
6517,5,4,2.4,5.55
30884,0,0,2.3,3.69
18321,2,2,8.6,4.74
7121,2,0,9.0,5.39
10823,1,4,5.0,4.86
44487,3,3,2.9,4.91
39100,3,1,7.7,3.03
35748,1,4,8.4,6.64
331,2,4,2.8,4.9
34669,3,1,5.1,6.2
18222,1,2,0.3,3.9
24015,0,0,2.0,5.14
32136,6,2,7.5,4.45
26386,1,0,5.0,6.74
13828,2,2,7.5,5.85
19864,1,1,4.6,6.24
40833,0,4,7.6,6.34
13452,0,0,4.6,6.67
16564,1,4,7.8,3.23
4581,0,0,4.0,5.44
36081,5,3,2.5,4.68
5832,2,4,3.0,5.56
5067,0,0,2.1,5.75
15418,7,1,5.6,6.68
43140,6,3,0.4,3.22
16770,4,0,5.5,4.31
29269,5,3,1.2,4.35
26675,2,4,2.6,5.57
7367,1,1,5.1,6.79
2397,2,4,0.8,2.8
19398,0,2,2.4,5.46
41623,1,0,7.8,6.14
12017,7,3,4.7,5.88
10574,7,4,0.1,4.18
12199,3,3,9.3,3.69
37483,2,4,0.9,4.48
2107,2,0,6.1,5.46
3236,5,0,2.7,5.53
9862,0,1,3.7,6.21
4080,4,1,4.2,7.46
47643,0,0,1.0,7.06
47609,7,0,9.9,4.6
24265,6,4,0.1,5.77
2143,7,2,8.6,4.01
39612,2,0,5.9,6.04
3047,4,1,7.3,3.79
23479,7,2,9.2,3.45
8620,1,1,6.5,4.85
7301,0,2,1.9,6.93
3020,1,1,9.5,4.02
2944,1,1,0.5,3.52
48553,7,0,3.4,4.32
7505,1,3,7.5,4.1
40093,7,1,9.4,6.31
27568,5,3,3.8,5.59
32009,1,3,1.3,5.43
36347,2,1,5.2,4.42
17514,1,2,0.1,3.95
29250,2,0,5.9,4.92
21883,1,2,9.2,5.84
41455,5,0,6.3,5.3
34000,6,3,8.0,5.17
40119,5,1,1.8,6.08
122,1,3,2.1,7.59
22996,5,3,9.7,5.19
7567,7,4,0.3,3.26
6906,3,1,8.2,3.46
22881,4,3,7.9,7.11
13681,5,2,9.6,4.97
15924,1,4,4.3,4.31
22401,4,2,1.5,4.86
29790,7,2,7.4,6.06
4943,7,1,4.1,5.31
3024,3,3,5.9,7.72
24587,7,1,0.0,4.49
25540,5,4,9.9,3.03
37147,6,2,1.2,6.18
26512,1,1,3.9,3.14
18819,5,1,3.5,4.11
36663,2,3,4.1,4.44
4547,7,1,1.2,6.16
9468,6,3,9.3,4.29
36767,0,1,5.0,4.67
1195,4,3,1.0,5.63
40033,0,3,6.9,5.41
34613,1,1,5.2,7.37
49994,3,3,3.0,4.55
15961,2,0,3.1,3.24
42549,5,0,5.5,6.54
18279,4,0,6.1,4.46
686,2,1,8.4,4.89
35317,6,1,8.3,4.46
35328,1,0,1.1,4.3
9859,1,3,9.4,5.53
43642,0,4,6.7,2.05
25606,2,3,5.3,5.55
41653,5,4,8.2,6.8
46168,2,3,4.6,5.78
45212,6,0,7.6,5.28
15672,6,3,8.9,4.77
28346,1,2,3.3,4.74
168,3,3,8.5,5.06
9158,5,4,6.3,6.13
35602,1,1,3.3,5.21
32319,1,2,3.8,2.85
1125,2,3,7.0,4.51
33708,5,0,6.0,6.61
31125,1,4,5.6,4.88
47450,2,0,10.0,4.77
20127,5,2,3.9,6.06
35614,4,2,8.7,5.39
22542,0,1,2.2,4.93
9747,4,4,0.7,5.08
14663,0,2,0.1,7.14
46122,3,0,4.6,3.84
45487,1,3,3.5,5.31
44104,6,1,1.9,4.57
3105,1,4,7.8,4.4
8990,6,1,6.6,6.17
21990,1,1,8.2,4.05
22726,2,0,3.8,5.83
46543,6,1,1.6,4.07
40437,4,4,0.8,4.5
44566,4,4,7.7,3.93
33962,2,2,7.4,4.77
6272,4,3,2.0,4.6
34722,7,2,4.0,4.35
14856,6,4,0.5,4.18
6328,2,2,10.0,6.84
34959,4,1,4.4,5.89
20221,7,3,9.2,5.79
39937,0,3,2.8,3.23
19503,6,0,2.1,5.07
47087,5,1,4.5,4.45
41709,6,4,8.4,5.15
20710,5,0,6.8,6.06
26525,5,4,2.1,5.47
20505,6,0,3.5,4.34
7255,1,3,7.4,3.72
34688,3,2,1.7,6.72
21643,2,0,5.3,3.43
419,2,1,9.9,5.04
9228,7,3,8.0,3.13
11605,5,1,6.4,4.55
47374,2,0,3.1,5.31
34733,1,0,3.2,5.51
2837,1,4,7.5,3.42
10888,7,4,5.9,4.09
19069,4,4,9.4,3.96
714,7,3,5.3,3.26
28181,6,3,3.4,6.07
28035,6,4,5.9,3.76
29731,5,3,3.5,3.78
15392,4,2,3.0,7.39
43963,5,2,10.0,3.04
27015,3,0,8.3,4.73
16326,1,0,7.1,4.37
27398,7,0,4.4,5.37
20493,6,2,3.1,7.06
35473,7,1,0.8,4.2
1135,6,1,5.2,2.97
30923,7,3,4.1,5.79
10859,1,2,6.3,7.19
10308,2,3,2.5,5.35
1678,6,0,2.6,4.58
21190,0,4,1.5,4.63
18083,1,3,2.5,5.92
39090,1,3,9.4,5.7
42057,0,4,0.7,4.56
45,2,0,8.9,4.33
16760,4,1,5.3,3.8
14693,3,2,3.8,3.82
25031,2,4,8.5,6.34
17193,0,1,0.3,5.66
5323,4,2,1.8,7.03
45647,4,4,4.7,7.18
24975,0,0,3.2,5.67
47067,1,2,4.5,6.8
6099,4,3,1.1,6.06
37803,6,4,6.4,3.35
12108,7,2,9.4,3.41
5126,3,1,8.9,5.79
4645,3,3,7.5,5.35
17104,2,1,7.7,4.47
16626,0,3,7.4,4.9
19355,3,3,9.2,6.28
37217,6,2,4.7,7.42
48803,6,2,3.0,5.72
13096,4,2,5.5,4.96
26097,2,0,0.5,4.02
1877,7,3,2.0,4.49
10705,0,4,9.1,5.05
38256,3,4,7.8,5.24
38469,2,4,2.3,7.22
9863,5,1,7.4,4.93
36830,6,2,4.0,4.99
17309,0,4,7.1,4.28
28054,5,3,3.5,5.26
41926,5,0,7.7,5.02
30293,4,2,3.6,4.12
11387,2,2,0.2,5.54
4880,3,2,8.5,6.35
28334,3,4,4.4,6.17
18573,3,2,2.8,4.72
34975,7,3,6.1,5.57
22157,2,4,8.1,5.49
14319,3,2,7.8,1.94
17075,1,3,5.0,5.08
961,5,4,4.6,7.68
10167,2,4,8.5,5.28
47511,4,4,8.6,4.78
32423,2,4,6.8,4.53
26436,7,3,4.3,4.76
32264,1,3,4.8,6.85
21286,0,1,7.7,6.94
44373,7,4,2.8,5.5
35892,2,3,3.7,5.7
38272,1,1,9.7,5.01
9232,1,1,8.1,6.33
43760,0,0,3.1,6.36
23129,1,3,2.4,4.36
15750,2,0,8.5,3.96
28819,2,3,4.3,3.43
3677,4,3,4.6,3.43
2952,4,0,0.5,5.18
15145,1,3,2.7,5.95
4651,4,0,7.7,4.7
5357,7,1,2.1,1.93
46291,3,1,1.8,5.7
12533,6,1,0.3,5.65
41257,2,2,4.7,6.28
41377,6,4,2.5,4.8
42922,0,1,5.4,4.41
38166,7,4,1.4,5.32
18117,4,2,5.1,4.97
19273,5,4,9.0,4.86
10464,1,1,9.3,6.21
37583,5,1,7.4,6.84
7625,2,4,7.4,3.63
27146,1,4,9.0,4.82
45999,3,4,6.7,3.88
36269,5,1,2.9,5.81
24940,4,4,4.2,5.41
46057,4,2,6.2,5.02
48243,2,4,7.6,5.72
29255,7,2,7.9,5.04
26028,7,3,3.4,6.94
16312,2,0,8.6,5.53
36055,6,3,1.1,5.82
47035,4,0,4.2,4.56
27838,1,1,7.7,2.1
43072,6,4,9.0,3.47
42497,7,3,2.6,5.59
5981,2,1,5.0,4.03
32845,2,3,3.4,4.74
33287,6,1,8.9,7.67
13267,1,0,5.6,4.92
42422,7,0,9.3,3.36
37850,7,3,2.4,5.26
43474,7,0,6.5,4.44
1266,4,4,5.4,7.35
44363,7,2,2.9,3.08
32574,5,0,7.5,4.1
49287,1,1,7.4,4.42
43340,3,1,3.7,4.1
37106,4,2,1.1,5.19
8477,7,1,7.2,2.37
45798,0,4,7.4,4.42
17286,5,4,1.0,2.91
28945,0,2,1.0,5.44
37056,7,2,7.8,5.04
15701,3,2,8.7,5.31
2514,1,2,8.6,3.93
26037,4,0,6.5,3.41
17475,5,3,8.3,6.62
38943,1,4,9.9,4.74
36932,4,2,4.9,4.56
11516,4,2,8.9,6.23
4301,3,4,5.1,3.61
608,2,2,10.0,4.58
25311,0,4,0.1,5.18
44127,1,4,4.9,5.98
36719,2,3,10.0,4.95
22532,4,4,1.5,6.77
24131,6,3,8.8,6.88
28227,2,2,8.3,5.9
4955,0,0,9.6,6.95
32962,4,2,9.6,4.79
21185,2,2,6.7,6.06
16510,7,2,4.6,4.51
2013,2,4,8.6,5.22
38096,5,3,7.7,4.51
20713,2,4,3.9,6.41
47684,3,2,6.1,5.71
21200,2,3,10.0,3.82
7477,0,4,8.7,6.51
6805,5,1,7.7,3.24
3241,5,4,5.7,4.31
41839,4,1,8.1,5.46
2101,2,2,0.6,4.52
7725,4,2,1.5,4.69
29495,5,4,5.3,2.26
20511,1,0,1.6,6.71
28392,4,3,1.8,5.54
2607,5,4,9.6,5.25
47318,5,4,0.1,4.52
19428,2,1,5.6,4.82
10697,5,4,8.1,4.24
48505,4,1,3.0,6.26
2423,2,2,6.7,3.88
38995,4,2,8.9,4.92
28364,4,0,7.2,2.39
17258,2,3,5.8,6.03
17715,2,4,2.8,6.06
22278,6,2,5.4,5.03
29811,2,3,5.7,4.43
17058,4,0,7.2,5.59
6303,6,3,2.6,5.39
17752,3,3,2.9,6.89
12415,2,1,3.3,4.97
30685,0,3,4.3,4.67
36481,3,0,4.4,5.37
32295,0,1,5.0,4.04
35001,4,4,6.0,4.72
42698,2,4,7.5,4.36
40417,1,3,3.7,6.17
21867,6,4,7.4,1.73
34409,1,3,0.8,4.74
37871,1,3,8.4,6.02
46748,6,0,9.9,4.26
13728,6,3,5.0,4.27
46976,4,2,1.4,5.27
34519,2,0,5.3,8.0
18576,3,0,1.7,3.73
36140,7,0,9.2,3.89
20443,5,4,0.5,5.12
11539,2,2,2.1,6.05
17169,2,0,2.6,8.08
9191,6,1,0.7,4.96
27808,1,0,10.0,6.92
25995,2,2,8.0,4.76
26821,1,0,8.6,4.28
48071,2,1,7.3,4.67
5562,4,1,0.8,5.63
9915,4,2,3.9,5.14
48672,5,4,2.8,7.56
24614,4,2,7.2,7.53
31688,0,2,3.9,5.11
9511,6,1,8.0,6.14
6867,2,1,1.5,4.05
42064,2,4,8.4,4.4
5071,2,1,2.4,5.05
7204,2,0,7.1,4.99
34385,6,2,3.0,3.68
33246,6,0,1.8,4.46
37929,5,0,9.9,4.74
44915,4,4,6.2,7.45
19065,0,0,4.0,4.91
28986,0,3,6.2,3.23
14104,2,1,1.4,6.51
39522,7,0,3.0,4.31
46005,0,3,8.4,4.31
27419,3,0,4.9,6.11
30060,0,0,9.8,5.05
18903,2,1,1.8,4.54
41767,4,3,3.8,3.13
48976,2,1,2.5,6.54
13074,2,2,6.4,2.82
29817,6,4,5.3,4.65
5509,0,3,0.9,4.45
29792,1,3,7.6,4.24
40123,5,3,0.1,3.58
17949,7,2,2.6,5.23
48192,4,2,9.6,6.03
29026,1,4,3.0,4.15
39003,4,1,2.4,3.41
8795,6,0,6.9,5.44
25486,5,1,8.2,6.6
31431,2,1,1.0,2.46
4413,2,3,6.8,4.84
24685,5,1,8.3,5.55
2045,4,2,9.3,3.69
19013,4,3,7.1,7.54
46169,3,2,2.0,3.19
9528,7,0,1.8,3.89
24135,1,3,2.9,5.69
49635,1,3,7.4,4.79
37377,3,2,9.4,6.33
22838,4,4,8.5,7.52
15874,3,4,5.8,4.47
7782,2,1,8.8,6.57
21995,1,1,8.5,7.0
1010,0,2,6.6,6.66
3018,6,1,7.4,5.37
33848,5,4,4.1,4.63
32490,2,2,3.8,4.5
25476,2,3,5.6,6.63
29190,4,0,3.9,5.8
33650,3,1,6.7,3.68
19085,3,0,2.7,6.01
41877,3,0,9.2,3.74
18658,6,4,3.3,5.53
27657,6,4,9.2,4.69
40112,2,1,1.8,4.17
17281,7,3,3.0,6.02
13251,3,3,0.1,3.94
19878,1,4,2.8,5.72
36750,6,3,7.5,5.37
49367,6,1,6.4,3.08
41987,4,2,10.0,4.2
27139,5,2,4.1,4.12
1742,0,2,4.5,3.22
40074,5,2,4.2,6.38
6273,1,4,9.0,5.13
5228,0,4,5.1,2.59
6290,6,2,3.2,6.77
17040,0,0,4.2,5.04
47449,3,4,4.9,3.44
48370,1,2,3.1,3.48
37963,4,1,8.4,3.78
48767,3,2,2.6,2.27
3517,0,4,3.4,6.91
47784,0,0,3.2,3.07
35917,7,2,4.5,3.76
7429,0,2,2.3,4.75
10995,5,1,8.6,4.14
35086,0,2,4.3,3.97
37849,4,2,4.1,4.26
14300,2,3,7.5,5.97
46555,7,4,3.8,4.79
6396,1,1,7.6,6.03
7081,6,2,5.1,4.6
2963,5,0,8.7,4.59
1924,5,3,7.6,2.77
24591,5,4,0.5,2.09
41507,2,4,0.5,4.43
23048,7,0,2.7,4.79
13671,1,4,6.2,4.08
10000,5,2,8.4,3.02
25891,6,0,7.5,3.89
3349,7,4,3.7,7.2
44530,1,1,2.7,2.99
18387,6,1,9.9,5.1
7621,1,2,9.9,4.76
16139,7,2,8.7,3.43
41060,7,2,7.5,4.07
12327,0,4,3.9,3.35
2131,7,1,0.2,3.44
9310,7,2,6.5,5.91
22314,1,2,7.7,2.75
21676,7,3,7.1,7.8
25901,6,4,1.9,2.64
26562,7,1,1.1,3.23
19858,1,2,8.1,3.55
972,4,0,0.3,5.14
41644,4,2,1.0,5.25
45770,5,4,5.1,5.15
8407,3,0,2.0,5.28
23316,2,1,2.6,6.2
996,6,0,6.2,4.0
46246,7,4,4.4,5.2
16049,2,1,6.6,4.29
38319,6,0,5.7,4.99
21224,1,2,3.9,5.79
23902,7,0,2.4,6.55
5648,4,2,3.8,5.87
18269,5,0,5.1,2.68
28390,3,4,9.3,7.2
43164,1,3,8.3,6.07
13937,0,1,8.4,3.53
25602,5,3,7.2,4.09
34746,6,3,2.6,5.86
7950,0,0,1.0,1.94
22265,7,0,1.1,4.87
7219,7,3,8.2,3.92
18381,6,2,2.1,6.72
11208,7,3,6.2,6.74
1070,6,4,6.5,6.19
908,3,1,4.4,6.72
46739,2,4,1.5,5.14
49482,0,2,9.8,4.51
33725,5,3,6.0,4.47
23997,6,2,1.6,4.66
29195,0,4,5.7,5.43
19729,3,1,5.1,4.66
1768,7,1,9.8,6.39
32991,1,1,3.3,3.72
33003,7,0,6.6,4.61
900,7,2,4.2,7.67
29818,2,0,0.9,4.94
49760,4,3,6.7,4.72
42425,4,1,9.5,4.44
17303,7,2,5.3,6.61
42672,5,2,0.6,4.13
10943,1,4,4.9,4.63
44409,5,0,3.4,4.08
32198,3,0,0.5,7.89
42864,5,4,8.6,4.81
11931,3,4,7.6,5.43
626,1,2,3.7,5.47
31293,4,0,7.2,5.98
27655,6,2,3.4,7.87
20197,2,3,9.8,3.68
7925,1,3,0.3,3.88
8719,4,4,5.7,5.52
10214,6,3,0.4,6.43
4527,6,4,1.5,5.04
45628,0,0,2.7,5.27
27106,7,2,4.1,3.11
2754,1,4,7.3,3.81
29905,0,1,0.0,2.99
47304,1,2,5.6,6.68
9429,2,3,3.7,5.23
3077,6,1,6.9,4.68
11886,4,4,4.4,4.28
43544,4,1,9.5,2.73
16667,2,1,6.7,5.94
39963,5,3,7.1,2.59
44182,2,4,2.3,2.5
4932,2,3,3.7,3.84
37562,7,1,1.3,5.23
5249,0,1,3.8,4.89
8670,5,3,7.1,3.41
7938,1,0,2.5,5.2
24147,5,0,3.8,5.73
49560,3,4,9.5,4.91
878,4,4,8.7,6.24
47478,1,1,3.8,5.7
27080,6,2,4.1,6.31
44591,7,4,0.2,3.43
12143,2,2,0.9,3.87
48908,7,2,7.5,7.44
37644,0,4,1.9,4.71
39315,7,2,6.3,5.93
37291,1,4,7.2,3.85
6849,5,3,7.2,4.13
48670,5,0,6.8,6.37
38419,1,3,9.2,3.04
47461,7,4,1.4,6.6
38484,6,0,1.2,4.26
11426,4,2,6.2,5.74
26684,4,4,0.5,6.36
5164,3,0,3.2,6.44
32034,6,4,8.0,5.44
4927,0,3,5.5,6.59
35211,1,3,8.7,5.9
45792,0,2,5.4,5.72
25456,4,1,8.5,7.31
48749,3,4,4.0,4.37
22050,0,1,9.5,3.16
20564,1,0,2.3,4.47
30125,7,4,10.0,3.0
22164,6,2,4.2,4.48
8679,7,0,1.0,6.73
36434,2,4,9.4,5.46
47878,3,1,5.5,5.89
16180,3,0,7.7,4.87
13927,5,3,5.7,4.03
15852,6,0,3.2,6.9
10911,3,0,3.5,4.14
18986,3,2,1.4,4.8
2182,6,3,8.4,5.79
11563,6,1,8.1,5.41
43666,2,2,1.5,5.45
4638,4,0,8.6,5.69
11057,7,2,0.2,5.31
12747,5,2,3.1,3.91
30592,5,3,5.7,4.99
28694,4,2,2.4,3.77
8634,4,3,6.4,8.71
46973,5,4,9.1,2.34
47268,4,1,6.1,4.98
27719,1,1,6.2,5.45
49466,0,0,4.3,5.18
42855,2,1,8.8,6.14
15229,6,4,1.3,6.71
4427,6,4,4.1,5.09
2403,4,1,9.2,5.99
19461,5,1,4.6,4.22
36511,0,4,4.5,5.67
37128,5,0,2.0,5.32
31221,1,3,0.3,6.93
8176,5,0,8.9,2.2
6843,3,1,8.0,4.87
11821,5,1,9.6,3.66
29482,5,3,5.8,5.86
8637,5,1,5.4,6.17
32306,2,2,2.0,4.6
29598,6,4,6.4,6.27
29278,3,2,7.1,3.78
1812,2,4,6.6,5.8
34365,0,2,3.6,5.77
27299,2,0,3.6,5.62
14102,3,0,0.2,4.61
43580,3,3,6.6,4.29
38345,2,3,5.3,3.57
13065,3,2,4.9,4.63
41954,4,1,9.1,6.12
40978,5,2,6.0,5.35
14558,0,4,6.8,6.09
4402,5,2,6.7,4.63
48137,1,0,5.7,4.07
41047,4,1,5.0,4.8
32572,6,1,3.6,5.11
35819,4,0,1.8,2.23
27259,4,4,5.8,3.84
21795,1,4,9.4,2.61
29370,4,2,8.0,5.31
45998,0,3,4.4,4.77
31241,2,4,7.1,6.39
29690,4,4,1.8,5.59
6208,1,0,1.2,4.15
14501,0,1,7.1,5.45
46977,3,2,0.7,4.96
17477,6,3,1.5,4.51
45460,7,3,5.3,5.89
31322,3,4,8.1,6.43
33807,2,3,7.0,4.01
39752,1,1,0.9,3.67
41227,4,0,8.9,6.11
32887,1,3,8.2,5.99
28729,0,0,3.2,5.69
11293,6,0,2.4,4.04
45967,7,0,9.7,6.15
3071,6,3,9.9,4.28
12975,5,1,3.0,5.13
48095,3,0,6.7,5.15
5089,4,3,3.8,5.92
25694,3,1,7.5,5.29
27495,4,1,8.0,4.8
12538,7,2,9.9,4.04
9124,4,3,7.0,3.6
38438,5,4,7.0,4.85
43163,2,3,9.4,5.31
41331,0,4,7.1,4.65
14914,6,0,8.0,4.12
34639,2,1,8.4,4.51
34392,2,2,8.1,5.55
12490,7,2,8.6,5.67
87,1,0,9.8,4.07
46094,7,1,8.4,6.47
42321,5,2,4.7,5.21
1601,3,0,3.1,4.83
25819,3,0,2.2,6.66
35242,5,2,5.1,3.47
27714,6,4,9.4,4.25
9021,6,3,4.3,6.14
1988,5,1,5.5,4.23
38646,7,4,2.9,6.95
7602,7,2,4.0,4.82
18954,5,2,3.0,7.91
63,3,0,2.6,4.21
6659,1,3,0.1,2.77
42491,3,4,7.8,6.1
22269,0,3,8.6,3.21
22660,0,2,4.0,4.46
3836,0,4,9.4,3.52
37269,3,4,2.0,3.66
6442,3,0,3.7,5.32
49591,4,3,8.0,3.62
13218,5,4,9.6,6.45
7449,1,4,5.5,5.65
15472,6,3,2.0,4.31
4295,0,4,1.8,5.36
37136,7,4,0.1,3.78
34138,4,3,8.0,3.87
36145,1,4,5.6,5.21
17702,7,0,5.6,6.35
41210,0,4,7.7,4.78
11263,7,2,1.8,4.71
37813,7,3,2.3,2.16
2163,4,2,7.8,5.76
15155,7,1,1.0,4.29
30301,3,1,9.2,6.28
9251,3,1,8.7,4.27
15730,3,2,6.3,7.27
44074,1,2,6.9,5.72
10965,4,4,6.4,7.15
21684,5,1,0.2,6.09
20126,5,2,5.2,4.35
30970,6,3,0.8,4.23
6609,2,0,2.4,4.19
40620,5,4,6.0,2.26
10501,3,0,4.5,6.13
36011,5,3,6.9,4.73
39541,6,3,2.0,5.85
13552,0,2,0.2,6.29
16195,2,4,6.5,4.43
21020,0,0,2.0,4.8
430,7,1,1.1,3.74
5315,7,3,2.8,5.82
16634,7,3,0.9,5.55
26106,7,2,4.9,6.05
16275,7,0,8.6,5.35
14727,1,2,6.3,5.19
4575,2,2,4.5,3.82
35868,6,4,5.5,2.61
35383,4,3,4.2,3.93
41114,0,0,2.8,4.83
8068,0,1,6.3,2.02
25907,7,1,3.8,3.27
13137,5,3,3.1,7.19
38858,0,3,3.6,4.62
45854,0,1,4.8,4.78
13378,7,1,4.2,4.32
32552,0,4,5.9,4.6
42155,4,3,6.8,4.37
15549,2,4,1.8,7.48
41254,3,4,7.2,5.75
21518,1,1,4.2,4.75
37462,0,3,5.9,2.76
14388,3,1,4.4,5.73
6277,5,4,1.2,4.61
12492,2,2,7.5,5.57
47015,6,0,7.2,5.74
24046,5,2,3.9,6.02
37029,3,3,4.0,3.97
44977,2,3,3.0,5.55
21129,4,2,5.3,5.68
46167,1,2,3.9,5.54
15702,3,3,0.3,4.81
44636,6,4,6.5,4.0
14581,5,0,4.6,3.76
9838,3,3,1.1,1.87
10972,0,2,7.1,4.93
2253,3,3,1.8,5.14
28703,4,3,1.8,6.57
49381,2,4,8.1,4.74
23280,6,1,8.9,5.49
2986,3,4,8.7,6.5
18750,6,1,6.9,5.82
1935,0,1,1.2,5.3
2239,6,1,0.5,4.27
16045,5,4,7.4,4.62
2450,0,0,3.5,4.62
8952,7,1,2.3,7.28
16338,2,4,5.2,4.37
47062,3,3,9.5,3.86
33783,3,4,5.8,5.7
9607,2,1,7.4,4.93
44129,3,2,3.8,4.03
26752,4,3,6.7,5.39
7302,5,2,5.5,5.59
17674,4,2,8.6,5.04
16223,5,0,7.3,4.57
25197,6,0,8.3,4.67
25986,4,1,8.9,4.97
16666,6,0,3.4,4.84
30264,1,4,5.4,4.73
44349,4,3,6.6,5.18
17879,3,3,0.5,1.75
36672,0,0,5.7,4.37
8544,1,3,9.1,3.77
26349,5,0,2.5,4.46
32254,3,2,7.8,4.28
4307,6,4,1.9,5.63
28533,6,4,9.5,4.81
14150,4,3,2.6,5.29
20882,0,2,6.7,5.66
15043,2,3,3.7,5.82
18382,6,1,7.9,6.53
28730,4,3,4.2,4.32
4119,5,3,5.7,3.44
28124,0,3,6.2,4.28
12921,7,4,0.5,5.39
9855,3,2,6.4,4.7
1829,5,3,3.2,5.32
25587,7,0,0.9,4.49
48480,0,4,6.6,3.65
45688,1,2,4.5,6.69
49307,6,2,6.0,4.47
39805,0,2,4.8,6.45
24982,2,0,2.8,5.12
14828,1,2,8.8,4.51
24934,1,0,7.0,3.83
36952,4,2,1.1,4.26
19454,2,1,7.1,6.0
23370,2,1,5.9,3.51
44153,2,3,5.6,6.02
49204,1,0,8.6,3.36
31056,4,3,2.7,5.09
6188,3,0,7.2,3.87
4963,6,0,6.0,6.48
16869,2,4,8.4,4.02
40409,2,4,0.1,2.49
13008,7,3,1.8,3.76
10664,3,4,8.2,6.44
21561,6,4,7.4,6.55
16977,2,0,3.2,4.07
17713,1,3,3.8,4.74
47837,4,0,1.9,5.44
16152,3,0,1.4,7.43
16276,6,0,5.8,5.81
42893,7,0,3.0,4.21
49177,0,0,4.8,4.26
6811,5,0,3.1,4.89
2974,3,2,5.0,1.96
41758,3,3,6.9,4.61
31014,5,2,4.4,3.42
4300,3,4,2.4,5.5
43876,5,0,5.4,3.38
39367,4,4,5.1,4.15
47664,5,1,4.7,5.5
9728,3,2,8.1,3.55
25972,4,1,10.0,4.36
33798,2,1,2.7,5.98
31877,6,2,9.8,6.16
40824,6,0,1.4,3.56
22565,7,4,8.9,4.96
34736,0,1,1.2,3.8
48619,2,3,4.9,4.07
21993,3,1,4.9,2.6
23995,5,3,9.4,2.73
17945,4,0,4.3,5.31
45240,7,2,6.3,7.35
39622,0,1,9.5,4.93
4397,2,3,3.6,6.65
13616,2,4,3.9,5.28
9237,2,3,4.1,4.69
31722,4,3,8.5,4.23
32165,4,1,6.1,3.63
10348,7,3,6.0,3.68
18378,4,0,3.9,7.46
5831,2,1,6.6,4.27
33778,6,3,0.1,7.88
25961,4,1,0.0,6.22
37864,0,1,7.3,6.4
47266,5,0,8.4,6.01
27633,3,2,1.3,4.81
11762,4,4,0.5,5.61
36840,1,0,7.5,5.12
45341,7,4,1.8,4.98
14393,7,1,4.3,4.11
45949,7,4,6.5,7.05
20118,6,4,2.5,4.73
42113,1,4,6.0,6.74
35714,0,1,7.3,3.55
29668,0,1,8.5,3.88
43813,1,4,1.6,3.87
12366,3,2,4.4,5.82
9414,1,2,0.7,6.13
2853,6,1,8.6,5.01
14763,2,1,5.0,5.2
1078,3,3,6.0,4.88
2194,4,4,4.2,3.92
46271,1,1,6.2,4.86
44415,1,1,8.7,4.56
5976,6,2,0.6,6.44
18826,4,3,2.1,5.29
41342,3,1,8.6,4.66
25187,4,2,0.1,2.79
9962,4,1,6.7,5.52
32667,7,4,0.8,5.43
5546,3,2,8.1,3.55
22448,5,4,1.0,3.58
30458,0,3,8.7,6.78
24450,0,3,8.3,4.62
34837,1,0,2.4,3.96
20422,7,1,8.3,6.19
22462,7,1,6.0,4.24
15544,6,3,1.9,5.03
174,5,3,5.1,6.26
49680,3,2,5.1,4.25
5096,0,0,8.5,3.36
25454,5,4,2.3,4.74
36912,6,3,5.4,4.53
48308,3,1,0.9,5.79
28224,1,3,7.1,5.01
1280,5,4,8.1,5.25
18327,6,3,1.1,6.08
12432,0,3,9.4,5.37
29126,6,4,8.4,2.97
27012,6,3,9.8,5.72
32116,3,4,1.5,4.04
29233,2,0,8.0,5.87
22831,5,3,2.5,4.78
3929,0,1,5.6,3.78
15457,4,0,8.4,7.47
338,5,4,8.1,6.05
41113,3,1,5.8,6.26
28330,5,4,0.5,3.38
3393,6,4,6.3,5.88
33391,7,0,6.9,5.12
9178,5,4,5.7,4.03
17486,6,1,9.3,4.17
48887,5,4,6.2,5.37
22834,5,3,1.8,5.0
26792,1,4,2.9,5.59
718,0,3,6.6,5.17
17132,0,3,7.7,3.24
37148,7,0,6.5,5.71
1036,5,1,1.5,5.53
20192,7,2,2.3,5.85
3685,5,2,1.2,6.47
8289,7,1,0.7,4.9
34236,2,0,9.1,5.94
5574,5,3,7.7,5.61
8371,6,4,1.1,3.83
29960,1,1,3.0,4.23
19999,6,2,5.0,3.93
9084,6,0,7.8,5.53
14287,7,1,2.2,5.56
48035,4,2,6.1,5.05
43201,6,4,4.0,5.45
30119,4,1,0.6,3.95
31100,7,3,3.9,5.96
49859,2,4,0.4,5.77
11395,2,0,3.0,6.32
39869,3,0,8.0,5.36
34619,6,1,3.2,2.13
39516,4,0,1.0,5.17
37741,6,0,1.7,5.53
39414,5,0,0.3,3.97
45148,0,1,5.3,4.34
26202,0,2,7.8,3.84
29397,0,2,8.2,3.94
29162,0,3,2.8,5.32
4668,2,0,0.4,4.6
44742,5,4,5.3,4.18
48073,4,3,5.9,5.94
16893,3,3,3.9,5.42
17720,6,3,4.5,4.49
14408,5,1,8.1,4.33
36705,3,2,5.7,5.11
36503,4,3,1.9,4.65
36105,1,3,9.6,4.16
13215,7,4,3.4,2.86
41615,5,2,0.0,5.86
34937,4,2,7.3,3.69
2999,6,1,7.3,4.01
2855,6,3,1.8,4.89
33249,6,3,2.5,5.67
7800,4,1,1.8,5.34
4972,0,2,10.0,4.15
36809,4,2,0.5,8.27
33099,7,4,1.9,5.53
41719,0,3,0.7,4.99
21333,3,2,7.3,3.42
13450,6,4,9.0,5.25
19531,1,1,1.7,5.1
5245,5,1,9.5,6.14
9218,7,1,9.0,3.54
20599,7,1,6.7,6.39
21699,7,3,4.9,4.08
11047,3,0,9.9,3.61
43821,4,0,7.2,4.99
31038,2,1,7.3,4.9
36086,2,4,1.1,6.11
20672,6,1,3.0,6.51
11195,0,3,2.5,3.64
2317,6,4,0.1,4.1
13624,5,4,7.0,5.44
19119,0,4,1.8,6.03
9329,7,0,5.1,3.8
38797,0,2,8.1,4.8
46556,4,0,8.7,4.27
41999,4,2,4.4,4.71
37339,3,1,7.9,4.03
7797,5,2,3.5,6.0
18478,3,2,9.8,6.45
21182,2,3,6.4,5.14
46026,7,4,9.5,4.36
19517,1,4,8.5,5.51
29788,1,3,7.3,6.79
27679,1,3,3.7,6.14
47325,6,4,9.9,5.97
12893,6,1,7.6,5.72
33047,5,1,6.7,3.55
18392,0,1,3.9,6.55
18182,7,4,7.7,5.99
26293,4,3,3.0,6.31
24842,2,3,10.0,5.09
40322,2,2,1.0,4.75
35659,2,0,7.0,3.12
19345,6,1,3.2,6.27
6536,2,3,5.8,5.43
39606,5,0,4.5,4.83
2391,1,3,2.4,5.77
10310,6,2,4.0,3.96
34799,2,4,8.9,6.38
12804,5,3,8.1,3.62
43168,0,4,2.6,5.94
22059,4,3,6.3,5.34
24783,6,2,9.8,5.82
9606,7,4,1.2,5.62
21247,2,1,2.6,6.0
17222,4,0,7.6,5.81
15621,3,1,7.6,5.69
31960,4,0,6.2,5.95
42692,6,0,0.6,5.05
37080,3,1,3.0,5.37
6446,5,0,4.1,5.19
22936,0,2,8.9,6.53
19767,0,3,2.0,5.07
37567,2,3,0.6,5.64
17998,6,0,6.1,5.12
6245,3,2,4.5,3.58
28955,3,4,3.7,5.4
29774,1,2,7.9,5.4
37886,2,1,3.7,4.43
34058,2,4,3.2,4.71
2910,1,1,0.2,5.57
8601,0,1,8.1,4.23
26467,5,1,7.8,5.71
20760,7,2,9.8,5.71
48305,6,4,8.1,5.64
22624,6,0,2.1,6.65
36302,3,1,0.1,4.78
35669,1,0,8.7,5.86
47430,0,3,8.5,3.02
40732,7,2,7.9,4.26
37263,4,4,0.3,7.25
40376,6,4,1.0,5.18
29365,6,3,9.2,4.96
30319,6,1,2.8,2.81
15196,0,1,2.9,3.99
29626,7,3,3.1,5.11
18528,7,2,3.6,4.94
26930,4,3,2.6,7.55
7843,2,4,7.0,4.27
15289,2,4,2.2,4.33
22526,4,2,7.3,5.69
47210,2,0,6.4,5.82
43032,1,4,8.4,2.67
29122,1,3,8.3,7.43
5108,0,1,9.5,2.56
6776,5,4,5.3,4.79
8816,6,4,5.1,5.32
37538,6,4,8.9,4.57
11347,5,0,1.5,4.62
9281,0,3,8.9,6.57
31573,4,2,9.8,4.42
49490,7,2,6.3,5.43
13741,4,1,1.3,5.6
1928,1,4,8.9,4.31
43542,5,3,3.2,6.34
39013,0,2,7.0,3.53
10710,3,3,8.6,4.21
49627,7,1,8.5,2.67
44323,6,2,8.6,6.78
48630,0,4,2.4,4.55
3796,4,1,1.9,6.08
49456,3,1,0.3,4.36
29388,5,2,6.0,5.27
11665,1,4,3.1,5.91
263,3,0,7.0,5.65
31258,0,2,6.7,5.15
23809,3,3,9.3,5.41
26650,5,2,0.5,4.86
42326,7,4,4.0,4.82
3600,0,2,7.6,5.7
14758,1,1,2.7,4.14
18553,6,0,3.2,4.87
26624,5,1,8.2,4.51
22522,1,4,4.5,4.9
18610,5,0,7.6,4.4
11819,3,0,9.8,5.21
35899,1,0,4.8,3.66
5966,0,4,8.7,4.88
20474,3,4,5.1,4.53
45244,0,4,3.0,2.89
18404,4,4,5.9,3.22
21059,0,4,1.4,3.8
48126,5,3,8.4,4.34
37964,2,0,5.6,5.05
23717,0,3,3.6,5.38
6976,3,2,0.3,4.74
1318,4,0,2.4,6.76
31413,5,2,1.5,6.37
23672,4,0,2.3,4.25
44776,4,4,5.7,5.38
14237,0,0,7.7,6.42
942,1,2,5.3,6.02
20624,7,0,1.2,4.76
20011,5,0,0.4,4.4
43230,5,4,0.6,5.1
36335,0,0,6.6,4.09
39785,7,2,7.3,4.78
12689,5,3,8.8,4.93
7235,6,1,9.7,3.64
9433,3,3,7.7,5.05
38872,0,2,9.9,4.01
45197,1,0,2.2,4.93
24012,6,1,5.6,4.45
23933,5,4,3.9,4.41
24895,4,0,4.4,4.14
26545,2,4,7.8,5.77
35766,1,4,7.9,5.22
12511,0,0,3.4,5.68
20865,5,4,5.8,4.98
48396,0,4,9.1,5.8
11681,1,2,9.5,3.25
21726,1,4,7.3,4.6
23388,6,0,7.9,4.76
7443,0,1,5.9,5.17
28003,0,2,8.1,3.15
25094,4,4,5.7,3.91
21175,7,2,3.1,3.77
48866,1,3,6.0,3.76
48412,5,1,2.5,4.68
3678,0,0,4.4,5.56
48455,7,3,1.9,5.94
12928,1,3,0.8,6.31
48919,0,0,3.3,4.83
48456,1,2,9.2,6.96
4724,2,3,3.5,1.79
42716,3,1,7.8,6.13
20073,4,0,2.3,2.69
35569,4,3,5.4,5.74
9984,7,0,7.3,4.34
22065,5,0,8.9,3.34
48242,0,0,3.0,6.61
42568,2,1,3.2,3.52
25529,3,1,6.5,6.11
1435,6,0,4.0,4.57
1234,5,2,1.6,3.92
37903,4,4,6.5,6.23
26943,2,2,10.0,4.23
22155,5,0,4.1,4.62
6985,1,3,7.0,3.31
18003,3,3,5.4,5.2
45871,7,3,9.4,5.56
7050,4,2,4.8,5.21
34724,0,4,3.0,4.1
36549,5,4,0.2,5.82
15667,5,1,4.7,3.89
41965,2,1,4.2,4.89
19324,4,1,1.3,5.6
6793,3,0,7.8,5.92
31920,3,1,2.8,3.57
2611,6,3,2.6,5.31
367,6,0,2.7,2.95
9671,3,1,2.7,7.42
49238,2,1,2.8,4.58
1925,7,1,6.1,7.33
36992,7,0,2.8,3.54
39889,1,1,2.8,5.26
21268,2,3,2.6,3.78
38244,7,2,9.0,3.0
10611,3,0,9.5,4.39
34786,6,0,8.1,6.25
14259,4,3,6.0,7.16
32385,1,1,1.1,5.36
16895,2,1,0.2,5.4
39565,1,1,1.8,6.26
8927,2,2,9.6,1.84
21981,4,1,1.0,2.91
26352,2,4,0.5,4.16
288,0,0,1.7,4.48
15100,4,0,4.1,4.89
19702,0,3,7.1,5.04
16089,2,2,2.6,3.01
1059,1,1,6.9,5.89
35680,1,3,3.5,4.68
5967,5,2,6.8,5.88
11909,4,1,6.4,4.61
24609,0,0,7.1,2.48
18842,5,4,6.1,4.84
34037,2,1,2.2,4.64
30499,5,3,4.3,1.98
21833,7,1,6.3,4.97
8325,3,2,4.0,6.51
40946,2,4,0.8,4.12
7748,7,3,1.0,4.43
20998,2,4,4.9,3.48
34091,4,1,7.7,4.56
49967,2,1,5.2,4.56
29611,7,3,9.0,7.15
47604,6,0,8.5,5.78
26149,5,2,5.7,6.99
27383,3,2,0.4,6.27
20700,0,2,8.4,6.32
26838,1,2,0.0,5.92
5387,6,3,4.7,7.44
30311,0,3,8.2,5.65
49722,7,1,5.3,5.68
6516,5,4,7.5,6.03
30731,0,3,7.6,4.28
2456,5,1,7.5,6.25
27291,0,1,1.5,4.61
43949,2,3,7.8,6.37
21951,0,3,8.6,4.52
17926,6,0,2.4,6.2
41613,0,0,9.9,3.26
21405,5,2,9.3,7.54
17695,7,3,2.7,5.95
5595,0,3,5.3,3.98
33378,7,2,5.9,6.07
9417,3,3,5.5,4.07
4347,3,1,7.8,7.71
37476,3,4,4.8,4.17
35458,5,0,4.3,7.58
7106,7,1,1.0,5.13
21075,2,4,7.0,4.85
22033,7,1,6.5,4.78
36383,7,4,4.2,2.74
40229,0,2,8.2,4.77
7515,3,3,7.2,2.18
761,4,1,6.2,5.63
44598,5,4,1.6,3.96
30618,0,1,5.4,4.69
3205,0,3,5.7,5.3
26113,4,0,8.1,5.43
25246,6,3,1.6,4.03
8379,6,1,5.9,5.76
34269,1,1,2.6,3.74
45039,3,4,4.7,4.44
47648,6,0,9.7,5.03
18985,5,4,3.4,3.66
5752,0,1,7.8,5.53
26804,7,2,1.0,5.35
31730,1,1,7.1,5.28
7773,1,3,8.1,6.64
35508,1,3,2.8,4.97
27822,5,0,6.5,4.78
11200,5,4,1.7,6.02
43545,7,4,4.5,5.59
21879,1,0,6.1,7.5
46834,4,3,6.0,4.94
7910,3,3,0.9,6.57
37502,5,3,9.2,4.53
3979,4,1,5.7,5.56
2108,0,2,4.6,7.17
7226,6,3,7.9,3.93
12520,2,4,4.7,4.33
10828,0,1,9.3,4.38
42405,0,3,6.9,3.13
2373,2,2,8.4,5.38
33933,7,4,3.5,5.66
42914,4,0,7.5,5.35
35365,1,3,8.9,5.02
14574,3,4,3.0,6.13
3514,6,0,2.0,6.44
15089,3,1,7.3,4.75
18237,2,3,7.2,6.01
43202,7,1,5.7,5.91
34702,3,1,1.7,5.32
4760,1,3,0.3,4.35
46160,6,1,9.4,3.98
6372,3,2,7.5,4.78
23747,4,3,3.3,3.28
43838,7,4,0.7,5.07
28186,4,0,7.0,5.83
24725,4,1,5.2,4.75
19155,7,1,8.5,4.82
13453,5,0,3.4,3.51
37157,5,0,6.7,4.17
42139,6,1,1.3,4.88
33999,3,4,1.6,4.33
39904,4,4,5.2,5.65
7040,6,0,8.1,4.49
39316,0,2,5.1,6.3
37514,5,3,9.3,3.91
13941,6,2,1.8,3.89
9327,4,0,4.3,5.38
40140,1,1,1.1,5.64
3668,7,4,3.5,3.8
12131,6,1,7.1,6.64
7496,7,3,8.0,4.68
44931,3,1,8.6,4.87
4081,7,4,5.0,7.65
43805,6,4,2.9,3.45
24539,0,2,1.1,5.61
6716,3,3,4.2,6.06
712,4,3,3.7,4.87
31502,7,3,4.2,5.47
26547,2,2,7.7,3.67
11976,0,0,2.4,3.7
14273,5,4,5.6,3.8
28155,6,0,6.2,5.37
49373,2,2,6.9,4.66
17320,3,2,6.9,3.59
46998,4,0,0.7,3.7
39142,3,0,7.5,3.96
21998,6,1,1.6,4.69
18453,1,2,9.9,4.8
45766,2,3,7.7,5.68
29918,4,3,8.1,8.34
3190,7,3,7.9,4.95
3988,5,1,6.2,3.8
20231,6,3,7.5,3.66
24910,6,3,4.4,5.17
16182,2,0,8.5,5.55
16779,0,3,5.7,4.04
5918,3,2,6.3,4.37
17756,3,3,6.2,3.87
34773,0,2,7.3,5.06
39656,7,1,1.1,4.42
30325,3,2,1.3,4.04
46820,7,1,6.0,2.74
46653,7,2,8.6,6.39
15140,3,1,5.4,5.32
39863,0,4,8.6,3.35
40431,1,3,6.6,3.85
7355,1,4,5.0,5.86
36784,2,0,8.6,4.65
37826,1,2,3.0,8.26
46789,3,4,2.0,3.97
43359,4,2,4.2,5.77
10959,3,1,0.9,5.76
5312,3,0,5.0,6.67
15633,0,0,8.7,5.42
28939,6,1,3.5,5.21
39509,1,3,0.7,4.0
26976,1,2,7.6,5.1
4185,1,1,3.1,4.32
16920,5,1,3.8,6.77
34961,0,0,9.0,5.6
35724,3,1,5.9,5.93
48175,5,1,4.9,7.43
43066,7,1,2.4,4.98
36553,6,2,5.3,6.2
48758,1,4,5.2,2.84
11865,2,4,8.1,6.02
33845,6,1,4.6,4.87
22919,2,4,7.5,4.1
41218,2,2,5.7,3.96
30700,7,0,8.3,4.58
30382,1,2,10.0,2.9
22210,4,3,3.7,3.32
46292,1,1,9.2,4.78
16469,7,3,3.2,5.7
33032,1,4,5.6,5.04
40097,3,1,3.6,4.39
13048,2,2,5.5,4.44
39836,1,1,6.3,2.84
26115,4,2,0.8,6.26
115,1,3,4.6,3.1
37549,4,2,7.1,4.41
45593,3,0,1.3,4.37
28048,4,3,5.7,6.81
31759,7,4,0.6,3.89
2608,5,1,3.2,3.79
9118,0,1,4.0,5.9
25170,6,4,4.1,5.11
18597,3,2,9.5,4.95
11542,7,4,7.9,5.75
38488,2,1,2.2,3.53
1354,3,3,8.9,4.58
21273,6,1,7.5,3.94
26412,7,0,1.2,4.22
20942,7,4,6.6,6.42
12314,0,1,3.2,6.35
2192,2,0,6.6,3.64
39951,3,3,4.4,4.25
29185,0,0,2.2,5.59
9499,2,4,8.8,4.86
10877,0,3,5.4,4.58
1048,0,4,5.7,4.87
44261,0,3,5.1,5.6
7021,6,4,9.2,3.72
35046,2,4,3.1,4.74
43540,3,0,5.3,5.19
42454,2,1,8.5,4.76
33758,7,2,6.9,5.94
5570,4,0,2.4,5.97
24878,3,3,1.9,5.33
40581,0,3,4.0,6.67
33969,3,3,3.3,4.97
3856,5,3,9.2,5.69
46070,0,4,7.7,5.48
17890,6,1,0.7,4.04
36849,1,2,9.2,4.99
23542,3,2,4.6,6.64
14955,1,3,8.4,7.11
15920,3,4,8.9,4.82
45454,0,0,1.1,6.29
44231,2,0,1.3,5.8
22230,3,3,4.3,3.46
14924,3,1,9.2,2.8
8806,4,3,9.1,3.62
37345,1,3,0.2,5.72
18902,3,1,7.0,8.81
17462,6,1,5.0,3.39
24070,4,3,7.6,5.23
34142,7,4,2.4,4.46
45174,6,3,1.4,4.67
47020,2,2,6.0,6.01
30990,5,2,6.2,3.82
39492,1,4,1.0,5.57
18017,3,4,7.2,7.32
41335,3,1,8.0,2.5
13082,5,4,5.2,4.74
42487,5,1,4.5,3.63
4166,1,1,5.4,5.74
34151,7,1,6.8,6.47
28972,6,3,2.7,1.79
32514,0,1,2.9,6.54
9726,1,2,7.2,5.15
19360,0,1,8.4,4.63
40599,3,2,1.6,5.68
12371,7,1,6.3,4.64
32389,0,3,1.1,3.49
31962,1,4,3.1,6.85
10869,0,1,6.0,4.79
28142,1,2,1.4,5.26
34516,3,4,1.1,3.49
21383,4,2,4.5,5.6
32206,3,3,3.3,3.94
2560,6,3,6.4,6.58
12254,2,2,0.8,6.76
24695,0,0,1.0,3.55
49048,1,4,7.2,3.7
29095,6,2,9.6,4.86
8441,4,1,3.6,5.26
45601,6,2,6.5,4.57
45453,2,1,9.6,5.42
48571,5,0,5.9,4.7
12158,4,1,8.0,3.84
47997,7,0,0.2,5.24
37779,3,4,3.0,5.62
38139,5,3,3.2,5.11
34544,3,2,4.7,4.17
5410,7,2,2.8,3.97
38241,3,2,5.6,7.03
9221,4,4,8.2,6.52
16304,0,0,0.9,4.39
23697,0,4,2.5,7.09
6505,1,1,5.4,3.74
28451,3,3,5.0,5.06
11785,0,2,3.2,5.81
22385,7,4,1.9,5.92
38266,1,3,4.2,6.15
8748,1,3,3.9,5.57
25181,1,1,5.3,5.69
4124,4,1,0.2,4.39
43758,5,3,4.0,3.03
16254,1,2,8.5,5.73
11107,2,2,6.3,6.35
49248,4,2,0.2,6.23
41929,7,1,7.9,3.81
42891,2,0,4.3,5.31
26909,5,3,3.2,4.56
34966,2,3,6.6,5.99
45944,2,0,5.8,5.21
48949,6,4,1.0,4.55
12560,0,3,9.8,4.53
40148,2,0,8.0,5.47
4006,2,1,3.5,4.66
15716,7,2,8.3,5.37
6437,0,1,8.2,5.94
18571,1,3,9.3,5.72
7716,0,2,0.7,6.41
23846,4,2,0.2,7.18
23649,7,0,4.3,7.2
48978,2,0,1.5,4.26
12195,6,2,4.1,4.85
30038,5,1,8.3,4.67
17452,4,3,3.6,5.2
37486,0,2,4.5,6.42
25348,0,3,9.0,4.13
10418,2,3,5.3,3.04
23238,4,4,9.9,5.46
40589,7,0,2.5,6.69
45330,4,4,8.5,4.64
5535,5,3,5.4,5.79
18989,1,0,6.4,4.53
27405,7,3,9.3,4.86
38373,5,4,0.9,3.46
24779,6,0,1.0,3.38
14619,7,2,6.0,4.78
18048,0,3,2.6,6.19
33546,5,0,0.4,5.01
15969,5,3,8.2,6.19
3484,6,3,2.4,5.08
42464,0,3,9.4,5.8
18287,1,3,1.5,4.67
45289,0,0,9.3,3.86
12808,1,1,8.2,3.14
14584,3,2,6.0,5.44
48413,1,3,5.5,6.2
38922,1,4,2.2,5.53
23985,3,0,7.2,4.62
9507,3,0,2.4,4.98
29119,0,4,8.5,6.21
12655,4,0,9.9,5.92
6235,2,3,5.2,6.01
11566,6,3,2.6,3.65
1074,6,2,8.0,5.54
3337,5,2,2.1,4.25
29145,1,3,3.0,3.6
13229,1,1,8.6,7.26
48048,3,4,6.4,3.66
17284,5,2,7.6,8.09
8121,1,0,5.8,4.56
37061,6,3,9.4,5.43
44557,4,2,8.3,6.59
17664,1,2,0.7,4.27
3853,7,3,5.5,5.2
27892,5,2,3.2,5.41
33456,4,3,2.1,3.65
5472,6,3,7.0,4.05
40650,3,0,6.8,2.73
16727,1,2,1.2,6.65
19716,4,2,8.8,4.45
8202,1,2,3.0,3.3
33662,3,3,0.9,4.9
35197,2,0,0.7,4.45
42141,1,3,9.8,6.07
24028,0,1,2.9,3.75
9603,6,3,8.4,3.92
44700,4,2,5.8,3.67
32521,7,3,0.3,7.04
17867,3,0,3.4,5.79
37800,5,2,9.9,4.71
16570,6,0,9.4,4.71
17410,0,2,6.1,5.44
31216,0,1,2.7,3.95
17964,5,1,9.6,5.49
26845,6,1,6.9,6.42
19438,7,0,0.6,4.49
49585,2,2,0.9,5.2
15419,1,0,4.1,5.04
17412,6,3,5.0,5.1
19414,7,2,0.9,3.76
48262,1,1,7.7,4.68
4227,2,0,0.9,4.73
26398,4,2,2.2,4.13
32707,2,0,1.3,4.02
41199,6,1,6.2,4.8
16961,4,4,2.1,4.47
39814,2,3,3.9,3.97
19598,2,1,8.3,5.29
40461,5,4,3.1,3.16
35949,3,1,2.9,3.11
4235,0,0,1.8,5.73
18959,1,3,2.0,3.56
42445,3,1,1.4,5.03
29317,7,4,0.7,4.93
24990,4,0,6.9,3.24
2719,6,3,7.9,3.39
1951,4,3,0.3,4.51
12066,4,0,2.7,4.23
5406,0,1,4.6,6.59
43443,6,4,6.9,4.91
37568,4,0,8.4,4.16
26906,2,4,4.1,6.04
24085,0,3,4.4,5.29
42138,6,4,9.9,5.67
26929,2,0,8.1,3.45
11091,6,0,5.6,6.06
25457,4,0,5.7,6.62
37814,2,2,9.1,5.91
35051,3,2,4.2,5.06
2187,2,2,9.5,3.84
44522,5,4,1.4,6.76
23463,1,3,8.5,1.42
8272,0,3,9.0,5.47
47201,1,0,0.7,5.13
38940,0,0,4.9,5.49
47619,5,1,3.5,5.67
4220,4,4,0.5,2.97
39485,3,2,5.1,5.19
17338,6,0,2.8,6.33
6573,7,2,2.8,3.8
8492,7,4,5.2,4.37
24974,5,4,4.8,4.29
1113,1,0,5.7,6.24
405,0,3,8.8,5.56
29654,0,1,6.4,3.23
32929,6,4,6.7,6.58
44846,7,4,0.5,5.03
24377,4,0,7.6,3.23
45880,7,0,4.7,5.72
173,3,3,9.3,5.67
1739,5,4,7.6,2.98
46101,7,0,0.9,3.85
28120,0,0,5.8,4.58
30903,1,3,8.4,4.39
23992,1,1,0.1,6.14
39118,6,3,4.5,5.07
41080,2,4,9.8,5.07
4528,1,0,9.2,3.61
40076,1,1,9.5,5.72
48144,2,3,4.1,5.99
41584,5,2,3.0,3.99
23472,0,4,9.2,3.68
8315,3,3,7.0,4.76
22632,5,0,0.3,4.39
1158,2,2,1.2,4.64
4981,4,0,0.8,4.56
45233,5,2,0.1,5.05
25340,4,0,8.5,5.3
44817,4,1,4.1,5.76
36966,0,4,1.6,4.54
18133,4,2,9.9,5.95
10942,4,1,5.4,4.64
41202,4,0,2.4,3.69
827,2,2,2.6,4.96
41679,2,2,6.4,5.87
36297,0,1,0.5,5.43
21515,1,4,6.0,4.73
22951,3,4,2.7,5.86
7428,0,0,6.8,6.14
31948,2,3,0.6,6.48
5008,1,0,1.4,6.89
27451,6,0,10.0,4.18
5332,6,1,1.8,4.98
33407,3,1,0.8,5.2
30299,6,1,9.1,4.63
16625,1,2,9.0,4.65
38681,7,3,5.4,4.71
3110,0,1,2.9,4.87
7397,0,4,4.7,5.16
27898,3,1,5.6,3.5
17185,7,3,2.9,6.01
39615,2,2,3.2,4.91
27023,0,1,2.7,3.97
18887,4,2,4.8,6.01
28004,4,4,9.6,6.87
48098,6,4,5.1,3.91
42372,3,0,1.8,5.17
32158,0,3,6.4,4.35
23512,2,2,3.5,5.31
24976,6,2,7.4,7.19
22359,1,0,2.2,4.85
49766,5,1,7.0,4.8
41289,1,0,5.4,7.46
9952,5,4,7.8,4.22
23154,6,1,5.3,6.58
37454,7,2,1.6,5.6
10545,3,1,6.3,3.61
20400,3,3,6.9,5.21
21034,1,1,5.7,4.73
46500,6,2,0.0,5.12
1838,6,0,2.0,4.34
13467,1,0,2.5,7.09
43897,4,0,9.9,4.63
22523,5,4,6.6,4.19
17794,3,4,4.0,6.22
24230,7,3,9.5,6.06
27273,3,0,0.6,5.68
14538,0,4,1.2,3.64
15798,7,1,1.2,5.62
15134,6,0,4.5,3.75
6945,1,1,8.9,5.4
38355,4,1,9.2,4.08
46487,0,4,0.9,2.6
14220,1,4,4.4,4.91
26758,4,0,4.7,6.49
2313,3,3,2.1,5.64
3233,3,1,5.8,4.79
28389,0,1,1.6,4.71
8520,4,1,1.1,3.31
3301,3,0,8.6,7.52
24340,3,2,4.3,5.17
10377,3,4,6.3,3.95
35435,3,2,3.6,3.36
10838,2,4,7.8,3.9
36891,4,4,3.1,6.12
3026,2,1,3.0,4.6
21588,1,1,1.2,2.9
27483,1,4,3.8,3.39
40524,6,2,6.0,3.43
32298,2,0,0.0,4.52
17113,4,4,6.0,2.53
44663,0,4,9.0,3.32
9652,0,0,4.1,3.21
1997,2,3,4.2,2.6
37006,7,0,3.8,5.23
41384,4,3,2.3,2.44
20900,3,2,4.0,5.07
5460,6,1,8.6,5.71
35944,2,1,7.6,4.48
34423,4,1,9.2,7.14
29297,4,0,2.0,6.67
29702,2,3,6.7,3.04
35466,6,3,1.7,4.6
30122,6,3,1.8,5.33
34079,6,1,5.3,5.08
20261,1,2,1.2,5.41
27031,2,1,8.1,2.32
14794,2,3,3.7,6.64
29635,4,1,9.2,6.74
30169,6,1,9.0,3.25
30220,2,2,8.0,3.95
37127,0,0,0.3,5.05
24931,0,2,3.2,4.12
8891,5,3,8.2,4.9
13335,5,3,5.1,4.09
24218,2,0,2.2,4.46
30744,1,2,6.1,6.01
5822,2,1,3.1,5.38
6022,1,3,9.0,3.55
5635,5,1,8.0,3.1
27380,0,4,4.2,6.29
38772,5,0,1.8,6.33
5680,6,3,5.0,6.58
27280,0,2,1.2,5.84
3474,0,0,4.0,5.9
42795,6,1,3.4,4.46
36908,1,1,3.8,6.53
31698,5,3,5.4,5.74
23002,7,1,2.8,5.38
23927,5,4,4.9,4.5
16817,6,0,0.6,4.4
30227,4,0,3.1,2.34
42177,3,1,9.4,5.78
5418,7,2,6.9,5.61
46255,0,0,0.0,7.18
10985,1,4,9.0,4.6
12421,6,2,6.4,1.46
33321,1,4,2.8,7.41
36651,4,1,9.8,5.17
43836,0,3,3.0,4.22
3242,5,3,8.9,4.45
20113,2,0,0.7,1.96
40622,7,1,7.3,6.08
24020,4,2,6.0,4.81
25225,0,2,8.7,3.38
23289,2,0,3.3,5.03
13976,2,4,5.6,6.31
27154,5,0,7.9,5.33
14339,5,0,7.2,3.23
16256,5,2,1.1,3.41
1412,3,2,6.0,4.25
9884,7,2,2.0,5.84
18144,3,4,5.7,6.69
26996,0,3,5.8,4.79
48913,1,0,9.8,3.48
46578,1,2,3.2,4.22
35521,1,2,6.3,5.79
3679,0,0,8.7,4.38
34815,2,3,1.5,5.95
49056,7,2,5.6,6.39
32434,6,1,4.0,5.74
28053,5,1,4.8,5.43
28948,0,3,4.6,6.79
48995,6,1,8.3,7.44
43624,3,2,1.3,3.02
2469,3,1,4.0,5.42
49933,3,2,4.9,4.8
10599,4,0,9.1,7.92
17942,6,4,1.1,6.3
20582,1,0,7.0,4.43
25447,2,4,3.9,5.66
20794,7,3,5.5,4.28
32905,4,1,2.5,5.79
2079,1,2,7.9,3.34
11252,1,2,3.4,4.34
19990,4,3,0.5,4.43
37390,7,1,4.6,6.23
44360,7,4,7.4,5.25
6130,3,1,6.3,5.25
36227,2,3,7.3,3.54
40536,7,0,1.4,4.49
17247,2,1,9.5,4.86
31066,7,2,4.2,4.61
38980,2,1,2.2,5.42
23033,2,3,6.2,4.29
12742,0,1,0.5,5.96
12268,6,3,3.3,2.8
20129,3,2,5.4,6.7
22305,1,1,3.5,4.9
20702,7,4,1.4,3.28
2091,1,3,0.6,4.26
12802,3,3,5.0,2.03
41201,0,4,4.0,6.94
20114,7,3,1.8,3.25
31308,6,0,7.7,4.59
4649,6,3,5.3,5.75
5188,4,3,8.6,5.42
12238,3,4,0.0,5.18
34793,5,1,8.5,4.63
28010,2,0,1.3,2.87
12513,2,1,3.9,4.72
13345,5,3,7.3,5.93
23674,5,1,3.1,5.38
24365,4,0,2.5,3.89
350,3,0,9.5,5.07
10058,5,2,6.1,5.41
32541,6,3,2.2,6.76
25513,3,3,5.7,5.43
38975,7,3,4.5,5.39
43012,1,3,7.9,6.61
3331,5,1,3.6,3.33
25228,4,4,4.8,5.48
45700,2,1,7.8,4.38
32223,1,3,8.7,4.75
18612,1,1,7.7,4.61
26480,6,0,1.0,4.29
42995,7,0,6.8,4.44
15512,2,4,9.3,4.9
13014,5,2,7.4,2.88
10182,2,4,1.3,3.86
16843,7,0,4.6,4.11
35886,5,4,5.7,4.37
9358,6,3,5.8,5.35
34061,7,0,8.6,3.63
21706,6,0,5.6,8.22
26567,2,2,3.9,5.27
30379,0,2,1.5,4.78
23101,2,3,9.8,2.87
21747,3,3,8.7,6.41
32804,4,2,4.0,3.33
7739,0,0,1.5,4.76
25413,4,1,3.1,6.78
38242,6,4,9.5,5.08
42224,2,3,5.5,2.6
2694,7,4,1.8,5.48
32547,4,1,7.1,3.46
6504,7,3,2.4,5.83
16947,5,1,1.3,5.95
19832,3,3,3.5,6.16
1402,5,0,8.0,4.89
5849,5,0,8.6,6.19
1979,5,2,3.1,5.93
19821,4,2,7.8,4.92
1045,5,4,2.0,3.54
14750,5,2,0.6,6.13
27573,3,1,9.5,3.35
4770,2,0,4.6,4.53
48255,4,2,7.7,5.32
41859,1,3,7.3,3.94
34771,0,0,0.1,3.07
1792,3,1,6.2,3.14
23746,5,0,2.4,4.29
21296,0,1,6.8,5.11
41591,6,1,7.9,7.57
25499,5,4,4.6,5.49
38400,0,2,5.3,6.47
22377,0,3,8.3,6.26
25772,6,2,6.5,5.04
48232,3,1,4.7,5.3
4437,4,0,4.4,6.56
20801,7,4,1.3,5.09
37867,3,1,4.7,6.7
39856,5,1,7.2,2.31
34399,4,3,6.6,4.28
13047,0,4,9.7,5.86
40806,3,2,9.3,4.67
34606,3,1,2.8,5.35
47139,7,2,7.2,4.66
17205,2,1,8.8,5.03
22352,6,0,1.1,7.11
16731,5,3,2.3,4.36
4847,2,0,5.2,6.6
46409,0,1,6.2,4.59
9037,2,1,1.0,6.62
23980,7,4,7.2,6.66
39095,5,1,8.2,5.2
34143,4,1,8.3,3.7
14154,7,3,5.5,5.19
3094,5,2,7.4,4.81
35655,2,3,8.0,4.13
45719,6,1,0.3,6.18
40984,1,4,4.4,5.96
44877,7,0,2.0,3.86
14260,5,4,4.9,5.04
49054,6,3,6.4,4.81
9138,6,3,3.2,5.69
15014,5,4,1.1,4.82
43955,1,1,4.2,4.42
32233,2,1,1.8,4.46
24463,2,1,3.0,6.05
36141,4,2,1.5,6.09
44376,4,0,0.2,7.14
34296,4,1,5.4,5.13
49879,4,1,7.6,6.35
26448,4,4,2.1,5.08
46115,1,4,2.5,5.16
35948,0,1,9.4,4.0
722,1,1,6.4,3.91
20516,1,4,4.3,5.5
19141,2,2,7.7,4.22
4108,1,2,9.1,4.47
17941,0,0,9.6,1.91
2899,7,2,3.3,4.35
8162,5,2,8.8,3.31
33874,5,3,9.6,6.13
46114,7,1,0.2,3.7
6382,1,1,3.5,4.42
27371,7,0,8.5,5.77
23262,4,3,2.0,5.06
2268,7,3,1.9,5.07
11691,2,3,7.7,5.12
34227,2,3,6.1,3.5
33833,5,2,1.9,4.35
44214,1,4,5.0,4.24
7890,2,3,8.8,4.25
3799,7,4,3.0,8.2
2041,4,3,0.5,3.79
16559,4,4,3.9,5.01
39178,2,2,2.0,5.02
29303,7,4,4.3,4.51
28520,2,4,9.7,6.25
19216,7,0,9.5,3.92
7823,0,4,6.4,2.17
36041,3,3,7.9,5.44
6166,7,3,9.6,5.16
40164,2,3,9.7,4.65
42190,0,3,1.7,3.29
35142,7,4,2.6,6.14
9770,5,3,9.5,4.92
38786,1,3,0.7,5.41
45169,1,1,0.6,4.81
11873,0,4,4.3,5.53
21058,5,4,6.6,3.11
37566,0,3,4.8,1.8
32772,2,4,9.6,5.45
46117,2,2,4.2,4.72
12584,7,4,9.5,7.25
40187,7,0,6.9,4.02
15179,6,4,4.5,6.87
5247,3,0,5.8,4.6
14347,4,2,9.5,3.41
21187,0,0,4.9,5.51
49158,4,0,2.9,4.37
13217,4,1,4.1,3.83
26871,0,3,3.2,3.19
46974,3,2,1.0,4.95
1172,1,0,9.1,5.0
30236,6,0,1.5,7.87
26700,6,0,3.1,4.01
18429,6,4,6.0,4.33
44505,7,1,9.3,3.56
42732,5,3,2.4,4.82
7054,0,0,1.7,5.76
17572,5,4,9.1,4.97
3078,7,1,3.9,6.36
28095,3,1,0.4,6.45
14796,6,3,9.2,4.59
41622,1,1,9.8,5.17
38105,3,1,0.6,6.86
44544,5,2,1.7,7.85
42143,4,1,9.7,6.36
20894,0,3,6.4,4.84
25419,5,4,7.8,6.99
39742,2,0,3.3,4.53
27575,5,2,1.6,3.98
44917,6,0,3.2,4.47
21381,6,2,8.8,6.35
34485,3,0,3.4,4.11
2980,1,2,3.1,6.32
3198,6,4,3.7,6.51
30924,2,0,0.8,6.41
44242,1,0,0.8,3.25
20657,2,0,6.7,3.67
16397,1,4,7.8,6.45
42029,1,2,3.2,6.37
9335,2,0,4.4,5.7
13039,4,1,2.7,4.99
47835,2,2,7.5,6.08
38199,6,4,5.8,4.99
4688,6,3,1.9,3.75
21013,5,4,9.3,4.07
49547,0,2,8.7,6.15
28658,6,3,7.7,5.08
3788,0,0,3.3,5.79
23658,3,3,3.1,4.9
44161,5,4,3.4,4.31
31955,6,2,6.8,3.65
36418,1,4,5.2,5.57
47219,5,3,7.0,6.32
21821,7,2,9.8,5.43
44206,2,0,0.3,4.1
48549,1,0,5.8,6.18
12104,6,3,4.1,2.62
24515,3,2,9.2,4.12
7157,5,4,5.6,2.5
5521,0,2,3.5,4.59
652,2,4,0.6,5.51
25585,6,2,9.5,4.79
10569,7,2,4.7,8.09
26856,6,2,4.5,6.32
8351,7,0,6.0,6.44
45056,4,0,1.3,4.4
14166,3,2,5.4,4.13
29410,7,1,5.8,5.2
37309,0,0,9.3,5.11
2495,1,1,8.9,3.75
26481,2,0,4.9,3.61
44159,7,2,1.5,5.9
43661,0,4,2.2,6.76
34489,2,4,6.7,5.67
10650,0,1,7.8,1.83
33771,4,4,8.4,4.57
2282,7,2,5.3,5.09
16495,3,3,9.0,4.43
22819,7,2,4.9,6.19
8286,0,2,8.0,4.06
31870,4,2,2.2,2.07
10089,6,4,6.7,6.73
23844,7,1,2.7,5.32
21834,1,4,3.9,4.05
10537,5,2,2.9,5.78
41770,5,3,9.3,4.82
41661,4,4,3.9,3.68
35609,5,0,3.0,6.97
31013,3,1,6.4,4.67
27052,5,4,3.5,6.16
24966,0,2,2.0,5.28
6647,2,3,6.4,4.71
34942,7,3,8.5,2.73
48162,2,3,7.4,6.38
5380,3,1,2.9,5.19
6627,1,4,4.5,4.79
9454,1,1,5.0,3.52
35608,4,1,4.5,5.79
22172,7,4,9.6,5.39
23932,5,2,6.5,6.35
42923,1,4,0.9,6.48
14788,1,0,7.4,5.39
583,5,4,4.4,5.49
24457,1,3,4.1,5.03
49562,2,4,9.5,5.16
25325,5,0,8.6,3.66
20119,5,2,2.1,4.92
6522,3,3,3.1,4.55
41050,2,3,3.6,4.11
34145,2,0,0.5,6.11
43353,4,2,7.0,4.48
31504,4,0,9.8,4.98
6004,1,0,2.1,4.77
21035,2,0,0.9,4.52
45018,3,0,4.2,4.05
4841,1,3,5.5,4.43
39447,2,1,7.0,3.76
35558,4,1,7.7,4.12
2726,5,0,4.7,6.7
24818,6,3,9.2,5.98
19656,1,1,0.6,4.57
14359,4,4,0.4,5.22
10395,7,3,0.8,5.85
27853,6,4,2.4,6.12
41099,2,2,1.8,6.75
22128,2,4,2.4,2.62
1037,6,4,7.9,2.93
13099,5,1,4.3,3.87
30621,2,2,4.9,4.88
44702,0,2,7.9,5.11
15102,3,2,0.2,4.81
14646,0,1,8.8,6.16
21907,3,0,6.0,5.24
39071,3,2,8.9,5.92
41891,0,1,5.3,6.09
37178,0,4,5.5,5.88
46840,1,2,4.6,5.55
4068,1,0,0.7,6.73
12049,6,4,7.3,4.75
39373,7,2,6.7,4.44
41627,3,1,0.9,5.66
46754,2,2,0.1,4.95
25794,4,2,7.6,6.52
11046,4,1,4.5,4.19
44888,5,2,6.6,6.14
47945,4,4,6.8,4.36
7363,2,3,6.5,3.33
9752,1,3,5.9,5.73
28594,5,0,5.2,3.96
1252,5,0,5.8,5.45
28956,2,1,6.2,5.61
17935,7,2,2.0,7.21
39356,7,4,2.4,6.71
6279,0,3,10.0,5.45
18537,6,0,3.5,5.26
36328,4,2,4.7,4.19
8460,6,0,8.1,3.6
5050,7,2,6.2,3.47
4811,5,1,3.7,6.01
23277,2,1,7.3,3.65
39913,5,2,9.9,5.46
3859,0,4,2.4,3.4
45843,1,4,2.1,8.08
10015,5,2,8.7,4.75
43489,5,0,4.8,4.32
10874,6,2,6.8,5.19
32300,7,3,6.8,6.49
9708,5,4,2.7,6.19
28447,3,4,6.1,5.96
3252,4,2,3.4,5.22
34889,7,3,7.4,3.5
37591,4,3,0.1,5.56
1217,4,0,5.3,4.13
39054,7,1,9.9,6.5
40586,1,4,8.2,3.41
34796,6,0,2.6,5.82
10825,0,1,7.5,3.87
28361,3,4,2.9,6.22
11367,2,4,4.6,3.54
4588,0,3,9.0,3.34
29089,4,4,1.5,4.57
3377,2,1,7.2,4.92
24221,6,0,5.2,8.17
32403,7,2,6.5,5.66
4834,0,4,1.6,3.0
34394,4,3,4.0,7.88
31108,4,3,0.6,4.71
2865,2,4,5.4,3.48
22847,3,4,3.7,6.28
10200,3,1,6.0,7.26
47483,4,2,2.0,5.2
41596,2,4,5.7,5.71
44913,1,1,8.7,5.41
28164,7,4,4.5,4.23
44523,7,3,6.3,4.91
8720,2,1,0.1,5.91
6121,1,3,2.3,4.16
9125,5,0,0.8,5.03
19196,6,2,4.9,4.39
38265,1,1,2.9,4.82
42538,3,2,4.0,6.18
9379,3,0,7.8,6.03
48828,2,2,3.9,7.87
31769,6,4,6.2,3.35
14410,7,4,8.9,6.33
24957,4,3,6.9,5.62
48066,4,1,2.4,4.63
42701,7,3,6.8,6.33
19870,2,2,7.3,3.34
43144,5,2,5.9,6.65
39221,1,3,0.4,3.29
11878,2,1,9.4,5.15
37662,2,4,1.0,5.77
8820,7,2,2.4,5.65
9558,2,4,2.5,5.05
20095,4,0,5.1,6.7
26499,7,3,2.9,4.29
13672,2,1,1.4,5.99
35059,5,1,6.3,4.36
28484,6,0,6.1,6.58
22388,0,3,9.8,5.26
19763,4,3,5.0,4.21
46303,6,0,6.6,6.26
14912,4,1,8.9,5.43
41699,3,1,3.6,5.19
17518,4,0,8.6,4.22
8890,4,1,8.4,4.65
874,6,0,8.3,7.51
6778,2,1,4.3,4.55
24388,0,0,9.9,4.62
44200,4,1,7.3,5.49
33320,6,4,4.1,3.9
4637,2,4,0.4,4.47
2097,4,0,2.8,6.88
19120,0,2,4.8,6.01
42075,1,1,7.5,6.41
49665,1,1,0.8,4.6
17900,3,0,7.2,6.02
43158,6,0,8.4,3.99
24284,4,2,4.8,5.28
8091,4,0,0.0,4.06
49626,2,4,4.6,3.38
24970,7,3,7.7,4.09
8096,0,1,9.8,2.87
33763,4,1,8.5,5.14
45877,6,2,5.1,6.05
47487,5,4,1.7,3.82
49314,5,2,1.5,4.97
25588,5,3,5.0,4.55
44380,2,1,1.2,6.49
13464,5,2,4.9,2.53
40658,3,2,0.2,3.11
43731,6,1,6.2,4.07
43006,1,0,4.6,3.46
9588,7,4,7.5,3.44
18596,5,3,7.7,3.14
11509,0,1,0.2,5.41
12768,3,1,8.4,4.49
20613,2,4,5.0,5.69
9940,5,0,2.1,7.62
20264,4,0,9.0,4.97
48681,4,2,3.4,6.57
22433,4,0,5.9,2.62
15390,5,2,8.2,6.47
18234,0,0,8.2,2.64
24916,4,1,4.8,5.14
47375,1,1,0.4,5.39
22384,2,2,2.7,4.56
17545,3,3,9.8,4.53
11745,2,1,9.8,4.1
1621,7,0,5.7,5.4
38047,5,2,0.5,4.98
49368,7,3,0.3,6.91
2508,3,1,4.6,4.86
27340,7,4,1.9,4.51
3870,6,1,1.7,4.07
9735,7,0,9.1,6.77
21165,3,3,4.2,4.77
20005,3,4,4.5,4.32
47127,3,4,9.5,5.99
9402,6,3,1.7,5.25
6474,7,2,8.8,3.67
5778,0,3,4.1,4.87
37824,3,3,3.7,3.43
26686,7,2,0.3,2.63
21806,6,4,9.0,4.18
49030,3,0,4.7,5.41
48208,0,3,4.4,3.09
24073,0,0,8.1,3.41
45221,0,4,8.0,4.27
48544,3,1,5.3,6.36
16924,4,1,3.2,5.43
19128,6,0,7.4,5.38
18161,3,1,4.7,4.35
166,7,4,6.0,2.21
23606,0,1,3.1,2.01
38817,6,0,3.7,4.84
28295,1,1,8.0,5.26
46491,2,4,0.5,4.16
19964,0,2,3.6,4.5
27674,0,1,5.6,4.65
41723,7,1,3.3,4.31
17508,3,3,1.5,2.97
2123,5,0,2.1,3.74
7159,4,4,1.4,3.39
9151,6,0,2.3,6.47
16421,5,1,4.2,3.05
43595,1,1,0.6,3.42
44657,3,0,3.3,2.77
3465,0,0,8.0,3.56
40612,4,2,5.7,3.29
11325,6,3,1.6,6.12
36467,0,4,9.4,6.21
4400,6,2,1.4,6.69
8079,7,1,1.6,3.6
9619,3,3,2.2,4.74
43707,3,0,8.1,6.5
4465,2,4,4.7,4.45
1582,7,1,1.8,4.14
39523,3,3,5.4,5.22
6713,2,4,7.8,5.33
43232,2,2,1.1,4.37
13705,5,0,4.4,6.06
8710,6,1,7.6,5.18
25885,2,2,6.7,3.85
1459,1,2,6.2,4.26
9850,3,1,7.2,5.15
32281,6,2,7.4,5.98
47551,5,2,9.4,7.07
22658,1,3,4.1,5.79
30009,2,2,9.4,2.57
18297,6,0,1.3,5.57
39833,6,4,0.7,4.2
41938,7,0,1.3,6.88
6443,5,1,5.2,6.04
21507,0,2,8.7,3.96
10373,2,0,7.8,5.14
43766,5,0,5.4,5.5
8008,2,0,4.4,4.12
46211,0,3,9.5,4.65
14178,1,4,1.5,4.2
47711,0,1,5.3,5.11
5070,6,3,7.9,4.27
46086,3,1,7.4,4.51
5475,2,1,2.6,3.07
11572,3,0,7.9,3.62
4133,7,1,9.1,6.29
26208,0,1,4.5,7.1
32780,1,3,7.7,4.55
6014,6,1,7.8,4.95
7553,4,4,6.4,3.91
21679,0,4,1.7,6.52
28318,2,2,7.8,4.5
33853,7,0,5.9,3.4
6201,6,4,8.2,5.17
48351,6,4,7.5,4.81
38784,2,4,2.5,4.48
18659,7,1,4.5,5.39
18759,3,2,10.0,5.29
33002,1,0,1.1,6.53
44726,7,4,5.8,5.31
42854,2,1,4.4,6.46
16735,0,2,9.4,7.61
46673,5,1,5.9,4.77
32020,3,4,6.1,4.31
8660,5,2,1.9,4.84
41040,7,1,6.7,3.9
43771,7,4,9.7,5.02
40787,6,2,9.4,4.75
16803,5,3,6.7,5.51
10095,6,3,9.3,4.56
3727,6,3,4.4,5.8
13722,6,1,5.3,6.73
23925,4,3,0.1,4.52
19996,4,3,6.6,5.44
4354,4,1,0.7,3.65
13448,7,0,8.6,4.92
13066,6,4,2.2,5.57
42614,4,2,4.8,5.69
6069,5,0,4.9,3.72
29542,2,3,4.6,6.88
34524,3,4,0.2,3.21
46697,4,3,0.1,6.99
19351,7,3,8.7,5.09
8957,4,3,9.1,4.59
4938,0,1,6.0,3.22
41413,4,4,3.2,4.09
30058,2,0,4.3,4.79
24636,7,0,5.6,5.05
23626,6,2,7.2,3.62
26946,6,2,2.7,4.59
40217,5,0,3.1,5.53
7170,6,4,7.5,2.98
13746,3,0,8.5,5.04
758,3,0,3.1,4.77
14931,3,0,9.6,3.34
41194,2,2,2.2,6.21
19522,7,1,7.6,3.2
44949,1,2,1.3,4.14
44470,5,1,9.3,4.84
29603,5,2,0.3,5.0
11630,7,4,0.4,4.82
45207,0,3,8.9,3.57
47057,1,0,1.2,4.79
4302,4,4,3.6,2.81
8416,2,4,1.2,5.76
41405,1,0,4.0,5.59
9532,6,0,8.0,4.52
32458,5,3,8.0,6.62
26114,0,2,4.1,5.95
33445,1,4,9.3,5.89
13802,0,3,0.0,5.22
27786,4,4,8.3,6.6
24877,4,0,6.5,5.51
28748,7,0,2.6,2.98
8587,3,1,7.6,5.35
1981,6,2,9.7,4.73
6904,2,2,8.2,6.02
27997,1,3,7.5,5.01
18141,3,2,0.9,5.07
35690,2,4,6.9,5.87
17112,7,1,8.9,4.07
30241,5,2,7.6,5.58
11413,2,0,3.0,4.78
33626,3,1,1.6,4.06
49861,5,1,9.7,2.65
32257,2,4,8.4,4.23
19695,5,4,7.6,5.82
48323,3,0,1.7,6.6
30817,7,2,3.1,4.02
7977,6,3,6.1,4.68
22698,7,3,5.9,5.91
18817,6,2,3.4,2.73
7200,3,3,6.2,6.79
39732,5,3,0.8,3.98
26047,4,1,10.0,4.37
40185,1,4,3.3,3.87
20642,7,1,2.5,6.18
41876,6,3,4.8,4.34
47683,2,0,2.2,5.18
33630,7,3,7.8,4.65
9036,2,1,7.0,4.35
21924,2,4,9.9,3.98
47911,1,4,1.0,6.3
12940,3,0,7.4,4.72
21227,2,4,2.8,5.48
31326,7,0,4.9,4.56
3769,7,0,4.9,3.82
32344,0,4,7.5,5.5
43913,4,2,7.0,4.0
44806,0,4,4.8,5.03
39384,1,4,9.7,4.52
6739,4,1,7.5,5.49
20334,7,1,5.5,3.2
9246,3,1,4.0,4.84
43348,0,3,1.0,5.37
24301,6,0,3.0,4.23
18779,7,3,3.5,4.25
5833,7,4,9.8,3.93
21277,4,3,3.8,5.49
37547,5,1,3.4,3.72
42541,0,1,8.1,4.79
6554,2,4,5.2,4.59
30800,5,4,1.0,3.27
10115,6,3,1.9,6.09
36649,1,1,8.7,5.4
6565,3,4,1.8,4.79
38890,1,4,0.9,3.99
22126,4,1,1.2,2.85
28172,2,4,2.2,5.18
39360,7,2,9.8,2.85
10131,1,4,9.7,6.06
23937,3,4,7.0,6.24
22325,0,4,6.9,5.32
37958,5,1,5.3,4.97
29330,2,0,3.5,3.71
36604,2,1,4.5,5.95
36083,5,1,7.8,6.08
42275,2,0,4.8,3.61
21420,6,2,7.9,3.39
39976,2,1,7.1,6.01
49358,2,4,5.0,6.04
25952,2,0,0.2,7.18
32284,2,3,2.6,4.3
45890,3,4,7.3,3.77
6769,5,3,2.8,6.16
19081,5,3,0.5,3.68
22218,7,0,1.8,6.57
2834,6,1,7.4,2.09
41505,6,1,2.1,4.85
49718,4,0,4.5,7.16
18121,4,1,1.3,5.69
4944,3,1,2.3,1.78
28369,6,4,4.5,3.78
37623,7,0,2.4,5.4
8967,6,2,0.5,7.11
32999,2,2,7.7,2.09
42842,2,2,5.8,3.66
36773,1,4,9.9,6.35
8853,2,0,4.9,5.21
14692,4,3,4.7,4.92
23957,3,4,3.0,3.54
33135,5,1,2.4,4.05
17761,1,0,3.4,4.98
36689,0,2,9.5,4.39
1038,3,2,3.1,6.15
1067,2,4,8.8,3.79
42542,3,0,2.8,4.15
9592,7,4,6.9,4.53
22398,1,4,4.2,6.78
27836,2,1,4.4,7.05
11173,4,3,6.7,4.07
23833,6,3,6.2,4.65
45457,6,3,8.6,3.13
22277,2,2,3.0,3.94
12978,5,3,4.6,4.3
35105,2,4,4.7,8.1
42630,2,1,1.9,5.03
31508,7,2,5.7,6.57
25162,1,4,5.5,6.52
10510,7,2,0.1,5.31
4788,6,3,9.7,4.77
34153,2,0,7.2,3.68
14647,5,0,1.1,5.53
5482,2,0,7.4,6.94
33136,4,3,0.6,3.18
12789,6,3,1.7,7.6
1170,1,4,8.6,7.36
12344,1,3,4.7,5.5
29350,0,1,4.8,6.21
37424,4,4,5.5,2.73
33054,5,3,2.4,4.94
22397,6,1,5.5,5.43
29214,3,1,6.7,5.88
1001,5,1,6.9,6.28
31155,5,4,0.5,5.81
38477,6,4,7.4,4.95
26306,0,4,9.9,4.59
29703,1,4,2.7,3.53
45226,6,3,0.1,4.57
25276,5,3,3.9,5.43
19399,3,3,6.1,5.79
14344,6,2,8.1,5.27
46357,1,0,8.1,4.18
25603,6,0,6.5,5.15
10516,5,4,7.2,3.49
8924,5,2,8.5,4.54
13608,7,0,4.2,4.71
31483,6,3,3.3,5.26
19499,1,0,4.6,3.69
36612,7,3,4.9,4.93
46828,6,4,9.1,6.04
47063,7,3,6.0,4.15
3545,0,2,7.1,4.8
267,0,4,2.2,3.21
47011,3,0,3.7,4.86
40727,0,2,0.8,4.84
20553,0,4,6.4,5.08
46494,7,0,0.5,6.17
39581,1,0,3.1,5.4
22765,2,3,0.8,7.07
21636,1,0,7.4,3.74
16278,2,3,9.0,2.57
31822,5,1,0.6,6.12
20360,1,4,0.0,5.16
15934,1,1,6.0,3.72
33608,0,4,3.9,5.16
13497,6,2,0.7,4.88
39338,4,0,7.5,4.05
39686,5,2,2.7,5.78
43087,3,1,5.3,3.01
17852,0,4,3.6,6.38
23110,4,4,2.5,2.65
2375,3,2,1.6,6.05
15747,6,3,8.5,4.87
12701,2,0,5.8,4.81
28239,7,3,5.1,4.62
10050,3,0,6.1,5.44
6026,4,4,1.6,4.49
30977,4,0,6.4,6.14
26959,0,1,0.7,5.4
31042,1,0,7.7,5.03
32601,1,2,6.1,4.78
44775,7,1,1.3,6.51
48853,3,3,5.1,4.63
21174,0,1,8.6,6.11
15095,4,1,0.3,4.37
48079,7,0,2.1,5.75
8498,7,3,4.6,7.67
40063,2,0,3.2,6.51
48492,0,0,1.2,3.67
16071,3,2,1.0,5.86
25487,7,4,6.2,5.32
21422,0,0,5.5,4.52
17092,5,2,9.8,4.39
29981,0,4,1.0,3.54
47951,5,2,3.9,3.09
10181,0,3,6.7,6.45
5612,4,4,2.4,4.8
26712,0,4,1.8,3.06
2019,3,4,4.7,5.34
29536,1,0,6.6,6.03
36150,4,0,8.5,5.83
25279,4,2,6.8,2.41
232,6,1,2.9,6.86
46468,1,0,6.9,5.4
34821,1,2,9.7,5.94
18702,3,1,5.4,5.36
17308,1,2,7.9,4.48
27226,5,1,3.1,4.6
30375,3,3,5.0,4.78
5774,7,1,7.7,5.41
9413,0,0,4.8,3.36
46987,7,4,7.5,4.62
17604,3,4,5.0,5.83
45946,7,4,6.2,5.08
15948,7,4,9.7,5.92
20007,3,1,9.6,4.45
12752,6,2,5.0,6.78
25396,2,3,7.2,3.12
49149,2,0,4.4,3.45
33156,3,4,7.1,4.35
24091,4,1,2.8,3.68
37037,6,0,5.1,3.34
8267,0,3,7.0,5.1
41888,4,1,5.7,3.75
20813,4,3,6.2,5.28
3866,0,0,6.7,4.59
3057,0,3,9.4,5.94
34353,6,3,9.6,4.91
41817,6,0,6.2,3.09
24177,3,3,5.8,4.44
7723,5,3,2.5,4.05
23049,6,4,7.6,4.79
11520,5,0,1.6,7.9
47586,4,1,0.4,7.21
20374,7,0,2.7,6.3
18499,3,1,6.6,5.91
8687,7,2,1.6,4.55
46178,0,2,3.6,6.23
2588,2,2,2.6,5.82
16642,3,0,5.9,4.99
38273,2,0,7.4,4.41
39387,4,3,4.8,4.15
45147,6,0,2.7,6.76
41784,4,0,2.6,4.33
11480,3,2,6.1,6.07
11499,4,4,4.6,5.6
45624,2,3,5.4,3.76
33620,3,4,0.1,4.94
9847,3,3,5.9,6.32
24714,6,0,3.7,5.33
29558,1,3,4.8,3.37
4071,1,1,1.2,3.65
40186,2,4,3.7,3.42
42720,3,2,7.2,5.51
15527,1,0,1.7,6.44
30578,1,3,9.8,1.92
16674,2,1,2.6,3.56
36783,7,1,8.5,3.67
10586,2,2,7.1,4.86
20556,2,0,3.6,4.96
32176,1,3,0.3,4.25
180,2,4,1.6,5.53
34803,5,1,6.1,3.89
4314,4,1,8.7,3.91
15847,0,4,5.8,8.21
24623,3,0,5.4,5.09
37334,1,3,3.0,5.35
16414,2,3,2.5,2.36
24765,6,3,0.3,6.0
25914,5,4,8.5,5.75
38571,4,1,2.6,3.34
42356,3,4,9.4,3.52
45592,7,4,5.3,7.62
49452,6,4,3.2,3.88
43259,3,4,0.1,6.18
21740,3,3,6.7,6.15
47187,0,1,7.4,6.18
35070,4,3,2.4,5.99
45225,6,4,8.1,5.28
39909,2,2,4.1,4.69
46034,6,3,3.7,6.98
7617,0,0,2.8,3.75
20696,5,3,1.6,3.99
13166,2,0,1.8,6.16
20972,3,0,5.9,4.36
8549,5,0,9.1,5.24
30551,7,4,8.4,5.04
39827,3,0,8.9,4.46
31401,4,1,0.7,5.21
42028,5,0,9.0,4.28
5303,0,3,4.2,5.62
26543,3,0,9.7,5.61
12367,2,0,4.0,5.83
21870,2,1,0.2,6.5
10815,5,2,2.6,5.23
26225,2,1,6.7,5.98
19983,6,4,2.2,4.65
6282,0,1,2.8,3.78
37039,2,2,1.4,5.47
48386,7,4,6.4,4.54
19113,2,4,0.8,6.66
19125,7,4,1.0,6.59
43511,1,3,5.0,2.54
29452,3,0,7.0,4.64
327,1,3,7.4,4.25
31174,3,0,8.4,5.7
43200,4,3,6.5,5.08
14891,1,1,0.2,6.94
30888,7,1,6.4,3.94
14812,2,3,8.0,2.92
31899,4,1,6.2,4.1
28873,6,3,6.5,4.41
35200,4,1,1.6,1.84
29745,0,4,2.6,5.49
5986,4,1,7.4,5.56
29725,7,2,1.8,4.42
35370,2,1,2.0,4.41
6102,0,3,9.3,4.26
28994,5,0,8.6,5.53
14170,6,3,7.4,6.61
20468,6,1,8.3,3.43
12043,6,0,7.6,5.29
40776,0,4,8.1,3.52
30013,5,3,9.8,3.85
20017,4,2,6.3,3.84
10113,6,4,9.4,7.18
17687,1,1,6.9,4.16
16112,5,4,6.4,5.29
47906,3,4,9.9,5.53
28726,2,4,7.4,3.14
1441,5,4,0.7,3.78
31456,7,3,2.1,2.91
27422,0,3,2.3,5.49
1276,6,1,1.9,6.84
34483,0,2,2.8,5.93
4100,1,1,8.1,4.53
11404,6,3,0.3,5.47
17952,6,0,2.0,5.34
24809,2,4,0.4,4.74
34527,6,4,7.3,6.01
33345,7,2,6.3,5.03
799,4,0,4.6,4.01
44236,2,4,1.5,4.39
21228,4,4,7.1,5.69
10263,6,0,3.0,6.1
32890,1,1,7.3,6.34
11633,3,0,0.0,2.81
36658,5,4,5.8,4.08
36449,0,3,3.2,4.63
21622,2,2,10.0,4.63
43577,2,1,3.6,5.12
32182,7,0,3.8,4.38
17912,4,4,5.9,5.75
43519,2,2,8.5,4.48
16188,5,0,2.2,6.98
39878,5,4,2.9,5.98
19992,0,3,3.9,6.06
20376,2,0,6.5,4.78
43496,1,3,3.4,6.0
20307,1,2,8.4,3.16
16100,6,1,1.0,4.65
37676,5,0,2.8,4.08
14400,1,2,4.8,4.35
30229,5,0,7.7,2.9
41106,5,0,5.6,4.82
8386,0,1,6.0,5.7
14092,7,1,5.9,3.57
18312,2,3,9.7,4.73
32865,5,3,3.3,3.99
10743,2,1,7.0,5.56
20432,6,3,5.0,5.12
22303,4,4,7.2,4.24
12112,1,1,1.9,5.5
28890,3,2,2.6,4.97
10987,3,2,4.3,7.68
36469,4,3,9.5,7.48
6230,0,4,0.1,6.58
23010,3,1,3.2,6.34
31543,7,1,3.8,5.3
25134,6,4,1.7,4.99
49795,0,3,8.5,4.19
28966,6,1,7.6,6.32
15571,4,4,5.1,3.97
31,0,3,9.8,3.74
14720,3,3,6.9,4.16
39486,5,2,2.9,7.53
6956,0,1,2.4,3.61
43173,6,2,9.6,6.47
18654,5,4,4.4,6.43
34830,2,0,9.5,5.1
33158,7,0,2.9,5.19
9754,0,0,9.7,3.81
37187,6,4,7.5,3.86
38588,0,2,1.1,7.58
43698,3,4,4.1,5.77
16474,3,1,8.5,5.28
20063,4,2,2.2,6.38
38627,7,3,4.8,3.17
38584,2,4,8.0,3.09
15634,3,2,7.0,5.26
6467,5,2,7.5,6.4
15978,0,1,1.2,5.18
6617,3,4,6.9,5.67
8755,2,1,4.2,5.83
36309,5,3,6.2,4.51
1465,4,1,8.6,3.59
32488,2,4,3.6,4.73
34221,4,2,7.4,5.88
36542,4,4,7.5,4.29
26004,7,0,9.3,6.47
14936,1,3,9.7,4.78
37927,7,0,5.5,5.35
1437,3,3,9.9,4.18
32226,4,1,5.5,5.61
19026,0,3,9.5,5.77
44478,4,2,2.4,6.44
15790,6,1,0.7,4.94
15266,3,1,8.9,5.12
42034,1,2,5.0,6.82
45350,5,3,6.4,2.85
20555,0,4,6.2,5.99
12207,7,2,9.5,5.39
13072,7,1,1.2,4.67
13758,3,1,0.3,5.14
12801,4,1,3.2,2.92
28704,6,3,2.8,5.83
34465,0,1,4.2,4.7
21983,0,1,7.3,5.13
30674,6,2,0.7,4.32
48876,6,3,0.0,6.17
32017,5,4,3.4,4.71
9199,6,2,5.1,5.47
6131,5,1,6.1,7.3
3616,1,4,3.1,5.71
19203,7,1,4.8,3.4
49489,6,4,0.0,1.77
48777,3,1,0.9,7.67
28182,3,0,9.3,6.73
43675,2,4,6.2,5.09
30449,6,2,8.5,3.71
23677,7,1,8.2,5.92
22192,5,1,6.3,5.04
16651,1,2,5.1,5.39
21375,2,4,4.8,6.43
29321,5,0,1.4,6.66
14045,1,2,4.7,3.45
15287,2,3,4.5,4.25
15583,7,3,8.9,2.22
25729,2,3,0.9,2.65
22862,0,1,7.2,2.37
17166,3,3,2.5,3.75
4187,4,3,8.3,6.23
36204,0,0,5.0,2.61
36259,5,0,2.7,5.6
10371,3,4,9.5,5.0
6780,2,1,3.5,5.75
21906,3,0,8.3,3.98
26581,6,0,0.4,3.7
34476,7,4,0.3,5.37
9213,0,2,6.5,5.41
31281,4,2,2.5,5.23
17362,2,3,0.2,4.74
20056,0,2,1.9,4.89
38095,3,0,8.1,6.35
9777,4,4,2.6,6.21
18018,0,3,2.3,4.42
47754,6,4,7.0,5.4
44419,1,4,2.7,4.22
32445,7,3,6.8,3.88
31437,0,4,9.2,4.17
12626,5,4,1.3,4.9
46324,0,1,1.1,5.03
13439,7,0,0.9,3.32
33514,4,2,3.7,5.5
19238,2,4,1.0,4.94
35078,6,3,0.7,4.27
21705,3,0,0.8,3.06
35054,3,4,6.8,6.52
4614,2,0,3.3,6.7
21196,2,3,8.6,3.76
40721,7,2,3.7,3.28
35613,1,0,2.8,2.45
48812,5,2,1.6,4.89
41414,2,0,1.2,4.99
20340,0,4,6.4,4.8
15917,0,2,3.6,4.21
35996,3,1,3.3,4.82
48599,1,0,1.9,5.05
39603,0,0,0.1,3.3
34256,3,1,7.5,2.09
31427,6,4,7.8,4.09
38279,2,3,5.4,3.5
37932,7,3,6.9,2.49
46787,2,2,6.5,6.72
13910,0,0,2.3,5.64
47276,5,0,2.0,3.93
47101,6,2,7.1,4.64
11752,7,0,8.0,3.51
41249,1,1,2.6,4.12
43004,1,3,7.0,7.38
16328,3,3,0.6,4.24
20836,4,4,8.9,5.53
8236,3,1,9.6,4.94
2077,1,4,6.0,4.34
9542,4,3,7.3,4.83
21264,0,4,5.5,6.42
35616,7,1,5.2,5.17
1149,3,4,9.5,6.36
47328,7,2,0.1,5.22
1880,1,3,6.0,2.51
16053,3,4,6.1,5.75
36078,0,0,9.9,3.85
22641,4,2,1.3,4.84
16404,1,1,9.6,3.72
36156,3,1,2.7,6.88
38456,2,4,2.5,5.47
29494,0,0,3.6,4.7
34191,0,3,9.1,4.96
32478,4,0,1.3,5.12
2303,1,1,3.5,4.09
30306,6,1,8.0,5.78
3574,5,0,9.8,5.93
34280,4,0,9.3,5.76
31249,2,2,8.6,5.54
43244,7,3,3.9,4.63
10459,2,2,9.7,5.82
7288,2,4,2.6,7.7
40090,2,1,9.9,6.27
5277,0,1,4.9,4.01
3453,6,2,9.4,5.65
25542,3,2,0.5,5.97
3981,4,2,8.2,4.6
25008,5,4,1.1,6.46
46331,2,1,3.4,4.72
34408,0,0,4.3,4.15
32336,1,2,7.2,4.2
10895,0,2,1.1,4.5
24516,7,4,2.7,3.81
25864,1,0,4.4,6.33
40149,4,3,7.1,5.99
33326,4,2,9.4,6.14
34148,3,0,8.9,5.12
44614,7,3,0.2,4.0
28338,4,4,6.5,5.56
32807,1,3,9.7,4.75
36284,4,3,9.9,2.39
45977,1,3,1.6,5.62
37664,7,0,7.5,3.75
18192,1,4,8.4,4.82
30195,0,1,5.6,4.07
21994,1,1,3.6,2.86
43554,2,4,5.2,5.22
1190,1,4,5.0,5.71
15560,4,3,6.0,3.37
47864,0,2,0.7,3.56
389,0,2,1.6,5.93
44196,3,0,7.9,5.16
46523,0,1,7.8,3.34
7407,7,3,5.9,5.67
41055,5,2,2.7,7.89
14927,0,1,5.7,4.76
8641,2,2,0.2,4.25
8558,6,2,4.5,5.02
31871,4,2,3.9,3.96
14668,7,4,0.6,4.66
40293,2,3,7.3,4.53
26644,7,2,3.5,4.29
39319,6,1,8.8,4.64
36490,5,2,7.6,5.32
48046,3,1,7.6,4.07
37409,2,3,4.6,6.33
7871,3,0,4.3,5.09
3084,4,3,7.3,4.69
11625,3,3,9.0,5.57
13151,2,4,2.4,4.23
36709,4,1,1.5,4.97
6527,2,3,0.6,3.66
6997,2,4,7.8,3.89
38671,1,2,2.8,7.29
26206,6,0,7.7,4.96
43749,2,4,7.5,5.24
40345,1,2,3.2,3.53
7858,3,2,0.8,4.23
39075,5,4,4.1,4.05
4718,6,1,4.2,5.09
5649,1,1,7.2,5.55
24285,6,1,4.6,2.46
24483,4,4,4.3,4.26
35480,3,1,4.8,3.82
18818,5,4,9.1,4.07
20633,3,2,7.3,5.96
29045,5,3,3.2,5.71
29833,1,0,0.5,3.61
8904,3,4,2.7,5.78
4837,1,4,9.6,3.41
28255,0,2,1.5,6.12
10558,0,4,9.9,4.98
896,7,1,4.4,4.72
17831,0,0,3.0,4.72
23683,7,2,9.5,7.29
13689,7,1,8.2,6.24
15352,7,2,8.5,5.31
5382,5,0,9.9,4.42
34638,2,1,0.8,5.12
24303,0,1,9.9,4.76
2458,2,3,0.7,5.08
18687,6,2,9.8,4.07
34426,2,0,2.5,4.13
19537,3,1,5.4,5.1
28759,4,1,3.5,3.57
45643,3,1,0.8,3.03
43455,7,1,10.0,4.03
13881,6,0,5.6,4.84
25869,5,2,3.2,3.59
47025,7,4,9.3,4.27
6149,4,3,1.6,5.72
10067,7,3,6.1,6.2
43011,6,0,3.4,5.9
23564,7,3,4.6,5.85
30303,6,2,9.1,6.07
14701,0,2,9.5,7.3
42653,1,3,1.5,3.48
6363,6,1,1.5,4.41
22500,4,2,7.6,5.68
12686,5,2,2.2,4.09
2814,2,1,1.1,3.51
22705,2,3,7.9,5.7
22949,7,1,2.6,5.95
43708,0,1,8.1,3.77
39834,5,4,6.4,6.0
13686,0,3,3.1,5.44
22854,4,2,9.9,5.27
48489,6,0,5.2,4.21
3811,3,3,0.8,5.2
8428,6,2,3.5,6.39
47793,5,1,5.3,5.86
9438,6,0,3.7,4.13
35047,0,4,6.8,3.8
3467,4,3,10.0,4.93
21606,6,4,2.0,5.41
1027,2,1,1.1,5.07
40201,7,1,7.3,4.9
27620,1,1,1.2,5.84
1378,4,0,9.2,4.18
21712,1,0,3.6,5.66
20538,0,3,5.1,6.7
14839,4,0,6.1,5.48
19110,0,0,4.5,6.06
2095,7,2,8.8,5.25
26622,1,2,1.8,5.24
43169,0,3,3.5,6.17
35030,1,2,9.6,3.81
11992,2,1,8.9,5.5
4338,5,0,8.8,4.57
39959,3,1,3.4,6.31
13600,5,0,5.4,4.84
385,2,1,2.3,5.07
2498,1,1,1.8,5.35
16691,1,1,8.7,6.79
4370,2,1,7.1,3.25
32561,2,1,2.2,4.74
7332,5,1,7.2,4.21
34184,6,4,5.5,5.34
933,3,2,8.1,5.75
15149,6,4,1.3,3.75
49467,1,3,4.4,7.71
38767,2,1,5.8,5.36
48713,2,4,9.0,6.97
26620,2,3,4.0,4.44
20729,2,1,5.4,4.8
8304,4,1,1.0,4.09
33801,5,0,8.0,6.17
37321,1,2,8.2,6.1
43981,1,4,3.1,5.47
46214,0,0,4.3,6.99
28067,4,4,5.3,6.95
24697,3,0,9.2,4.69
178,0,0,6.4,3.17
15622,2,0,1.2,6.77
7571,7,2,4.8,5.29
28611,6,1,1.1,5.18
46922,6,2,0.4,2.82
35034,5,4,7.6,3.9
33688,4,1,0.1,6.98
41320,7,3,0.2,3.37
47444,4,2,5.0,7.09
20606,1,2,3.8,3.16
20974,4,0,0.8,6.19
36526,3,0,7.9,5.76
48657,4,4,5.0,6.8
42395,7,4,9.4,6.61
21068,2,0,9.2,4.87
36977,3,2,4.3,6.86
38661,1,2,1.0,6.89
20673,7,2,4.3,4.52
27906,0,3,1.7,3.83
45672,3,4,7.3,5.43
34658,4,4,5.2,6.15
28568,6,3,8.6,3.96
34629,6,0,4.9,4.93
41483,3,3,6.2,3.53
32003,5,0,8.6,4.16
37188,2,4,5.4,4.61
42723,4,4,9.9,5.77
4077,4,3,6.7,4.07
17988,7,3,0.4,3.95
41722,3,0,0.4,6.1
36744,5,4,7.1,4.58
47946,1,0,3.9,3.98
31196,4,0,2.5,4.79
12962,7,1,0.4,4.4
36937,7,3,4.1,6.43
27680,4,1,9.9,5.56
44003,1,3,4.0,4.32
48634,0,3,5.1,5.54
35709,5,0,7.4,4.87
34572,5,2,4.0,4.64
6625,7,3,9.2,4.37
32834,0,2,4.4,5.75
40687,0,2,3.0,6.73
45945,0,2,1.9,3.79
733,3,0,0.5,3.06
36058,2,0,6.9,4.22
43688,4,4,9.4,5.75
22913,7,4,1.8,5.07
14165,4,2,4.5,5.99
11716,4,0,4.6,4.9
2948,5,3,6.1,5.95
10359,3,0,4.6,6.13
4025,5,2,1.6,6.35
14420,5,3,2.6,4.93
38642,1,0,6.3,3.95
38800,3,2,7.0,3.53
23486,2,1,0.4,3.32
22906,6,0,6.9,6.25
26730,4,0,1.5,4.84
3717,6,1,0.7,3.68
38615,5,3,8.7,5.55
44691,0,0,1.8,4.15
39328,6,0,5.8,5.45
40774,6,3,9.6,7.27
4488,7,3,5.8,4.93
38828,0,3,1.9,5.73
9909,2,4,3.7,4.25
40052,1,2,1.7,4.16
31088,0,2,8.0,4.69
38354,3,4,7.5,4.69
43377,4,4,4.2,3.88
8669,7,2,7.5,3.28
2250,6,4,6.8,3.43
17274,0,2,9.4,5.66
30455,3,3,7.6,5.14
16080,7,2,4.2,3.49
30386,7,3,2.9,7.43
23549,1,4,6.1,4.19
26915,1,0,4.1,6.55
35888,6,4,1.0,5.69
49445,1,3,6.1,5.5
2798,2,1,4.8,6.27
43873,7,0,1.2,4.02
13808,0,1,3.5,2.84
41550,5,4,7.6,4.42
15128,6,2,5.9,5.65
24703,2,2,5.5,5.86
4714,6,1,6.9,5.87
48998,5,4,2.7,6.48
8759,4,2,3.9,5.6
36717,6,4,4.7,5.13
29020,1,4,8.8,6.36
42357,1,4,10.0,7.89
44784,5,1,9.8,5.15
41433,1,3,9.9,4.34
15063,0,1,8.1,5.13
14890,0,3,4.6,5.37
22764,6,3,7.6,7.7
8597,5,4,9.8,3.42
10269,7,0,1.4,4.69
40951,4,3,8.6,5.15
28645,1,0,2.1,4.33
13486,6,4,2.3,4.84
41715,0,1,2.3,4.23
24618,4,4,2.6,4.69
48191,0,2,6.4,7.81
493,2,1,0.7,4.85
41465,5,1,9.9,5.43
44660,7,3,0.8,5.99
44145,7,2,9.1,4.22
8880,1,3,2.6,5.48
7899,4,2,9.5,3.83
5246,7,0,5.8,4.89
44541,3,3,8.4,7.55
29441,2,0,8.8,4.23
26504,1,4,0.3,2.88
32399,0,0,7.1,7.85
37176,1,3,5.1,4.63
43000,4,2,8.1,6.57
43915,6,3,9.0,3.94
30857,2,0,0.1,5.68
46952,5,2,7.0,4.4
445,6,2,1.1,4.88
9786,5,4,6.6,5.2
18513,0,0,0.5,3.8
41469,5,4,4.0,5.24
34468,3,2,6.9,6.35
15000,0,0,6.2,5.13
10978,5,1,2.6,5.85
24551,4,4,1.3,4.9
27661,5,2,8.7,4.46
17733,1,3,5.7,2.23
3819,7,4,4.5,5.08
44815,1,4,6.0,5.42
39481,2,0,9.9,7.04
5257,6,4,5.0,4.91
31597,1,3,6.1,4.56
18831,6,4,0.4,7.02
20645,7,0,9.7,5.75
32075,0,3,8.8,6.6
35143,2,0,5.7,5.36
20509,2,4,4.5,5.74
26717,6,4,7.2,4.98
34868,6,3,2.3,4.05
3042,0,2,7.4,4.58
23164,1,3,1.3,6.0
1642,7,3,8.1,5.93
28141,5,2,3.1,6.4
40983,6,2,4.4,5.19
27824,5,4,2.7,5.45
35970,0,0,8.6,5.73
21261,3,4,1.7,4.22
48823,1,1,6.3,5.7
24407,2,0,6.1,4.81
3919,3,3,6.5,6.21
12307,5,4,4.5,3.73
44645,7,2,8.7,5.29
13287,5,2,4.1,5.02
4429,4,2,2.2,3.43
16363,6,4,4.9,4.49
38587,3,2,3.9,3.91
5150,0,1,7.6,3.16
36428,4,0,10.0,3.41
23926,2,0,6.3,3.52
34366,0,0,6.9,4.13
21949,0,4,7.3,5.15
33120,1,3,0.7,5.68
9129,0,3,1.6,3.63
21778,3,2,8.2,5.03
41556,5,4,5.6,2.92
17850,3,2,0.7,5.4
12771,3,2,5.5,3.86
47241,5,4,4.6,6.69
24152,5,1,3.4,4.56
22547,5,2,4.2,3.91
21060,4,1,7.8,5.58
24214,3,4,2.0,3.03
23196,4,1,5.1,5.16
23970,7,0,1.9,2.96
30039,7,4,0.1,4.67
34591,6,3,6.5,7.24
46724,7,1,3.9,4.42
14706,2,0,5.3,5.41
30781,3,1,2.6,5.44
8908,6,4,5.4,6.11
25478,3,1,9.3,4.27
36624,0,1,4.7,4.12
21585,7,4,1.9,4.34
28933,0,4,7.8,1.82
43309,4,3,4.6,2.68
34094,1,3,7.8,6.94
11052,3,3,7.1,3.39
38453,7,3,8.3,3.48
18116,3,3,9.6,5.08
5777,0,2,3.1,7.21
11326,7,4,0.6,3.08
33617,0,3,7.0,5.5
27330,6,2,6.3,5.12
30969,1,2,4.2,6.01
46419,5,3,4.4,5.43
44637,2,4,3.4,4.07
20440,4,2,7.9,4.79
21900,6,4,0.4,5.14
23657,2,3,2.9,3.33
35212,7,2,4.5,5.19
48360,3,2,8.8,3.23
28657,2,2,7.5,4.72
24649,3,1,0.6,4.22
34248,2,3,7.6,6.65
5897,7,1,1.7,6.09
1916,7,1,9.6,4.28
3211,2,2,7.0,4.38
48865,7,2,9.1,6.52
999,0,4,9.8,5.01
45845,5,4,0.6,6.23
36332,0,3,9.0,6.09
9999,0,2,6.2,6.73
7408,3,2,9.8,6.32
27068,4,3,0.3,5.21
30247,0,2,4.1,4.62
35744,6,0,8.0,5.62
11720,7,3,8.9,6.08
18733,5,4,1.1,6.26
38637,6,4,8.8,6.51
36108,2,1,10.0,5.88
31917,5,4,2.4,3.26
38203,3,4,8.0,4.2
45689,2,4,1.5,3.85
15360,1,4,4.4,4.99
13955,3,4,8.8,6.14
14191,2,3,2.5,5.4
26471,5,0,3.8,5.32
38077,7,4,4.0,4.84
35794,2,4,2.9,4.31
17723,2,0,4.6,4.26
42232,2,0,1.8,5.19
16508,2,2,2.3,3.77
22338,6,4,9.9,3.62
39355,2,2,8.1,7.28
6083,6,1,0.2,2.85
669,5,0,7.0,3.13
18399,3,3,1.4,7.84
49189,7,2,4.1,2.33
25110,0,1,4.6,5.18
41572,0,3,1.1,5.37
42957,5,0,0.8,3.02
34598,7,4,5.0,6.51
27192,7,1,0.6,3.86
16859,4,1,4.0,3.07
36596,1,2,4.2,4.5
21130,7,4,9.9,6.49
42061,2,4,4.6,6.3
24138,5,3,2.2,4.09
47080,5,3,2.9,5.21
2197,1,2,5.8,5.63
36100,4,1,6.6,5.64
8072,5,2,5.3,5.78
11708,7,1,5.5,5.29
46621,2,3,2.2,7.19
37093,5,0,9.4,6.0
29624,6,3,7.0,4.48
46903,0,2,6.8,3.94
17326,4,3,9.3,4.81
1212,1,0,7.7,3.21
20864,4,3,7.0,5.73
31693,0,4,2.7,6.74
32653,4,3,7.8,3.81
45033,6,3,4.2,3.47
31977,3,4,9.3,5.36
9420,6,1,7.8,4.18
7655,6,3,3.7,3.68
8852,1,1,2.5,4.74
33050,4,2,6.1,3.19
48001,0,3,5.9,5.72
49002,3,3,3.8,7.27
33583,5,4,0.2,5.1
43463,0,1,0.9,6.08
31105,6,1,9.1,6.69
44465,6,0,8.5,5.08
15197,0,0,9.7,5.45
27673,6,2,7.8,7.3
42181,3,2,3.8,4.61
9380,2,0,6.0,5.69
4444,0,1,5.8,5.58
38412,5,4,8.7,6.14
23501,1,0,9.3,4.32
9272,4,0,3.9,5.98
40862,6,2,9.2,6.58
160,1,0,5.8,1.48
6941,1,2,3.9,3.83
41178,4,0,5.3,5.2
46157,2,2,2.3,4.96
39076,0,4,3.9,3.58
45446,1,4,2.5,6.14
21885,6,0,2.1,4.05
35574,6,4,2.7,5.39
22697,7,2,8.9,5.5
22431,1,2,4.9,3.33
49951,0,0,1.2,4.09
35885,3,4,7.9,2.87
17800,2,3,1.6,4.93
881,7,3,6.6,4.62
24542,2,4,9.4,4.79
40848,3,4,7.1,3.83
22102,6,4,0.2,3.91
6377,2,0,6.4,4.74
44822,0,0,2.4,3.39
661,3,3,6.9,7.17
4643,3,4,8.3,4.0
31428,6,4,2.3,3.45
37286,5,2,7.8,5.76
28099,0,3,8.9,6.08
23253,3,0,5.6,5.24
40990,2,1,9.9,3.07
26057,0,4,3.8,4.12
35391,1,1,1.4,4.87
44581,1,3,1.5,4.03
1132,6,2,5.6,2.83
19246,1,0,8.4,4.92
18230,5,3,1.9,3.55
26443,0,4,9.0,5.61
21696,6,2,2.0,3.63
42592,1,3,0.0,6.02
27627,0,1,1.7,4.25
35175,4,4,0.9,6.73
31860,7,0,2.4,6.31
28382,2,3,2.3,4.35
43662,7,4,6.3,3.43
15451,1,2,0.1,4.35
9981,2,0,9.6,6.85
48613,0,0,9.5,5.3
40237,6,1,8.4,5.9
21582,0,2,5.9,5.01
4109,3,3,9.2,4.02
33273,1,2,3.4,6.73
14290,4,2,7.0,5.53
24908,0,0,5.1,5.8
12772,0,0,3.4,4.86
28732,2,2,3.0,6.54
38928,2,4,5.4,7.39
30646,2,4,3.8,4.53
48573,1,3,4.3,7.43
32694,7,2,6.8,4.58
20196,3,3,8.5,4.97
4275,1,3,1.2,4.68
40625,6,2,10.0,5.28
48917,7,1,1.5,5.15
4789,2,3,6.4,4.17
20059,5,3,8.5,5.65
26591,2,1,0.9,3.38
15748,0,4,4.6,3.6
35581,4,4,8.5,6.08
28103,6,1,1.1,4.26
12214,3,0,9.2,3.83
8076,3,2,7.0,6.45
34918,6,2,9.8,4.72
1985,2,1,6.3,5.16
44466,7,1,3.7,4.51
531,5,4,9.1,5.65
47294,2,3,0.1,5.11
765,1,2,5.9,5.5
18346,3,3,0.9,5.74
13953,2,1,1.1,5.28
365,4,1,1.9,6.32
11519,4,3,8.7,4.15
356,4,3,2.4,4.42
48600,3,0,6.4,4.59
49759,2,0,6.2,4.24
48466,1,3,2.5,5.93
47691,5,4,6.5,6.2
32527,7,1,1.8,4.76
974,3,1,9.2,3.28
34676,5,3,3.5,3.64
15019,0,0,2.4,3.54
26947,7,1,6.4,5.44
20612,6,3,8.1,6.28
9403,6,0,7.0,5.14
18273,7,0,6.3,5.22
30490,5,2,7.4,4.42
17743,4,4,6.2,4.0
40553,0,2,9.1,4.81
42952,5,2,6.5,4.13
28472,4,3,6.9,2.99
9457,4,0,1.0,4.62
14068,6,0,0.3,5.59
40870,1,3,2.6,7.53
11061,7,2,6.3,4.56
46678,4,1,1.2,6.6
29339,6,0,9.7,7.01
12553,0,0,6.2,3.47
24522,1,2,5.9,4.67
6110,1,2,6.5,5.96
33812,0,3,5.0,6.5
11805,1,2,0.1,4.05
45478,7,1,3.8,5.45
24672,0,4,8.8,5.86
31264,0,3,6.1,3.69
46274,2,3,6.2,5.46
29048,1,3,9.8,3.87
48581,6,1,4.2,6.41
5573,7,0,8.2,6.11
13206,6,3,9.6,4.29
19798,3,2,2.4,4.66
23404,7,2,4.3,6.13
28636,1,1,1.8,3.9
32493,4,3,4.2,5.0
45537,3,0,7.3,4.84
49354,1,2,2.5,2.42
26536,5,4,7.5,5.05
3445,4,2,7.0,3.33
25868,5,0,5.8,6.15
14615,5,0,2.8,4.89
41145,5,4,9.2,3.45
10073,0,1,7.7,5.37
11142,3,2,7.1,6.78
31970,0,1,9.1,4.33
47398,7,0,6.8,4.2
44387,2,1,5.0,5.61
4336,2,1,5.8,5.77
7014,5,4,5.2,5.12
22646,1,2,7.6,6.14
28531,6,3,4.8,3.66
24444,7,2,7.8,5.7
16854,6,3,0.2,5.37
30366,0,2,3.9,6.05
6810,5,1,1.7,2.32
32700,2,2,9.9,5.97
12243,3,4,4.7,5.81
9582,5,2,3.6,6.16
32978,5,0,8.9,4.54
20765,4,1,8.9,2.85
13887,4,3,3.6,5.07
19100,0,3,8.6,5.19
13885,3,4,4.5,5.27
15377,0,3,8.4,2.9
19001,2,3,9.8,3.44
33395,5,0,6.4,5.53
38607,0,4,1.4,3.14
20174,7,1,2.8,3.69
28577,6,1,9.8,5.26
48408,5,0,7.3,2.63
13782,2,3,7.9,4.86
28619,5,0,2.4,5.67
1865,2,0,4.7,5.64
44002,2,0,7.8,3.37
21658,3,1,4.9,4.89
40012,7,2,0.7,3.15
20229,3,1,4.3,4.78
1012,3,4,9.3,3.64
42562,6,0,7.1,4.99
18031,1,3,6.2,4.6
47016,5,3,4.1,3.78
20425,3,0,5.0,5.38
21361,2,3,7.5,5.59
8271,6,1,9.6,5.13
26261,7,3,1.1,5.04
1767,7,2,0.6,2.24
33900,1,0,5.2,6.51
8110,4,0,0.7,5.67
41067,2,4,5.0,7.2
11760,6,3,0.9,5.67
45228,0,0,7.2,5.63
25643,4,4,4.1,6.83
40910,7,3,1.3,2.58
21238,0,4,8.0,6.01
3768,5,3,3.9,5.16
33145,3,2,2.0,6.1
27147,4,0,3.0,4.98
43082,7,1,3.7,6.22
8159,6,1,3.9,3.71
44899,7,4,0.6,5.29
19077,4,2,9.8,3.74
12480,2,2,0.5,2.72
31252,2,4,0.9,4.75
48890,5,0,1.5,4.8
32531,2,3,3.7,5.67
12991,0,0,6.0,5.08
31590,1,3,0.6,4.44
12851,5,2,0.8,3.71
11948,7,4,1.0,4.0
24392,7,3,8.7,5.75
4667,2,1,4.6,4.15
33147,0,0,8.5,5.31
25711,3,3,8.0,6.05
36843,6,4,4.0,6.21
23451,2,4,3.5,8.11
48134,2,0,0.2,2.76
38130,4,1,8.4,5.16
18177,1,0,6.3,3.97
9946,0,3,0.6,4.8
25879,2,4,8.5,2.69
10777,6,1,6.6,5.33
32106,7,3,9.9,6.5
40365,4,2,10.0,7.27
41187,0,0,7.1,4.82
11112,4,4,4.9,4.58
5775,1,1,0.3,4.78
14234,4,2,9.1,5.74
42116,1,2,9.5,2.33
30404,3,2,4.7,3.3
26933,3,0,7.7,6.6
18797,0,2,8.5,3.59
14723,0,2,6.8,4.0
46233,5,4,6.0,5.68
17923,3,2,7.5,5.09
23359,3,0,7.5,3.69
5283,5,4,5.6,4.09
34790,1,2,2.2,3.48
9437,2,4,7.3,7.29
27233,3,1,4.0,5.37
23976,6,1,3.8,4.31
9119,3,1,2.3,4.2
15227,6,0,6.0,3.95
43971,2,4,3.0,5.37
27393,6,4,2.7,4.4
12276,1,4,4.5,6.01
26290,6,2,9.5,3.93
30318,5,3,6.7,4.92
33607,3,0,3.2,3.69
34987,3,4,0.9,5.21
7514,1,1,9.0,5.48
24894,6,1,1.3,5.2
35395,4,1,6.3,7.91
8420,6,2,6.6,6.18
3046,6,1,9.8,5.17
25405,2,0,7.5,4.33
36142,3,0,0.7,5.17
19260,7,2,2.3,4.82
4034,2,2,7.5,3.74
42269,1,2,5.7,6.34
12943,7,0,3.3,4.16
21621,6,1,6.9,4.34
28194,7,0,6.5,4.53
44758,2,1,5.0,3.36
33312,0,2,5.1,4.54
46961,7,2,6.2,3.96
43134,3,2,5.0,4.02
2601,3,0,6.3,6.48
13110,1,0,8.8,5.62
75,3,2,1.1,3.82
14313,6,0,6.6,7.66
12955,6,2,0.9,2.19
18447,7,0,9.9,5.23
20678,1,4,0.8,7.07
30783,3,2,2.7,6.11
19462,5,0,0.0,7.17
30741,4,2,0.5,2.99
26426,6,4,6.9,6.65
13165,3,1,5.1,4.88
28211,2,2,6.1,3.96
29883,3,0,4.6,3.7
20448,7,1,1.2,3.22
46492,7,4,0.8,3.79
36514,5,1,3.9,5.95
41431,5,0,3.6,6.04
11613,3,4,6.3,5.91
27669,2,4,4.1,4.1
37465,6,3,8.9,6.65
36617,0,0,2.8,7.06
29978,1,1,0.9,2.53
33838,5,4,9.1,6.79
42511,2,4,6.8,3.96
1166,4,0,8.1,4.95
39222,1,1,6.9,5.28
39161,3,4,2.2,6.18
25140,0,3,9.6,4.43
43896,6,3,7.2,6.49
13913,2,4,7.9,6.56
42104,7,1,9.9,7.33
16393,2,3,6.3,6.27
38813,6,0,8.7,5.02
30706,7,0,6.3,4.98
47075,0,3,9.2,5.49
29927,5,0,1.0,6.12
22480,2,1,8.8,6.65
45034,2,1,1.9,4.18
47327,7,4,1.3,5.58
6162,7,3,4.4,5.6
13635,6,4,4.9,3.45
25861,2,1,7.3,3.29
10977,6,2,5.4,4.16
6833,4,0,5.6,6.19
28708,7,1,6.8,6.14
1126,1,2,9.8,5.03
8052,2,3,9.8,4.35
10625,4,2,6.9,6.97
8050,1,4,2.9,6.06
5112,3,3,0.9,3.99
4919,3,4,0.3,4.74
20252,4,3,9.5,6.38
18175,0,0,1.5,4.61
13966,2,3,3.6,5.03
43120,3,1,5.5,4.42
183,1,3,8.0,5.08
20966,1,1,3.2,4.99
25706,2,2,9.1,5.56
38756,2,0,9.4,5.74
4974,3,4,4.4,5.92
28325,2,4,6.5,3.26
34908,1,4,1.9,6.98
18051,3,4,3.4,3.34
14496,3,1,7.2,5.0
24443,5,0,2.4,4.51
11757,3,3,8.9,6.71
38294,4,2,9.7,5.18
17182,0,3,7.4,3.21
47476,1,4,3.2,6.14
13097,5,3,4.1,5.3
20083,2,2,2.0,4.86
8731,5,0,1.1,5.08
31203,7,0,3.8,6.28
45445,7,1,7.0,4.64
29892,6,4,5.3,5.5
16454,6,0,6.1,2.14
4179,6,2,5.1,6.12
19642,7,0,6.9,6.33
23286,7,2,2.6,5.52
28937,1,1,6.1,4.32
14146,0,1,6.1,4.28
46942,3,3,5.8,6.08
34271,0,4,1.9,4.04
11978,2,3,6.9,4.39
8997,4,2,8.5,5.01
4228,6,3,5.9,5.22
9424,1,4,6.6,4.05
10465,6,0,5.2,6.59
38174,2,2,2.3,4.99
22216,5,3,9.0,6.67
12510,6,3,8.7,6.53
6591,6,0,4.6,4.5
33895,7,1,4.9,6.32
5463,4,4,3.5,3.2
14335,6,0,6.0,6.64
26099,4,3,3.8,6.23
19585,0,2,5.0,4.31
31934,1,3,5.9,4.67
16381,6,1,6.7,4.36
448,2,4,2.0,6.89
13841,3,1,3.2,5.06
12529,1,4,1.0,6.09
11801,3,2,1.1,7.3
36005,6,1,5.2,4.59
34475,3,0,5.8,4.91
32359,5,2,5.5,6.06
1980,2,2,4.5,4.77
32303,1,2,9.9,4.68
11812,3,4,6.6,4.23
22561,1,4,2.9,7.71
4702,1,3,8.8,4.4
41479,6,4,6.7,3.91
38505,5,3,0.9,3.38
34461,0,3,5.6,7.42
38650,7,0,3.2,3.12
10505,0,2,3.0,4.31
33435,2,1,1.3,3.98
47275,4,1,2.4,6.28
12422,0,1,6.6,5.38
256,1,3,7.4,4.19
43103,5,3,2.4,2.73
27511,5,2,2.0,5.08
8137,3,1,1.2,5.06
23181,1,3,5.6,4.88
34719,3,3,6.2,5.23
20778,4,4,8.9,6.65
12659,4,4,2.3,5.16
35860,3,1,4.2,4.38
34249,5,2,9.1,4.83
6158,7,2,2.9,4.28
29884,7,1,9.7,4.01
34439,3,2,5.5,6.22
6345,5,2,1.0,4.14
19466,6,0,5.5,6.93
32431,3,0,4.0,4.67
21501,3,3,6.8,2.25
3729,2,1,5.6,5.43
30044,1,4,9.0,5.92
38087,5,1,6.4,3.35
8578,3,4,5.0,7.03
28583,6,4,5.8,5.24
18350,7,0,3.5,6.08
12162,3,0,6.0,4.49
8978,5,1,4.0,5.87
7568,5,4,8.2,6.54
15243,3,1,2.5,6.52
17234,4,4,9.0,2.03
15443,3,1,1.4,7.25
25420,3,2,2.7,5.01
36026,5,2,6.0,4.93
36276,7,0,4.9,4.4
23255,3,1,8.2,5.53
32580,0,4,0.3,5.34
1309,3,0,3.2,5.39
3210,2,2,1.3,3.58
5704,2,4,0.2,5.49
39306,7,4,1.7,5.1
2038,0,3,4.0,5.08
19823,4,0,0.3,2.05
603,7,1,7.6,1.62
15965,1,1,1.6,5.28
18871,7,4,6.5,6.45
24571,5,2,6.7,7.56
19390,4,2,4.3,4.97
2574,0,0,6.4,4.81
10286,7,4,7.2,3.89
11795,0,2,9.3,4.33
49261,1,0,3.5,4.22
28428,4,4,0.6,4.89
48795,3,1,4.8,6.43
44456,3,4,6.0,4.39
38402,2,3,1.9,5.92
43166,2,2,6.8,3.85
15542,2,1,7.2,7.92
3712,1,1,4.9,4.53
29014,3,3,5.8,5.53
24780,3,1,1.6,4.08
41663,2,3,1.5,6.28
46013,0,2,5.5,4.04
13472,7,2,1.5,5.38
27140,4,2,9.5,4.5
23807,1,3,1.9,5.98
39337,3,4,6.6,4.23
437,5,3,2.2,4.31
38713,5,2,8.1,4.64
18167,0,1,1.7,4.55
25492,7,3,4.3,5.46
44268,2,4,9.0,4.47
35757,1,0,8.5,5.68
10443,3,2,6.8,7.56
31527,5,3,7.8,5.66
39534,7,3,6.3,6.27
32011,3,1,4.6,5.29
38034,3,3,3.2,4.29
29747,3,1,8.2,3.59
19959,0,0,2.3,4.41
32330,3,0,5.0,3.34
31472,2,1,1.4,3.42
10366,4,0,7.2,4.71
48871,1,0,10.0,6.55
12413,2,2,2.7,6.2
33334,7,0,5.8,1.48
16807,7,2,9.7,4.29
44757,0,2,4.3,5.4
32333,7,0,0.7,4.68
3016,4,1,7.8,5.45
272,7,3,7.5,2.46
24607,2,1,0.4,6.09
43319,5,0,8.8,4.68
29209,2,2,4.1,5.74
21730,3,1,1.5,3.91
49414,7,2,6.4,3.58
43358,3,2,0.3,6.35
26437,2,1,4.9,3.53
42662,0,2,3.0,3.14
27587,2,3,5.9,8.15
2522,0,4,5.8,7.62
35726,6,4,9.5,4.25
5859,5,0,3.2,4.98
42935,0,1,5.4,5.23
1464,5,1,1.5,5.67
374,0,2,2.7,5.26
34160,6,4,4.5,5.17
5852,2,1,0.6,6.72
12221,6,3,6.4,4.61
8259,5,4,7.5,4.89
30389,1,1,7.4,5.66
19424,6,1,1.3,5.21
18433,4,0,3.6,5.13
6927,6,1,9.7,6.44
12980,0,2,4.7,3.07
33274,5,3,7.6,3.53
47751,0,1,5.3,4.78
20022,4,3,8.3,6.89
23955,3,3,0.8,5.93
38079,7,3,7.2,3.94
41171,1,2,8.2,4.1
43279,2,0,4.3,4.35
10351,5,0,2.3,3.25
14494,6,2,9.4,6.84
41761,4,4,3.4,5.71
17292,1,0,1.9,3.61
9887,0,2,5.4,3.5
41001,3,1,6.8,6.11
38374,2,4,2.4,4.64
19470,7,2,1.7,3.53
28776,3,1,5.0,3.34
35511,3,4,9.0,3.59
45518,4,3,5.4,7.02
8497,4,4,8.3,6.16
42751,6,3,3.5,4.79
15794,7,4,3.9,4.92
11018,6,0,8.4,3.42
24111,5,1,7.1,4.55
48784,2,3,8.2,4.06
45989,2,0,6.1,5.61
44361,2,2,4.3,3.62
18140,5,4,5.4,6.08
45995,0,2,1.7,7.06
9387,5,2,5.5,2.24
11345,2,3,0.3,2.69
44087,6,3,4.1,5.18
47213,0,2,7.0,6.93
2888,6,1,7.1,3.23
19400,0,2,3.9,3.75
6934,1,3,3.9,2.28
29314,4,4,4.4,3.82
34020,7,4,6.9,2.54
32175,0,3,6.2,4.6
22211,0,4,1.9,3.11
41575,5,2,9.6,4.59
19637,1,4,5.4,2.03
17645,0,0,2.9,3.96
15591,2,4,4.7,4.87
8540,4,0,7.8,6.85
18345,2,4,1.9,6.29
34954,1,1,0.3,3.22
2523,1,3,9.9,4.01
38132,7,4,4.0,5.47
40427,7,0,2.1,6.08
37040,5,1,7.3,5.39
27905,7,1,0.7,3.09
30252,0,0,1.0,5.41
19381,5,0,3.1,3.96
24608,1,0,4.8,4.41
18544,5,0,8.2,4.45
29217,4,0,6.1,2.58
4231,2,0,3.0,5.57
5025,0,0,5.4,5.28
43868,0,0,0.7,2.23
46845,3,3,2.5,5.62
7802,1,0,6.5,5.32
8404,3,4,5.8,4.57
27843,3,4,5.9,3.82
30349,4,0,6.6,3.59
18686,4,1,9.7,6.15
13231,7,1,8.1,7.16
46060,7,2,4.6,6.02
9434,6,3,4.9,6.79
22309,0,1,8.1,4.56
6049,2,0,1.1,4.06
24454,4,0,1.0,4.11
36728,4,0,0.3,6.91
5652,2,2,5.9,3.92
7967,2,2,5.1,5.21
43592,6,0,5.3,6.25
5821,3,3,7.5,3.0
20948,3,0,7.9,6.03
23132,6,0,9.2,3.51
21977,4,4,3.7,5.78
5058,7,4,7.5,6.33
18165,0,3,7.9,5.32
6926,4,1,0.9,4.41
24574,0,4,5.8,5.62
44720,7,3,7.1,3.35
2925,6,2,2.2,6.45
3160,1,0,0.6,4.08
19240,4,0,4.0,6.13
31780,7,4,2.0,4.0
32828,6,2,7.1,4.41
23752,1,0,9.0,5.6
12053,7,2,5.7,6.59
16834,4,1,2.5,4.11
39810,5,4,5.3,3.5
28483,4,3,4.3,6.13
3380,1,0,4.0,7.61
20142,7,3,4.8,4.65
36581,6,2,0.0,6.61
8837,2,0,4.1,8.06
44897,4,1,5.6,3.83
32949,1,4,6.1,5.75
40616,6,2,5.2,4.01
11416,6,0,2.6,5.93
234,4,4,4.1,3.46
37816,3,1,8.2,5.12
44824,1,1,7.4,5.8
25280,3,4,3.6,5.55
2562,2,3,4.4,4.83
39307,2,4,9.6,3.62
41544,3,0,1.9,7.18
30961,1,2,6.7,4.93
44868,2,2,0.8,4.85
4064,4,4,2.3,3.18
27712,2,1,1.9,3.45
3420,4,1,5.8,5.63
3299,2,2,2.5,4.54
18520,4,1,2.4,6.55
43564,0,4,4.9,3.98
15519,1,1,4.2,5.71
33346,1,4,2.8,5.0
25877,3,1,5.4,6.08
42065,0,1,5.1,3.16
41321,7,4,9.3,5.41
4678,0,4,0.4,5.37
11890,4,1,7.4,4.48
47845,6,3,7.8,4.9
31156,7,3,5.5,6.3
3833,2,3,4.5,3.69
5369,1,2,4.3,4.54
36536,0,4,10.0,4.74
30649,1,3,3.1,6.72
19613,7,3,2.8,6.26
19373,2,3,3.7,5.58
29891,2,2,1.2,6.15
39748,3,1,7.8,4.84
31772,3,1,2.3,5.43
46009,0,0,3.1,5.81
12794,2,1,7.9,5.87
33810,4,2,0.1,5.58
20032,6,1,8.3,5.35
19321,4,4,3.2,3.49
8254,4,4,3.3,4.42
16115,4,3,8.1,5.89
26904,7,1,5.3,5.54
48645,4,2,0.7,2.46
14355,6,1,0.5,4.52
14820,1,0,6.9,5.1
32314,2,3,9.1,5.01
1029,7,4,9.9,4.74
37102,2,2,7.9,3.14
5224,4,0,8.2,4.83
49486,2,0,4.2,2.44
49126,1,0,5.5,4.95
49908,3,0,1.0,2.1
5953,7,2,3.1,6.39
36126,3,3,1.5,5.18
26483,5,1,3.4,2.62
14184,6,3,3.3,4.45
5592,1,3,7.1,6.15
28634,4,1,2.3,3.44
36853,6,0,0.3,5.62
19991,1,2,3.0,2.91
16712,0,2,8.9,4.75
40459,4,4,5.4,3.26
40499,2,3,4.2,3.43
49016,0,2,8.4,3.23
16745,1,3,4.0,4.44
2669,7,3,4.9,3.31
45543,7,0,4.5,3.94
15471,4,3,2.2,3.35
1894,6,0,0.0,3.62
10949,2,1,3.2,3.89
31380,1,2,0.7,3.95
12292,7,1,4.9,7.69
17714,6,2,4.6,5.23
39832,7,1,3.3,8.09
9386,0,0,2.1,4.16
33336,6,2,5.2,4.48
45828,1,4,4.5,4.47
9432,7,2,1.0,6.47
12248,1,4,0.2,5.57
18682,1,3,7.4,4.78
1996,5,3,4.6,4.6
21406,1,2,7.3,3.44
24346,7,3,8.4,6.62
46868,2,3,8.2,2.31
1063,7,2,3.2,3.01
13969,0,1,0.0,4.33
36802,5,4,4.4,3.36
1502,0,4,5.8,5.37
11737,5,2,5.6,4.16
48106,4,0,9.5,4.87
25071,0,2,0.9,4.32
21263,0,0,0.8,5.46
9775,5,3,9.8,6.26
47657,1,1,7.4,5.65
36257,4,3,5.8,4.35
33716,5,1,8.6,2.65
12919,1,4,3.9,3.58
17383,2,4,3.1,5.21
25368,0,3,2.8,4.67
8958,6,0,0.2,4.91
14026,5,2,3.5,4.65
24112,4,2,6.8,5.81
54,4,3,7.1,5.33
13589,5,0,0.8,5.78
20450,1,1,5.9,3.79
20177,4,2,3.5,5.14
24547,6,3,8.5,3.71
9361,1,0,5.6,5.95
39469,6,2,5.3,3.41
29337,1,2,7.1,4.1
1736,5,4,5.0,4.61
34661,6,0,0.9,3.15
13622,2,1,7.3,4.27
45983,3,3,8.8,4.7
7704,5,4,4.0,5.9
22804,2,1,1.3,3.58
13873,1,2,0.9,4.68
37288,2,0,6.5,5.8
20924,6,3,1.2,6.11
7999,4,2,6.7,6.6
41729,2,2,3.3,4.33
26146,4,1,8.1,5.41
14267,4,2,8.2,5.48
38015,2,2,4.8,4.55
28426,3,2,2.3,4.23
40519,0,3,0.2,4.06
39119,0,4,1.3,6.83
17730,1,0,6.1,3.96
30154,5,2,2.0,6.33
30001,7,4,2.6,4.84
9537,2,2,2.1,2.41
21084,0,3,7.9,3.4
37524,6,1,8.7,2.28
47502,0,1,7.0,4.84
20926,3,0,3.6,5.8
32935,1,1,8.7,5.36
5372,5,3,9.1,4.54
22190,0,0,8.8,4.04
8584,0,3,8.3,3.72
39236,0,0,5.9,4.07
49844,0,0,1.8,7.14
19343,2,0,4.9,2.78
16456,2,0,4.1,4.57
2315,6,4,0.3,3.98
15712,4,0,0.2,5.56
22579,6,0,2.4,3.18
40332,3,4,7.8,2.95
39739,1,0,2.7,5.93
13967,2,1,6.7,4.59
23698,6,1,3.3,5.92
21785,7,2,5.9,3.11
24761,2,2,2.8,7.39
41488,3,3,3.4,5.14
12629,2,2,7.9,4.95
27361,2,0,8.9,5.09
23246,3,4,7.5,3.06
47229,4,3,1.4,3.1
23815,1,3,5.4,3.59
27978,5,3,3.2,4.49
20019,6,2,7.7,4.94
20770,1,1,6.0,2.7
18313,6,2,7.3,6.1
38325,6,1,4.9,3.31
19659,4,3,7.1,5.55
45605,3,2,6.2,3.32
24272,3,4,5.1,7.94
47357,2,1,4.1,6.63
28709,0,2,10.0,4.76
33987,2,3,3.1,6.79
39230,6,3,2.3,2.71
16416,3,3,0.9,5.48
42047,2,1,8.6,3.39
34251,0,1,2.3,5.82
34420,3,4,9.9,5.03
26977,3,1,9.0,3.24
42328,5,3,7.3,3.29
48721,0,2,10.0,6.62
49553,4,1,7.0,4.2
31381,1,3,0.5,5.34
22406,6,4,0.1,5.33
589,4,4,6.9,5.74
6174,4,0,9.3,4.5
5707,0,4,5.9,5.01
10693,1,4,8.5,6.24
7629,4,3,0.3,3.57
23401,2,4,9.4,5.46
28967,2,3,3.7,4.42
24321,6,3,7.5,4.3
25935,4,3,5.2,2.93
19917,7,0,1.6,3.23
33586,0,2,9.7,6.36
17561,1,0,1.8,2.6
2256,5,2,2.8,2.93
25037,1,4,0.5,3.65
48566,1,0,6.2,5.88
20079,1,4,1.3,5.43
42822,1,1,1.1,4.74
15414,7,2,6.2,3.79
1117,2,3,1.0,4.08
1533,0,4,7.6,6.47
17778,1,1,1.8,4.81
21448,7,2,0.8,6.07
1401,1,3,4.1,4.09
9874,2,3,7.1,4.02
7260,5,4,6.9,5.41
28238,5,3,2.4,7.47
15224,3,4,6.8,5.22
38283,4,4,9.6,6.68
45541,6,2,5.1,5.54
16603,2,0,9.5,3.37
44117,7,2,9.1,4.81
31351,6,1,3.9,5.99
21324,1,4,4.7,7.4
39085,3,3,1.8,5.0
6462,5,3,2.0,4.56
3564,7,1,8.4,5.16
5542,5,4,5.7,6.64
24202,4,0,5.5,3.38
1518,7,1,9.3,4.11
49144,2,1,1.5,6.26
27276,4,2,4.8,4.5
35400,0,1,8.7,2.48
3435,5,1,0.6,4.1
31366,5,1,3.3,3.05
32562,7,3,6.7,6.38
40101,1,0,7.4,4.2
24850,5,3,4.2,4.38
29696,2,1,1.0,5.32
6800,6,0,4.1,4.61
37099,2,1,6.9,7.45
43020,4,4,8.9,5.76
43129,7,2,9.3,3.53
44235,3,0,1.9,5.4
11322,3,2,1.9,6.35
850,0,2,8.4,3.27
24041,7,0,4.0,6.83
38186,7,3,5.5,7.94
28691,2,1,7.7,3.13
36654,3,2,0.9,4.19
39240,5,1,0.3,6.08
12974,0,0,7.7,5.67
20697,1,0,7.3,4.74
22410,7,1,1.2,4.92
46542,3,4,4.0,4.3
16711,4,2,2.3,2.63
31984,0,2,3.7,6.14
313,3,3,3.1,6.29
1338,7,2,5.3,3.2
10524,2,0,5.0,3.43
9712,7,0,0.2,5.13
32680,0,4,2.3,4.96
12715,3,4,5.9,4.7
14941,7,4,4.9,5.59
39793,7,4,5.5,4.91
1614,4,0,5.6,5.96
49161,3,2,7.8,4.41
26689,4,1,6.7,6.7
20522,4,1,3.9,6.3
36598,4,4,4.3,6.35
25238,1,1,6.7,5.77
22381,2,0,2.7,4.72
37021,0,0,4.0,6.5
21566,7,2,4.5,6.81
13329,4,4,7.0,4.01
20840,1,0,4.9,6.77
13040,3,1,8.8,4.8
21366,5,3,9.8,4.36
28977,3,2,1.7,4.23
43572,7,1,5.9,5.05
47920,1,1,5.4,5.44
13144,3,4,8.0,5.48
18963,0,2,5.3,5.78
46655,0,1,9.4,3.67
8579,3,2,0.4,3.95
20416,1,3,6.6,6.66
23763,4,1,7.0,6.46
13730,1,1,5.6,2.72
32127,3,1,2.7,3.27
33347,4,0,1.3,4.21
39710,2,1,1.7,3.48
26296,0,0,9.7,3.03
8630,0,0,7.6,3.68
23679,0,3,7.3,4.83
31058,2,2,1.8,3.39
28886,7,4,0.8,3.16
48403,0,4,0.4,5.93
35304,0,1,1.8,6.29
31848,7,3,8.1,5.01
48221,3,1,3.0,4.43
12813,7,2,1.7,5.06
28497,1,1,1.5,3.35
21777,1,4,9.4,2.53
35277,1,1,9.8,4.89
27153,7,2,2.9,6.34
47305,7,3,1.2,5.33
9922,2,0,5.8,4.93
15077,7,1,7.8,5.28
29907,5,2,3.2,5.53
24864,6,4,1.5,5.47
42164,2,1,1.0,4.93
39058,5,0,1.3,2.2
24007,6,2,1.7,5.51
19737,5,3,4.6,4.25
19045,1,1,2.3,5.03
13197,6,1,1.6,5.93
46061,4,2,0.1,4.54
40243,2,2,1.7,3.97
25751,5,2,7.1,4.58
8968,1,0,8.0,6.09
44379,2,2,4.8,6.01
41022,3,0,9.0,3.29
12922,1,0,2.1,4.03
33764,6,1,9.6,4.91
4237,1,2,9.9,4.69
39830,4,3,3.2,4.94
17810,1,1,3.1,5.17
6520,6,2,8.0,5.73
12709,4,1,2.3,3.72
14717,2,3,4.9,5.14
1075,5,2,3.1,4.2
15252,3,2,1.8,4.93
48371,1,2,4.0,5.06
13119,5,0,0.7,4.63
21019,5,2,4.4,4.07
27993,0,1,5.4,5.36
14487,2,2,1.0,5.18
921,5,1,2.0,4.61
12549,2,4,3.4,6.4
25738,7,1,6.6,5.29
12236,1,4,8.9,4.5
14589,1,2,0.4,4.85
12361,5,4,0.9,4.35
12075,5,2,5.8,4.83
38494,2,4,1.6,3.83
34099,7,4,9.1,3.66
49602,6,1,7.6,6.39
16994,2,2,1.2,4.76
45156,5,2,6.8,3.7
24006,0,2,4.6,5.62
17580,7,1,1.1,4.01
16753,6,0,7.4,5.89
20531,0,0,9.2,3.42
7882,6,4,4.9,7.22
19408,2,1,6.6,4.3
11348,7,1,4.8,6.44
9314,1,2,2.9,5.24
43184,5,2,5.7,4.75
31660,3,4,6.6,6.33
24642,0,3,8.1,5.36
42997,0,4,3.3,3.42
5445,6,4,7.1,4.05
33844,5,3,2.7,4.37
20594,2,0,1.4,4.89
6616,3,4,8.8,4.3
28897,5,4,3.5,6.35
12638,4,3,4.5,5.69
22942,1,0,7.3,2.4
33671,0,0,6.6,4.0
16604,0,0,0.8,7.05
32760,5,0,5.9,7.01
23914,2,2,7.7,6.33
3775,3,2,0.2,6.09
46738,0,3,3.8,4.33
17430,2,1,2.9,5.27
8350,1,4,1.3,6.07
22025,2,4,9.7,4.86
44273,6,0,9.0,3.33
38743,6,4,1.3,5.13
14327,6,0,8.0,4.68
5321,7,0,6.7,4.4
23936,7,4,3.7,3.86
25442,6,2,5.0,5.82
40269,7,0,7.6,7.61
48368,6,2,4.9,7.26
483,1,0,3.2,7.65
1564,5,1,8.0,3.15
39703,0,2,3.0,5.67
25988,2,0,0.3,5.8
21367,7,0,1.5,2.72
13614,3,4,2.4,5.06
49955,7,0,1.3,5.51
13860,5,1,8.5,5.81
40844,7,3,2.3,5.42
14236,2,0,9.4,6.48
29881,7,1,9.5,3.88
45684,5,4,2.6,5.91
6484,2,3,2.7,4.39
44443,3,1,1.6,5.44
18794,0,1,4.6,7.07
31343,4,0,6.6,5.18
971,7,3,7.0,4.32
24473,1,2,0.6,5.7
7849,5,4,9.2,5.67
49320,0,2,6.5,4.39
1613,1,0,2.5,6.23
2159,7,4,3.0,4.97
40024,5,4,3.4,5.52
9262,1,0,0.8,5.24
6781,1,2,5.8,5.78
17306,2,4,1.6,5.76
38783,7,2,3.3,5.13
47038,3,4,3.2,5.09
14093,0,0,6.5,5.26
25398,5,1,6.1,4.31
16294,4,3,8.2,5.61
46516,5,4,7.8,6.25
27998,2,4,0.8,5.28
25296,6,0,9.6,6.79
9753,0,2,4.2,2.62
27558,2,3,4.4,5.91
15963,1,1,9.5,7.36
35002,7,1,5.7,3.53
45026,1,1,7.9,4.25
23185,3,2,4.4,3.82
8408,5,2,3.1,4.46
27062,1,4,9.6,7.78
23071,2,4,7.0,7.11
6535,6,4,1.9,2.57
18548,7,2,2.8,5.86
4861,3,3,5.0,5.21
18900,6,3,6.4,5.87
16613,1,2,7.2,4.91
33705,6,1,9.1,4.37
34953,2,4,5.8,3.43
17944,7,3,9.4,5.05
37253,6,0,3.5,2.88
40500,1,1,1.0,5.02
7794,2,1,9.5,7.54
594,3,4,5.0,6.24
31906,4,3,5.1,3.62
40455,7,4,3.9,4.89
30613,0,2,1.0,2.85
23586,3,2,4.1,5.12
14504,0,4,8.8,4.25
32096,0,4,1.5,2.76
27195,1,3,4.0,4.07
47427,4,2,7.3,4.28
5233,4,0,0.5,5.3
21321,1,4,0.7,6.31
34210,0,2,3.6,5.32
25741,4,0,3.4,6.7
19819,2,0,4.0,6.5
13233,1,1,9.6,4.42
40831,2,4,2.5,7.1
31286,6,2,2.8,3.95
19981,1,0,5.4,4.23
32613,5,4,8.1,5.08
16020,5,2,7.3,4.29
5211,2,2,4.4,3.55
5417,2,3,4.2,4.04
5044,7,0,5.6,4.79
3248,0,0,6.8,4.79
42940,2,2,9.9,5.33
28212,6,3,3.2,6.33
28032,6,3,7.9,4.47
20188,4,4,5.9,5.13
47410,4,4,5.2,5.37
44000,7,3,1.5,5.37
38932,1,3,6.1,4.99
5423,3,2,7.1,3.88
43574,1,0,5.8,6.11
6918,4,2,9.4,6.57
25284,1,1,2.9,2.82
13037,4,4,5.8,5.59
37353,5,4,3.3,6.13
25847,7,2,2.7,4.57
11729,7,1,5.3,5.07
4707,4,3,4.4,7.09
28521,7,1,0.2,3.36
10297,7,0,9.3,4.86
16203,4,0,3.4,6.88
12889,6,2,9.3,5.64
1321,2,0,7.6,5.16
31091,6,3,9.7,4.3
36507,6,0,3.8,3.88
8918,4,2,1.1,3.12
37146,1,0,7.5,2.58
21645,7,4,7.0,4.75
5657,1,1,3.3,6.37
20149,3,4,6.1,3.7
15365,0,3,8.3,4.73
9312,4,0,9.9,5.86
14637,3,0,5.5,5.88
2280,1,4,2.8,6.14
22563,6,3,2.5,5.38
25088,4,0,3.5,3.7
49536,3,0,2.1,4.44
27347,5,2,4.8,4.69
38834,5,1,5.8,5.86
22116,6,1,7.8,5.49
42150,5,3,1.3,4.73
28681,4,2,3.2,3.52
1240,2,3,8.5,4.52
17078,2,3,1.5,4.35
19048,2,4,4.4,5.61
31581,7,3,3.8,5.4
38386,5,1,2.0,5.03
13080,6,1,1.4,2.77
2629,0,3,3.1,3.76
14362,3,0,9.0,3.59
46001,4,3,8.7,6.26
5934,0,1,9.6,3.7
7033,7,4,2.1,5.07
41820,2,4,1.3,6.01
46442,7,1,8.2,4.53
42578,2,2,5.2,6.63
2674,6,0,3.3,6.08
48155,4,1,5.5,3.61
2895,7,1,9.4,5.92
27832,2,0,4.3,4.52
17807,0,3,0.8,7.17
27768,7,3,9.3,7.55
9866,7,3,3.9,4.57
41880,0,0,0.2,5.47
43122,0,2,2.5,5.26
14825,7,0,1.8,7.48
47707,0,2,5.6,3.85
18226,5,1,9.2,3.56
33906,1,0,7.1,4.82
39098,4,1,0.8,3.77
16120,5,4,2.9,3.71
38495,5,1,9.4,5.84
9397,5,3,4.5,4.15
28280,1,2,0.8,6.58
15237,6,3,7.1,3.88
1122,0,2,9.7,5.94
48207,4,0,7.1,5.03
9317,2,0,0.6,5.3
32146,3,2,2.6,5.64
522,1,4,7.5,4.3
17055,1,2,2.4,4.89
1490,3,0,1.6,4.04
33682,5,0,5.7,3.62
37320,3,2,2.6,5.93
19109,3,0,4.8,6.28
32575,2,3,4.2,5.3
25776,6,0,1.5,5.06
43368,0,1,0.4,3.99
2695,7,0,3.5,7.14
43477,0,2,0.2,3.81
16074,1,3,5.1,1.95
22174,3,4,5.8,6.43
14458,3,2,5.1,2.62
41397,7,0,0.2,7.78
41353,0,4,0.2,6.62
38559,0,1,7.0,6.08
49231,0,1,5.2,5.6
21971,2,0,7.2,5.43
24673,5,3,7.3,4.4
5287,1,3,3.1,4.54
6508,4,0,5.9,4.4
17532,6,2,4.3,6.37
36858,2,1,6.7,4.24
8650,1,0,9.6,3.39
16497,2,4,3.1,5.09
20903,3,2,7.3,2.95
22427,7,1,4.6,5.24
24630,0,4,3.0,5.24
39657,1,0,0.7,3.69
29002,7,0,9.0,3.56
27793,6,3,2.6,4.77
31700,7,1,4.5,6.73
5669,4,0,8.7,4.54
10793,2,0,3.0,4.26
47600,7,3,1.5,6.79
7285,6,0,2.9,5.04
12278,2,4,2.5,4.32
26967,7,3,1.3,4.34
49292,6,0,8.9,5.85
1968,6,4,6.3,4.33
46076,7,4,4.2,4.68
3278,6,0,3.9,4.41
817,7,1,2.8,6.83
29695,5,3,3.5,6.45
48884,1,3,0.4,6.93
37855,5,2,8.4,7.05
39023,2,3,5.4,4.37
40277,1,0,0.6,3.14
22485,6,1,3.3,5.04
413,2,3,9.6,5.59
17416,6,3,4.1,4.08
21733,1,2,9.1,3.28
20015,4,2,7.4,5.99
11371,3,1,0.5,4.73
44308,0,3,6.2,4.93
13425,3,3,1.7,2.3
22887,0,1,0.6,3.34
4487,5,2,3.5,4.07
2930,5,2,6.8,4.66
12460,3,0,4.9,6.29
36532,2,4,7.6,3.49
29121,6,0,2.5,6.0
1260,5,2,4.9,5.26
43655,7,1,2.7,4.73
21678,0,1,0.1,4.32
43656,0,4,9.7,5.61
3851,7,0,9.1,3.56
13164,4,3,5.7,3.04
49302,6,2,1.9,3.36
26427,0,1,3.8,4.9
32317,1,3,4.5,5.58
10744,3,4,1.9,4.89
47640,6,3,8.9,2.52
25361,0,3,4.3,5.97
23417,5,1,4.3,5.32
25989,3,0,7.7,5.9
16017,2,3,3.7,4.61
28910,7,0,6.1,3.89
49953,0,1,9.0,5.21
33132,1,0,7.7,4.3
27160,5,4,2.0,6.06
10264,2,4,8.0,5.62
8913,7,4,7.2,4.58
23252,3,2,2.0,4.86
14188,3,0,6.3,5.47
45305,1,1,5.3,3.79
42820,0,1,9.7,4.16
20643,0,4,1.2,4.62
8277,5,0,9.5,4.35
17399,4,2,7.2,6.47
6850,3,1,7.0,5.3
26897,3,4,8.4,5.27
39766,5,1,5.8,4.96
6489,7,2,1.6,5.45
39301,6,4,7.8,3.54
29826,5,3,3.1,5.14
37045,6,0,9.6,7.82
17946,7,3,6.3,4.54
17176,2,1,6.9,5.37
12256,4,2,3.5,4.51
33603,7,1,0.9,5.69
24886,7,1,5.6,5.47
42880,7,1,9.8,6.4
8173,0,1,9.3,4.82
35530,2,4,1.6,2.63
1151,6,3,0.5,6.52
693,2,4,2.9,3.27
26248,3,1,4.2,7.16
36060,7,4,0.2,4.44
11118,2,2,7.4,4.77
40020,3,3,6.8,6.04
49439,6,1,2.5,4.8
19483,0,0,7.1,5.97
44424,0,3,3.5,5.09
41338,4,4,8.3,3.49
19753,3,1,5.3,5.4
25357,2,3,5.2,4.75
16216,1,4,9.8,5.31
37765,3,3,6.6,5.77
24509,2,1,0.7,4.84
24440,5,1,7.1,3.5
16877,2,3,4.8,4.18
11896,2,0,6.8,4.06
3352,3,2,8.2,2.6
6435,0,4,7.8,5.33
20915,2,3,1.7,3.96
2658,5,3,5.1,4.62
45816,5,1,7.9,3.99
41553,0,4,1.3,5.76
7895,6,0,8.2,4.56
47292,3,4,2.6,5.64
16183,1,0,7.2,4.7
3434,4,0,5.2,3.21
5399,6,4,1.3,4.98
40974,4,0,6.5,5.75
29836,1,2,6.2,7.27
45784,6,4,3.9,8.53
49141,6,0,6.8,4.78
2460,4,3,6.3,4.58
47814,0,4,4.0,4.23
37277,5,2,2.1,5.83
17455,4,2,7.9,4.82
22023,2,4,6.2,4.85
22721,3,0,1.5,6.61
27873,0,3,4.1,7.71
40041,6,4,7.3,2.99
37862,2,2,6.5,5.79
24185,7,0,3.4,6.79
43571,4,0,5.4,5.2
26138,2,1,8.4,3.91
29027,6,4,4.6,4.11
35611,4,2,1.2,3.33
3099,1,0,1.4,3.66
4236,3,0,2.5,6.08
37661,3,0,9.3,6.28
36190,3,2,6.1,5.22
24087,2,4,2.3,5.8
14868,5,2,8.0,3.24
30513,2,2,7.7,5.0
11128,5,3,7.9,5.57
37326,3,2,1.6,4.07
24183,5,3,9.1,3.74
38114,5,2,8.1,5.14
46251,4,3,8.1,3.32
12954,0,0,6.8,6.21
9274,7,3,1.5,3.75
30188,5,3,3.2,4.53
15943,3,3,6.9,4.06
5119,5,2,4.3,5.59
13111,7,3,2.7,4.38
33239,6,1,6.6,3.14
19764,4,0,0.3,5.89
5168,2,3,4.4,6.4
25035,6,1,7.2,4.24
28444,3,4,1.0,5.86
45040,7,2,9.0,5.5
18928,1,2,1.8,4.13
17175,2,0,1.3,4.05
1623,7,1,7.1,5.32
8699,4,2,2.3,2.03
9207,7,4,7.6,5.83
30444,3,1,0.4,5.84
41265,0,0,6.2,2.57
33335,7,0,9.2,6.03
49229,5,3,2.3,4.15
10836,4,1,2.8,4.07
7465,1,1,6.9,5.98
41915,7,2,9.8,4.33
12737,0,1,2.0,5.38
37412,1,4,9.5,6.08
46822,4,2,7.5,4.39
17570,1,4,7.3,5.28
23394,4,0,4.4,4.42
25511,1,0,1.9,2.76
34694,4,2,2.7,4.35
37766,0,0,3.1,3.62
8430,6,3,2.2,5.36
32304,7,1,6.7,5.6
15444,7,2,6.0,4.97
9516,6,4,9.0,3.68
19549,7,2,5.6,5.39
4481,5,3,6.5,6.91
13417,3,3,0.7,4.22
29173,5,2,1.5,5.99
40582,1,2,8.8,3.45
9267,2,0,1.8,6.53
17419,1,3,8.1,5.2
44217,6,3,9.3,5.83
22912,4,0,9.3,5.21
7964,4,3,3.6,4.26
5608,0,1,0.7,3.25
14451,2,2,7.6,3.68
34223,3,2,9.2,6.52
15903,4,0,0.4,5.24
2870,0,0,5.3,4.33
11439,5,2,5.1,6.98
33925,3,1,5.6,5.83
33537,0,0,1.6,5.09
10579,6,3,6.9,4.69
11546,4,4,9.9,6.33
33488,6,2,1.7,5.22
10883,7,3,7.7,2.81
18650,7,2,1.3,4.2
11828,5,2,9.3,5.97
34944,2,0,9.7,4.72
30205,2,3,0.7,6.82
29550,1,2,7.4,4.71
32141,3,0,5.1,2.32
15802,4,1,4.4,3.71
28309,2,4,9.2,6.88
4044,1,3,0.7,4.16
2525,7,2,6.5,4.34
33392,3,3,7.7,3.83
25801,3,2,6.4,5.86
49751,2,0,3.8,5.76
24747,7,4,1.7,2.84
16583,6,4,7.6,7.16
37899,0,3,8.1,4.65
43085,5,2,3.3,5.24
46041,1,2,0.9,5.0
7253,5,4,4.6,3.94
33600,3,2,1.5,4.87
28170,2,1,0.6,6.38
22655,7,0,8.1,5.04
11110,3,0,1.9,6.86
21527,3,0,7.8,5.97
48218,5,2,5.7,5.16
11786,7,2,0.4,4.37
29579,5,2,9.7,4.96
11995,4,0,8.3,6.88
3938,2,1,8.4,3.65
31994,1,0,7.5,1.83
9840,2,1,7.8,4.25
12920,4,4,1.7,5.3
11736,2,4,7.4,2.26
15371,5,0,1.6,6.69
41052,1,3,7.0,3.75
9833,4,4,3.4,4.65
46924,3,3,7.8,6.09
23781,3,4,7.1,3.71
1636,0,0,0.4,4.97
45777,0,4,7.5,5.14
30749,0,0,5.0,6.99
21250,7,3,2.4,6.49
14687,2,1,6.6,5.38
48389,1,2,4.6,4.5
2400,5,1,1.8,6.57
35937,0,3,0.6,3.5
31468,3,2,1.3,4.81
20086,0,4,0.1,4.95
40501,1,1,7.4,3.64
33505,6,2,7.5,5.39
34748,7,0,5.5,5.28
44211,1,1,7.1,3.73
10370,2,3,10.0,6.36
26596,1,0,8.6,5.1
10215,3,4,8.7,6.15
40991,1,0,3.6,3.83
26645,2,4,9.7,4.4
46838,1,3,1.7,4.32
6888,4,3,9.7,6.4
14358,1,1,3.1,5.51
45500,3,3,9.9,5.63
15345,7,4,5.0,6.02
9748,6,4,5.1,6.82
49306,5,2,3.7,6.2
30812,5,0,6.2,3.6
38439,4,1,3.8,6.16
8067,3,1,4.2,3.16
34309,1,1,7.6,5.92
33203,0,2,4.5,6.74
5687,5,4,9.7,3.15
25171,7,4,6.6,3.48
565,6,1,3.1,6.09
25272,3,0,5.4,3.53
27751,0,0,7.6,3.21
18456,2,2,8.9,4.24
20107,2,1,7.3,2.34
23207,0,1,5.6,5.57
9287,3,3,2.5,5.63
31138,0,0,2.5,7.22
11623,4,0,2.6,4.76
22440,7,1,8.1,5.46
224,1,4,2.7,5.02
8064,0,2,9.5,5.78
32143,0,3,1.2,4.98
29073,6,4,0.7,5.21
49375,3,3,2.6,3.73
24063,6,3,1.6,5.07
41858,0,2,8.2,4.65
36805,2,1,6.0,4.97
40484,4,1,8.5,7.37
15599,7,4,1.2,3.03
37121,2,1,5.5,5.68
7383,7,0,8.5,5.54
2892,3,2,8.9,4.42
42714,7,3,7.1,5.44
35063,0,2,9.4,4.96
47932,0,1,4.7,4.38
35165,0,0,9.2,5.07
28293,0,0,6.3,4.69
2864,7,2,7.5,6.35
19384,3,4,3.8,6.22
31799,3,0,8.4,3.76
18993,7,1,6.8,3.14
46798,7,2,8.8,4.57
3891,3,4,9.2,4.6
44603,7,0,8.1,2.27
4835,7,0,1.2,6.23
9658,3,4,9.8,5.88
19413,2,3,7.8,4.96
20106,5,0,5.7,3.84
18720,4,0,0.3,3.46
29887,3,4,7.3,4.79
4743,7,1,6.1,4.54
15906,2,2,3.5,4.38
4003,7,1,4.8,3.03
25021,0,2,9.1,4.38
42101,0,3,9.4,4.41
37307,0,2,4.4,5.83
43406,5,2,5.8,5.01
42596,1,4,2.4,3.78
27131,2,2,9.1,6.89
5183,4,1,2.6,6.97
5033,5,3,6.2,4.85
24062,7,1,1.2,6.32
49846,2,2,1.4,4.26
43172,2,3,8.0,4.91
44865,3,1,2.6,4.88
10783,3,4,1.6,6.43
25112,1,0,8.3,4.34
17527,4,4,7.4,4.12
19255,1,3,9.9,4.9
9069,6,3,0.1,5.45
13685,1,0,2.9,3.35
44832,4,2,4.4,4.11
34630,1,0,4.3,5.99
17768,4,1,6.5,5.42
14210,4,2,1.0,4.92
20098,6,3,3.2,3.39
8314,7,4,1.6,5.05
3598,4,3,2.9,5.52
19842,4,1,6.4,4.46
20982,6,1,8.9,4.27
81,2,4,9.7,4.05
34291,6,4,4.7,4.2
25921,4,4,4.7,4.56
14988,6,4,2.3,3.92
38694,1,0,4.6,4.99
41084,2,1,6.5,5.85
39864,2,1,9.4,8.87
41672,2,1,1.7,5.48
16251,2,4,5.1,2.62
48601,3,3,5.1,2.83
17955,4,4,8.7,5.34
37337,7,2,3.9,7.25
15953,5,0,6.5,4.13
6995,0,2,2.3,2.48
21497,2,1,4.3,5.0
14641,3,2,3.7,2.79
628,2,0,7.1,4.11
31499,4,2,2.9,2.5
42687,4,4,8.7,6.1
4388,5,4,1.4,7.19
30160,4,0,4.0,5.13
3744,1,2,2.8,4.53
24338,7,0,6.0,2.66
37000,7,1,0.4,2.76
48959,5,3,9.8,5.55
11524,0,4,8.5,4.58
36671,2,2,5.4,4.01
38302,4,0,9.6,5.28
35013,4,2,7.1,4.19
38809,1,0,4.9,4.33
19773,5,1,7.4,3.82
42584,5,3,4.0,3.89
39791,7,1,4.9,4.21
13908,3,1,3.7,5.84
13748,7,1,9.8,4.94
19892,2,1,7.2,3.67
24917,5,2,0.2,2.5
25693,4,3,7.8,5.51
45554,6,1,0.6,5.45
34725,0,0,1.0,5.38
19760,1,4,2.7,6.43
22663,6,3,6.7,4.98
29458,2,3,3.2,5.55
12832,2,0,6.3,4.55
24168,2,2,7.3,4.36
16819,6,3,8.7,6.58
5266,4,0,2.7,6.06
3147,0,2,8.5,5.22
14529,4,3,6.1,5.81
35429,2,0,7.3,3.71
37846,4,1,2.3,7.38
33207,5,3,4.9,3.24
4149,0,1,0.9,5.38
48502,4,3,9.9,5.4
10147,2,0,1.5,5.58
27744,5,4,2.1,4.75
18295,1,1,5.1,6.33
15127,3,4,2.1,3.24
41686,0,2,1.9,4.97
17576,6,1,3.7,5.0
4534,5,1,7.1,4.87
31025,3,0,2.7,5.49
12219,5,3,5.1,6.07
7940,1,2,9.6,5.91
28480,4,2,7.5,5.77
32520,7,1,3.1,4.37
41789,4,4,0.4,4.1
20167,0,4,7.0,6.03
20987,6,2,6.8,3.74
9268,5,1,7.2,4.42
37535,7,2,2.6,5.85
42929,4,3,7.0,4.05
37451,0,4,8.4,6.23
22152,0,3,6.8,4.47
24500,7,2,5.4,4.25
37078,0,3,2.9,6.51
7317,7,1,1.6,4.68
41952,4,1,6.3,2.97
20123,1,2,2.6,4.35
40231,2,2,5.0,5.76
18016,6,0,2.2,3.2
44666,0,4,1.4,5.8
37580,2,3,6.4,4.38
36745,3,2,2.5,4.58
1174,7,1,0.3,5.87
18816,4,1,6.6,5.39
2795,6,1,6.5,4.95
28860,2,3,7.1,5.81
21755,4,2,7.3,6.74
4063,1,0,9.1,2.64
15862,6,2,0.6,5.15
45185,4,4,7.1,6.77
43682,1,4,2.9,4.51
21120,6,0,4.2,4.59
22823,2,2,3.2,3.34
33179,6,2,5.5,5.66
8295,5,0,9.0,3.1
44555,5,2,7.6,4.53
7749,6,3,5.8,7.0
35079,3,1,9.0,5.28
31819,4,2,1.4,5.63
4169,3,2,7.1,6.65
31495,0,3,2.5,4.66
14262,1,1,9.3,2.46
10908,1,4,2.6,4.16
417,0,2,2.6,3.99
42587,4,3,4.9,6.51
40546,2,0,5.8,4.97
21775,7,0,0.2,4.71
37891,2,2,3.4,6.15
38734,0,4,1.8,3.6
36882,5,0,0.8,6.19
9751,3,2,5.3,5.6
28163,6,0,0.5,4.43
48159,1,3,3.0,4.71
24758,3,2,3.4,4.03
6883,6,1,7.7,3.56
5450,4,3,7.4,4.41
2470,3,1,6.8,4.68
24216,6,3,4.0,5.77
20653,3,0,8.9,4.6
40814,6,4,2.0,5.57
3354,1,1,5.8,6.98
30742,0,0,2.9,4.75
43274,1,3,6.5,5.26
12599,4,2,7.7,3.31
17600,6,2,2.4,3.77
12313,1,4,2.7,5.65
40766,7,1,7.9,3.01
16951,0,4,2.6,5.73
8836,3,2,3.5,5.54
13067,2,4,3.4,4.39
36996,5,4,7.7,5.71
8410,5,0,2.5,5.0
3470,5,2,5.9,3.53
5276,5,2,5.5,6.73
16806,5,3,1.6,4.34
40374,3,0,7.9,4.67
3615,1,3,2.4,6.34
38533,3,2,6.3,4.95
657,0,1,7.6,5.03
36804,7,1,8.5,3.53
37182,1,0,1.0,6.92
20742,5,3,3.1,3.43
22977,6,4,4.7,3.73
27677,2,0,2.9,3.52
21409,5,3,3.9,4.57
37907,7,3,8.0,4.74
34216,5,1,4.6,3.39
28510,1,0,3.3,4.87
5836,7,3,5.5,3.6
27465,2,1,5.7,2.89
16624,6,3,7.5,4.54
42853,6,2,6.4,5.32
14882,7,3,3.3,5.86
25678,6,1,4.7,3.86
32188,1,4,6.9,7.42
40605,4,4,6.5,5.37
4923,3,4,3.7,6.65
30714,5,4,5.3,4.34
11778,4,1,1.0,5.51
19948,1,1,7.1,5.14
40537,4,4,3.7,6.46
42530,0,4,8.2,4.7
18853,6,3,7.9,4.05
35924,7,2,2.3,3.68
42331,7,4,7.6,5.03
49449,4,3,0.7,5.87
17479,2,1,0.2,5.31
16699,4,4,0.2,4.98
49845,5,0,9.8,5.53
38981,7,4,3.5,3.75
49575,5,2,0.7,3.2
10503,7,3,2.2,5.13
28896,5,3,2.6,4.73
15761,4,4,4.7,5.45
8167,6,2,4.4,5.51
27844,5,2,2.1,5.38
29324,7,1,1.8,4.25
36669,3,0,7.7,3.19
16888,3,3,9.5,5.89
12753,2,3,0.6,4.47
16403,5,1,9.2,4.14
4905,0,4,1.8,3.86
30371,6,1,3.7,4.7
14736,3,2,4.6,5.98
28481,5,2,4.4,5.42
16446,0,3,5.4,4.76
43843,6,3,1.1,4.15
18156,5,2,7.7,5.57
11996,7,0,2.2,4.86
13619,5,2,1.8,5.15
43917,6,3,0.2,7.86
12251,0,0,6.1,5.16
22473,2,3,6.7,4.9
2717,0,3,0.6,6.95
4907,1,3,1.1,4.59
154,6,4,8.1,5.49
17841,4,4,5.6,6.28
34045,2,3,6.1,7.01
28116,7,4,2.1,4.74
26586,3,3,9.0,5.16
28187,0,1,8.3,5.4
37391,3,0,3.8,5.2
40124,1,2,6.8,4.1
45046,2,3,3.8,5.59
31110,4,3,1.4,3.49
283,4,4,5.5,6.03
41220,3,3,8.9,4.79
39498,2,1,7.8,6.73
8444,2,3,3.4,4.86
15501,5,3,0.7,5.73
18627,3,3,4.8,5.77
38930,7,3,8.4,5.42
32838,0,0,7.1,3.99
23574,1,1,6.1,7.17
37381,1,1,7.6,5.34
1466,7,3,4.4,4.56
49720,3,2,7.7,3.92
17277,7,1,5.6,4.37
35457,1,1,6.1,5.38
10204,7,4,3.1,4.38
33328,0,4,1.6,5.36
42132,4,1,3.4,5.55
4010,0,1,0.5,6.08
45045,2,0,0.2,3.12
1092,0,1,7.9,4.16
22517,7,2,2.0,3.28
8117,6,1,9.9,6.06
17013,3,2,7.4,5.09
14356,1,3,7.2,7.25
13298,3,4,10.0,4.95
20776,5,1,4.7,5.95
31761,3,2,5.5,4.76
8953,7,4,7.5,5.75
17063,6,1,8.3,5.08
4022,6,1,7.0,7.98
33097,4,0,1.9,4.21
38349,0,2,9.8,4.72
3660,7,1,2.2,5.41
19245,3,4,8.3,5.74
38025,1,3,1.2,4.81
15484,2,0,0.2,4.71
17767,7,2,6.9,5.13
7585,2,0,6.2,4.89
26236,3,1,1.2,4.22
28424,3,3,4.9,6.58
39053,7,0,2.4,5.06
15870,5,2,8.2,4.79
13078,6,3,5.8,5.15
42837,3,4,5.2,5.21
17206,4,2,2.6,7.02
615,2,1,0.1,5.53
23047,0,3,4.1,3.97
5053,2,4,4.0,5.18
12135,3,4,1.3,3.99
24243,2,0,9.4,2.68
30886,1,0,1.0,4.79
14469,4,1,0.9,4.66
23515,6,1,7.6,4.04
39794,2,1,5.8,5.1
17718,0,1,6.5,3.96
42967,4,3,7.2,4.22
17229,1,4,2.0,3.46
24977,0,4,9.0,5.56
11444,1,1,6.8,3.58
30863,0,0,6.9,3.83
34551,7,2,8.3,6.83
23200,6,2,0.8,5.43
39443,0,4,7.7,7.11
40877,4,3,9.9,6.6
7611,3,4,9.5,3.78
33309,3,0,0.7,7.31
45757,7,0,6.3,4.81
35883,3,2,0.4,4.71
29864,3,3,4.4,5.51
11379,5,2,3.4,7.92
45092,1,3,0.8,4.95
17551,1,4,9.5,4.26
5419,0,4,3.0,5.85
20908,3,2,5.2,5.83
19318,0,4,6.5,3.17
26858,3,2,2.2,6.78
627,1,1,6.8,5.43
27102,4,1,1.4,2.7
39127,0,1,0.9,4.33
41016,0,1,9.9,4.62
1449,5,4,7.5,5.94
27576,4,0,3.5,4.4
9005,5,0,1.1,4.29
3250,4,3,2.3,3.71
27428,0,3,8.9,5.99
49208,3,2,4.0,6.67
14245,2,3,5.5,3.66
24086,7,3,1.8,5.07
32307,7,1,1.6,4.59
15047,2,0,0.3,5.53
40470,6,3,7.6,4.27
41066,2,0,3.7,5.41
31532,6,4,4.2,4.74
28770,0,4,8.6,5.09
16518,1,0,1.1,4.49
36088,7,0,4.5,3.85
12552,6,4,7.0,4.85
18462,6,3,1.9,6.07
13673,3,4,8.1,6.89
28786,3,4,7.6,3.87
3376,5,3,4.3,3.75
25597,3,1,5.3,4.11
14002,5,3,7.4,6.23
38108,2,2,3.3,4.86
28058,5,2,0.2,5.46
4377,6,0,1.3,6.09
38550,2,0,9.2,8.22
36092,3,1,1.8,3.4
2103,3,3,3.3,6.25
19647,6,1,4.6,4.67
49304,1,0,0.1,4.71
4466,5,1,5.4,4.7
24848,7,4,6.0,4.06
40539,0,3,4.7,6.08
31103,1,0,6.1,4.63
22019,7,2,3.3,5.04
27870,0,4,2.7,4.54
12700,0,1,8.7,4.89
33910,3,0,3.0,4.59
46250,2,0,0.1,4.78
24314,1,1,1.8,7.37
19412,4,3,5.3,3.29
3643,5,2,4.2,5.45
14620,2,1,8.6,3.19
7191,1,3,7.3,5.16
18854,5,0,7.1,5.47
38879,6,2,1.5,4.45
49073,5,2,3.8,5.24
17026,7,1,6.7,6.41
17139,7,0,0.5,5.02
18138,3,1,3.0,3.81
40070,6,3,8.2,3.77
30128,6,3,3.2,4.7
25781,2,0,9.2,4.68
12761,5,2,6.8,6.09
1277,4,2,7.6,3.59
32548,0,1,3.7,4.18
6598,6,0,9.2,3.21
6760,2,1,5.1,4.07
45585,4,0,8.6,4.21
14591,6,4,9.4,4.53
36749,4,2,3.3,4.49
310,5,4,8.3,4.5
22104,3,0,4.3,3.42
25260,1,3,3.0,5.44
31996,4,4,1.1,6.29
48950,7,3,6.1,3.15
28196,2,0,0.1,6.61
39015,4,0,3.9,4.74
10851,6,3,8.4,5.89
40856,5,0,1.3,5.14
9065,4,0,3.4,5.46
42683,0,2,7.1,4.27
26350,1,4,8.3,5.81
18719,1,1,0.8,4.4
43966,1,0,6.9,5.68
46475,3,4,7.8,4.21
1167,3,0,0.5,5.82
9371,5,3,1.0,4.79
36385,1,1,6.2,3.86
3824,5,2,1.9,8.3
19563,6,0,4.7,4.65
11780,4,3,4.8,5.13
1755,3,3,8.8,4.92
21478,3,4,8.6,3.77
16160,5,1,2.0,5.77
48405,5,3,7.3,6.32
22027,2,3,9.4,3.3
24447,4,4,3.6,3.64
5860,3,2,5.3,4.0
20951,4,4,7.1,5.08
98,3,0,4.0,3.99
49241,1,1,1.9,4.91
42013,6,2,9.4,5.37
26141,6,4,1.6,4.51
31395,6,1,2.2,2.93
49214,1,0,4.1,4.08
25661,6,1,6.2,3.85
37926,0,2,3.4,6.14
26221,7,4,2.4,6.12
20201,4,3,1.1,5.9
11407,4,3,2.1,5.41
37859,4,1,8.4,4.28
10123,2,3,8.2,4.49
24644,1,3,1.5,6.91
44451,2,0,1.1,4.32
16954,6,0,2.7,6.85
29034,3,1,2.2,4.63
22844,0,3,7.4,3.5
11151,3,1,9.5,3.68
29938,1,3,3.2,6.3
27389,7,3,3.4,5.27
27467,4,4,8.3,6.09
39133,3,3,1.1,3.56
48289,5,3,5.5,7.19
37468,1,3,4.6,6.17
25713,5,0,8.5,3.23
38228,0,3,4.1,5.67
30081,0,3,2.7,4.01
42691,3,2,3.7,6.45
1588,5,3,6.2,3.75
14949,1,1,6.8,5.12
911,6,2,7.1,5.37
45450,7,2,1.2,2.63
42896,6,0,2.1,4.61
38508,6,4,7.5,5.5
16892,0,2,5.5,4.36
38925,2,4,1.2,6.56
23066,3,1,1.4,6.81
21446,1,2,5.0,3.74
36731,6,0,9.7,3.64
17216,3,3,7.5,6.31
7961,0,3,6.8,6.13
25374,7,0,7.5,6.72
35850,1,0,4.9,4.61
17418,2,2,8.6,3.52
48110,1,0,6.1,7.01
21464,7,3,8.3,4.37
9921,5,2,8.7,4.83
10416,7,0,4.2,6.04
15615,1,0,9.1,5.61
34060,3,2,2.5,3.33
17586,0,0,9.6,5.62
12960,5,1,0.5,4.02
26754,7,3,9.2,3.0
42279,4,4,1.1,5.66
46407,6,1,1.8,5.82
16157,5,1,8.5,5.08
18245,4,3,0.5,4.38
35189,5,4,1.7,5.86
48620,7,3,4.3,4.82
7377,1,2,2.8,3.39
38629,0,2,5.2,4.57
35580,3,1,9.7,6.64
21400,6,1,2.4,6.31
47437,7,1,8.6,4.73
2432,0,2,2.9,4.18
15152,0,2,3.2,5.54
33628,5,4,4.6,6.57
1809,3,3,9.9,5.91
17736,5,3,5.3,2.79
1224,0,0,5.5,3.92
26780,2,1,8.9,5.97
21760,3,1,6.5,3.62
27429,6,2,3.0,5.45
8204,1,1,5.1,5.84
25471,1,2,7.0,4.69
19526,2,2,0.1,5.0
27445,2,0,9.6,6.92
40971,7,0,2.4,3.72
45108,6,0,1.0,5.48
15245,3,4,5.5,4.71
35532,1,2,8.3,4.66
13617,6,3,3.3,5.27
40460,1,2,1.0,5.41
14885,1,3,7.2,4.66
13615,3,4,8.5,5.19
35523,6,2,7.8,5.04
21144,2,3,7.5,4.23
44047,7,4,4.3,4.65
46636,4,4,2.7,3.93
27375,1,1,6.2,4.73
15493,5,1,4.6,6.62
23533,7,0,9.6,5.83
49875,2,0,6.7,6.56
23381,3,2,9.5,4.57
43218,4,2,1.9,5.63
10213,4,2,1.9,4.0
23732,1,4,1.7,6.46
42946,4,3,4.3,5.79
15628,2,2,7.1,6.81
22343,1,2,4.6,4.08
6748,6,0,9.4,4.23
35873,5,4,5.5,5.99
41869,4,3,3.3,6.05
2188,2,3,6.3,6.39
47347,5,4,1.3,2.49
2567,5,2,0.0,3.66
4140,2,4,6.7,3.25
23860,7,3,8.6,2.62
4263,2,0,4.6,4.09
17744,0,4,7.1,6.29
28474,6,2,2.6,3.89
3360,2,1,6.8,5.7
4915,5,3,1.5,4.53
20967,2,1,3.6,4.23
11574,6,3,0.5,4.84
42859,3,4,4.6,3.32
47947,1,4,5.3,6.29
3724,3,4,0.7,6.42
43855,6,3,6.3,5.15
48501,3,0,9.9,5.35
41782,6,2,4.0,3.66
7229,1,4,7.7,4.25
26532,3,1,6.7,6.12
36177,5,0,4.4,4.7
29861,5,4,4.2,6.72
39499,2,1,0.5,3.32
29432,7,2,7.6,8.23
17612,3,0,5.0,4.68
36202,2,4,2.0,2.8
19427,4,0,0.8,4.34
9233,2,1,1.3,4.58
47211,3,3,4.1,4.88
28043,2,1,0.3,7.59
45833,4,1,9.0,7.09
727,1,0,2.7,4.89
32737,6,3,4.0,5.68
23126,2,3,6.7,5.32
41255,4,1,4.9,5.31
39700,6,4,6.7,3.81
47043,7,3,0.2,4.72
35057,5,1,5.8,4.4
18564,2,4,5.0,5.33
40415,0,3,0.2,5.04
49023,4,4,5.5,4.99
26745,1,0,4.8,6.3
16542,7,3,7.4,5.08
44768,1,0,7.0,4.49
39654,3,3,4.9,5.27
31112,1,3,8.6,5.13
48669,2,2,8.1,5.4
4324,0,2,3.7,5.37
26971,6,3,9.9,5.51
42009,5,0,1.0,5.87
681,0,2,6.8,6.23
13027,6,4,8.1,4.59
15150,3,1,6.5,4.34
26747,7,4,4.8,8.3
39813,6,2,0.3,5.6
31676,2,0,8.8,5.5
37683,1,0,6.6,4.78
34832,0,0,9.3,5.82
27525,4,0,3.4,3.36
17437,2,1,3.1,6.9
42254,4,0,2.5,4.38
5810,5,4,0.1,4.99
16311,5,4,5.7,6.11
34378,6,4,9.9,4.87
1031,3,0,5.3,7.88
40895,3,4,2.5,5.51
2903,7,0,0.0,4.17
23218,0,2,4.5,5.15
20238,1,4,4.3,3.61
1602,7,4,9.9,5.77
21007,0,3,9.4,4.02
9660,1,2,3.5,7.21
20714,3,0,3.7,5.04
6506,1,4,7.3,4.77
7881,4,1,3.3,5.97
46449,6,3,1.4,5.05
12309,3,2,4.6,6.14
34586,7,0,4.6,4.91
8714,6,0,6.7,6.6
46387,2,3,3.0,6.85
26673,4,0,8.8,5.27
15997,4,2,0.2,4.17
29744,0,1,0.1,3.91
15147,1,4,3.5,4.55
39083,6,0,0.8,5.71
48260,0,3,6.6,3.92
9720,6,3,1.3,5.29
26978,2,0,6.8,5.13
44643,7,2,1.5,4.82
49199,5,0,2.5,5.29
44966,1,4,6.8,5.25
13029,6,4,2.2,3.7
18921,0,4,2.6,7.34
35623,6,1,9.5,4.68
40526,4,2,2.9,3.87
48229,6,3,3.0,7.62
21772,6,4,0.9,5.26
20821,1,0,5.4,5.2
17152,5,0,3.9,6.41
43575,7,4,4.5,3.6
19683,4,0,0.2,2.73
46035,4,0,8.7,6.11
44792,0,4,6.6,5.25
36681,4,1,3.7,5.87
33706,1,4,5.3,5.85
15768,3,2,2.4,4.9
42417,1,1,6.7,3.94
47936,7,0,5.2,2.64
31136,6,1,1.0,5.86
6119,5,0,2.5,4.08
20295,2,0,7.0,4.9
6193,7,2,1.6,4.1
32816,1,0,2.0,6.23
4165,2,0,0.4,5.06
29158,4,0,7.4,6.21
16378,0,0,6.8,5.57
36238,4,3,9.9,6.42
7902,7,2,7.0,4.87
1950,4,3,1.4,3.97
41233,2,2,0.4,3.4
21443,6,1,0.9,7.38
19596,6,1,3.3,3.4
37967,5,1,9.4,2.8
46909,6,4,4.6,4.04
23603,6,1,8.0,6.96
13699,2,1,4.8,6.66
3726,5,3,6.5,3.92
35652,4,3,4.0,5.84
1421,4,0,3.5,5.41
19646,0,2,8.8,5.08
37570,6,4,0.4,6.2
42261,1,2,4.8,3.54
3733,1,4,2.0,4.56
17711,3,1,3.0,3.88
15085,4,2,1.9,3.33
25646,6,4,1.3,6.3
2098,1,2,6.0,4.43
214,6,0,0.9,4.91
16548,6,3,4.3,4.42
33387,4,2,6.7,6.45
42095,7,1,2.1,5.93
21918,3,2,2.5,4.64
3406,3,2,9.9,2.64
13652,7,1,3.1,6.6
39661,4,2,9.6,4.28
27489,4,2,5.3,5.45
37284,4,2,3.5,7.35
13430,7,1,0.6,5.94
25523,1,3,9.1,4.68
6306,6,2,5.6,3.46
11355,1,3,2.6,4.12
27004,6,4,8.0,3.93
6620,0,0,2.7,7.35
8673,1,4,3.5,6.26
27580,4,4,6.3,6.21
8501,6,3,0.3,5.98
29480,3,4,6.9,4.84
46719,3,0,2.8,7.82
19548,1,4,9.6,6.2
22246,6,0,1.2,3.16
40920,2,4,8.6,4.2
10780,3,3,5.0,7.47
41151,3,4,1.4,5.06
16285,0,2,0.7,7.98
28980,7,0,4.1,5.87
26473,1,3,3.9,3.79
1483,6,1,8.1,4.46
48522,3,3,3.5,5.7
9668,2,2,5.9,4.66
42264,1,2,0.4,5.41
13827,3,0,3.9,5.65
44075,3,3,4.2,6.21
44280,0,3,3.3,4.24
12091,4,0,4.5,4.04
48380,0,0,6.5,6.06
2468,2,3,9.7,4.65
36234,4,0,1.5,3.35
2395,3,0,9.6,3.89
12581,2,2,9.1,6.11
31087,2,1,1.7,4.21
40447,1,3,6.5,3.31
46858,7,2,5.0,5.09
44160,3,4,4.2,5.34
4901,0,1,0.3,3.05
36025,3,0,9.3,3.54
13093,0,4,5.5,4.15
15639,3,1,5.1,4.54
20104,1,4,8.8,5.19
41737,3,4,7.5,4.39
46821,3,4,4.1,6.46
42343,6,3,6.4,3.7
3351,5,2,7.3,4.6
16317,4,4,6.5,3.43
25199,6,0,2.4,6.54
17563,2,0,1.0,4.88
44012,2,1,2.2,5.08
30512,5,4,3.0,5.2
3185,2,1,1.1,3.44
19244,7,2,1.6,5.94
42605,4,1,8.4,4.15
19749,4,1,3.0,2.86
7492,7,3,3.6,4.91
33089,4,0,2.1,5.0
40788,2,0,1.0,5.91
2912,1,3,6.3,5.42
781,1,1,7.3,3.14
12890,5,2,9.0,7.0
19705,7,0,4.1,2.92
29149,3,1,5.2,4.99
2884,7,2,1.4,6.49
17010,2,4,7.8,2.62
41409,1,3,3.0,3.98
33382,1,4,0.9,4.8
18113,3,0,3.7,3.75
816,2,4,4.6,2.66
13246,2,0,5.6,4.35
10753,4,2,9.8,5.46
17366,6,1,6.0,5.65
19195,6,0,1.1,4.99
1622,3,3,8.5,5.04
11228,0,2,2.0,4.88
21314,5,0,3.7,6.52
19953,0,2,9.5,4.85
28969,7,2,7.4,4.48
1811,7,1,8.4,5.07
46594,0,3,9.1,3.84
18656,7,3,2.9,4.4
27379,0,3,2.8,6.84
16367,7,3,5.3,4.74
3652,2,4,9.5,3.15
12942,0,1,5.4,8.6
4867,7,3,9.9,4.29
14208,3,2,4.9,3.66
34459,5,3,7.3,6.32
41306,0,2,8.3,4.38
23601,6,4,7.3,4.6
12530,6,4,5.9,4.73
42788,3,1,8.6,4.14
23145,1,4,9.2,5.26
29843,7,1,5.8,5.58
30667,0,3,7.2,4.75
33114,2,0,4.6,4.71
49326,0,3,5.6,5.77
6882,6,3,1.7,4.59
20225,3,3,9.7,4.86
10266,5,4,8.6,3.6
40128,4,1,3.4,2.68
10422,0,2,7.5,5.64
38501,2,2,2.0,3.47
8157,2,1,2.2,6.51
8971,5,0,3.3,7.5
47650,3,0,7.4,3.67
47834,3,3,1.5,3.75
38808,2,1,5.3,4.1
7172,2,3,3.7,6.8
247,0,4,8.4,3.99
49285,6,4,6.4,5.48
2324,7,1,9.2,4.62
44830,0,0,1.0,6.01
43444,1,2,2.9,5.37
18847,4,2,1.1,4.9
23506,5,3,2.3,6.27
43631,5,1,5.0,4.07
609,4,3,6.6,3.31
17577,1,2,5.9,5.29
34795,5,3,6.0,4.72
47746,3,0,2.1,6.79
35039,6,1,1.1,5.78
42135,3,2,4.8,3.6
19579,2,0,8.2,6.71
25294,4,0,9.4,3.05
45838,0,1,2.3,7.0
25919,3,2,0.5,3.59
17909,7,1,0.8,4.25
43255,3,1,6.1,4.64
38555,0,3,2.7,3.08
3927,6,3,3.8,2.9
16362,4,0,5.4,5.75
38420,4,0,0.4,5.72
14853,3,2,1.2,3.78
20932,5,4,1.9,5.31
49788,6,2,7.8,3.9
11900,3,1,7.1,4.74
15749,6,1,9.3,4.33
12586,4,1,4.2,3.77
3428,5,3,7.8,5.84
49179,7,4,1.9,3.0
23820,7,4,5.6,5.51
13874,2,1,3.7,4.11
31755,6,4,3.2,2.58
35411,4,3,9.5,3.36
29969,5,2,8.3,2.71
5675,4,1,8.0,2.34
27013,2,3,4.4,5.03
45521,5,1,1.8,5.34
4732,1,4,1.9,3.07
6073,4,3,7.6,4.34
43632,4,1,7.7,4.62
27412,2,3,8.8,4.11
36048,0,3,2.2,5.04
6412,6,0,6.7,6.05
1264,1,1,9.2,3.54
26932,3,3,8.4,4.28
22010,0,0,8.1,4.73
49561,4,3,6.2,3.84
44678,4,3,7.0,4.56
29559,0,2,0.4,3.94
3488,3,1,3.7,6.64
11684,3,3,9.5,6.64
17387,7,2,5.5,4.98
6444,4,0,8.0,5.91
13484,2,4,2.5,2.07
37527,0,3,9.2,3.97
48217,5,4,3.3,5.04
30087,4,3,6.6,5.35
18416,5,2,3.0,5.88
13183,3,0,6.7,5.88
8034,4,3,1.9,5.93
30277,5,4,5.2,5.65
28650,6,2,4.9,3.16
24843,1,2,7.2,5.04
23491,2,1,0.6,5.13
12642,7,1,3.9,5.87
9904,2,1,9.8,7.69
14334,1,1,1.0,4.68
9117,7,3,0.7,3.85
36419,5,2,2.2,6.08
26307,6,2,6.7,4.61
21967,3,1,9.7,5.57
36941,6,1,9.9,6.03
1629,0,0,6.7,4.02
12141,7,0,10.0,6.13
47021,6,4,9.0,3.76
12261,5,3,8.4,4.45
36154,7,2,6.6,6.79
46486,6,1,0.5,3.98
20659,3,2,5.6,5.62
7549,4,3,0.7,4.4
29714,6,0,4.4,5.67
49213,7,3,0.9,3.6
33870,3,4,1.7,5.87
45157,2,1,2.6,3.1
8140,6,3,1.1,6.05
27656,2,4,9.2,5.27
8324,5,4,0.8,3.35
5003,7,2,0.6,4.82
49132,7,3,8.7,5.6
6547,4,4,1.5,5.26
15553,1,0,3.6,5.14
31664,0,1,2.7,6.36
4092,3,3,6.2,2.98
17001,4,1,8.7,4.67
3386,1,1,8.5,5.62
16923,2,2,9.7,4.72
18896,3,4,5.1,6.15
33712,1,3,3.9,5.46
10845,0,4,8.7,2.78
31296,1,1,8.8,6.25
38290,6,4,4.4,5.11
14455,5,3,8.2,3.2
20037,5,4,3.1,5.91
21651,0,3,0.6,2.75
42913,4,1,0.8,2.21
6094,7,1,1.2,4.9
23907,5,1,7.8,6.22
37991,6,0,0.7,3.35
6494,6,0,9.7,6.44
20226,6,4,9.8,3.68
14960,3,0,5.3,5.01
45506,1,4,10.0,6.53
24311,1,1,9.6,5.69
27951,2,2,1.2,6.85
41749,4,4,6.0,4.49
11056,5,0,8.6,4.5
42527,1,3,8.2,5.31
9836,7,1,5.2,4.52
44885,7,1,5.2,3.73
43615,4,0,7.1,4.32
14761,6,0,3.8,4.48
48972,0,4,0.1,7.35
5260,3,4,5.7,3.52
44912,3,0,7.6,3.62
13735,6,1,1.1,4.15
22154,6,0,3.8,3.15
18247,5,2,5.5,5.71
26885,3,1,0.9,3.84
15669,4,0,8.7,7.4
22323,2,1,1.3,5.54
34814,6,2,2.7,4.25
11553,6,3,6.1,6.56
32454,3,3,10.0,3.84
23740,6,2,5.4,5.04
31859,4,4,4.8,4.05
22239,5,2,7.5,3.68
16696,4,2,7.4,3.92
4178,2,1,8.4,5.73
38793,2,0,5.1,5.09
18310,3,4,8.9,4.08
30134,6,3,3.4,5.99
4186,3,1,3.5,6.61
30052,6,1,8.6,3.57
964,3,0,3.1,4.47
43888,1,2,0.7,5.98
48003,2,0,4.7,5.26
36215,1,1,1.5,6.6
29617,4,1,3.1,5.96
46794,4,1,2.0,4.34
21157,5,1,7.4,4.06
48421,1,3,10.0,3.91
21573,4,0,0.6,5.72
45176,0,4,4.4,6.04
32742,3,1,8.7,3.21
24661,4,0,3.5,1.66
39395,5,4,2.9,5.47
25532,2,1,3.8,6.61
15455,0,4,2.6,7.06
48013,6,1,5.8,5.58
26137,6,4,4.6,5.2
27091,0,0,5.3,3.66
1178,3,3,3.0,2.73
47768,4,2,9.3,6.23
5564,1,3,5.9,5.05
13044,4,4,6.3,5.51
30430,3,2,8.3,3.24
37631,3,2,5.6,4.73
15030,2,0,8.0,3.48
14970,7,4,2.2,3.67
46188,1,4,6.4,3.44
42778,7,0,2.2,5.48
16237,0,3,6.8,5.26
38814,3,2,7.9,6.23
13041,5,1,9.6,3.51
49021,2,4,0.5,4.19
15125,6,2,7.4,5.59
13395,3,1,8.9,6.53
33369,6,0,0.7,4.29
10854,4,2,3.0,5.67
40283,5,2,1.3,3.74
43419,3,2,7.6,5.53
14829,4,4,2.9,6.61
16841,7,3,6.1,6.95
4517,6,4,9.2,5.76
9880,5,1,3.8,4.7
48846,4,3,7.1,5.74
5151,7,0,3.9,5.56
22430,6,1,5.2,6.29
6266,7,2,1.7,4.65
11353,1,0,3.8,6.78
38952,3,3,4.5,3.92
15809,2,0,5.3,3.83
16154,0,3,7.6,6.28
24186,2,1,5.3,4.05
30231,7,1,4.6,3.65
45745,0,3,2.1,4.73
17908,4,3,2.6,2.82
2014,6,0,9.1,4.48
22297,1,1,0.2,5.58
16131,3,4,3.6,3.68
21482,5,3,9.0,5.66
34994,0,1,2.5,2.69
27879,3,1,1.9,5.22
20527,1,3,2.3,5.85
29275,3,0,6.5,4.03
47549,4,0,2.7,3.54
17819,6,4,3.1,4.59
47926,2,0,4.5,3.74
16382,0,1,3.1,4.2
31583,1,2,1.9,4.38
21852,0,4,6.8,4.78
10270,3,3,8.8,2.81
19956,1,1,8.9,5.62
11989,6,2,1.6,4.49
42495,1,4,0.6,5.1
15068,7,0,5.2,3.63
5925,5,2,2.5,4.82
45744,0,3,1.4,3.85
40176,3,4,2.3,4.03
5812,7,0,4.6,3.8
7132,4,1,4.0,6.05
5670,2,3,3.4,3.11
18358,2,1,3.6,3.83
46394,4,0,7.0,7.07
1373,2,3,2.5,4.96
34659,5,3,3.3,5.21
32225,4,4,9.6,5.24
32774,1,2,5.7,5.1
41730,3,0,7.2,5.32
4366,6,1,6.7,5.72
13905,2,4,8.1,5.73
2923,0,4,3.8,5.07
34943,4,1,5.9,6.62
28699,4,2,0.3,5.15
36799,1,3,2.9,5.84
40900,3,2,4.2,3.01
2779,2,4,6.5,5.61
18394,1,1,2.9,4.78
28452,2,2,7.0,3.63
30246,0,3,6.1,6.27
422,2,4,9.2,5.06
40082,1,4,0.4,4.97
6428,3,0,0.4,4.37
49748,6,2,6.7,5.6
8550,1,1,8.2,3.8
7991,0,2,5.7,3.63
23682,0,2,8.6,6.63
40398,3,4,7.7,4.74
8084,7,2,2.2,5.76
21362,2,0,8.4,3.55
34182,2,0,4.2,3.47
11796,7,2,7.9,4.58
9890,2,4,2.9,5.4
26815,7,0,0.9,4.52
146,0,2,8.2,6.86
27948,7,4,4.7,6.86
2090,2,1,5.7,4.53
2312,5,2,4.7,6.1
24349,6,4,4.9,4.54
12528,2,0,8.1,4.79
21356,2,1,0.0,7.37
3905,0,4,7.5,7.1
47739,4,3,4.5,4.79
39371,3,4,3.9,5.11
16485,4,4,4.6,5.88
27944,1,3,7.2,6.79
35844,4,0,8.8,5.14
7066,5,4,3.5,5.62
15389,0,0,9.9,5.35
44612,2,4,3.2,4.09
36587,5,1,8.3,6.1
27107,3,2,0.1,8.0
35504,1,3,5.8,4.27
2248,2,1,2.2,6.13
12038,5,4,5.7,4.65
28026,3,4,0.1,5.1
15415,1,1,5.6,3.21
46414,4,3,1.6,5.76
20215,6,1,4.7,4.7
20491,2,3,5.2,3.23
45412,7,1,9.1,3.22
45307,4,1,7.4,4.15
16646,4,1,9.1,4.89
14430,2,4,0.9,6.2
7249,7,1,3.7,6.23
1938,1,4,7.7,3.36
30296,6,1,9.5,2.78
7765,2,4,7.4,3.75
33428,0,0,7.6,5.35
16555,3,3,3.9,4.9
5153,2,0,1.9,5.73
9686,2,4,6.0,5.33
17217,7,2,7.0,5.81
42363,2,2,3.9,6.57
23374,1,3,8.4,3.16
40533,5,0,9.5,3.36
37274,2,2,7.3,3.97
30048,3,2,5.9,3.42
46859,2,4,5.7,4.43
26698,1,1,5.0,3.57
46861,3,3,3.1,4.75
32043,0,3,6.8,5.04
32869,2,3,8.4,4.48
20508,3,3,3.5,5.19
28979,0,4,4.0,3.72
8356,2,4,9.6,6.37
202,5,4,6.8,2.8
3321,4,1,2.6,5.62
42043,6,3,6.4,5.36
14431,6,1,1.4,2.99
14616,4,1,6.3,5.33
49042,1,1,9.5,5.74
3834,7,3,5.6,4.39
9311,6,1,2.0,5.32
17697,2,1,2.1,3.37
44202,4,2,3.7,5.31
46261,2,0,4.3,4.66
23689,6,0,0.1,5.33
22662,0,1,1.2,4.93
20161,7,3,7.0,4.11
37154,6,1,4.8,3.77
23415,3,2,2.9,3.33
15039,0,0,5.5,5.92
34530,6,2,7.9,4.7
49187,5,3,2.6,3.77
21576,0,1,0.8,4.14
194,6,4,0.6,5.06
30607,1,2,6.3,5.79
29060,0,2,6.3,5.85
262,6,0,7.9,6.87
6432,0,1,4.3,6.31
41638,4,0,1.0,2.19
1646,3,4,5.5,5.32
21470,7,2,5.2,4.21
19631,7,2,9.0,6.19
31570,3,1,6.9,5.06
5018,6,0,1.0,5.55
44521,0,3,8.1,5.14
37825,3,0,4.4,6.32
21271,5,0,1.6,6.62
27981,4,2,0.2,3.32
28574,5,0,4.0,5.4
47095,1,4,1.3,6.42
29899,5,2,3.1,3.86
22605,2,3,4.1,3.2
573,3,3,2.2,3.32
7481,0,4,8.9,6.66
33718,0,4,3.2,4.4
42964,0,0,3.2,4.46
25531,7,3,8.0,5.88
46617,0,1,8.3,5.79
22795,1,2,3.8,2.54
19205,2,2,0.0,5.24
27120,3,3,9.0,5.49
26952,3,2,7.7,4.99
14153,7,2,1.7,3.31
41689,5,4,6.9,4.46
46926,2,1,0.4,3.77
42085,5,3,1.6,5.32
12384,3,4,2.7,4.44
9586,2,0,7.9,6.82
19123,3,0,8.1,5.28
10616,5,4,4.2,5.14
37018,6,4,5.3,5.3
46092,1,3,9.8,5.41
3586,5,2,2.5,3.53
37633,7,1,0.2,4.73
18782,5,3,3.8,4.83
26380,5,3,3.3,4.9
37918,6,2,0.5,6.22
25141,5,2,2.5,1.88
2089,7,2,6.3,5.68
31376,3,4,2.3,6.84
2924,5,4,7.8,3.59
23972,7,2,7.5,5.46
13936,7,1,4.8,3.73
33355,2,1,0.2,5.46
43251,3,4,2.8,2.65
19415,2,2,2.4,4.32
12588,4,2,4.7,6.92
10432,1,4,1.7,3.38
3695,2,1,3.0,5.14
16341,2,4,4.4,3.35
26857,1,0,8.4,3.55
32351,0,4,8.4,3.77
30483,3,3,2.8,4.43
40747,1,2,4.1,6.69
7048,1,4,7.8,5.58
28820,2,3,6.2,2.85
47924,0,1,9.5,6.36
20453,4,0,4.1,4.03
46240,0,2,3.7,4.21
36807,5,0,6.2,3.67
44088,6,1,6.2,5.26
18389,1,3,6.5,2.5
23264,1,0,4.1,6.32
22302,7,1,7.3,5.28
47390,6,4,3.8,5.17
32047,4,3,5.6,4.83
44383,7,4,3.3,5.97
22734,5,4,7.1,4.86
11204,3,0,2.5,6.2
43956,5,4,8.0,4.01
40165,2,3,3.7,4.59
43243,7,3,7.5,5.32
40915,2,1,7.0,5.27
35348,6,2,7.5,2.13
5129,6,1,7.2,6.29
45020,1,3,5.5,3.4
48567,0,3,8.5,3.1
38070,7,0,6.6,6.13
47297,0,1,9.2,5.61
19692,3,3,3.9,4.63
9022,3,2,0.6,4.34
22989,7,0,1.2,5.34
7426,1,2,8.7,4.31
37329,7,1,9.1,2.77
42705,2,3,6.8,5.89
42737,3,0,9.8,5.51
3387,5,2,2.9,4.83
44208,3,0,6.1,6.98
28599,4,3,7.8,6.48
38434,1,2,8.7,4.0
34089,6,1,0.5,6.16
18937,0,0,2.5,5.85
31586,2,2,6.2,5.8
30633,5,0,3.5,5.39
35421,3,3,3.6,4.46
44770,3,0,8.4,4.09
48837,5,3,0.6,5.18
20835,0,3,7.4,4.36
20991,4,1,1.3,5.01
14741,7,1,3.7,3.91
8658,2,0,4.7,4.91
44347,1,2,4.1,3.74
5753,2,1,9.1,4.42
4483,7,1,1.8,5.0
37844,5,1,9.1,6.25
8604,4,4,3.3,3.75
14870,7,4,2.9,4.66
14650,0,1,4.6,3.22
34739,5,4,5.6,6.13
30263,6,3,1.9,4.72
12968,2,0,1.7,4.77
3543,6,2,1.6,1.81
10367,6,0,5.3,4.05
7519,5,0,7.7,3.03
15999,5,1,4.5,2.81
5061,5,3,4.0,5.15
12125,7,1,5.0,3.04
6310,3,4,4.9,5.91
45574,2,1,9.3,7.6
38722,4,0,4.7,5.12
4283,2,3,7.4,4.33
43271,7,1,0.4,4.36
31207,7,0,7.0,4.73
39996,5,0,8.8,5.58
22864,4,4,3.4,4.79
40858,5,4,1.0,4.21
33146,3,4,5.2,3.2
2687,4,4,3.9,6.51
21859,2,1,6.0,4.33
33855,3,2,6.1,2.3
49762,4,3,6.8,3.83
15146,5,3,6.3,5.07
30414,1,3,8.4,4.67
46816,7,4,2.8,6.09
8203,7,1,2.7,5.3
9170,1,3,8.6,4.65
16173,2,4,4.2,5.67
3218,5,2,8.5,5.97
11893,2,2,8.6,5.09
47093,1,2,1.2,6.31
4389,6,4,8.1,5.8
44495,6,1,1.7,4.64
49193,4,4,1.8,5.17
47415,0,2,3.9,7.16
3547,7,4,1.5,6.05
1689,2,0,3.6,3.36
45749,2,0,9.0,4.51
13212,4,2,3.4,3.42
26181,1,1,9.2,6.61
11868,5,1,6.1,5.72
12925,0,3,4.7,3.56
1418,7,3,0.9,6.47
17334,7,2,5.7,4.63
35731,3,3,9.5,5.16
18524,6,3,8.6,5.11
9799,7,2,5.6,5.68
31051,5,1,7.3,3.53
24200,4,3,8.3,4.67
8185,5,2,0.6,5.34
34054,0,0,8.4,5.61
47690,1,1,0.8,5.53
13035,0,1,8.3,5.12
34607,6,2,5.3,7.86
4474,4,1,1.4,6.03
36893,5,3,7.5,4.92
22107,1,2,6.1,2.67
8580,6,0,6.1,7.94
48183,4,0,2.8,6.07
26318,5,4,1.3,7.42
38612,4,1,2.5,3.28
31823,5,3,2.0,6.34
35342,2,0,4.3,4.21
32764,1,2,8.9,4.39
16687,4,2,3.7,3.57
20893,0,4,8.5,4.82
26389,4,1,5.3,5.19
25392,2,1,6.7,3.66
48214,2,1,8.8,3.3
12401,5,3,3.5,6.1
26157,4,0,1.5,4.76
31459,4,3,0.4,5.47
43992,2,2,7.1,4.46
31927,0,1,4.1,3.19
23961,7,1,3.9,5.26
47948,1,3,9.5,5.66
35549,0,1,5.1,3.21
5485,4,0,5.3,5.54
21061,1,2,4.6,5.05
25898,0,1,5.0,5.18
36111,3,3,3.2,2.36
36194,2,1,9.0,4.63
20213,3,4,2.5,6.79
44837,6,1,3.4,6.01
24548,3,0,10.0,3.45
44597,0,4,7.2,4.98
25385,3,3,9.5,5.12
9931,6,2,3.9,5.12
5093,7,4,2.5,5.26
17562,4,2,5.0,3.86
26371,5,1,9.5,6.11
45709,6,2,4.6,4.08
34571,0,4,1.1,4.26
23169,6,3,5.6,4.98
4763,4,2,4.8,5.84
9295,6,1,0.2,4.61
35621,0,2,9.5,4.86
46985,5,3,1.9,5.41
3468,4,2,9.5,5.25
2530,2,0,5.6,4.17
11096,3,3,1.4,5.08
48116,2,1,5.5,3.81
6198,4,0,6.7,4.42
10676,3,1,0.5,5.42
39555,7,0,1.4,2.49
34789,5,2,3.3,6.39
22604,7,2,0.7,7.6
37835,1,0,0.5,5.46
29159,6,3,10.0,3.35
44644,1,1,9.4,4.24
34351,4,2,7.0,4.11
34449,1,4,7.7,4.95
43886,2,3,1.9,4.56
8789,7,1,0.2,4.92
27887,1,4,3.5,4.99
4818,0,4,8.1,5.77
23391,2,2,4.9,2.95
45614,0,3,5.9,5.03
21456,6,1,0.1,4.93
21854,0,3,7.8,5.62
11127,4,0,1.9,5.44
33193,0,3,2.1,5.68
471,0,0,2.0,5.79
36897,4,4,4.4,6.04
11818,4,2,1.7,4.81
4774,1,3,5.3,6.0
43551,6,1,2.8,5.43
34800,4,3,3.4,4.44
19829,0,3,4.6,4.71
26725,5,3,0.1,4.74
2519,3,2,9.7,6.84
16003,4,3,9.8,4.6
25771,6,0,4.0,4.85
2764,7,4,5.0,3.02
30192,3,4,1.7,4.69
7083,6,0,4.0,4.05
20860,7,3,3.3,5.49
13819,7,3,8.1,4.67
4982,3,2,2.7,5.49
27689,2,2,2.3,6.91
13518,2,2,2.7,4.5
19626,5,1,2.9,3.18
13592,0,0,5.9,4.0
34548,5,0,0.1,4.26
18301,2,4,2.3,4.65
25504,5,4,6.3,4.23
3557,4,4,6.2,4.68
857,2,3,9.7,4.92
32648,4,0,6.1,4.96
35865,7,3,2.9,4.69
16258,4,0,6.9,3.11
21452,7,2,5.0,4.51
44646,2,0,7.3,3.65
36621,6,1,1.0,5.89
35276,1,4,8.1,5.62
10619,4,1,4.0,6.01
43594,6,3,7.3,3.92
37505,4,0,6.6,4.51
7565,5,1,2.5,5.75
24409,3,4,0.6,5.0
37635,3,1,8.9,3.53
34380,6,2,0.2,4.57
3667,6,3,4.4,5.71
22333,4,1,2.2,4.63
20541,6,1,4.4,4.89
17007,5,1,0.4,3.8
20655,6,1,5.8,4.01
45206,0,4,3.0,6.54
6986,5,2,2.1,5.88
19289,7,2,3.0,5.44
22611,1,1,8.1,5.44
5029,4,4,9.3,3.84
42545,3,4,3.2,3.67
44922,0,0,3.3,4.1
43898,0,4,8.9,5.32
8771,4,4,8.3,4.12
21179,3,4,1.9,6.54
38240,0,0,4.9,3.92
37711,2,3,7.6,4.54
15231,6,0,6.8,5.43
46720,0,2,1.7,4.52
5834,5,3,5.8,4.97
14197,4,2,1.3,7.22
30701,5,1,3.5,2.34
16134,5,0,9.9,3.3
16320,4,3,2.4,3.21
28421,1,0,5.5,4.09
28705,5,2,3.9,4.63
10101,4,0,3.2,3.98
25883,6,2,6.8,5.12
44131,7,1,7.7,6.32
4120,0,2,6.5,4.2
11610,7,0,8.8,6.32
4669,3,0,6.2,7.53
39320,6,0,3.4,5.63
21618,2,0,1.7,5.27
25888,7,1,0.1,2.86
46894,3,0,7.8,4.87
28662,7,2,6.0,5.28
49631,2,1,7.6,3.88
33552,4,0,7.6,4.44
9914,6,0,0.8,4.22
42868,6,2,5.9,7.19
24072,3,0,7.3,4.51
2628,7,1,7.7,2.48
24555,6,4,8.5,4.48
42644,0,3,1.6,2.9
4583,7,2,6.8,5.4
29310,6,3,9.3,3.62
6987,1,4,2.9,3.94
8436,5,0,1.3,5.3
27312,5,1,8.1,4.3
35169,1,0,5.3,6.41
13256,6,2,4.1,4.56
1291,1,3,3.8,6.57
45646,7,1,6.5,5.84
10628,7,1,0.8,5.42
24060,4,3,8.9,5.77
47556,7,2,6.4,3.63
18062,0,1,4.4,5.23
13414,7,2,0.6,6.36
21489,3,3,0.2,5.68
26264,2,4,2.4,6.1
49429,5,4,0.4,6.11
22767,7,4,3.3,4.92
20094,1,3,6.8,4.19
23947,1,3,6.0,5.39
18210,1,3,3.1,3.89
8131,7,2,3.1,2.04
43467,1,1,5.0,6.5
10124,3,1,2.9,5.21
34967,2,4,8.7,6.43
26465,6,4,8.2,5.69
30067,7,3,9.4,5.57
48042,1,1,7.6,4.77
16177,0,4,7.8,6.36
23345,1,4,1.6,5.63
47791,7,0,1.9,4.72
12661,7,1,2.0,7.15
6017,7,1,3.5,4.99
5974,0,1,2.6,4.32
18011,3,4,0.4,5.05
1974,4,2,9.5,3.28
40098,7,2,3.2,4.89
3723,6,2,9.7,6.46
45591,0,2,7.5,2.54
7448,7,3,2.2,6.73
32352,0,3,1.8,5.9
21089,4,4,0.8,4.99
40829,5,3,7.9,5.73
5715,4,4,3.3,3.33
45760,5,4,6.1,5.31
47952,5,1,7.3,3.79
36270,3,3,0.0,3.4
38310,7,3,0.7,5.76
48961,1,4,5.7,4.46
193,1,4,8.2,5.14
18316,3,0,6.5,5.65
40964,6,4,4.1,5.37
36117,2,1,7.9,5.35
23011,6,3,5.4,7.16
17246,7,0,6.8,6.95
34206,0,2,6.5,5.33
44055,5,4,6.1,3.88
30915,7,1,9.4,4.59
3791,4,1,5.9,7.15
49997,0,0,2.7,6.02
1481,3,1,8.7,4.56
4533,2,0,4.3,4.33
21871,5,2,8.3,3.2
24784,1,2,7.7,5.61
19447,5,1,7.8,4.88
14992,4,3,2.1,5.6
21869,1,2,9.6,3.66
20446,4,0,0.1,5.42
36447,1,2,1.7,6.05
4783,1,3,0.2,7.2
11408,0,3,2.2,3.65
38489,2,1,7.0,4.16
9323,4,1,9.3,6.48
12305,3,0,3.3,5.45
4506,1,0,7.3,6.07
43504,6,0,9.8,5.82
13846,0,0,6.3,4.23
4784,4,0,3.6,4.7
41261,2,1,9.2,5.29
29361,4,2,2.9,3.93
19328,5,0,7.2,3.52
2084,7,3,2.1,5.38
46209,3,1,2.0,2.97
44801,1,4,1.9,4.89
8822,4,2,5.6,5.04
6709,5,1,2.2,7.44
49851,3,3,0.6,4.56
8077,6,0,6.3,5.39
48478,4,0,2.3,4.88
46757,2,2,1.2,4.14
47592,2,3,9.1,5.28
26800,4,3,7.1,3.79
45759,5,2,0.1,4.07
35839,5,3,4.9,4.59
13930,0,1,3.6,4.65
39874,7,0,6.6,4.65
4573,0,2,1.8,4.66
15170,2,3,6.4,4.42
7455,3,0,3.1,4.08
23704,4,1,9.4,5.0
40849,4,4,6.0,4.32
48103,4,2,3.2,3.16
5241,1,4,0.8,5.33
38194,6,1,3.0,2.7
18162,2,2,3.6,3.59
25863,6,4,0.2,7.23
10590,1,4,8.1,2.69
33108,5,4,3.7,6.42
43622,1,4,3.4,5.99
15409,2,0,5.1,4.51
22372,7,4,0.1,4.25
24442,2,2,7.1,3.59
25650,4,4,3.0,6.48
6942,1,1,2.3,4.2
9096,3,1,3.1,3.76
41536,1,0,5.4,6.71
38239,6,3,8.2,2.69
28736,4,1,1.3,4.94
43965,6,4,5.9,2.87
18768,7,3,1.4,6.64
39667,2,0,4.6,6.76
35010,2,0,5.1,5.98
27250,1,2,9.1,4.89
11352,0,1,0.8,5.7
11747,2,1,8.7,6.76
36605,1,4,9.6,4.41
34608,4,2,7.6,5.42
46313,7,0,6.0,6.0
15744,4,3,6.0,3.03
12067,4,4,5.0,3.97
5300,3,2,1.6,5.86
18189,0,2,7.5,6.4
3903,2,0,7.4,5.02
45959,7,1,0.3,4.45
27781,2,1,5.1,5.38
30843,7,2,6.2,4.34
41217,7,4,6.7,3.93
47221,4,4,2.4,5.88
1176,6,2,2.8,5.41
45274,0,1,0.2,4.79
12898,4,2,0.8,4.14
36170,7,2,2.9,6.14
9835,3,2,3.4,4.55
1265,7,3,4.9,4.12
2346,1,4,5.4,6.36
5497,0,1,6.4,7.6
32093,6,1,9.1,7.04
654,4,2,7.6,4.92
45916,1,4,2.3,5.35
24149,0,2,4.7,3.23
19173,3,2,3.5,5.56
27731,2,4,7.5,3.75
25991,7,3,4.4,3.59
14427,6,3,7.0,4.13
43205,1,1,8.6,3.9
9458,7,4,0.1,4.34
44789,3,4,6.7,5.61
43216,6,3,3.1,3.64
20499,5,2,9.0,4.6
20588,7,2,2.5,2.76
8093,0,4,2.8,4.89
23014,2,3,1.2,5.75
28807,4,3,5.5,4.47
33356,0,3,9.6,7.18
26131,5,3,6.2,3.44
32817,6,2,3.6,6.29
19809,0,2,7.1,6.14
15908,5,2,8.0,5.22
32324,7,3,9.7,4.61
26459,2,4,4.4,6.13
5458,1,4,4.5,3.52
11340,2,4,6.1,5.0
31170,0,0,4.3,3.23
44894,1,3,4.4,4.04
5734,5,3,6.0,7.93
12721,5,1,8.5,7.19
32853,5,4,8.0,4.22
47060,2,2,2.1,3.83
33692,7,0,8.0,3.95
46281,1,0,7.1,6.08
12517,1,1,6.1,6.78
676,6,4,8.3,5.37
1913,5,3,4.3,4.83
29825,6,1,9.1,4.63
21652,3,4,8.9,2.98
23901,1,1,8.0,6.04
17231,1,3,6.6,6.24
15292,5,1,6.0,4.06
22226,4,1,0.5,5.17
29937,4,2,8.2,3.58
15310,3,1,9.1,4.02
14500,5,4,6.1,4.06
7103,5,2,8.3,5.5
44111,1,2,3.6,5.68
7326,6,0,9.1,3.21
14644,2,3,4.3,4.37
29876,2,3,3.4,5.56
31926,4,0,3.3,4.06
33730,5,0,0.2,5.36
23680,7,0,6.8,5.59
39287,0,4,2.9,6.16
38541,1,4,7.5,4.18
46695,4,1,9.0,4.77
44365,1,1,4.1,5.52
44577,0,2,5.0,4.08
10212,4,1,6.2,6.34
17703,1,4,9.9,5.14
37233,7,3,5.5,5.36
10873,1,1,2.2,6.01
28147,6,3,4.9,7.44
20057,2,1,8.6,4.97
38336,2,2,4.5,4.08
19678,6,3,3.7,5.27
29613,3,1,0.9,3.83
12463,3,0,3.7,6.27
8985,6,0,6.7,5.19
6570,7,3,2.8,5.41
1044,6,1,9.5,5.67
38356,7,1,9.2,4.87
6622,4,3,7.0,3.8
27814,7,3,0.8,4.55
4658,4,0,5.3,3.14
19395,1,3,3.1,5.24
43475,3,1,3.7,6.88
30213,7,4,0.1,2.88
38285,4,2,1.0,4.09
31471,7,2,3.3,5.91
37458,7,3,4.6,7.31
37759,4,1,0.7,5.73
2018,0,1,7.5,6.66
25887,6,4,1.1,4.64
31212,7,4,8.5,6.54
3213,4,4,5.7,5.15
36954,6,1,9.5,4.96
716,1,0,7.2,2.95
13925,7,1,6.2,6.61
42721,0,2,0.8,4.64
43096,2,2,2.9,4.71
31398,7,4,6.9,6.64
7589,1,0,4.3,5.05
27277,4,4,0.8,5.56
44794,1,4,4.8,5.32
11298,0,4,5.2,4.12
1831,2,0,9.2,6.73
20359,5,2,1.0,3.96
9790,2,2,0.6,4.34
44447,6,1,6.2,4.99
27991,0,2,5.1,4.87
15706,7,1,2.3,4.05
47778,5,4,4.5,4.32
45640,6,2,5.6,3.65
31165,1,1,5.6,4.99
40091,7,0,8.8,6.38
24236,3,3,0.7,5.25
8273,4,1,4.3,5.95
18549,2,2,0.3,3.04
31053,5,4,4.0,5.6
3168,3,3,6.4,5.32
18633,4,1,5.9,3.95
24748,7,0,0.3,5.93
2832,1,1,1.6,6.47
45377,1,1,1.5,4.91
10061,2,1,0.6,5.74
5066,6,4,2.9,5.02
24496,6,2,6.7,4.52
19224,7,1,4.2,4.14
3804,7,0,1.1,4.56
28801,0,0,3.5,3.43
3633,3,0,9.1,7.41
36040,1,4,9.4,5.76
11334,4,3,5.0,5.79
21033,0,0,8.2,2.9
8707,5,4,5.0,5.8
10659,0,4,2.8,5.98
21051,2,1,0.0,3.88
4328,0,4,5.2,5.47
4894,6,1,7.9,4.22
10221,7,3,0.4,4.38
34697,2,1,9.4,2.35
39735,2,0,9.9,6.49
28496,4,3,9.1,6.96
30337,7,1,4.9,5.21
37748,4,4,8.7,5.73
11875,2,3,0.5,7.4
26435,2,2,5.3,5.16
42000,2,3,2.8,5.57
47873,1,2,9.0,3.12
41077,7,0,4.0,2.79
18895,1,1,9.8,3.54
38020,0,3,6.5,4.85
31301,1,0,7.0,6.11
6984,0,1,0.4,4.13
47031,4,3,5.3,1.98
48464,6,2,5.7,4.74
4390,5,1,6.4,4.2
41247,3,3,8.8,6.25
16463,4,1,9.3,3.66
38690,2,2,5.3,8.04
8973,6,3,8.7,4.75
23130,6,1,9.8,2.89
27181,7,2,8.1,4.14
25166,2,1,6.4,3.27
47939,6,3,9.8,4.27
18486,4,0,5.1,5.79
42985,1,2,1.8,6.32
37669,6,0,4.5,6.58
11486,5,2,3.6,5.96
34460,2,2,7.4,3.44
44850,3,4,0.8,4.86
26240,2,1,4.4,4.58
46888,3,4,7.7,2.66
26855,5,3,1.0,3.5
29011,3,4,7.8,5.37
10778,7,2,7.5,2.7
47440,2,3,0.6,6.61
18862,6,0,8.2,4.74
15425,3,0,3.4,4.66
15922,5,2,9.5,4.55
14190,2,0,6.8,5.9
37789,6,3,7.3,3.9
27617,6,4,0.5,3.26
561,6,3,3.1,3.02
37763,3,0,3.6,3.59
29621,4,2,4.6,5.63
39663,5,4,2.8,4.95
44169,6,2,9.6,5.37
5039,3,1,1.9,4.22
22825,7,0,2.2,4.06
49392,3,2,5.3,5.09
19833,3,3,7.7,6.28
35987,0,3,8.4,6.61
7130,1,4,9.9,3.52
49102,3,0,2.9,7.23
27178,3,0,1.6,6.08
27129,3,3,3.9,5.69
8104,1,4,6.8,4.83
29407,1,2,3.8,4.41
13851,0,4,4.3,6.9
47728,3,0,7.6,4.32
21695,6,4,3.0,3.26
16259,7,0,3.1,5.92
28042,3,4,7.2,5.06
22482,5,3,9.2,5.44
35753,7,4,5.6,4.92
46177,4,2,1.5,3.38
48036,3,2,0.9,7.11
5588,4,0,1.9,4.61
7930,1,0,8.6,3.96
25598,1,1,5.3,4.38
8936,7,1,1.2,4.85
35430,0,4,3.3,3.74
47944,4,3,1.7,4.02
5653,4,0,1.4,4.04
41655,5,2,5.3,3.78
1514,2,4,2.6,4.98
49862,6,1,1.8,5.61
9201,5,3,9.9,6.43
12826,4,4,5.0,3.6
42981,0,0,7.2,4.96
16513,4,0,3.6,6.47
13362,2,4,4.9,4.87
43720,1,3,8.3,3.97
49072,2,4,1.4,4.64
29292,6,0,6.0,4.92
35934,7,2,9.9,4.57
29594,0,1,2.7,6.61
40265,2,2,8.1,6.42
30662,5,1,0.2,4.13
21310,2,2,9.5,5.75
27750,4,1,3.0,4.01
3050,4,1,4.3,4.92
28576,7,1,0.9,6.15
12259,7,4,9.8,4.55
21299,3,1,3.9,5.05
45568,6,3,0.1,6.55
40088,0,2,7.5,6.99
21973,0,1,4.2,4.01
33659,1,1,0.5,3.48
12902,4,0,8.5,4.7
24755,6,1,7.4,7.55
14913,4,1,3.1,4.0
42120,2,3,7.5,5.74
20497,3,4,5.6,4.29
37784,3,2,9.6,5.83
31485,4,4,5.1,3.22
18835,0,1,8.3,4.38
49123,6,2,9.6,2.13
2571,7,2,9.9,4.73
33331,2,1,4.1,6.21
33422,5,4,3.0,1.71
82,1,3,3.0,4.51
46890,1,0,8.1,6.25
14664,4,4,5.1,6.01
20348,2,4,9.8,3.79
10017,7,2,3.3,4.37
20310,5,0,7.5,6.68
13704,4,3,9.3,6.12
18749,4,1,0.9,1.44
40354,5,3,5.4,4.76
39501,7,4,9.9,4.11
46670,3,0,9.4,4.17
36628,7,4,1.9,4.87
17403,4,2,8.4,6.81
2330,0,0,7.5,4.63
1361,0,0,0.8,3.35
39619,6,0,9.6,3.98
5824,7,0,9.4,5.24
16811,0,0,1.0,3.8
35513,0,2,4.0,4.68
37782,5,0,4.2,6.73
41139,7,2,6.7,2.65
42617,1,3,7.3,5.89
32812,7,1,5.6,3.96
49821,1,2,3.2,6.11
38968,3,3,7.3,4.5
15496,6,1,8.9,3.66
49623,2,2,3.3,5.39
16286,2,1,4.0,2.82
42499,0,3,8.2,5.31
2736,5,2,7.0,4.92
11583,5,1,0.7,4.65
13646,0,1,6.8,3.95
18420,1,2,2.9,4.8
24119,7,2,1.6,3.85
48740,1,1,8.7,5.88
9881,0,1,6.1,4.31
24494,4,3,1.1,4.91
11154,7,0,8.1,4.09
28468,1,2,4.1,4.81
29043,6,0,6.1,6.44
47289,5,1,4.2,5.52
16614,2,1,8.0,4.79
32739,4,0,0.5,6.18
15958,1,2,0.6,4.86
35194,1,2,1.9,5.64
13762,2,2,7.1,4.25
15933,5,4,4.4,4.19
36755,3,4,7.7,4.26
10008,4,3,8.6,7.17
8695,3,4,7.3,3.52
28028,5,3,8.8,6.21
24740,6,3,5.9,6.18
30183,5,1,3.3,4.99
23828,5,1,9.1,3.99
39183,7,1,8.8,3.96
17958,7,1,0.0,4.74
5128,6,4,5.1,5.52
15896,6,4,9.0,2.67
48560,4,2,8.0,4.54
30244,1,4,0.7,5.46
47882,6,2,2.5,5.71
37461,4,1,8.9,6.34
5743,0,3,9.9,2.69
12096,4,2,1.5,6.08
44805,4,3,3.8,3.49
42260,0,3,6.6,5.7
35017,3,3,2.5,4.34
10499,7,3,6.7,4.46
13700,1,0,9.8,5.59
14811,0,0,4.1,5.82
45748,2,0,0.7,5.51
25489,1,4,8.6,4.23
44705,1,0,8.3,3.85
6988,6,2,9.3,5.28
17021,0,0,6.4,5.56
25938,1,1,9.2,6.05
27095,7,0,4.3,6.18
18657,3,4,5.7,6.03
3998,5,0,9.3,6.01
36746,0,2,6.7,3.05
12352,1,2,1.9,5.76
10164,2,0,3.8,5.56
47695,2,1,5.0,3.76
36929,0,2,0.0,5.31
39082,3,2,8.1,7.27
9357,4,4,2.8,3.21
14226,7,0,8.6,4.42
34458,3,1,5.3,5.22
31578,7,4,7.1,4.93
19493,3,3,3.2,5.85
9301,3,0,4.4,3.26
14371,4,0,4.4,4.71
40804,7,4,3.6,5.46
10512,3,1,8.7,3.97
26593,1,2,6.0,4.78
4098,3,1,4.1,5.87
39298,3,0,5.0,4.74
28075,6,3,9.2,4.26
26009,4,1,9.9,2.42
48994,5,2,3.7,5.46
19627,5,0,1.2,5.51
34542,4,1,2.5,3.91
20872,7,0,3.3,3.34
6255,1,1,9.0,3.46
28256,1,1,6.8,6.41
29298,5,4,7.3,6.83
30542,2,4,1.5,4.47
12525,2,0,3.3,4.69
24242,1,3,5.2,4.62
31738,6,4,8.3,6.7
45085,1,4,3.5,4.83
12348,1,1,9.8,5.26
21219,5,2,2.6,5.26
37798,3,1,2.5,4.88
40236,0,3,10.0,5.79
34817,7,3,6.2,5.57
6558,6,3,4.0,1.25
45362,0,0,5.7,3.05
2357,4,1,8.0,4.23
39919,7,2,1.3,3.68
49872,2,2,9.5,4.42
5613,1,2,3.5,5.71
2177,2,3,4.0,5.43
48205,6,2,2.0,3.05
24433,0,4,1.3,4.68
40999,3,0,0.0,5.13
24104,1,0,6.9,7.09
6626,5,2,2.0,7.09
44560,3,4,7.1,5.82
3877,1,1,4.1,3.49
47154,4,4,5.3,4.72
10321,5,1,8.4,4.99
21671,4,0,0.3,3.35
11591,2,3,6.2,6.59
7498,3,1,2.0,6.43
23919,6,2,7.5,6.67
35776,4,2,5.0,5.55
43818,7,3,6.5,3.58
19293,2,4,1.5,6.68
29723,4,1,4.7,4.21
13526,6,3,9.7,4.4
14945,2,4,5.9,4.66
33433,2,1,0.5,6.38
32341,5,4,6.6,4.97
30942,3,1,6.0,4.52
33544,4,3,3.8,4.04
45154,7,4,9.3,2.82
20884,7,2,2.4,3.25
27969,4,1,1.5,4.26
19571,1,2,9.9,2.92
31702,0,2,7.7,4.59
23929,4,3,0.1,6.11
21440,7,2,7.1,5.12
38552,4,1,7.0,4.57
38648,2,1,3.0,3.94
42466,1,3,3.0,5.16
17533,4,2,9.7,2.89
47590,7,0,1.0,4.35
45555,3,4,8.9,3.01
49428,1,3,1.7,6.73
15314,0,1,1.0,6.76
1682,5,4,3.6,3.77
49243,7,4,9.4,5.53
48683,2,4,5.3,3.58
3974,2,0,9.0,5.54
11472,3,2,6.8,6.86
1995,5,3,8.2,3.28
36275,6,1,1.6,6.28
15342,2,1,2.1,4.4
42084,3,4,5.1,2.65
42070,6,0,9.2,2.05
33727,7,0,2.7,5.45
46774,3,3,4.8,3.36
37940,2,4,6.6,4.96
30627,1,2,8.0,8.08
20804,7,2,6.5,2.33
15511,1,0,8.0,3.51
20262,2,4,7.7,4.95
45290,7,3,6.3,4.52
39788,5,0,6.8,5.08
4541,3,0,0.1,6.27
45729,3,4,6.3,4.22
42447,7,0,2.2,3.63
42849,6,3,3.8,4.08
22351,1,4,3.0,4.16
9389,3,4,9.6,4.35
47083,0,3,0.5,4.64
35339,3,1,3.1,4.1
37456,7,2,3.7,3.38
41571,0,3,5.5,7.09
3361,5,1,6.2,4.58
45981,2,2,9.8,8.01
21948,0,1,2.0,5.78
6105,3,2,8.0,7.18
14157,7,0,8.7,5.35
23822,6,3,9.2,4.9
44941,2,0,5.5,5.93
27094,2,1,3.3,3.91
21646,2,0,9.7,5.4
43740,1,3,1.1,3.57
27729,7,3,7.7,5.18
8370,2,1,3.4,4.21
30899,7,0,8.4,6.05
14930,5,3,7.8,6.65
32030,1,2,1.7,4.51
7480,0,3,1.0,3.05
20816,1,3,8.9,5.31
19101,6,0,1.4,4.44
46399,1,3,6.9,5.29
3272,2,2,1.2,2.4
409,7,2,5.4,6.53
32711,5,0,4.1,1.93
47336,2,0,8.0,3.38
38959,7,1,8.3,5.6
13133,4,1,8.3,4.16
8387,0,4,5.5,5.87
41957,6,3,9.5,2.66
45393,6,2,4.1,6.14
25853,4,2,6.3,4.8
32402,4,1,9.2,4.16
36969,3,1,8.8,5.14
25744,3,4,8.3,7.63
42367,6,2,6.7,5.3
16765,1,1,8.8,4.9
3226,2,1,3.5,4.85
45693,2,1,3.4,3.6
22914,0,1,1.9,4.72
18110,0,3,4.7,6.48
30493,1,4,0.9,3.52
43023,0,4,4.7,2.52
31792,3,4,4.7,6.47
16488,2,1,4.7,5.07
35603,6,2,4.7,3.06
30313,0,4,6.0,5.08
26421,3,4,2.3,6.32
26556,1,2,6.0,5.99
41322,6,0,8.4,6.63
37004,4,0,5.3,6.91
9308,4,3,1.8,2.56
32906,4,0,7.0,5.41
1573,6,0,6.9,3.06
27301,0,1,0.0,4.78
1720,4,0,6.0,6.02
43980,3,4,5.8,6.29
33529,7,3,3.2,6.32
33130,2,0,5.9,3.81
35855,1,2,3.4,6.4
16208,4,4,1.0,5.47
28406,7,3,4.7,4.87
13963,1,0,6.5,3.55
46418,5,4,5.8,6.82
33951,5,2,0.7,5.11
38798,3,3,9.6,4.44
35236,7,4,0.7,5.34
4470,5,2,0.0,4.72
39351,1,1,7.3,5.37
10538,2,0,6.5,6.12
31639,1,1,4.0,4.15
15681,4,1,5.5,6.09
12013,0,1,8.1,2.84
6020,1,2,8.2,5.25
9879,2,2,7.1,5.96
17762,5,3,4.7,7.78
7579,4,4,9.2,5.13
23993,4,0,7.7,2.68
15303,3,0,3.7,4.3
42207,6,4,2.6,6.26
22900,4,3,6.2,4.97
11599,7,4,9.4,5.58
621,5,3,6.0,7.03
6283,1,2,4.4,4.53
43764,5,0,6.5,3.64
39645,7,0,0.7,7.07
26096,2,0,6.7,4.06
28216,0,3,8.0,6.74
7754,6,2,4.1,6.11
45473,5,3,6.1,4.24
47736,2,1,5.6,4.08
35774,2,1,3.4,3.3
35287,7,3,6.5,3.5
7071,1,2,5.0,4.92
28859,2,3,5.1,2.45
21092,2,2,9.8,5.76
33952,6,3,0.8,3.79
10991,0,0,8.5,4.58
26445,2,2,9.6,5.9
42622,1,0,0.0,6.85
38059,6,3,3.5,4.73
6512,3,3,3.0,5.64
30951,0,3,3.9,4.44
25568,4,4,1.0,5.24
40584,1,0,7.0,4.89
43233,2,1,1.0,3.42
26070,5,2,9.8,6.01
15919,7,0,8.6,3.97
18729,1,2,1.7,5.3
26506,4,0,6.5,4.52
38837,6,1,6.3,3.65
4647,1,4,7.8,5.36
1594,0,4,7.9,4.19
22865,3,3,8.4,4.5
37281,5,4,0.4,4.76
17214,2,3,8.9,4.58
35925,2,4,3.9,3.76
3525,6,0,9.9,6.35
5826,4,0,1.8,5.28
38913,5,3,4.2,6.62
28950,2,4,1.2,4.55
46152,3,0,8.8,5.83
5642,5,2,3.7,3.56
46960,4,0,1.9,7.08
10048,0,4,2.3,5.05
23112,6,3,8.3,5.97
8698,7,4,7.1,6.85
3618,1,0,2.8,3.21
6027,1,4,1.6,2.7
42327,6,0,7.9,4.15
34517,3,1,2.8,3.29
33954,0,1,9.4,6.79
20554,0,4,9.2,4.76
41419,4,1,2.3,1.97
9983,7,0,0.1,4.74
27224,2,1,1.6,3.63
17881,0,2,2.2,5.86
36841,0,1,2.8,5.1
33919,6,4,9.2,5.1
33497,0,3,7.6,4.6
22970,1,1,1.8,2.64
7272,2,1,9.5,2.65
49094,6,1,4.5,6.38
26291,0,2,5.1,6.77
1311,4,4,5.5,3.5
15881,4,3,5.2,6.67
40818,6,3,9.1,6.65
47796,0,4,0.3,4.82
14849,6,3,9.1,5.87
36196,0,2,2.7,3.97
33141,6,3,1.2,3.66
43801,1,2,4.2,4.34
46388,2,2,0.9,8.66
26763,0,2,9.6,3.12
30146,1,3,3.3,5.77
10474,2,2,3.1,5.24
42971,5,4,0.5,5.54
3493,4,2,3.5,4.79
33352,2,2,4.6,5.21
39278,5,1,8.7,5.7
10498,1,0,8.9,4.5
11688,3,3,2.6,4.25
23304,6,1,6.0,5.36
29753,4,4,2.8,4.09
16026,5,1,2.9,3.66
3149,1,0,5.7,6.46
2510,5,0,3.6,4.36
41164,6,1,6.3,5.9
6672,5,1,1.2,5.73
36682,6,1,5.7,6.67
35188,7,0,2.6,4.17
38977,4,0,9.6,5.72
31205,1,4,6.3,4.71
14767,4,0,6.0,3.42
42879,2,2,1.9,5.17
40698,6,2,2.0,4.67
9856,0,3,9.7,6.07
45826,4,4,0.4,4.77
16571,2,2,7.4,2.94
42440,1,2,6.7,5.74
14946,7,0,7.0,5.59
17348,1,3,9.2,2.94
7680,0,3,8.7,4.4
35953,1,0,8.5,3.82
20937,6,4,4.5,5.68
21441,0,2,9.1,6.17
21040,3,0,1.8,3.19
21791,6,4,7.6,4.86
26822,2,4,8.6,6.04
46589,1,2,9.0,3.12
28760,5,3,2.5,6.34
29660,5,0,8.0,5.35
46380,5,3,4.5,6.57
31411,3,0,3.3,6.88
42769,1,1,8.4,5.65
39892,4,0,4.2,6.49
32121,3,4,5.1,4.85
30159,7,0,8.8,6.58
42510,3,3,3.0,5.01
21378,1,2,5.8,3.69
44609,6,3,4.3,7.37
32862,0,4,7.9,4.2
18909,3,2,4.1,2.66
37987,5,2,2.7,7.13
28637,5,4,7.2,6.35
34812,1,1,7.1,3.68
6916,5,3,9.8,4.68
23851,0,0,0.1,2.85
31717,7,3,4.5,4.42
11258,7,4,4.5,6.87
41481,2,2,8.8,5.74
10661,1,3,8.2,6.31
26172,4,0,0.5,3.65
29331,0,0,4.5,4.18
1112,2,1,5.6,4.45
21843,0,3,0.1,3.64
2878,5,3,8.2,7.3
45298,1,2,8.0,3.94
5641,3,0,2.1,5.69
14303,2,1,0.8,4.88
2975,2,3,7.2,5.16
36285,7,4,6.3,5.99
39277,5,0,1.3,4.39
11412,7,1,0.4,5.17
27935,6,2,0.9,3.97
17989,5,0,4.2,4.99
33127,0,2,0.6,5.49
17863,1,3,6.1,4.28
35372,0,3,3.1,6.75
16293,7,2,1.3,4.02
41147,5,4,6.6,5.27
41516,6,4,0.0,6.95
14569,0,0,4.0,5.12
42668,3,3,4.6,4.56
25604,4,2,0.4,4.17
19893,4,0,7.4,5.85
14156,0,2,5.4,5.79
43479,4,4,8.9,3.86
37500,5,2,0.8,2.7
30520,0,3,9.5,5.08
1064,3,2,5.5,7.24
36813,6,0,1.4,5.49
5565,1,2,7.3,7.32
497,0,2,6.9,5.89
5346,1,2,9.3,5.07
31985,5,1,0.6,6.36
47344,1,1,8.2,4.64
31558,0,2,4.7,4.59
23874,7,2,2.4,5.03
7243,5,1,1.2,5.47
49069,1,3,6.1,6.36
7650,7,2,0.8,4.81
23269,7,3,0.9,2.24
15251,3,4,0.7,3.65
46714,6,3,9.9,5.7
10812,3,2,7.1,5.01
10966,6,1,8.5,5.13
43053,3,2,2.5,4.85
7667,7,3,5.5,4.93
9120,3,0,4.4,5.01
30273,7,1,4.1,3.38
9966,5,3,6.2,3.21
49726,2,2,5.0,3.74
29029,3,3,9.2,5.79
2752,0,2,1.3,4.04
12834,4,2,2.9,5.18
15022,7,3,3.1,5.97
29436,0,3,6.1,3.8
28997,6,0,1.3,5.26
34962,7,1,4.5,4.01
3,2,1,1.6,3.12
37170,5,1,3.9,5.65
35955,6,3,9.1,6.35
42153,3,4,6.4,4.16
39908,4,3,6.6,6.1
41624,0,0,0.5,6.87
42598,0,3,1.1,4.69
38193,7,3,2.9,6.25
25231,4,1,7.3,7.85
25754,2,2,1.0,4.96
4419,7,3,6.0,6.1
32864,1,4,2.7,6.34
16327,0,2,3.6,6.69
2075,7,4,4.1,3.67
45139,1,2,5.4,5.41
14471,2,2,0.3,4.95
35062,2,3,1.3,6.68
6285,6,2,6.6,3.04
17996,0,2,6.1,5.24
33543,6,3,3.2,7.31
31853,1,3,6.4,6.26
45817,4,3,9.2,4.77
7319,7,1,7.5,5.1
35353,1,1,4.9,3.11
16794,3,4,6.2,5.17
42355,1,3,5.3,4.61
32415,7,4,3.2,3.72
274,4,2,6.9,4.26
38603,5,4,3.9,6.61
27585,2,0,2.8,4.83
39404,4,2,8.9,2.58
1777,0,2,7.4,3.93
49728,4,1,5.1,3.91
44800,1,3,8.7,4.12
24350,5,2,0.0,5.82
1163,3,0,9.9,5.62
13363,7,4,7.0,5.9
17116,3,4,2.6,5.86
18196,7,2,1.5,2.58
45178,3,4,1.8,4.71
31574,0,0,0.5,4.43
32483,5,3,3.1,6.28
39948,4,4,9.1,3.13
48022,5,3,6.4,6.51
38140,7,4,5.8,5.49
19830,2,3,9.9,4.45
30664,0,4,7.0,4.27
12621,6,3,0.7,4.14
17382,1,1,7.1,4.13
46619,1,1,4.1,4.47
29056,1,0,7.7,4.55
30101,5,0,6.1,4.54
14735,4,0,4.9,4.99
9249,3,4,9.4,3.33
29090,5,2,0.5,5.13
19090,0,4,7.6,4.71
29276,1,0,7.9,3.17
102,1,3,8.3,3.52
8118,3,3,9.9,5.95
6488,1,1,7.1,2.51
21444,7,2,1.3,6.41
26469,0,3,2.7,4.75
48247,5,0,3.6,5.26
22591,0,2,9.6,2.48
45044,0,0,3.3,3.64
37304,5,3,1.3,4.56
45641,3,4,2.7,2.78
14987,4,1,9.2,4.45
12400,5,0,0.9,5.37
37075,1,4,9.1,6.67
32492,5,0,7.8,2.93
10971,5,1,9.6,7.34
26818,4,0,1.7,4.58
26574,6,0,2.3,6.04
5883,2,3,4.2,4.91
3534,0,0,2.0,7.43
37668,5,0,1.8,5.27
1386,4,4,9.0,4.06
49664,4,3,3.7,6.32
30239,5,2,6.2,5.74
10298,1,4,6.4,4.42
31068,1,0,6.3,2.43
48856,7,1,2.9,4.73
23303,7,4,4.8,4.3
16562,1,0,9.4,7.43
44571,1,2,8.6,5.56
29706,0,0,5.6,4.69
6298,2,0,0.4,4.43
36928,5,4,3.7,6.16
20476,5,0,2.8,3.99
893,7,1,5.0,4.28
48923,5,0,0.7,7.62
15724,4,2,6.5,4.9
37879,1,2,9.0,4.7
16617,5,1,6.7,7.57
46116,4,1,5.1,6.19
12708,5,3,5.1,5.59
44838,0,3,5.0,7.14
28376,1,4,1.8,3.55
43190,7,4,2.2,6.09
23123,5,2,8.8,3.89
3214,3,2,6.6,5.35
33651,6,1,3.8,4.73
8214,5,4,7.0,4.27
16441,1,4,7.8,3.75
39846,0,3,1.3,5.85
30944,5,1,1.2,2.88
25555,7,3,9.5,5.85
23771,5,1,4.5,4.02
40301,1,3,3.4,5.16
195,7,4,2.7,6.88
36886,4,1,3.6,5.94
17928,3,2,3.5,5.36
27696,6,4,1.8,5.08
675,4,3,2.0,4.93
20004,6,2,5.6,6.43
24292,2,0,4.9,3.9
3735,0,1,7.2,5.28
12539,5,0,6.7,3.81
46755,4,2,9.2,3.64
32057,2,4,2.0,4.32
45300,7,0,1.9,4.58
14783,4,1,2.1,3.94
170,1,3,9.6,4.09
20024,6,2,2.8,4.45
41156,4,1,0.3,5.68
10304,2,2,0.6,4.2
14091,3,2,0.0,3.63
29616,4,4,7.5,5.29
18814,3,4,8.4,5.49
16439,5,1,4.0,4.36
41167,2,0,9.5,4.99
17390,2,4,6.4,4.84
5261,0,1,8.7,5.48
16909,5,3,2.5,5.63
4198,2,1,8.3,4.97
11304,7,4,3.3,6.82
1244,4,4,2.2,4.73
9307,7,3,1.3,4.98
23484,2,4,5.1,4.92
16918,7,3,6.8,4.61
25726,0,3,4.2,3.92
42556,4,3,6.2,4.36
7113,4,4,4.7,5.02
5187,2,4,0.9,3.85
47821,7,2,5.0,2.92
33465,6,0,3.1,5.1
42320,0,1,4.3,3.97
22326,7,1,8.7,4.63
28404,5,2,7.3,3.44
35265,2,1,4.8,4.01
17378,3,1,1.2,5.57
12383,4,2,4.5,5.54
36544,0,2,2.0,4.71
25377,0,3,9.4,7.13
18556,0,3,7.9,7.02
46016,1,0,5.6,5.37
7774,2,2,1.0,7.4
19478,3,2,1.5,5.53
11022,0,2,9.7,6.21
21674,6,0,8.1,5.92
13514,1,3,1.3,4.56
42518,4,1,7.9,4.82
15259,0,4,6.5,4.33
43050,6,0,4.2,4.08
24716,2,4,6.3,5.51
22648,7,4,0.7,4.95
29625,5,2,8.0,4.27
43221,1,2,7.9,3.58
3137,5,4,3.0,7.22
49403,6,0,4.2,5.92
34709,7,3,8.6,5.5
1248,3,2,8.3,4.48
11866,3,0,4.2,5.18
47518,3,2,4.5,3.24
13717,6,3,5.6,1.86
2877,6,1,2.6,5.3
33222,0,3,8.0,5.87
10077,3,0,9.0,5.17
46957,5,3,7.9,4.38
9038,5,2,0.2,4.29
6258,1,2,1.2,7.35
15775,7,0,4.4,4.58
21617,7,3,2.5,7.57
31429,0,1,2.9,4.44
8823,3,2,8.1,5.91
31613,0,3,8.5,6.23
8683,3,3,4.1,6.27
4318,4,4,8.8,3.42
42789,6,0,9.1,3.34
36637,3,3,0.1,5.11
47039,0,2,3.7,5.28
21298,0,1,2.9,7.59
27263,7,3,7.8,4.87
44077,0,1,9.9,5.8
41149,5,3,5.9,5.62
29031,5,3,8.0,6.24
2167,1,4,2.4,4.3
30806,5,3,0.0,5.7
45301,2,3,3.0,3.76
5923,7,1,8.6,4.76
23419,2,3,6.8,5.0
49334,2,2,7.2,5.89
30972,6,1,9.1,4.25
13596,4,2,9.6,1.9
45447,1,0,6.3,3.82
19105,1,0,5.9,6.03
26669,3,3,2.3,5.72
46728,7,1,6.5,5.53
15348,4,1,4.0,4.81
17802,5,2,10.0,5.3
3637,4,2,0.8,3.42
25352,6,4,2.9,3.89
26063,2,2,6.3,4.95
4980,6,0,9.7,6.53
38961,7,3,6.6,5.06
48826,3,0,3.7,5.71
47185,1,1,4.5,6.23
49681,3,3,9.4,5.42
18684,4,1,6.0,4.64
25682,3,0,8.8,3.94
13634,7,0,4.1,4.44
10342,4,0,3.5,5.98
342,0,2,0.4,3.37
29007,6,1,5.8,5.22
13004,1,3,1.0,4.06
5916,1,3,3.3,6.62
29187,2,1,2.6,6.44
8338,6,1,8.3,5.85
6300,6,2,7.7,6.42
16520,3,4,9.2,3.88
44947,7,1,3.8,4.67
15112,1,1,1.2,4.1
5326,6,3,6.8,4.21
42348,4,0,5.9,4.32
18908,3,0,6.7,3.42
8505,3,4,0.9,4.1
31070,6,0,2.1,3.49
35838,6,3,0.5,4.71
12212,4,0,5.9,3.07
37729,6,3,10.0,4.65
45269,2,4,7.2,1.7
28090,6,1,9.8,3.65
41911,3,3,9.5,3.71
10138,2,1,3.7,6.3
40678,7,0,1.1,4.87
38816,1,4,6.9,6.19
39765,2,1,8.6,5.33
28949,5,0,6.7,5.21
47720,0,2,3.1,5.43
2497,2,4,4.0,3.62
30175,4,1,6.3,4.57
28938,6,4,4.2,4.71
17677,3,4,9.7,4.49
29810,4,4,7.7,4.33
33940,1,2,2.5,6.64
45496,1,3,9.6,4.3
35904,3,0,6.3,3.2
33500,0,4,0.6,3.98
587,3,1,7.1,6.26
25939,7,1,6.0,2.41
37880,5,3,7.1,6.08
6181,5,2,2.5,5.06
45852,0,0,6.1,4.84
36677,0,3,7.6,4.82
8988,5,4,6.3,4.92
30853,5,1,0.5,3.87
11781,7,3,3.9,1.65
11051,3,2,9.7,3.86
28456,4,3,3.4,6.35
26175,5,1,9.0,5.83
31069,5,4,1.2,5.25
49840,1,3,9.8,6.53
83,1,3,0.1,4.83
35727,3,2,2.0,3.6
5911,6,2,5.6,5.0
28922,4,2,3.3,3.39
39392,7,0,0.5,5.67
14795,7,2,8.1,5.97
20100,5,0,0.6,4.98
22959,2,4,2.4,6.05
9135,0,2,8.7,4.06
5493,2,0,7.2,3.85
42515,5,0,1.3,5.9
11882,3,0,2.1,7.05
15023,3,3,2.2,4.57
32964,7,4,1.8,3.92
25666,7,3,1.6,5.39
46764,3,1,2.0,5.8
36179,6,3,7.8,3.66
29112,4,3,2.9,4.37
39798,6,3,8.2,6.99
13986,1,2,4.7,4.6
10800,2,1,6.2,4.81
32910,3,1,5.0,5.66
36317,0,1,4.5,5.0
4571,0,4,3.9,7.29
18561,7,2,8.8,4.64
43254,5,4,4.9,1.79
47841,5,1,8.2,6.24
15267,4,2,7.3,6.47
19468,1,1,7.5,5.37
35436,3,2,4.8,4.86
14381,7,1,0.4,5.34
4719,5,2,2.0,5.51
31820,2,3,9.5,3.39
13644,7,2,3.4,4.63
20592,7,4,0.3,4.87
31342,5,3,4.0,4.64
33508,5,3,3.1,4.66
13738,4,1,1.1,3.6
43440,0,1,5.3,2.81
28589,4,1,8.0,5.0
27016,2,2,5.1,7.0
36500,6,1,3.3,4.08
38341,3,4,4.5,5.46
2044,3,3,0.7,5.75
40490,7,0,4.2,4.99
5084,1,4,9.2,6.97
6771,3,3,1.5,4.35
30126,1,0,3.2,5.31
40630,2,2,9.6,6.2
37250,2,4,8.7,4.33
10863,5,2,2.0,4.57
38843,6,0,8.0,6.28
26521,6,3,2.1,4.55
31509,2,4,4.2,3.03
8406,0,0,8.2,4.79
4551,4,1,7.1,5.32
17913,7,0,1.5,6.29
35377,2,2,6.3,5.03
450,6,2,2.8,4.94
5782,5,1,8.1,4.18
42830,0,1,9.6,5.67
49145,4,3,7.3,3.7
28173,3,3,2.5,4.22
47362,3,4,3.1,5.74
955,0,4,3.4,6.97
13946,4,2,5.6,5.43
16950,4,1,5.6,4.53
3721,1,0,5.9,3.63
18183,7,2,7.3,5.82
31989,5,0,3.8,5.11
29456,3,2,1.6,4.55
16911,6,2,4.5,6.1
34705,3,4,6.0,4.11
19686,7,3,9.3,4.88
27081,1,3,1.7,4.16
9390,2,0,1.6,4.7
9886,0,3,0.9,5.69
32031,0,3,6.3,5.08
33074,7,3,1.0,5.98
40781,4,4,6.8,5.33
45131,7,4,6.0,4.59
19929,7,3,6.7,4.93
18459,7,0,7.9,3.21
8915,4,3,4.7,3.12
37397,7,3,6.6,7.66
26530,2,0,4.4,4.84
23719,4,4,5.6,3.56
29743,6,1,5.5,5.31
22457,1,1,2.2,4.57
12137,3,0,0.9,4.65
28867,0,2,5.3,3.16
34230,7,1,8.2,6.18
23769,0,4,5.3,7.73
37717,6,3,5.5,5.33
45885,3,2,0.7,7.09
33204,2,0,1.3,4.05
10090,3,1,4.4,3.87
2133,0,4,6.8,4.75
36272,4,2,9.9,2.79
3075,3,2,2.5,4.88
19473,3,2,1.2,4.45
3261,2,0,3.8,4.13
39475,7,2,4.1,6.17
14415,1,4,0.1,4.55
17629,4,0,3.6,5.46
17115,2,1,4.7,6.49
35712,4,4,0.6,5.17
1256,7,2,3.3,6.62
1727,5,4,3.2,5.56
42534,5,2,9.6,4.83
11469,2,1,9.3,5.36
23735,4,2,8.8,4.52
4471,3,4,6.3,4.94
30226,0,1,9.9,1.96
25209,4,3,1.8,4.13
38517,3,0,3.3,4.37
47914,5,2,9.7,5.68
42950,4,4,7.1,5.46
22857,5,2,8.4,6.17
5421,7,0,8.8,2.91
36452,5,2,2.6,6.69
3490,2,4,0.9,4.19
23456,1,3,9.4,6.17
49242,2,2,0.2,3.54
30157,6,4,6.6,6.56
13489,2,3,1.9,4.08
20388,4,2,3.7,4.05
48629,1,2,4.7,3.28
17840,5,3,1.0,2.68
44099,1,4,2.8,2.74
42184,7,2,1.4,4.57
34482,3,3,5.9,5.1
22407,6,1,1.1,3.97
44277,7,0,9.1,5.24
11044,7,0,5.1,4.3
29386,6,1,7.3,5.09
5193,7,1,0.9,4.67
18588,1,4,3.3,5.49
44060,3,0,5.9,5.85
24535,1,3,4.7,5.04
29393,0,2,2.6,8.02
39796,4,4,3.3,4.66
33098,5,4,4.4,6.17
31916,2,3,8.9,4.27
21109,5,0,8.7,4.35
5215,6,0,7.8,2.35
23863,5,1,4.5,4.92
49515,2,2,7.0,4.3
27697,4,4,0.8,5.07
16694,6,2,5.2,5.16
48738,4,4,9.6,6.44
38233,0,2,3.2,3.16
47669,6,0,6.5,4.32
46434,0,1,0.6,5.95
913,5,3,4.6,4.77
3762,6,4,5.6,5.52
38281,5,3,6.2,4.57
45471,2,4,5.0,4.95
45423,0,2,3.6,4.08
35130,4,4,1.3,7.17
36417,4,4,6.0,4.81
3234,1,3,8.4,4.22
41013,4,2,7.7,6.21
22131,3,4,2.1,4.41
10865,3,1,5.9,4.65
35713,4,3,2.7,3.36
33384,3,2,1.3,4.57
34999,4,1,7.8,2.17
2027,2,3,4.1,5.1
923,7,3,0.1,5.83
30502,0,4,4.6,4.68
27006,3,2,6.1,4.02
43970,7,3,5.0,4.16
5633,7,1,4.2,2.42
26680,2,1,2.4,6.61
32024,5,3,3.6,5.27
21096,2,1,3.2,4.32
9986,3,3,1.0,4.84
21716,3,1,8.3,7.16
32771,0,1,7.1,5.87
37401,7,2,3.9,5.58
23825,4,1,0.6,4.42
2219,2,4,7.6,4.02
45958,1,0,2.9,6.57
2821,3,0,6.4,3.47
39264,2,2,1.3,5.91
8114,4,4,5.4,4.41
1586,5,1,3.7,4.48
29666,5,0,8.6,5.36
37507,3,1,3.9,4.57
46352,6,2,3.6,4.06
18535,4,4,8.9,3.55
14712,0,1,0.5,4.3
41580,7,0,2.1,3.98
7298,3,1,5.7,5.0
34335,1,0,3.6,5.71
11615,5,0,9.3,5.09
16963,3,3,5.5,3.0
31909,7,0,7.4,5.88
47073,7,3,8.9,3.47
34552,7,3,1.0,5.97
31931,3,2,8.7,4.51
1084,1,1,0.7,3.96
30032,1,2,6.2,3.07
92,7,1,4.2,5.36
45507,0,2,2.2,5.81
34917,4,3,0.5,4.03
11949,0,4,0.4,3.86
16220,5,0,5.8,4.58
13142,0,4,4.5,6.11
4448,2,3,3.8,4.69
14056,1,2,8.2,4.17
563,5,3,9.2,4.76
7338,5,3,5.9,4.61
45789,6,3,9.7,7.05
43975,5,0,3.5,3.06
48165,0,1,1.2,4.79
26147,5,2,8.8,3.7
33406,4,1,7.5,4.12
19757,0,4,4.4,7.32
25061,3,1,3.4,3.55
44862,2,2,5.1,4.71
34587,5,3,3.6,4.36
15284,2,1,5.8,5.0
19923,3,0,1.5,3.98
13114,5,3,6.7,5.93
37417,5,2,2.9,2.3
11935,2,0,8.6,6.02
15668,2,2,0.6,5.54
16848,2,4,3.7,5.58
42031,7,0,5.1,3.79
14690,3,4,8.5,5.74
4871,4,3,8.6,5.27
48986,6,3,6.0,5.2
28727,7,1,4.6,3.22
10024,4,3,7.1,5.41
27053,1,2,8.0,6.91
38387,2,0,7.1,6.36
3459,3,1,2.9,6.4
18945,5,4,5.0,5.33
14986,3,4,9.8,5.1
25118,1,1,9.8,5.51
26599,0,1,4.7,4.77
48070,1,0,3.4,4.03
3049,5,1,5.8,5.33
9490,6,4,4.6,5.89
47255,6,1,0.4,5.03
49818,6,3,4.7,4.83
26565,6,1,3.0,3.68
36808,1,3,0.4,6.98
11410,4,2,5.2,6.82
637,2,3,6.4,3.32
18364,3,2,1.9,3.89
20774,4,1,5.9,5.66
7269,3,4,4.4,5.06
27198,4,0,9.5,7.38
21792,0,1,9.1,2.6
6360,0,0,7.3,4.46
39480,4,3,6.0,3.6
17405,5,1,3.5,4.19
15033,5,1,0.6,6.47
6610,1,1,5.2,7.13
13328,2,3,6.5,5.74
22835,3,2,3.5,4.02
11203,4,4,8.2,4.79
1686,5,3,0.1,4.73
41293,7,4,9.3,2.97
16471,5,3,2.4,4.49
8590,6,4,8.6,7.4
24577,1,0,2.1,7.14
38277,2,4,4.3,7.33
8899,4,0,9.0,2.13
16262,4,1,0.1,5.56
21599,5,1,6.8,7.08
8944,7,0,6.8,5.35
5465,6,2,2.5,6.01
40791,1,4,1.5,5.87
28964,2,1,5.2,7.23
45336,1,0,7.1,3.47
26035,1,4,6.0,5.49
4896,5,3,5.0,4.9
6582,6,4,9.1,4.28
48307,5,2,2.8,4.05
27285,5,1,9.2,6.22
33946,0,4,5.6,3.46
9134,3,0,3.8,5.44
5863,4,4,5.1,5.11
36504,1,3,6.9,6.47
5793,3,2,8.9,5.39
28768,2,3,6.9,6.23
13454,6,0,8.7,6.71
34238,1,0,7.1,6.24
13224,0,4,6.6,3.28
29697,5,4,1.1,5.98
38088,1,0,6.6,6.38
25444,1,0,4.2,6.03
4886,6,0,0.3,4.52
26170,7,4,6.5,4.51
36253,7,0,8.0,3.06
9162,1,4,1.9,3.67
14225,0,2,0.5,3.74
37112,1,2,8.2,5.45
24056,6,3,1.3,3.1
12028,7,1,2.0,5.48
35827,2,3,4.5,7.21
37090,3,0,0.7,4.44
35929,6,0,5.7,4.62
30948,7,2,4.4,3.59
23758,0,4,4.8,4.23
45773,5,0,6.5,4.46
5751,6,0,4.6,4.5
5726,4,1,9.7,5.81
18599,4,3,1.4,4.17
16377,1,3,7.8,2.67
40302,2,1,0.9,5.93
2759,0,3,9.1,5.18
5615,3,3,6.1,7.15
16030,3,3,0.3,7.56
9489,2,1,9.7,6.81
8032,2,0,0.5,2.91
49922,5,1,7.9,6.32
3757,5,0,1.4,5.75
8158,4,3,6.5,6.2
29133,7,1,7.9,5.01
4428,6,1,5.9,5.2
5480,4,1,6.9,7.84
12876,1,1,9.4,4.66
16821,5,0,2.5,3.22
40356,1,3,9.3,5.5
9556,3,0,1.1,6.2
22187,5,4,6.5,7.0
18965,5,4,8.9,5.99
4350,7,0,9.4,5.8
34599,1,3,1.9,4.35
39137,7,4,5.9,3.38
4508,6,1,8.3,5.8
18236,6,0,4.6,5.86
37674,0,0,6.6,6.06
4029,6,1,0.9,6.8
33868,7,0,10.0,5.93
23876,4,1,4.8,6.62
26723,6,0,7.8,4.45
48577,4,3,6.1,6.89
44229,0,4,7.0,5.19
13485,7,0,0.3,3.83
17631,7,1,8.2,5.07
39088,3,1,6.7,4.97
47422,2,0,1.0,5.74
33963,6,4,4.3,5.32
43561,6,0,8.1,5.64
10797,0,0,6.5,4.79
10019,4,4,1.4,3.5
34283,5,4,1.3,5.58
21916,7,0,9.2,4.28
9306,1,4,1.1,6.67
25845,4,1,1.0,5.56
10341,4,2,4.3,3.31
35658,4,1,3.0,3.8
2127,4,4,4.4,4.63
41649,5,0,7.2,4.89
41678,1,2,9.2,4.35
45548,3,1,9.3,4.55
41251,3,1,1.7,3.28
42342,3,1,3.8,6.41
36362,0,0,2.3,3.85
35985,1,2,2.5,3.85
3103,4,3,4.0,4.79
14185,3,1,7.7,4.8
24465,5,3,4.1,4.83
1319,7,4,5.4,6.3
7661,7,3,6.2,2.73
47077,7,2,4.6,6.31
35307,2,0,4.6,6.26
10070,6,3,6.2,4.66
15812,6,0,2.3,5.51
24021,2,0,3.1,4.33
49473,0,1,4.4,5.52
38986,4,3,4.6,4.16
30454,4,4,1.5,6.12
36873,0,0,6.3,5.92
38574,7,2,4.8,5.68
23685,4,1,5.7,4.42
3765,2,3,2.3,6.35
10646,6,1,3.4,3.48
35302,6,4,9.8,3.55
17322,7,2,7.5,4.19
30914,2,0,4.4,5.94
43397,7,1,1.3,5.99
9736,2,1,3.9,4.25
13572,4,2,8.6,3.7
3100,1,3,8.6,6.07
45271,4,0,4.8,6.15
5158,0,4,6.0,2.14
15432,1,3,9.8,3.63
2602,0,2,9.0,5.5
12818,2,2,8.7,5.24
25334,1,2,7.9,6.71
6344,5,0,5.7,2.87
33423,1,0,1.6,4.73
36281,4,4,3.7,4.97
42045,6,0,7.8,5.17
26995,7,0,9.5,7.06
47537,2,1,0.1,5.6
44143,3,0,6.4,5.22
34567,6,0,8.0,6.04
6218,4,4,5.3,3.31
3045,4,1,9.5,5.7
36551,5,0,6.1,4.94
19835,2,3,7.9,5.22
43336,0,1,4.9,4.4
8934,4,1,3.2,4.87
45648,5,3,1.0,4.81
11652,7,4,4.4,7.4
34721,0,2,7.4,5.47
30966,3,1,9.8,4.77
13555,4,1,6.8,4.14
2043,7,3,4.4,4.35
31361,1,2,8.1,3.99
31214,7,1,1.8,6.17
46173,6,1,0.6,4.56
15321,6,4,2.2,4.72
16620,0,2,4.6,4.67
32996,4,4,7.5,6.49
36589,3,3,5.4,4.86
42290,0,3,2.1,5.2
4745,6,1,7.9,5.72
2228,5,3,1.3,5.15
18721,3,2,1.6,5.56
34642,5,1,1.3,5.61
3036,7,4,1.8,3.67
34438,7,4,5.6,4.63
29948,1,0,0.1,5.13
7152,2,1,8.3,6.28
28892,3,3,0.1,5.97
28038,4,4,6.0,3.44
44221,6,1,0.5,5.69
22273,6,1,7.6,3.32
33507,6,1,3.1,4.02
15679,5,1,3.8,6.07
14462,7,2,8.5,6.28
40281,4,1,0.1,7.24
48164,2,2,1.8,3.64
13053,3,0,9.5,3.75
33066,3,1,6.8,5.41
7508,3,2,1.7,7.62
44564,5,3,7.5,6.04
4403,3,2,4.8,4.75
21607,7,1,3.6,4.64
33396,3,0,7.3,5.15
2255,7,0,5.0,6.7
9363,5,2,3.5,4.36
25107,5,4,6.0,5.2
39427,7,2,9.7,4.65
38144,2,1,9.6,6.79
29903,4,2,2.0,4.85
32886,0,2,6.4,5.82
28286,3,2,9.6,4.41
26417,5,0,3.6,7.77
48979,7,1,6.7,4.31
41601,7,2,3.0,6.38
15982,7,2,7.0,3.64
48605,4,3,7.5,4.6
31098,2,4,4.2,4.6
42502,1,1,7.0,4.13
32296,4,1,3.9,2.84
2990,2,3,2.1,4.33
34496,3,1,4.4,6.08
47233,7,3,7.4,4.25
9669,6,2,3.6,6.22
42438,1,1,5.8,5.34
47332,1,3,1.7,5.27
39047,2,1,2.5,4.64
39903,7,2,10.0,6.05
43703,7,0,5.2,3.41
40393,6,4,4.5,3.85
16883,6,0,9.6,4.86
21521,6,2,9.2,5.56
31084,3,0,7.7,3.59
39276,5,0,6.5,3.26
7718,5,2,5.1,4.46
14272,1,0,7.5,5.61
21702,0,1,0.6,4.13
44939,5,3,6.6,3.69
10435,5,0,3.6,6.48
12193,4,1,5.9,5.36
2348,4,4,7.8,5.12
11889,5,4,0.3,4.99
5301,2,2,8.8,5.8
13360,7,3,4.6,3.71
44745,4,2,5.9,7.16
22167,3,4,5.1,4.76
6513,6,3,5.3,6.28
33430,0,4,9.0,4.48
42481,3,2,1.1,6.0
6404,6,3,6.3,5.33
14352,5,0,0.9,5.48
16505,7,0,2.1,4.05
42809,4,1,5.9,4.07
45405,3,4,2.9,5.94
3629,7,3,7.6,3.49
22073,6,3,7.3,3.91
3850,6,1,2.8,5.43
34971,2,3,7.4,3.73
32579,2,1,7.1,4.39
3193,4,2,8.1,6.01
14550,1,1,4.8,4.64
14682,3,0,10.0,4.38
34347,6,2,4.6,3.69
45825,4,1,4.7,5.38
37617,6,2,2.8,5.55
16669,0,1,9.3,4.38
12151,1,0,8.3,3.58
45801,0,2,7.4,5.13
31231,0,3,0.4,7.05
39532,4,0,3.1,3.0
28954,4,3,7.5,3.43
22733,6,4,0.6,3.93
9872,5,2,4.0,4.44
49520,6,1,8.6,3.54
14124,3,2,6.5,4.45
25621,1,1,4.4,4.12
7915,5,3,0.7,4.78
42285,1,2,4.8,6.51
28372,2,1,7.6,4.33
39035,3,0,4.8,4.41
35132,4,3,3.9,5.49
8287,2,1,2.4,5.47
13789,6,0,5.0,2.61
41448,2,4,4.2,5.28
38987,5,3,6.2,4.95
31867,4,1,9.8,6.72
23334,6,1,6.4,6.68
40718,6,1,9.9,5.5
4405,2,3,5.2,5.7
27860,6,2,1.5,3.85
21439,4,3,9.2,6.78
33609,3,1,0.5,6.02
18134,5,1,5.6,6.55
29921,1,3,8.6,4.99
9614,1,1,2.6,6.22
40997,3,3,7.2,4.83
4201,0,1,10.0,5.84
10382,1,1,6.6,5.32
20892,1,1,8.5,4.23
30331,4,1,6.3,4.65
22160,7,2,9.0,5.9
26561,2,2,3.5,5.51
38030,4,2,4.7,6.36
6086,0,3,7.5,5.87
38404,1,1,9.9,7.16
12722,2,2,4.6,7.78
31514,6,0,3.1,5.68
23839,7,2,8.7,4.17
40998,2,1,2.7,4.16
32195,2,3,6.5,4.98
41968,5,0,9.2,4.69
48665,2,2,2.5,3.53
40699,5,2,9.1,5.79
17183,5,3,5.6,7.12
33955,5,4,7.2,4.44
23546,4,1,5.7,4.69
8296,4,0,0.2,2.82
9601,7,3,1.9,4.95
7203,4,1,9.0,5.87
49896,2,0,0.3,4.51
12625,5,2,7.3,6.07
48798,6,4,6.8,4.29
7151,7,0,4.9,6.49
20028,6,2,0.7,5.86
34288,0,4,9.6,4.29
34302,7,3,0.7,4.37
46605,4,4,9.0,7.49
41161,5,4,9.4,4.92
6362,2,1,5.8,4.16
36340,6,2,6.0,4.19
36109,5,4,2.5,3.62
14684,2,2,4.1,4.96
3705,3,0,1.9,5.12
14790,3,1,1.4,6.44
18547,6,4,3.7,5.46
33351,1,0,9.3,4.05
37059,5,3,5.3,3.51
30297,0,1,1.2,1.67
42433,6,4,7.0,5.22
23862,5,0,6.1,3.99
4065,7,3,7.2,4.29
46401,3,2,2.3,4.13
36431,3,2,1.8,6.37
32731,0,2,8.4,4.0
19815,1,4,7.9,5.43
4585,0,3,5.1,5.12
36562,4,3,3.1,5.47
20578,7,0,7.1,3.8
4500,3,4,8.5,5.03
39644,3,4,2.5,4.54
26801,6,3,4.1,5.69
11742,6,2,9.2,4.45
45701,0,1,1.9,2.84
45534,1,1,1.4,5.39
38848,5,4,1.2,5.12
41486,3,4,1.5,5.27
33947,3,3,1.4,3.77
32098,5,4,2.8,5.52
17646,5,2,8.0,3.92
22986,1,3,3.1,5.0
13304,6,0,0.9,6.32
10175,2,1,2.5,7.04
5919,6,0,7.4,4.53
14524,5,1,1.2,4.86
1858,0,4,6.6,5.05
11689,5,1,7.4,2.65
41935,1,4,2.1,3.32
22806,4,0,0.2,6.97
13768,7,2,9.2,3.52
30003,7,4,2.7,5.66
15836,1,1,3.2,3.75
13869,1,3,4.4,5.0
25708,7,3,5.3,6.19
40134,5,1,1.2,4.64
2310,6,2,6.9,6.0
38333,3,2,9.9,6.27
1453,3,4,6.1,4.61
3224,3,2,2.5,4.67
24835,3,1,1.4,5.08
44769,0,0,3.8,5.09
43115,5,1,7.7,6.86
13408,5,2,0.4,5.62
26235,5,3,9.8,3.64
24182,2,3,4.9,4.96
28710,3,4,4.5,6.01
3097,3,3,6.5,3.98
49697,6,0,5.8,2.26
34662,4,2,9.9,6.05
47928,6,2,9.3,4.08
28865,5,2,3.3,6.19
17956,1,0,3.4,3.75
13103,1,4,2.7,4.73
36003,3,1,3.9,5.49
41961,4,2,9.8,4.88
31128,1,3,2.3,6.1
43381,1,1,1.9,5.99
27901,4,0,3.9,5.31
48143,0,4,4.1,6.06
15051,5,3,2.4,4.49
27914,1,0,7.9,7.09
47284,7,1,2.2,4.93
4626,7,4,0.8,4.64
2459,2,1,3.7,5.09
19882,0,1,0.2,3.15
13639,7,3,3.9,4.45
13321,2,2,0.1,3.3
47366,7,1,7.0,4.03
21184,4,3,0.2,4.71
1231,1,3,4.0,5.67
4163,6,2,2.7,3.88
24403,6,4,3.9,6.59
40993,3,2,0.2,5.27
43770,6,2,1.8,5.84
29778,2,1,2.1,4.48
48278,5,2,6.2,3.59
7330,3,4,1.9,5.62
22284,0,3,8.2,6.31
43193,2,2,2.0,5.76
37357,4,4,1.7,6.64
31715,4,1,1.9,5.52
25962,0,2,2.0,6.26
1227,4,3,0.3,2.82
588,7,3,1.7,3.24
24406,6,1,1.4,3.88
46887,3,2,1.2,4.61
29686,5,3,5.0,2.83
8521,7,2,8.3,5.57
23715,5,2,6.2,3.56
32166,2,3,0.8,3.26
42393,4,4,9.5,5.06
42774,4,2,0.3,3.93
23018,4,4,9.9,5.87
12831,4,0,6.4,3.43
37443,2,0,5.6,4.31
44069,5,0,2.2,5.46
4361,5,3,3.7,5.7
21893,1,3,3.7,5.39
7706,2,0,1.8,5.72
34737,1,4,0.4,5.92
21499,2,3,7.0,4.59
12907,3,3,3.9,4.57
43263,7,4,8.2,5.08
16007,7,0,9.1,5.4
44344,5,3,4.9,4.29
36959,7,3,1.8,3.75
10057,0,2,6.2,5.82
44244,2,0,4.4,8.02
38276,2,0,2.1,5.03
17447,1,3,5.2,3.67
45231,0,3,3.6,4.9
21428,4,2,6.3,6.33
1171,4,2,8.0,4.02
40211,1,3,6.0,6.47
6452,6,3,1.9,3.97
4565,6,1,0.2,5.66
34219,0,3,9.6,5.35
46186,2,4,3.0,3.64
41487,7,1,4.0,4.16
48334,7,2,6.0,5.87
35943,1,1,5.5,4.72
7683,2,4,0.2,3.47
31164,6,0,7.8,3.23
39671,5,4,4.2,5.29
43509,2,1,7.5,6.29
33949,5,1,6.5,6.75
2081,0,1,4.7,4.72
38679,2,4,7.2,3.22
29677,2,3,7.9,4.97
14317,5,2,2.9,3.14
3443,0,2,5.3,2.73
39564,4,0,1.3,5.96
9313,2,3,7.7,5.31
44175,3,0,9.2,4.49
49657,5,1,1.3,5.34
26539,3,3,2.8,6.0
25173,4,1,4.3,2.89
4966,6,4,0.9,5.01
37931,6,0,1.5,4.63
37180,7,1,7.9,3.04
10044,3,4,8.2,3.9
3965,3,1,3.1,2.36
36395,5,4,9.3,5.68
10156,0,3,2.4,7.62
6797,3,2,6.3,3.74
6857,2,0,6.0,4.58
17517,5,2,7.4,4.96
37046,7,1,6.3,6.38
10099,1,4,4.5,5.03
24024,3,2,2.5,6.64
16069,1,1,7.9,5.63
6687,0,3,9.8,5.42
9079,6,1,0.5,5.58
11134,3,0,6.0,7.67
49318,7,3,4.0,2.6
20703,3,4,10.0,4.78
28439,1,2,2.5,2.74
49959,6,2,5.4,5.19
17261,7,1,7.0,5.15
570,4,0,3.5,6.73
14217,5,1,9.1,6.34
22420,5,3,6.6,5.9
25281,1,1,9.8,4.06
33020,4,0,2.4,3.61
41656,0,2,4.2,5.42
5412,6,4,0.1,4.9
36236,0,0,9.1,5.91
6478,4,4,0.0,4.14
40486,0,3,1.4,4.13
33615,5,4,4.4,4.4
34011,6,2,9.7,4.02
42862,2,3,5.5,4.44
43581,6,1,4.6,3.59
2716,5,2,3.8,4.48
25724,3,2,4.6,5.29
27334,1,4,3.1,7.29
36618,2,3,5.7,5.44
18641,1,3,2.9,3.23
27686,0,4,6.9,5.32
31334,2,1,5.5,6.76
29006,0,1,9.3,4.29
45324,6,1,8.0,4.34
7077,1,0,4.1,6.45
36212,4,2,9.8,5.0
21818,1,3,4.7,3.03
3566,1,4,0.1,4.96
43925,2,4,1.0,5.42
5035,7,1,2.8,4.95
4505,7,4,8.3,5.79
15715,1,1,7.1,4.55
22635,1,2,9.7,5.92
15671,0,1,5.3,4.82
36226,2,3,8.8,4.97
25406,4,3,9.0,5.97
505,6,4,2.3,3.68
49024,5,1,2.1,4.1
18483,2,0,6.8,4.44
31488,2,1,1.3,4.66
46914,1,0,5.5,3.74
22135,2,1,5.8,7.79
30766,3,0,4.0,5.44
36423,0,2,0.3,5.2
26103,6,1,1.0,7.04
38630,3,0,3.2,4.94
16539,0,2,6.0,5.58
39331,0,2,4.9,6.37
22564,7,2,3.3,5.5
2502,1,2,0.8,4.75
11907,1,3,3.5,3.39
5568,7,0,1.6,6.24
32286,1,0,5.2,5.52
30156,6,3,3.6,5.91
18204,6,0,1.4,5.79
10100,5,1,9.5,5.39
43784,2,1,3.6,5.19
24757,0,2,0.3,3.41
4632,4,1,8.8,5.1
38685,4,0,4.6,4.73
16515,6,3,4.7,4.5
44220,2,0,0.1,3.82
27425,1,1,1.7,6.5
14192,7,0,2.8,4.87
12647,1,1,6.7,5.58
31669,2,4,2.5,5.6
43138,2,1,6.8,4.32
40049,5,0,0.2,3.72
5117,1,0,6.1,5.25
35334,3,3,1.6,5.03
306,1,0,6.8,4.59
32896,5,0,4.4,5.1
40905,5,0,6.8,5.22
45706,5,0,6.3,3.28
21328,1,1,7.9,5.17
30380,3,1,4.0,5.58
38835,6,3,4.6,5.76
46582,7,1,3.3,6.91
13116,6,2,4.1,4.72
10885,0,3,5.4,3.9
5131,1,3,5.1,5.03
46577,2,3,3.6,4.31
30602,7,2,7.5,3.09
5068,1,3,9.1,3.9
44608,7,0,9.9,3.91
7869,1,4,4.9,3.04
2462,6,1,8.3,4.3
44372,0,2,4.3,4.37
571,0,4,6.3,3.84
27186,7,2,8.7,6.79
21389,0,0,5.5,5.72
4308,5,1,0.8,5.53
12417,1,3,9.7,4.06
39882,4,4,6.2,2.53
38583,5,3,9.7,4.77
20575,5,1,6.5,5.79
44461,5,1,1.5,5.77
31315,6,4,6.6,3.92
26955,2,1,6.3,3.62
8977,3,1,4.0,4.33
348,3,3,5.7,6.09
41733,0,0,5.2,5.58
25951,0,1,0.4,4.88
16502,4,4,4.9,5.25
9845,0,4,5.2,4.56
11273,6,1,6.3,3.02
44880,5,0,9.4,3.43
12042,3,1,2.0,5.11
45797,3,0,4.1,6.53
699,6,4,2.6,4.2
34869,1,4,0.7,6.28
43711,7,0,0.4,5.35
33293,1,2,7.4,5.72
43630,1,2,5.4,2.45
4526,1,2,7.6,5.26
26353,5,1,8.1,2.86
45316,3,4,8.4,5.31
40432,1,0,9.9,5.15
22179,6,1,9.1,2.95
22378,7,4,8.7,6.1
46931,0,4,4.0,5.58
7506,0,2,6.4,3.77
39175,4,3,5.0,4.4
21054,7,2,5.4,4.93
48133,2,4,6.4,5.77
352,7,2,9.0,5.03
49252,2,3,3.5,3.51
42783,5,0,6.5,5.02
12030,7,3,3.0,3.0
6175,5,1,7.5,5.07
5660,0,0,7.4,6.37
42231,2,3,0.5,6.56
34882,0,4,9.7,6.05
49376,2,2,1.3,6.21
25996,2,1,0.8,4.02
2773,2,1,9.6,2.54
14425,2,4,5.7,4.94
8427,7,1,2.2,4.17
23897,6,3,7.9,6.39
42762,0,3,3.6,4.46
16354,1,0,9.3,5.94
29872,6,3,4.9,6.42
9006,3,0,9.6,5.02
3983,5,4,0.7,4.45
19574,3,3,7.4,3.41
26965,0,2,8.0,5.47
9263,1,0,2.6,4.82
31840,3,2,6.0,4.02
27307,1,3,9.2,4.77
5123,4,2,4.3,5.09
25367,3,0,3.2,5.24
27917,2,2,0.9,6.2
35222,2,2,6.0,3.38
47954,2,3,0.0,2.97
30695,4,2,8.7,6.22
42183,4,2,5.0,4.98
31145,0,0,6.5,4.23
33703,2,2,6.4,3.3
18027,5,4,7.0,4.2
33184,0,0,9.7,3.26
23516,5,0,8.5,5.57
43237,2,4,8.4,5.73
41646,0,2,2.6,3.45
16396,6,3,5.3,4.46
41349,2,1,6.7,5.35
23423,0,4,6.2,5.68
45674,4,0,8.5,5.08
12230,1,2,4.9,3.62
46039,7,2,7.0,4.66
20868,0,1,8.9,4.86
31650,7,3,0.7,6.24
28215,0,1,2.1,3.98
22465,6,2,2.9,6.99
11902,4,1,9.6,5.99
14404,6,0,0.2,4.32
48715,7,2,0.1,6.26
33174,5,0,3.9,6.92
49322,3,1,0.9,5.12
12375,5,3,8.5,5.81
42105,0,4,7.9,5.76
9602,7,4,1.7,5.0
10361,4,1,0.3,6.32
41031,5,4,8.8,1.75
16956,6,0,7.5,5.12
17373,0,4,8.5,5.54
47298,7,1,8.9,6.07
33834,2,0,7.2,4.1
45850,2,3,9.4,6.38
31078,0,4,2.6,4.3
26623,5,1,5.3,3.88
48726,7,3,3.4,4.14
44793,6,0,0.2,6.36
7891,0,0,3.1,5.96
13223,7,3,8.8,6.79
37282,4,1,7.3,6.61
8585,6,0,8.6,3.36
40291,1,4,8.1,5.55
16038,6,3,4.5,5.53
11515,3,3,6.3,5.8
32832,6,3,2.4,4.73
39154,2,0,5.0,5.34
9436,2,1,2.2,4.32
29221,6,3,3.3,6.81
47631,2,1,2.9,4.38
48086,5,3,9.0,6.09
41095,7,2,8.1,5.16
13564,1,3,5.6,5.17
13940,7,1,7.4,4.2
11776,3,1,9.6,5.22
33117,7,0,4.7,4.8
44259,2,2,8.3,5.29
8019,6,1,5.4,4.14
41994,5,3,1.4,2.02
43584,5,4,0.8,5.44
7366,3,3,8.7,4.45
45907,5,1,5.2,5.96
44045,0,2,2.2,2.84
11724,4,2,6.1,5.58
13091,4,3,7.2,6.76
47964,0,3,7.0,3.12
15300,0,2,8.0,4.0
43847,3,3,9.2,4.37
27083,0,4,6.8,3.89
36646,1,1,1.9,6.77
6423,1,1,1.3,4.88
41762,4,0,2.6,6.43
48816,6,2,8.9,6.88
3647,6,1,5.6,6.16
25718,6,1,3.9,6.64
20748,4,4,9.7,4.94
31783,0,0,2.0,4.94
42090,0,2,7.3,5.96
11841,4,0,9.1,5.9
1329,4,4,3.1,5.42
43627,2,1,8.8,6.05
6485,2,3,3.8,5.09
34260,1,1,3.8,6.54
23386,7,2,8.1,6.24
41636,3,1,2.1,8.01
41916,6,2,2.8,6.87
40143,3,0,9.9,4.56
26749,2,4,3.2,4.67
47128,7,3,0.1,6.31
39861,0,1,8.3,5.15
1896,6,1,0.1,3.04
21142,0,3,3.5,4.74
22097,4,1,8.9,4.39
28248,3,1,1.7,5.94
27197,5,0,5.6,5.44
21672,5,2,5.3,6.4
49603,2,4,7.7,4.25
26921,4,1,4.4,5.48
42724,0,2,3.0,4.61
40042,5,3,4.5,5.06
7569,3,2,1.9,5.15
17814,6,4,7.3,6.25
27519,0,3,1.8,4.5
20940,3,1,4.3,5.58
45064,0,3,9.6,6.53
8364,6,1,0.9,4.95
33492,7,2,4.2,3.58
11698,7,2,9.4,3.84
32473,7,2,3.7,4.82
29115,0,4,4.6,6.09
8060,5,2,3.5,4.28
10718,7,0,9.4,4.46
7850,3,4,9.4,2.94
40249,1,1,8.6,3.37
11944,3,0,6.2,5.87
48384,2,3,8.9,1.86
15037,7,1,9.4,5.17
44267,3,4,0.9,5.06
48442,2,0,2.5,7.03
44896,4,0,5.0,3.14
4931,5,4,9.1,4.64
32501,2,0,5.3,5.04
14818,5,0,2.0,4.35
14557,3,2,7.5,4.24
36772,6,0,1.4,4.82
21975,7,3,9.3,4.55
22766,0,4,4.1,4.66
21313,0,4,4.7,5.43
42362,3,4,5.7,5.99
14872,6,0,3.6,4.38
47115,5,3,0.0,5.98
27456,1,4,1.1,4.44
39754,0,3,0.0,3.28
39722,6,3,4.8,5.28
41600,0,0,7.0,4.59
26121,3,3,5.4,3.94
40876,2,3,7.3,4.22
6993,5,3,0.4,4.21
15282,6,2,1.9,5.36
47516,4,4,3.1,7.55
25773,3,2,3.2,4.58
16732,7,0,2.7,3.49
37109,4,2,5.7,4.54
41537,3,4,4.6,4.45
30541,4,4,1.2,5.94
26990,7,2,8.1,6.61
46330,3,1,5.0,4.91
26487,5,1,0.0,7.14
17513,3,0,8.4,1.96
17529,1,3,8.9,5.91
44617,7,2,9.0,5.23
11538,0,2,3.7,5.06
24096,0,0,3.3,5.22
25896,0,2,4.4,4.95
14162,1,4,1.3,5.34
15946,5,3,1.5,5.37
35387,0,1,4.6,6.49
28206,6,1,8.5,6.11
32095,3,0,7.4,5.43
2152,3,1,7.1,5.45
7238,7,4,8.2,5.24
24906,0,0,6.0,1.93
30086,1,1,3.2,6.84
49171,2,1,7.1,5.57
49124,6,3,2.9,4.67
29593,6,4,3.0,5.19
32645,0,4,1.0,5.41
2984,1,4,5.0,4.7
26410,1,4,4.7,4.8
35171,2,1,2.8,6.07
42489,1,4,9.1,3.02
14306,0,1,9.7,5.16
24438,3,2,1.9,4.82
13043,5,2,4.1,2.97
36492,1,3,9.0,5.65
5145,2,4,2.0,6.02
12228,5,1,8.0,6.08
40887,7,4,7.5,5.11
1043,6,0,9.4,3.74
22812,2,2,0.9,3.36
8708,6,4,9.5,4.51
43403,2,2,3.6,5.84
10820,4,1,6.5,5.02
24558,6,2,8.8,6.92
1051,0,1,0.9,4.03
39135,6,1,8.3,6.17
49454,7,2,1.9,6.51
21765,7,3,3.8,6.24
5013,0,0,3.3,5.71
49065,3,2,5.2,3.41
33363,4,2,1.4,4.68
13764,3,3,4.5,6.81
14901,6,4,5.5,5.25
1790,3,4,6.2,3.82
40104,4,3,5.5,5.2
11806,5,1,4.1,5.57
43903,7,3,7.9,6.63
42591,7,0,1.4,3.68
2191,2,2,4.4,7.28
47030,7,2,5.8,4.9
49479,7,4,2.3,5.36
18489,3,3,2.6,3.9
42149,4,3,0.2,4.68
23835,3,3,8.8,5.67
48984,4,3,6.4,5.25
39726,7,4,8.3,4.88
24423,7,2,4.4,5.24
15137,0,4,0.1,4.72
30922,0,3,0.2,2.66
43245,4,4,6.9,5.63
44260,7,4,7.8,4.5
5314,7,3,9.8,6.63
10849,1,0,4.0,6.56
38948,5,2,5.5,3.8
23206,3,4,5.9,6.7
47140,7,2,4.6,4.81
22251,2,1,5.6,5.5
16695,1,1,3.7,6.68
2031,0,1,8.0,4.39
15833,5,0,8.8,6.59
49991,2,2,9.5,4.63
40754,5,4,6.9,6.02
20342,6,4,8.8,4.88
43922,3,3,7.7,5.09
31419,1,1,2.6,4.68
9820,3,0,7.9,6.21
23019,2,4,7.9,5.01
9209,4,1,3.9,6.44
44873,6,0,2.0,6.01
7462,0,2,7.7,5.24
10153,1,3,5.6,5.2
41191,7,0,7.0,2.66
39107,5,1,6.8,6.47
14579,6,2,0.6,5.17
45196,1,4,2.6,3.98
49641,5,0,9.7,4.37
10486,3,2,9.1,5.77
6774,5,2,0.3,6.81
13706,0,2,0.2,4.63
45786,0,3,4.1,5.15
34187,1,3,3.1,5.87
10327,7,2,9.2,3.71
19889,3,1,0.3,3.51
35408,4,4,2.9,6.37
17691,1,2,4.9,5.01
28073,7,4,7.5,2.05
9385,2,2,5.7,7.52
6034,4,0,1.2,5.79
7201,6,1,1.4,7.5
1637,7,3,0.4,5.54
37836,1,0,9.9,7.61
27288,3,4,7.1,3.49
24105,5,0,5.6,3.67
39884,4,4,6.8,6.46
13337,3,2,8.0,4.9
37499,4,3,3.8,4.94
24876,1,4,8.1,4.52
633,6,0,6.2,3.67
6991,4,2,3.4,3.54
30365,2,1,6.1,3.89
36057,6,2,6.7,5.19
36,3,0,0.9,5.14
19603,7,2,3.9,5.82
15479,0,0,8.0,6.66
5589,0,2,3.9,2.85
2158,4,0,9.5,4.02
41923,4,1,6.6,4.18
11926,7,4,3.9,5.04
29574,6,2,8.6,3.44
13696,6,1,9.5,5.0
29551,3,1,7.6,7.52
104,0,2,7.3,6.02
49819,3,0,6.6,2.9
36622,0,4,0.2,4.3
30955,2,0,2.0,5.51
5476,5,0,6.6,7.03
28985,7,0,2.3,5.71
14972,3,0,5.5,5.38
24588,3,1,2.6,6.46
27512,3,0,8.3,6.04
14354,3,2,8.7,5.19
36200,1,3,6.4,2.89
49005,7,3,4.8,3.6
36994,0,0,9.7,3.54
41801,0,4,2.7,3.29
33084,0,0,1.8,3.3
6171,7,3,1.3,3.2
5316,6,2,6.7,4.95
45769,4,0,1.2,5.52
17522,7,2,9.8,3.58
36758,4,3,6.5,4.53
21704,2,3,7.9,4.23
19658,5,1,2.2,6.73
11488,5,0,1.7,3.73
16602,2,0,9.9,5.58
9844,4,4,0.6,4.82
688,2,0,0.3,6.02
11701,0,3,5.5,5.08
5344,1,0,8.5,5.03
13050,5,4,2.4,2.95
10986,6,4,5.6,7.8
34807,3,4,8.9,4.98
1406,7,0,2.9,3.77
13269,7,4,3.1,6.57
1203,3,4,2.9,5.48
25849,4,0,4.1,6.09
40298,3,4,0.8,5.97
26590,6,1,8.8,5.65
30410,0,3,6.5,4.71
46183,2,0,1.3,4.99
47197,7,3,0.1,3.83
44199,7,0,5.7,5.33
49291,2,4,3.6,5.11
26413,5,0,3.1,3.99
14346,6,4,4.0,5.05
48606,2,3,5.6,5.23
18870,3,2,9.9,5.21
5813,1,4,5.8,2.83
12343,2,1,4.3,3.68
40007,5,4,3.2,4.4
667,6,2,1.4,4.02
10941,5,3,3.3,5.05
22327,2,4,3.9,5.93
10717,1,3,5.1,4.09
44585,6,2,0.7,5.36
32825,6,3,7.2,5.02
41453,4,3,4.5,4.94
28526,2,0,1.3,6.86
20207,0,4,9.2,6.0
18991,5,1,4.0,5.73
20328,6,0,8.5,4.44
7362,0,0,6.0,4.84
1847,6,2,0.6,5.36
15007,5,1,4.6,5.23
34048,3,4,4.5,4.66
23934,6,2,5.3,5.81
6808,4,2,7.2,5.34
32927,6,4,4.4,4.37
41548,7,3,5.2,6.19
10600,4,4,0.0,3.96
11651,2,3,2.8,4.62
47094,1,3,6.3,5.56
205,5,3,5.7,3.66
8834,2,2,8.5,6.7
26196,7,4,5.9,5.04
1489,5,0,5.7,3.55
1519,6,2,2.8,4.06
21062,5,2,4.5,5.0
1307,1,1,6.6,6.28
19994,6,0,3.1,5.99
22031,4,1,0.8,5.41
19696,5,4,2.5,4.27
36348,2,0,3.9,3.19
7143,2,4,2.6,6.54
5337,3,4,8.1,5.34
14365,4,0,3.6,4.4
1351,7,2,0.2,5.27
48940,6,4,2.8,4.63
6788,5,3,9.5,6.06
26944,5,4,2.8,4.67
13315,6,3,7.3,3.35
49190,0,3,9.5,5.71
6157,1,2,7.1,3.78
10372,7,2,7.1,2.84
30514,1,2,6.4,4.25
40817,7,3,2.4,6.16
49415,4,4,4.8,3.65
35071,3,1,3.3,4.29
39659,3,0,8.6,6.62
27690,7,3,3.9,5.58
2582,6,1,8.9,2.41
23940,7,3,0.7,6.28
36114,2,4,9.8,5.36
19147,6,1,0.5,4.82
32818,0,4,1.3,6.1
47486,1,0,0.1,7.14
20637,6,2,3.2,4.52
19855,3,3,6.3,2.37
32089,0,2,8.3,4.91
42239,2,3,0.0,4.12
42863,4,2,0.5,5.99
24485,6,4,5.7,4.52
35126,1,4,0.5,4.17
37490,5,4,1.8,4.15
35077,2,2,5.1,3.97
21937,1,1,3.6,5.99
10079,5,4,8.4,3.21
33681,1,4,8.0,5.38
4998,2,3,6.6,4.11
49183,3,2,7.6,4.94
23312,0,1,3.7,5.11
26980,5,3,4.2,5.89
20590,1,0,0.6,3.86
5990,1,0,6.8,5.78
41637,4,0,6.0,2.49
31132,5,2,0.5,4.33
35166,2,2,0.2,5.72
19914,1,0,5.5,5.53
22602,4,3,1.1,4.43
1286,7,1,1.8,4.36
28935,3,3,2.8,3.88
4822,5,0,9.4,3.97
26670,0,2,7.0,4.06
33125,6,0,1.2,3.64
44851,2,0,0.0,5.51
3043,5,0,7.0,6.57
27936,0,1,4.4,6.86
18841,4,3,8.2,5.91
9737,2,4,8.9,2.61
43034,2,2,9.1,2.44
11196,0,1,4.6,3.13
29605,3,4,5.3,4.97
4961,6,1,7.2,4.27
2206,5,3,2.9,5.69
14315,7,4,2.2,5.62
23819,3,1,1.4,3.09
37103,4,3,2.1,6.27
44115,1,2,2.7,6.47
3957,4,4,3.3,5.65
33111,2,3,4.8,4.09
42938,5,1,0.2,3.58
30040,2,2,9.4,4.95
13355,2,1,7.0,7.25
32015,1,1,6.6,4.2
29647,4,2,6.2,3.92
36979,1,2,9.5,5.19
45974,7,1,6.3,4.87
10729,2,2,2.3,3.21
35045,1,2,5.5,3.88
49447,7,2,3.1,6.72
3281,0,4,4.6,6.09
17073,4,3,6.1,3.79
11885,2,3,9.0,4.16
16677,2,3,1.6,5.08
44428,4,4,8.2,5.7
22699,0,4,8.0,6.17
33757,3,2,9.7,3.09
2290,6,0,3.3,4.43
47158,1,1,7.1,5.0
7924,7,0,8.1,6.81
2401,2,2,1.8,4.75
31021,7,1,2.1,3.53
6708,6,2,4.6,4.84
14906,5,3,2.3,4.13
9222,2,0,0.1,3.24
15004,7,0,9.0,5.73
26243,4,3,4.0,5.22
46072,5,1,7.5,4.63
2977,4,1,4.3,5.28
34997,1,0,5.0,5.7
6999,6,1,8.8,6.48
44270,5,4,0.5,5.04
5867,2,4,3.1,4.29
12651,2,4,1.7,4.73
15971,6,0,6.9,6.76
10728,3,1,9.8,5.57
17857,0,4,2.8,4.26
13407,4,3,2.6,3.52
30574,2,1,1.8,4.63
36673,4,3,8.6,5.14
41422,2,4,3.0,3.89
45645,3,0,8.9,5.71
39364,5,4,9.5,5.89
34346,4,2,9.0,4.34
14676,6,3,0.4,5.19
33990,2,0,6.4,5.09
39241,6,1,4.6,5.3
34361,0,0,2.8,3.94
16207,1,3,4.3,5.83
34218,6,1,5.3,6.35
15641,0,3,2.0,5.03
907,1,2,8.1,4.82
40764,7,2,4.0,4.35
7531,6,1,7.5,4.91
20802,1,1,9.6,4.86
93,6,4,2.8,4.43
4771,5,1,9.5,5.62
23722,5,4,7.0,3.64
43530,2,2,8.6,5.24
26636,5,0,2.1,4.32
29916,7,3,3.4,6.28
26916,1,0,2.8,6.46
38768,3,2,3.9,5.97
46629,7,4,2.1,5.91
24205,4,0,2.3,3.02
17543,3,3,9.3,6.15
22469,3,0,9.7,4.66
23984,5,3,5.7,4.96
33419,4,0,5.4,5.1
44673,1,0,7.7,6.29
29953,5,0,7.8,5.83
22477,6,3,9.0,4.45
15766,2,2,0.2,5.83
1491,5,1,3.4,4.95
43890,2,1,1.1,5.88
24101,0,3,1.5,4.68
5030,1,1,3.4,3.16
42875,2,2,7.1,6.56
44790,3,0,2.7,6.58
6078,7,0,5.8,4.67
23744,4,4,7.3,4.75
46131,2,3,0.6,3.04
30756,4,2,1.5,4.89
45428,3,3,6.9,3.43
17137,6,4,3.0,4.32
1803,5,1,5.1,5.49
35509,0,2,6.6,3.89
39033,7,1,7.9,6.56
28618,4,3,9.6,5.7
33754,7,2,1.3,4.91
20961,0,2,3.8,4.5
8225,4,2,9.9,6.53
15185,0,2,6.7,4.7
28697,7,3,6.3,4.43
18976,0,1,6.1,4.93
26355,6,1,2.6,4.06
21500,7,2,4.4,2.96
15905,6,4,5.6,6.17
32708,3,1,8.0,7.77
36174,0,3,5.1,5.92
7115,4,1,0.0,5.17
43938,4,2,6.6,4.63
48588,7,2,3.6,5.35
40242,5,3,8.6,5.96
15201,2,4,1.8,5.1
19736,1,2,3.1,3.27
35910,3,4,1.6,1.87
33323,5,3,0.8,6.36
46024,4,1,7.1,5.3
18166,4,2,6.5,5.0
9105,7,1,9.1,5.71
27287,5,2,3.9,4.04
37285,5,1,3.2,5.62
25287,2,1,1.0,5.36
32246,6,2,8.6,3.88
4523,1,4,7.9,4.91
35432,7,3,1.7,4.43
24533,2,4,2.0,6.14
32376,3,2,1.2,5.56
15388,4,2,6.6,6.18
26268,3,4,4.5,5.88
2969,3,4,7.2,5.74
27857,6,4,9.8,3.08
37900,3,4,9.9,6.17
6378,5,3,8.1,3.59
46549,4,1,0.6,4.28
34382,1,3,6.8,6.57
49702,1,1,7.2,4.56
41866,4,2,9.9,3.57
13444,1,4,4.2,4.51
19840,5,2,7.4,4.83
30510,3,0,4.2,4.94
5620,2,4,6.8,5.11
5999,0,4,8.0,4.09
16193,3,1,0.7,4.99
3669,4,3,3.9,7.89
37529,7,3,5.6,6.39
47663,2,3,6.5,6.22
34124,0,0,5.2,5.12
44162,5,3,1.7,3.59
21609,5,2,5.6,5.39
47960,7,0,4.7,5.8
26852,7,2,4.1,4.59
4914,1,1,1.8,6.37
2684,5,2,1.5,6.65
40208,3,4,1.1,4.76
16266,6,3,5.5,6.15
32039,0,4,9.5,7.24
43482,7,2,8.0,4.4
39706,2,2,9.6,5.23
42984,5,4,1.9,3.61
30572,6,2,1.1,3.66
1463,2,2,6.5,6.1
38921,4,4,7.8,4.12
7738,3,2,0.3,7.5
42761,0,4,0.1,3.56
28888,4,2,0.7,5.52
40928,7,3,5.8,3.6
13440,2,2,6.6,3.81
36189,7,3,6.2,4.81
11401,7,2,2.3,3.62
10841,7,3,7.6,5.64
24212,5,2,9.8,4.99
13809,1,3,1.5,5.1
41402,0,1,2.6,5.61
33366,6,0,0.1,5.31
28571,5,0,6.8,5.82
8327,6,2,6.6,6.9
46803,2,1,0.6,6.11
14385,0,3,4.1,5.48
49639,6,0,0.7,5.73
49535,2,1,4.4,4.45
8764,3,4,8.3,6.05
40334,7,3,2.0,6.11
7131,6,0,7.9,3.51
2823,0,1,2.1,3.75
25997,3,3,2.1,4.23
25274,7,1,0.4,5.93
22911,7,2,4.0,4.13
6050,2,2,6.9,6.53
15218,3,3,7.0,4.65
2828,0,2,2.2,4.99
8391,5,1,2.4,5.09
35158,2,0,8.8,5.96
19221,3,0,9.5,3.42
27370,4,4,0.6,4.9
43902,3,1,0.4,5.58
43537,2,1,8.1,5.48
19846,0,2,5.9,3.89
13781,7,0,4.5,3.68
22371,1,3,3.9,5.62
30021,3,2,9.6,2.88
27138,5,3,9.0,3.86
28199,6,4,1.3,5.25
40525,3,1,6.4,5.33
24726,0,1,2.9,5.1
9618,4,2,2.3,3.59
47343,5,4,2.3,5.3
26476,2,3,1.8,4.04
26118,6,3,7.9,4.71
49510,4,3,8.4,5.35
10185,0,4,7.4,5.33
16098,5,2,7.9,4.47
3111,3,0,1.5,5.61
36917,3,1,9.4,6.89
14440,2,1,5.0,6.06
9088,7,0,1.1,6.63
26362,6,1,1.5,6.6
28339,2,0,1.9,5.14
41188,6,3,4.1,4.4
26409,0,4,8.3,4.16
11333,0,1,9.0,6.6
4262,3,2,2.3,4.55
21660,7,0,5.2,6.38
14076,7,2,8.1,5.17
16090,4,4,9.4,3.26
6424,6,1,4.2,4.57
34041,2,4,8.4,4.38
48226,0,2,9.3,5.32
28839,5,1,3.6,5.16
30110,5,1,7.9,6.0
9565,0,4,6.9,3.37
20938,7,3,3.4,6.5
38332,6,3,2.4,5.57
4030,0,0,2.9,4.41
27035,4,3,4.4,4.46
10875,2,0,0.5,4.7
5904,2,1,3.3,6.2
44876,0,0,4.4,6.45
15144,0,1,0.7,3.75
11291,3,1,9.2,5.25
8681,3,0,4.7,5.4
23418,5,1,2.6,3.73
431,3,3,9.8,4.88
36106,6,0,6.1,4.08
33479,1,4,5.2,4.67
41958,7,4,2.3,4.78
34729,5,2,5.3,6.88
2068,0,0,6.0,5.07
7751,1,2,1.9,3.59
37640,6,4,6.0,4.76
12390,0,2,2.3,4.12
2155,6,3,5.5,4.65
8784,4,0,5.3,5.37
43069,2,1,2.6,1.77
38674,4,2,8.8,5.56
21039,6,0,9.9,4.05
47874,1,0,4.5,6.03
8653,2,1,6.4,4.88
26702,1,1,2.2,5.81
8792,1,2,5.6,3.89
1870,3,3,9.6,6.02
24065,2,1,6.3,3.87
36122,1,0,9.6,3.78
18680,0,3,3.6,3.81
14961,5,4,4.4,4.71
22845,3,1,9.7,5.73
47125,3,0,5.5,4.13
36847,4,4,5.7,2.29
29280,6,0,4.4,4.42
44953,3,1,0.9,5.2
39771,5,2,3.0,3.78
35192,3,4,3.3,5.16
42066,4,4,0.9,3.14
18498,6,4,9.1,3.31
37622,2,4,3.1,4.81
16619,0,3,9.2,5.92
23488,4,4,2.8,6.96
20828,1,3,0.8,6.31
19226,5,1,2.0,4.14
26089,5,2,5.6,3.96
36353,6,0,0.1,5.05
28027,4,3,2.6,3.78
20800,0,0,7.3,4.67
12883,5,3,8.9,6.34
33460,6,4,1.1,7.03
5023,0,2,3.7,4.65
25264,1,4,4.1,2.69
9141,2,4,4.5,5.23
37888,2,4,9.1,3.75
10329,6,4,3.3,4.93
16299,6,3,8.6,3.74
33069,4,0,5.4,7.27
33930,3,4,0.4,4.96
35547,2,4,8.3,4.54
24,7,1,1.0,3.11
21407,7,0,0.4,6.83
29771,4,1,7.2,4.15
25307,2,1,5.8,4.28
11629,5,1,4.1,4.12
19274,4,0,6.6,3.45
18272,6,2,5.6,5.12
37897,6,4,5.3,5.82
38210,7,3,8.8,4.43
46752,6,1,7.2,3.84
25048,3,0,2.4,6.75
39563,6,3,3.5,4.82
44518,7,3,1.1,3.0
1705,6,4,4.4,3.98
412,3,2,7.6,6.12
39632,5,3,7.3,4.95
36013,4,4,1.0,3.73
31534,3,4,5.9,5.78
30167,4,0,6.0,5.54
37,5,0,7.0,3.88
43802,5,4,0.2,4.45
6907,3,3,1.1,6.24
31852,5,1,3.8,4.4
47112,1,0,7.9,6.15
9864,1,0,7.3,4.6
39537,2,1,7.5,5.47
48220,1,2,3.5,4.99
32745,0,3,8.7,5.53
46854,1,1,4.6,4.02
9443,1,1,8.0,7.56
9234,4,3,9.4,5.38
1456,7,3,7.8,5.99
40017,4,3,4.5,4.26
20434,7,4,3.2,2.69
49522,0,1,1.2,3.23
27791,0,1,6.3,5.71
15045,7,3,0.3,6.53
18967,4,2,4.2,7.21
44010,6,3,0.0,4.62
8519,2,2,7.7,6.37
37834,0,2,7.8,5.02
21256,7,3,3.3,5.47
45727,0,4,4.2,5.91
34911,1,1,5.7,4.46
36936,2,0,9.4,5.03
40226,2,2,5.1,4.8
2342,2,1,3.6,4.47
41325,6,0,7.0,5.35
26485,0,0,3.8,6.43
16693,0,2,4.8,5.24
20209,1,3,4.8,6.3
11013,5,3,4.8,4.23
5311,1,2,7.5,5.48
32916,2,0,8.9,7.19
34321,2,4,8.9,2.91
46210,3,3,8.6,3.48
41914,0,1,3.6,5.35
24670,0,1,0.6,6.85
49366,0,2,4.4,5.2
40676,2,1,2.5,3.86
32205,1,3,1.3,3.89
24237,0,4,3.7,5.61
23442,5,1,2.8,5.67
41083,1,1,8.7,4.59
35626,2,4,2.7,5.35
43322,1,2,9.5,4.36
34427,2,2,6.5,5.78
43449,0,2,6.4,3.62
48306,3,1,1.1,2.66
4684,5,0,5.7,6.1
13127,2,4,5.7,4.54
36667,4,3,3.8,6.11
36446,2,1,2.6,3.59
45495,6,0,4.3,3.72
1743,3,4,8.4,5.9
33260,4,4,0.8,5.84
10043,0,2,7.2,4.35
16376,4,1,0.3,2.59
35875,6,1,3.2,3.48
41905,2,2,6.9,2.54
36863,4,0,1.8,6.43
43593,0,2,9.7,5.76
275,6,1,3.8,5.12
48768,1,3,6.8,4.07
12317,3,3,7.9,4.15
49590,7,4,5.6,4.97
10684,5,1,9.1,4.56
27872,6,3,6.7,5.77
48530,5,1,7.8,5.09
32584,2,4,6.9,5.78
20677,2,1,2.2,4.55
30076,1,4,0.2,7.42
34887,7,0,3.3,5.89
26054,4,4,9.4,5.63
1597,1,4,9.0,5.26
37785,3,1,2.4,3.49
8385,4,3,6.0,6.7
20623,6,4,2.2,4.48
34780,4,0,6.9,3.56
13214,1,4,2.7,4.42
20570,1,3,4.2,4.75
11356,1,3,6.1,2.44
14255,5,4,7.1,3.14
39386,7,2,9.6,5.76
3688,5,3,4.0,5.22
5763,2,3,0.3,4.55
29630,7,0,4.1,3.18
16267,1,4,2.7,4.37
13190,4,1,9.3,3.67
41012,3,1,6.6,4.95
31839,0,3,8.7,6.11
15306,4,3,0.7,5.79
13052,6,2,5.5,5.47
27524,2,3,6.3,7.12
41951,5,2,4.9,3.88
25056,0,2,2.6,3.51
2035,6,1,2.7,7.17
9100,6,2,9.0,4.46
28951,3,4,4.3,4.88
36470,7,2,4.9,4.15
9727,6,0,6.7,3.99
45205,5,3,8.2,5.28
10493,7,3,4.7,5.62
15536,2,2,4.5,5.51
33971,7,0,1.5,5.29
39400,3,0,3.9,5.32
9502,0,1,4.2,5.77
33669,4,0,8.5,6.03
42807,6,2,1.4,2.88
31496,6,2,8.0,5.2
47913,1,4,5.4,5.78
21853,7,1,7.6,6.07
36791,4,4,0.6,4.32
42352,5,4,7.0,2.43
33237,2,3,1.0,4.91
18559,3,0,4.1,6.12
44629,1,2,6.2,3.84
10704,1,3,1.4,6.32
1692,0,3,0.6,4.51
19333,5,4,1.2,5.13
18349,7,2,1.5,4.41
20082,4,0,3.3,5.1
11671,2,2,4.1,6.27
45311,5,3,4.2,5.67
406,4,4,9.4,3.77
6794,7,3,7.9,7.08
19050,5,4,8.8,3.56
6569,3,0,9.1,6.26
10148,3,1,5.2,4.4
37047,7,4,2.8,5.56
45718,4,3,1.3,4.26
41844,4,2,6.5,4.82
48444,0,0,6.2,4.12
20273,3,2,6.9,6.24
44186,1,3,9.3,3.97
13181,4,2,9.4,5.51
33070,4,1,5.8,4.28
34823,1,3,8.1,5.01
3692,5,4,0.2,4.14
35399,0,4,9.3,4.75
12385,5,2,4.7,4.76
33401,6,0,4.4,3.48
37510,5,1,2.3,5.5
2368,2,0,7.0,3.69
10711,6,4,5.3,6.56
27938,3,2,4.3,5.96
9137,7,1,5.1,6.27
7493,4,0,1.6,3.94
10570,3,1,6.4,2.64
25451,5,2,2.3,4.77
26190,1,0,5.8,5.26
7758,7,4,7.3,5.22
3575,5,3,8.2,2.81
14932,3,1,7.5,4.23
28647,1,2,6.2,6.01
15530,2,3,4.0,2.92
111,0,0,4.3,6.3
25985,1,4,3.2,4.36
20475,5,1,5.7,4.55
37355,0,0,5.9,4.06
13747,7,0,1.0,4.95
26334,1,4,1.2,4.83
8465,1,0,5.0,3.79
9692,4,4,1.8,6.41
13161,1,3,2.7,5.97
16001,4,1,1.4,3.89
48550,0,0,2.8,3.35
18320,6,3,6.9,4.45
44276,7,2,1.6,2.8
48249,3,2,9.6,7.31
43701,7,0,7.8,5.34
16379,7,2,1.4,5.71
49513,3,1,1.0,4.93
16597,6,3,0.4,4.34
2833,4,0,1.3,4.22
42700,6,2,8.1,4.93
8535,1,3,7.9,6.67
22474,0,1,4.8,6.22
5177,2,0,0.7,1.61
25154,1,1,2.8,5.46
10114,7,3,9.0,5.41
13265,6,3,7.2,6.21
5894,1,0,6.7,6.58
32033,6,3,6.4,6.34
15562,2,1,8.9,5.37
23330,4,4,6.1,5.29
22837,4,1,1.5,6.7
708,1,1,4.3,5.54
919,2,3,5.9,8.13
32857,0,0,1.1,4.14
47965,4,3,6.2,4.82
20837,1,0,6.7,3.05
43534,4,2,5.3,4.0
24773,3,1,2.6,3.59
39358,4,2,6.7,6.31
11153,7,0,6.8,5.47
9279,4,1,2.1,5.75
25149,1,4,1.5,6.25
7813,2,3,8.8,3.38
28085,4,1,6.8,6.1
44497,3,4,3.7,4.27
2543,1,4,6.3,5.26
33875,2,3,1.7,4.84
11199,6,0,2.6,3.28
28682,7,4,7.0,5.74
2244,1,1,0.1,6.69
3606,0,0,0.5,5.43
16179,0,1,5.7,4.21
11311,4,0,0.4,4.77
40479,4,4,7.5,4.72
12572,0,4,6.0,5.95
17497,1,2,7.4,3.48
7074,3,4,7.1,6.29
46143,2,0,3.3,5.29
31887,0,0,9.9,4.89
42337,5,3,0.4,7.0
10637,3,1,2.7,6.76
14810,6,4,1.4,2.54
42516,1,4,5.3,5.18
22083,4,2,7.8,2.15
17506,7,4,4.1,4.57
45184,5,3,7.1,5.15
45463,1,0,6.2,5.0
16240,6,1,2.6,5.91
38101,2,0,8.0,7.54
13816,2,1,2.1,4.25
44839,2,1,6.6,6.47
42878,6,0,4.1,3.25
9345,7,3,4.3,4.71
12161,4,4,1.3,5.51
43188,5,0,9.2,6.32
47812,1,2,1.6,6.48
48484,1,0,2.2,4.96
34314,0,3,4.0,4.33
39460,1,2,2.2,3.68
44536,3,2,0.6,7.34
13169,1,3,0.3,5.39
28261,3,4,8.1,2.76
37754,2,0,5.5,5.69
17210,5,4,6.1,5.38
3659,2,1,0.4,3.45
43653,1,4,5.5,3.5
46993,2,4,7.4,2.73
44400,6,4,6.5,5.64
29557,7,0,6.5,5.45
48707,7,3,0.3,5.57
40351,0,3,0.8,7.17
16066,4,3,9.8,4.24
20635,3,4,4.2,5.67
20008,3,0,9.3,4.91
25981,1,3,4.7,3.8
38874,3,1,5.3,5.53
46624,2,3,9.2,4.28
6367,1,2,0.2,4.78
23452,4,1,8.1,2.93
18540,7,0,1.8,3.91
23750,0,3,8.8,3.11
25811,4,0,2.5,6.96
5231,3,4,8.3,2.22
34683,5,1,2.6,3.69
31407,3,3,9.7,4.49
9826,2,1,2.7,6.33
38372,6,3,7.5,6.52
24797,3,1,7.3,4.6
37378,1,2,0.5,4.56
43825,6,4,8.0,2.41
18760,2,4,9.0,4.31
20744,7,3,1.7,4.28
11111,5,0,3.3,4.42
44241,2,2,7.0,6.48
47056,6,0,7.7,4.95
11058,4,4,10.0,7.61
19572,3,2,0.6,4.43
27651,0,2,4.4,2.8
8935,3,0,0.8,5.54
23541,4,1,1.0,6.35
23490,5,3,4.5,4.05
44994,6,4,1.4,5.95
17043,0,4,9.6,3.56
21208,6,4,0.1,5.07
25204,6,3,5.4,3.4
48699,2,0,4.2,4.31
3700,0,1,7.2,6.47
17667,5,0,1.5,4.93
11475,0,1,9.4,6.04
5031,2,4,4.7,5.66
29619,5,2,2.1,3.79
25641,7,0,8.0,7.02
9181,5,3,7.5,4.34
17386,0,1,3.7,6.43
43507,6,0,9.9,5.28
7294,1,2,5.4,5.46
40139,7,3,1.2,6.01
15003,5,3,7.9,6.51
18529,1,4,2.1,6.16
40276,2,1,5.5,4.71
48468,5,2,0.7,5.42
49930,6,2,1.7,3.66
476,7,3,4.5,6.24
32624,4,0,6.7,4.66
18333,1,4,2.1,4.53
330,2,4,6.2,6.72
2367,3,1,8.6,4.08
233,1,2,8.6,7.01
47324,0,1,4.2,6.9
22357,1,2,8.5,5.71
27373,7,4,2.2,4.63
35368,0,3,1.7,5.53
4205,7,4,7.5,3.5
4059,7,4,2.9,4.91
31810,7,0,7.9,6.17
36136,5,1,0.2,5.41
46902,0,3,9.6,3.08
13500,0,3,1.7,5.16
42861,3,4,10.0,6.85
25208,3,3,5.8,4.63
49127,6,3,1.6,5.58
47832,7,1,9.4,5.28
38198,5,0,5.7,5.27
44743,7,3,1.0,4.26
21195,7,2,6.6,3.03
18777,7,4,9.6,4.97
11887,3,4,6.9,7.13
47386,2,1,2.7,5.54
45569,6,2,1.9,4.66
3329,7,2,3.0,5.0
643,6,0,1.2,4.42
34775,3,1,9.1,5.07
23991,4,3,3.8,3.36
378,1,3,1.2,5.28
2599,5,4,1.0,6.62
46817,6,4,1.9,4.29
10170,4,2,1.7,4.87
23352,6,2,8.9,4.57
34509,0,4,2.8,3.23
2009,5,2,5.5,5.64
333,1,0,6.1,4.36
5952,7,2,6.9,5.04
21863,7,1,6.5,4.0
7935,2,4,3.9,2.82
37909,3,3,6.1,7.91
12930,0,3,9.4,4.65
45667,6,3,4.6,4.44
19787,0,2,6.4,6.59
2943,7,1,0.7,5.59
24586,7,2,8.8,4.87
13573,6,0,0.5,6.75
22244,1,3,4.1,4.45
1542,1,4,7.9,6.49
1345,3,2,2.1,3.61
32577,1,4,3.9,6.89
9891,2,1,4.6,2.08
16705,3,1,0.2,3.92
19570,4,0,0.3,4.59
30280,4,1,9.9,4.67
32068,7,1,8.5,2.91
12340,1,3,3.5,5.34
23369,1,2,1.7,3.45
33372,1,1,3.8,6.47
47377,6,1,2.4,4.41
22003,5,4,1.2,5.89
32051,4,0,3.5,5.83
17699,5,0,4.1,8.13
40260,3,2,0.9,4.12
25580,5,4,9.2,3.43
12284,2,1,3.9,4.99
47909,7,1,4.2,5.11
9991,3,3,8.2,3.73
36274,1,0,5.9,4.61
5364,3,4,9.9,3.51
6453,2,1,8.8,3.4
9916,2,1,1.0,5.86
25677,4,1,3.3,5.33
32032,5,3,0.2,4.64
27044,3,1,5.7,6.23
1959,3,4,4.0,3.59
28874,7,0,3.2,6.21
22672,7,3,8.8,3.23
33038,0,4,7.6,4.87
3798,7,3,5.5,6.68
5103,2,4,1.0,4.76
30018,0,0,7.2,4.14
30282,7,0,3.3,6.65
18975,1,1,1.6,4.15
41998,3,3,4.9,5.4
8323,6,2,1.2,4.8
13479,4,2,1.1,6.91
42238,7,2,4.1,5.16
1667,5,0,4.0,5.5
32748,1,3,3.5,4.99
32228,1,4,7.6,4.75
36524,2,4,2.4,3.75
14434,1,0,6.6,2.76
30821,1,0,7.2,4.35
25364,0,3,9.1,6.11
6136,7,2,6.5,5.66
13232,2,1,2.8,6.2
19055,0,4,5.8,5.86
9220,3,3,8.8,4.95
47794,2,1,5.0,3.55
3790,1,3,1.6,5.0
28578,7,3,5.5,5.34
30875,4,1,7.7,3.35
15743,0,0,4.2,4.35
36450,3,3,0.3,3.95
30042,2,2,9.8,6.29
10715,5,0,2.1,3.68
47593,3,4,7.9,5.12
49924,0,2,2.0,4.94
36869,0,4,1.6,6.32
17238,6,2,9.0,3.84
37227,0,4,3.9,5.55
7811,7,2,6.4,6.79
28350,0,3,9.3,3.89
5389,3,4,2.0,4.07
6122,1,0,2.5,3.49
6579,6,4,2.6,5.4
49086,6,1,3.2,5.68
243,6,1,6.0,4.62
12995,4,1,9.0,4.87
29661,5,0,2.0,4.51
34367,6,1,2.2,3.54
18124,7,1,6.6,2.64
43522,5,0,5.9,5.4
20846,3,4,4.4,4.45
49071,1,1,5.5,5.88
42289,3,1,0.5,4.33
15193,5,0,2.0,4.52
18035,3,3,5.7,4.61
39383,7,0,7.0,6.62
11021,1,2,0.2,5.32
22596,4,4,4.7,6.01
30026,7,0,6.1,4.0
39442,4,0,9.8,7.06
25557,7,0,3.0,5.21
43186,7,0,8.3,5.23
21665,2,3,7.1,4.01
46519,7,2,9.2,5.6
24279,5,0,3.6,3.33
32982,4,0,1.4,2.16
49387,2,1,6.5,6.7
26298,0,4,7.4,6.51
8284,1,1,6.8,4.71
11190,5,0,1.4,5.89
8223,6,3,9.2,4.07
5081,5,3,8.6,4.31
49926,6,1,9.6,3.83
25387,6,4,4.9,4.54
37267,7,3,2.3,3.63
12565,3,2,5.4,5.31
10224,1,1,2.9,4.45
47044,4,0,7.4,4.23
3231,0,2,3.2,4.98
16462,1,2,2.4,5.21
32965,2,2,6.4,5.27
47805,3,4,9.5,6.12
13974,3,4,5.6,3.08
32401,4,0,4.7,5.45
44448,6,1,7.1,4.27
31770,2,1,6.5,4.1
43840,4,4,0.7,6.65
10378,0,0,1.9,4.92
17922,1,2,0.5,4.81
20504,4,3,8.4,4.4
6383,1,1,0.6,3.92
7434,3,2,2.9,4.06
31150,6,2,8.7,4.28
21748,6,4,1.1,6.67
14441,7,2,2.1,4.27
1221,4,4,7.2,3.58
20815,3,4,5.2,4.19
38958,4,0,9.7,6.0
30010,5,2,2.4,4.47
14003,3,0,0.9,6.39
3862,4,2,7.4,6.7
14546,3,3,3.8,3.91
14608,0,2,8.2,4.19
42369,5,3,1.7,5.74
38888,6,0,9.9,4.79
12185,4,4,1.8,6.45
15520,2,1,4.6,4.14
49118,2,2,9.2,5.15
697,4,1,2.4,2.91
34178,5,0,0.2,6.82
24162,7,4,6.2,3.54
40343,2,1,2.6,5.25
46632,0,1,7.8,4.11
20656,0,2,5.6,5.32
6891,2,3,9.7,3.99
13759,7,1,4.1,3.56
18765,3,2,9.3,3.3
14777,4,2,2.5,6.33
4155,6,0,0.3,5.21
5801,7,1,1.6,3.21
43405,2,3,2.7,7.1
10727,3,1,3.8,4.96
31878,3,0,3.7,4.11
2843,0,3,5.1,6.36
9187,1,0,4.4,5.48
28761,6,0,0.7,3.97
41973,2,3,1.8,5.79
31718,7,1,6.5,4.7
28555,6,0,5.2,4.81
17421,0,4,4.5,4.23
14816,5,0,7.7,4.91
35371,5,3,2.7,4.02
49342,0,1,1.5,6.28
33283,7,2,6.5,4.65
8152,2,3,1.4,5.32
20832,1,3,6.3,5.05
38931,2,4,8.3,3.0
44053,4,0,7.9,2.59
9351,7,4,3.0,6.63
3005,4,1,0.7,6.57
46109,0,2,0.7,2.23
4214,4,2,4.2,4.79
15015,5,4,4.1,6.47
9882,5,4,4.7,4.8
9791,1,0,1.2,4.74
20040,0,4,1.3,7.29
12707,5,0,3.1,5.33
19584,6,3,8.5,4.53
19669,7,4,8.0,6.15
23053,0,3,5.7,4.82
14201,6,3,1.7,3.59
26772,4,1,9.4,3.34
11545,6,4,1.6,4.94
10238,0,2,9.3,3.14
33654,0,2,7.6,5.43
23215,5,0,8.4,5.95
27010,0,4,9.0,6.85
36305,6,3,7.7,6.44
47525,5,2,1.4,3.55
16829,6,4,3.9,4.37
32953,3,4,9.3,5.31
12623,7,2,4.8,1.74
33582,7,3,1.2,6.08
8744,6,1,8.2,6.38
4862,4,2,8.3,5.43
1129,4,4,3.8,6.25
43092,6,4,7.3,5.73
34294,0,4,7.2,4.77
14387,6,4,8.4,5.81
25304,1,3,6.5,6.48
7399,4,2,1.0,3.99
46385,5,3,3.1,6.75
24400,6,0,0.8,6.4
12744,7,0,1.4,6.38
16679,0,2,8.6,3.35
40681,6,4,9.4,4.74
46572,5,0,2.9,4.8
6726,5,4,8.5,4.73
29001,2,0,8.3,3.87
47033,7,3,4.1,2.64
16184,4,4,5.1,4.83
37008,4,4,8.1,4.98
26344,7,3,4.8,4.45
42681,2,3,6.0,5.02
8360,1,2,8.4,4.04
1450,7,0,7.6,6.16
33781,3,2,8.2,5.66
1161,5,0,6.4,6.71
14520,5,3,9.3,3.34
6593,7,2,8.6,3.86
24822,6,4,0.3,4.94
48266,2,1,6.2,3.58
10183,7,4,9.3,3.98
28631,0,0,0.5,5.17
36543,7,3,2.9,5.23
1902,6,0,6.0,5.27
20472,4,0,9.8,6.73
7548,5,4,6.5,6.07
39890,3,2,6.2,3.91
38286,6,2,7.7,3.5
43691,5,1,0.3,4.46
39526,5,4,9.3,4.22
32524,6,4,9.5,6.78
31505,4,2,1.8,2.61
48324,2,0,6.3,3.17
1668,1,0,7.7,5.79
8169,1,3,1.3,7.48
39072,6,2,2.3,4.14
9215,7,4,1.0,4.65
7360,2,0,5.3,4.54
2768,3,4,5.2,5.39
46242,0,3,6.1,5.84
31658,7,1,0.9,5.36
23190,1,2,9.3,4.91
5426,4,1,5.1,6.8
5441,6,0,9.6,6.15
2011,2,4,5.2,6.16
37489,1,2,3.0,5.89
43470,2,1,1.1,3.88
4607,6,0,9.8,3.43
44421,5,4,6.5,4.58
35901,3,0,8.9,4.44
9998,6,3,7.2,3.22
16933,1,0,7.6,4.25
760,6,0,7.1,4.15
21659,3,1,5.3,4.49
36079,5,0,1.3,5.81
38907,1,1,3.9,5.21
27572,6,1,1.7,6.01
1946,5,1,8.3,2.36
7554,4,1,4.2,3.73
40122,1,0,3.9,5.6
48138,3,3,1.1,4.84
14248,2,4,5.0,5.78
44781,1,3,3.5,4.25
13382,6,3,8.7,6.16
1215,0,2,1.3,4.85
3869,1,1,9.5,5.5
20773,4,0,4.5,5.74
44992,6,4,7.0,4.83
38711,7,2,9.3,4.52
29857,0,3,1.8,5.64
28233,5,2,6.4,4.92
49300,1,1,9.0,4.91
754,0,0,2.4,6.62
2945,6,1,0.6,4.36
40205,7,4,5.5,5.01
9623,1,2,6.0,3.87
24491,4,0,9.1,5.78
38301,6,2,3.4,4.59
29312,6,4,4.4,6.66
9127,1,4,2.3,3.5
18315,7,4,5.0,3.92
2425,2,1,9.5,6.42
4454,5,3,7.3,5.69
456,4,4,5.9,3.43
818,7,0,4.6,4.58
12201,4,0,3.4,5.26
14772,6,3,3.1,4.56
19043,5,1,4.8,2.82
15246,7,3,0.3,4.53
4634,5,4,9.4,6.67
11771,0,1,0.2,4.58
30356,4,1,8.8,7.2
8766,2,4,9.1,3.42
26872,5,4,0.3,7.13
31697,0,1,3.5,5.91
36182,3,0,9.3,4.66
6751,5,0,2.8,4.16
42884,2,4,7.0,2.69
35980,6,1,4.4,2.68
4726,4,3,4.2,7.55
30418,7,1,8.1,4.57
42557,4,2,6.8,5.57
21915,3,0,1.3,5.28
1216,3,4,1.4,2.05
47521,2,0,1.1,5.02
39730,6,4,10.0,5.23
36933,6,2,8.4,5.21
12632,0,2,6.0,6.07
26479,4,1,3.2,4.2
42292,7,4,8.9,5.11
8004,5,4,2.2,6.16
44458,0,4,3.6,3.64
27343,1,2,1.4,5.7
44155,2,3,6.0,3.45
18690,2,3,6.9,4.57
46304,2,3,4.5,5.44
5583,2,0,3.6,5.01
24799,7,1,1.8,2.05
22304,2,4,7.0,6.04
41044,2,3,7.3,5.38
49847,1,2,4.4,3.48
2616,4,4,3.9,5.97
42813,2,3,4.3,3.72
33818,1,3,8.6,5.01
41647,6,1,5.4,7.26
24034,3,2,8.9,4.16
48224,7,1,6.6,3.45
12845,6,0,6.4,5.47
129,1,4,5.6,6.36
43117,4,1,2.7,5.72
362,7,4,1.1,4.86
17739,5,3,7.3,4.32
10860,0,4,0.8,5.05
36455,3,1,1.0,6.7
35390,4,4,4.5,5.73
46454,6,4,9.9,5.62
22236,5,2,7.2,5.15
35656,5,1,4.5,3.37
39169,0,1,7.3,6.91
5956,4,4,1.5,4.8
35822,2,0,3.1,4.66
38298,6,3,5.1,6.99
29265,0,1,1.8,6.54
12152,7,0,6.0,6.61
35674,7,2,9.7,4.22
32269,4,2,9.1,7.46
49233,3,2,0.1,3.92
3807,0,2,4.7,3.63
12982,3,4,8.5,4.76
9901,0,3,4.3,4.07
4695,3,0,5.8,3.64
12287,0,4,1.5,6.28
41797,6,3,5.6,2.93
23028,7,4,1.6,4.81
8055,6,0,7.5,1.77
46540,1,4,6.9,6.86
29103,0,1,1.7,5.04
7842,7,3,2.5,4.19
35428,1,2,8.0,4.17
13584,4,0,9.8,4.96
43723,7,4,3.2,5.41
46981,0,3,5.0,5.37
17355,2,0,8.2,3.52
34166,5,4,8.4,4.88
29924,1,1,9.1,4.63
16636,2,4,0.2,4.3
8849,1,0,6.6,4.35
39046,6,2,0.0,5.12
18879,6,1,8.6,5.78
26270,7,4,2.3,3.73
45872,3,1,4.4,4.39
4142,5,2,9.9,4.91
40108,5,1,8.9,7.54
47433,5,3,6.8,6.57
29044,4,2,6.8,5.53
27934,5,2,8.7,5.35
3074,0,2,1.7,4.63
16710,4,0,7.3,5.94
11753,0,1,4.7,4.57
41391,2,1,9.0,4.74
25691,1,1,2.9,3.15
20154,5,0,6.5,3.78
41842,5,0,5.6,5.85
13013,1,1,9.6,4.73
39939,3,1,7.1,6.78
30014,1,1,0.1,0.95
17782,0,2,0.1,3.42
8109,3,4,3.3,3.97
14899,5,0,10.0,5.31
38296,0,3,3.4,4.36
25846,7,3,2.9,5.95
4069,1,3,4.6,5.39
15514,5,2,3.9,3.76
4992,7,3,2.5,2.74
28854,3,4,6.4,6.71
1407,2,2,1.1,4.41
12971,0,2,6.0,5.05
46835,7,0,8.6,5.44
33019,5,4,4.5,4.97
25884,6,2,9.0,3.56
36575,3,4,3.2,6.43
18172,3,4,0.0,6.53
12274,6,3,9.3,6.48
49729,2,0,3.2,4.81
42322,4,4,9.5,4.38
24612,2,0,2.8,4.37
26690,3,3,2.2,3.08
35612,4,4,8.6,5.71
36780,7,3,0.8,4.79
46726,1,2,5.3,2.67
47842,0,4,1.9,3.2
40927,7,1,0.9,5.19
31266,6,4,1.3,6.88
27721,6,4,2.8,6.07
6251,6,4,2.9,5.15
11997,2,0,6.1,5.83
23693,6,2,3.4,6.43
26883,1,2,4.1,6.24
40633,2,1,9.6,5.21
19249,2,0,2.3,4.4
46446,4,0,7.3,6.73
11160,2,3,1.3,6.93
13531,6,1,0.8,4.92
4985,7,3,7.0,4.91
8560,7,4,4.2,5.28
32461,0,0,2.5,5.16
5163,1,2,7.9,5.49
2776,1,1,8.0,4.52
10666,6,4,2.2,4.4
30699,6,3,7.2,2.83
17839,0,2,3.9,4.32
5853,5,4,2.4,5.28
40285,7,1,6.9,6.16
40740,0,4,9.0,4.1
289,4,4,3.8,4.19
23443,0,1,7.8,6.86
31393,6,0,0.9,4.91
6334,7,0,1.6,5.24
32655,4,3,2.4,3.72
31519,4,3,5.4,3.28
17173,3,2,6.8,3.98
6213,5,3,5.4,6.21
48819,5,2,5.8,4.98
21285,2,2,6.5,6.23
24412,1,3,6.3,4.7
9550,1,2,0.5,2.74
7627,5,3,9.2,7.11
17244,2,4,8.2,6.0
33255,4,4,1.8,6.01
4537,3,4,0.5,2.33
40272,0,2,9.0,4.69
7273,5,4,4.2,4.35
13286,5,3,8.2,4.64
6671,2,1,8.1,4.17
8614,0,3,7.9,4.81
23858,5,4,2.9,3.23
15844,1,4,2.8,4.92
33175,5,2,6.7,4.6
27630,1,4,1.6,5.85
34678,5,2,2.8,3.77
21926,6,4,3.5,2.69
18603,4,3,5.3,6.3
16077,4,2,9.2,7.1
9994,0,0,8.2,6.48
17626,1,4,9.7,6.98
42743,7,2,6.8,4.93
49682,5,2,4.4,3.22
44982,6,3,7.6,6.65
38683,4,0,5.0,4.91
30143,7,0,0.1,4.08
8539,6,4,7.3,4.23
13777,1,4,7.8,5.06
16747,3,3,8.6,3.34
16608,3,1,8.0,6.63
33938,3,4,1.1,5.18
3170,3,2,6.6,4.52
11918,5,2,4.5,3.7
5306,6,4,7.1,5.76
8769,7,0,3.2,4.83
29092,3,4,3.1,6.15
7764,3,0,2.8,6.57
40813,4,3,1.6,6.9
27847,2,3,0.4,5.82
46120,5,4,6.5,5.7
11177,1,1,4.3,4.74
6256,0,2,5.2,4.01
44701,7,0,9.0,5.08
34139,4,0,7.8,6.36
13836,0,0,3.3,5.15
22583,0,0,4.2,5.3
17878,0,0,6.3,5.74
14806,1,1,7.1,6.12
19907,1,3,1.9,3.34
20843,5,2,8.4,3.53
20199,5,4,5.1,5.35
3219,2,4,5.3,4.44
12676,2,2,4.0,5.83
30566,0,2,7.5,2.68
17997,6,1,6.6,5.59
45354,4,1,2.9,8.05
3323,3,4,5.0,2.92
20534,0,0,2.7,6.29
26847,2,1,8.2,3.26
19810,0,2,7.9,2.3
22299,1,1,6.2,6.84
29063,2,4,6.6,4.48
23424,6,1,1.4,4.16
29408,5,0,6.1,6.35
27829,0,0,6.2,5.92
19730,1,2,3.1,5.32
37715,5,4,2.6,5.77
9349,1,4,2.4,5.23
27002,7,0,2.8,6.58
20563,1,2,1.2,7.03
20651,6,4,5.6,5.96
1869,4,2,9.9,4.86
38635,2,1,5.4,7.96
39707,5,3,2.2,5.0
156,2,2,2.6,5.66
48443,3,0,2.2,4.64
49850,7,0,2.9,5.16
28913,1,0,6.3,4.37
45005,6,1,1.9,5.69
17339,0,1,1.2,5.71
5582,1,2,8.0,4.83
27649,6,3,1.8,4.61
34718,6,0,8.4,5.1
46661,6,0,3.2,2.52
43379,1,4,0.6,3.92
12040,6,2,6.2,5.54
43539,6,3,9.9,4.84
32380,0,1,4.8,3.95
43835,6,2,3.2,4.18
31154,4,1,1.7,7.28
33169,7,2,0.7,4.03
48840,5,2,7.9,3.94
20823,1,4,8.7,5.79
11852,3,2,0.9,6.52
345,4,1,3.2,3.28
14106,0,3,3.7,5.85
42506,0,3,9.4,4.49
10022,4,3,9.4,5.12
1842,0,2,3.2,5.59
23326,4,3,0.3,6.1
7860,5,3,7.7,3.83
27113,0,2,4.2,3.49
38470,0,3,0.6,4.56
8510,2,0,3.2,3.68
17310,2,0,3.2,4.06
35993,0,3,0.6,3.9
34268,1,3,3.0,5.26
46365,4,4,1.7,5.02
36716,3,2,2.3,3.87
41446,6,3,5.9,5.27
41790,7,0,7.5,7.16
20756,4,0,0.9,4.78
45028,2,4,0.8,3.72
13473,4,0,8.9,2.26
38441,6,1,8.4,4.97
31606,5,2,5.2,5.04
36697,5,1,1.4,4.72
30526,4,1,8.4,5.49
36693,6,4,2.0,5.21
33374,5,3,3.3,4.46
21613,5,0,0.8,4.66
42827,1,4,1.6,5.81
11003,4,3,8.8,4.73
20519,3,0,8.6,8.23
7240,0,3,8.4,5.33
38902,0,2,5.7,5.23
28733,0,2,6.1,3.55
30842,3,3,3.2,4.17
7020,4,4,7.0,3.9
28929,0,3,1.5,4.74
44272,2,3,2.4,5.24
38106,4,0,0.9,3.16
30016,2,3,1.4,6.83
3951,4,0,9.7,3.83
49813,1,4,2.9,6.68
35064,7,1,1.9,4.82
9942,4,4,0.0,7.25
40089,4,4,4.0,6.24
2871,3,3,1.8,3.29
16976,0,2,8.7,5.59
4103,4,2,4.6,6.55
41882,2,0,3.3,5.7
43663,3,2,3.3,6.41
4792,7,1,3.9,6.52
29197,2,1,0.6,4.75
12077,1,4,7.8,4.22
48117,4,1,2.5,2.33
46920,1,2,9.1,2.96
47411,5,1,5.6,4.24
21822,5,2,0.8,4.82
22224,0,4,7.4,6.03
41003,1,0,1.5,5.17
17081,1,4,8.5,5.26
45669,0,3,7.0,4.67
24739,4,1,4.6,4.41
17077,7,1,6.8,6.02
47162,6,4,8.4,5.18
5978,1,3,3.2,5.57
6409,0,3,3.2,3.88
47994,1,2,4.1,4.39
2589,2,3,4.4,7.14
16596,6,4,0.2,6.96
46315,3,0,1.5,3.83
35110,2,3,8.9,5.89
48497,0,3,0.1,6.52
28551,2,2,1.8,3.15
21341,6,0,8.1,4.94
2803,7,4,1.0,3.91
24745,4,4,0.2,5.26
43536,0,4,9.4,3.76
46002,3,3,9.0,5.1
48433,6,3,1.7,4.65
27017,7,3,8.7,4.57
23775,2,0,4.5,3.37
29109,5,3,9.0,5.38
8599,7,3,0.5,5.6
25297,7,2,4.6,4.83
27551,5,1,8.9,3.81
44356,0,2,1.3,5.1
34906,2,3,9.0,4.26
34602,7,1,4.5,3.76
34350,3,3,0.1,3.12
24719,4,1,0.2,3.74
18000,3,0,6.2,3.02
3621,5,3,8.4,4.44
13102,3,3,2.0,5.53
12555,6,0,9.2,5.52
7550,5,3,2.9,3.78
2740,7,0,8.0,7.05
1336,5,1,9.6,6.03
18924,7,4,7.9,5.25
38904,4,2,3.2,6.24
24282,7,0,5.9,5.07
19334,5,1,9.2,6.59
19698,2,2,4.5,5.36
21584,5,4,2.3,5.03
8770,4,1,10.0,4.58
42688,6,0,5.5,2.91
41712,1,0,3.0,4.21
14889,5,1,4.8,5.34
9995,6,3,3.4,5.76
1987,0,4,5.4,4.54
20870,6,4,8.9,5.26
6958,6,4,9.5,4.41
45309,4,1,1.4,6.12
34555,0,4,6.2,4.49
18784,2,2,1.8,3.54
3410,4,4,0.3,4.82
30795,5,4,1.3,3.72
39845,1,2,4.6,5.72
24810,7,0,0.9,6.24
39261,4,0,7.6,3.92
38483,2,0,6.1,4.13
14059,1,1,0.2,6.21
28088,2,4,5.7,2.98
38257,6,2,3.2,5.86
66,1,2,7.4,5.15
5706,6,3,4.5,6.2
2996,1,0,9.7,4.2
22248,4,0,6.5,5.14
32822,5,2,5.2,4.16
1003,7,2,3.3,3.93
23979,3,3,5.7,4.79
38697,6,1,0.0,2.77
8751,2,4,4.9,3.24
41504,0,2,9.4,5.22
32539,4,2,1.5,1.47
8039,2,2,4.4,4.43
43127,4,3,5.1,5.72
23107,1,1,0.5,2.3
11373,2,0,4.0,5.79
31287,5,2,9.8,6.82
23400,7,2,0.9,4.35
1346,6,2,5.7,3.72
26484,5,3,1.8,5.01
28880,7,1,5.1,5.92
26311,1,1,5.4,4.51
7210,3,3,1.0,5.01
48458,5,3,2.9,4.93
23087,6,0,0.6,3.39
47758,3,2,7.6,3.65
26317,0,4,5.3,3.78
11386,0,3,1.2,3.84
33535,4,4,6.3,7.13
49185,1,0,4.3,3.76
11777,2,3,5.0,4.81
36664,6,0,0.5,3.8
20796,2,0,2.6,3.61
552,2,1,8.4,6.64
27157,7,0,2.4,4.79
23152,0,1,0.9,4.2
42381,2,4,1.2,5.24
43973,2,4,5.0,3.94
7029,6,2,4.9,5.76
36730,3,1,9.5,4.48
29845,0,1,8.0,7.02
32852,0,3,2.3,7.67
19905,4,1,9.3,5.02
48867,2,0,6.9,4.99
20268,7,3,0.5,4.29
45049,4,1,7.8,4.06
48982,5,3,8.3,5.75
43969,2,2,6.6,3.55
15110,2,4,1.1,5.33
27203,3,0,6.3,4.47
5319,7,4,5.1,4.64
18059,5,0,4.5,6.59
47046,6,0,9.9,3.41
49620,3,3,8.0,6.17
35541,2,2,9.3,4.2
26727,5,3,5.0,6.88
24343,5,1,7.2,3.58
45410,3,2,3.5,3.2
45188,0,0,8.4,5.62
38557,0,2,9.8,6.26
45217,6,3,0.0,5.58
41508,7,1,6.6,4.62
28788,2,0,8.3,4.71
36118,7,4,3.8,4.91
43303,7,4,0.6,5.56
1656,1,0,0.1,6.95
10160,2,0,4.6,4.52
3817,1,0,1.6,4.91
45929,6,2,2.1,4.59
27626,1,1,1.4,6.48
39778,3,2,3.5,5.81
47238,4,4,6.9,6.48
45846,2,1,7.0,6.7
21349,1,1,6.6,6.99
14543,0,4,3.6,4.65
36794,6,3,1.3,6.35
23165,5,1,5.0,7.02
32331,6,2,8.3,3.88
40890,5,4,2.8,5.28
12095,1,3,8.7,4.49
15009,6,0,3.6,4.17
31624,2,1,7.9,3.37
25728,2,1,3.6,5.15
34992,3,2,7.8,4.98
28131,7,2,3.9,3.98
42237,6,4,5.1,3.92
2211,0,1,8.6,4.58
11256,6,0,8.5,3.05
15172,6,4,4.6,3.6
21434,0,0,9.8,4.27
32036,6,2,3.1,4.82
13358,0,4,2.0,4.4
31779,4,0,7.7,5.85
19471,3,4,5.8,2.64
26949,5,1,9.8,1.49
12987,7,2,5.4,7.29
20544,0,3,1.4,3.7
22199,7,0,1.1,4.06
18787,2,4,3.9,4.43
13356,7,3,6.2,6.54
24965,6,0,2.5,3.88
1680,2,1,1.0,2.12
13962,2,3,2.1,5.4
31566,2,3,2.2,7.03
47114,3,4,1.0,6.26
37344,7,1,1.3,5.08
12664,0,3,7.6,4.49
30077,7,4,7.3,4.03
7788,6,3,1.9,6.23
7521,5,4,0.1,6.5
29257,2,3,1.6,4.4
42044,7,1,4.5,3.03
15851,7,3,9.6,6.75
10231,5,4,8.1,3.73
24280,6,0,7.1,3.78
35229,4,0,1.6,6.22
15889,0,1,4.9,4.79
33417,2,0,5.8,3.06
1073,5,3,6.7,2.43
27359,1,1,7.1,2.36
24179,2,4,0.3,6.29
31498,7,1,2.8,6.62
44368,2,0,3.0,6.37
19527,4,3,3.5,3.57
39662,5,1,5.7,6.12
2237,4,4,5.3,5.18
14360,4,1,2.6,4.37
36906,1,0,3.5,5.04
10541,3,2,5.0,5.93
11540,7,3,8.6,3.89
44029,5,4,4.9,2.78
5325,7,0,6.5,4.83
5253,4,3,8.1,5.01
38573,7,3,9.3,6.98
41474,5,1,6.2,4.03
888,0,2,0.4,5.85
13291,0,1,3.2,5.96
15524,4,3,5.4,4.43
16189,6,2,0.7,5.45
3863,7,2,4.6,5.08
22637,3,4,5.3,3.53
17159,7,4,7.5,4.71
39719,1,1,9.8,3.26
26244,2,4,8.8,6.67
45101,0,1,4.7,6.31
18947,7,1,4.8,4.87
45080,5,3,0.9,5.94
24358,1,2,9.0,3.13
49337,5,1,9.2,4.84
42575,6,2,2.4,4.94
3287,2,4,9.6,5.51
39266,7,4,3.2,5.11
11456,5,0,4.4,6.94
18922,6,3,4.8,8.19
23868,4,3,4.9,3.68
44187,6,4,5.1,5.15
44640,3,2,4.6,5.52
407,0,1,8.5,5.12
30453,6,2,5.6,4.37
27304,7,2,6.6,4.65
8020,1,2,1.7,5.62
40690,5,0,7.1,3.79
28667,7,0,3.3,6.03
40784,2,2,0.1,4.05
21108,7,1,4.1,4.2
36885,4,2,5.2,6.17
12373,4,3,3.6,5.66
36652,2,1,1.4,6.75
42814,6,2,4.2,6.62
606,2,0,9.3,4.05
21848,1,1,1.8,6.01
19908,6,1,3.1,4.55
21689,7,3,8.3,5.37
15692,2,1,9.7,4.44
4490,3,4,8.0,7.72
37034,3,1,7.2,5.12
6333,1,0,1.5,2.77
40634,3,3,5.7,5.15
27461,6,3,1.1,5.55
1278,6,3,0.9,2.67
43345,6,2,0.3,3.34
48626,5,2,8.3,6.78
24683,4,1,9.9,6.1
14284,7,0,8.4,4.25
34026,4,2,6.0,5.91
5333,3,0,7.9,7.64
26766,7,4,6.3,3.26
252,5,3,0.6,5.75
36244,2,2,5.2,6.47
17025,0,4,8.0,4.24
10806,1,1,8.4,7.95
1191,3,0,9.0,5.98
12763,1,2,2.6,5.18
44845,7,2,3.4,5.07
31742,0,0,9.1,5.53
5750,0,3,1.6,6.55
11019,1,4,2.5,3.3
25806,0,0,3.9,5.86
24654,7,1,4.3,4.61
38481,7,2,2.3,5.12
15126,4,0,4.4,4.65
46669,7,0,3.6,3.64
12877,3,4,1.5,5.15
17331,0,4,2.5,3.24
13610,2,3,8.2,3.71
24528,6,1,2.9,7.77
46823,0,1,5.5,4.17
26963,2,2,6.2,6.57
12945,6,1,2.9,4.08
37670,7,2,7.6,3.23
1250,5,4,2.6,5.89
15074,0,0,9.4,2.09
21329,1,0,9.9,4.08
21714,6,1,0.9,5.7
14475,3,0,2.9,6.96
9051,3,1,2.8,3.96
6660,6,1,6.5,4.99
37221,1,1,6.9,3.44
48615,1,2,8.7,2.72
4281,2,3,2.8,4.13
37083,5,3,9.8,4.27
22383,1,2,3.3,3.91
39567,6,1,9.9,3.43
15504,6,2,5.4,4.16
22484,6,1,9.1,6.75
19557,1,0,3.9,5.42
9610,4,4,2.2,3.15
20051,7,2,3.5,6.77
17476,1,2,9.5,5.44
30784,1,2,3.4,6.08
25591,1,3,3.0,2.72
1257,6,1,0.3,3.47
15577,2,2,3.6,5.24
12436,0,2,2.3,4.07
5461,2,3,1.1,5.83
29174,7,1,8.9,3.08
9290,0,3,7.2,4.46
46113,4,1,9.4,5.89
31818,7,2,1.9,5.33
31484,6,3,0.1,6.44
42801,4,2,4.8,5.89
28324,1,1,3.0,5.32
16116,4,2,3.1,5.38
14463,1,1,9.1,5.1
22268,4,3,1.6,7.43
26701,3,3,7.1,4.8
10364,2,0,6.5,6.39
4004,5,3,5.2,4.09
34200,3,4,0.5,3.64
26292,6,3,6.3,6.01
10736,1,0,6.1,4.05
46145,4,1,7.5,5.85
47395,1,4,9.7,5.89
23527,0,0,0.9,4.98
21776,6,4,7.3,3.52
47732,3,0,1.0,4.68
9910,5,4,1.3,4.85
36061,4,2,7.8,3.67
5304,1,4,8.8,3.49
39510,0,0,7.2,5.44
23702,0,2,8.5,5.24
17489,0,1,5.3,3.23
2782,1,0,4.5,5.75
21351,4,1,6.7,4.43
49174,5,0,1.5,2.76
31768,4,2,0.5,6.72
27542,2,1,3.8,6.61
24928,6,1,4.9,5.94
45533,4,3,5.2,4.52
29327,2,2,8.2,5.94
42002,2,1,8.2,4.08
5757,1,3,1.6,5.14
14707,2,0,8.9,4.59
12153,6,0,6.1,5.66
44786,6,0,4.1,4.46
22105,2,4,8.5,3.36
10128,5,4,7.1,6.49
12743,7,1,2.2,4.54
20239,1,1,7.6,5.3
22671,5,1,1.8,5.01
26086,1,1,9.4,3.0
43058,5,2,3.4,5.8
27753,5,3,8.5,5.61
125,2,2,0.8,3.05
49240,6,3,3.9,5.54
15088,6,1,3.8,4.04
28502,6,4,4.6,4.99
3624,2,2,9.3,2.78
33412,5,4,5.7,6.33
43604,0,4,0.8,5.44
315,3,3,5.7,5.24
41754,3,3,7.8,6.0
34701,1,1,3.7,5.16
44561,4,4,5.5,4.28
23598,7,3,0.5,3.06
49230,6,0,8.2,5.32
9782,5,0,9.5,5.16
22871,4,1,6.8,3.85
36631,6,1,5.6,5.13
8851,1,4,5.0,2.92
27999,6,0,3.4,5.23
41913,0,1,9.4,5.01
10900,7,0,5.0,4.53
49417,7,1,6.2,6.31
41234,4,2,1.7,5.48
24858,5,4,7.5,4.72
36976,4,2,1.2,6.73
11042,1,0,9.7,4.83
26677,7,2,0.4,5.45
49644,4,2,8.6,5.55
15638,7,4,0.7,5.75
46498,7,3,9.9,5.83
23502,5,4,8.1,5.41
32766,4,3,0.7,6.03
49965,2,0,2.8,6.1
7312,4,3,6.7,4.07
12078,0,0,9.0,5.83
12374,3,0,5.2,3.26
49796,1,4,8.1,5.79
2612,5,2,3.5,6.58
15417,2,2,7.3,3.98
6281,0,1,8.4,4.02
11424,6,0,7.7,5.26
9203,5,2,4.4,5.0
6221,4,4,2.1,3.94
16302,3,1,4.9,3.25
11150,4,2,4.1,5.57
29586,5,1,2.0,4.14
5627,4,4,2.9,5.41
18002,0,1,0.7,6.51
13755,1,3,4.4,4.7
13931,2,3,0.2,5.02
15160,5,1,6.4,4.57
49168,2,3,2.8,5.81
18995,4,0,5.6,3.91
48506,1,2,3.2,5.46
27790,6,0,5.2,5.97
41170,5,4,1.2,6.01
2934,7,2,4.8,7.99
21395,2,2,7.9,5.06
7173,2,1,5.5,6.21
2818,3,1,9.5,5.52
2541,2,3,0.8,4.89
9540,2,4,4.0,3.64
37915,3,4,7.4,7.25
4601,0,3,2.3,5.62
26154,7,0,3.1,3.51
6676,4,1,7.6,4.41
4836,0,3,0.9,5.49
30635,0,2,6.5,3.67
3940,6,0,4.5,4.64
20852,3,3,7.5,6.1
7259,3,0,7.6,5.28
18488,3,1,4.4,6.3
23120,0,1,7.9,3.72
21846,0,2,5.7,4.33
46040,7,1,8.6,6.0
36115,0,4,9.1,7.42
14433,4,2,7.2,5.22
2651,4,0,4.0,4.71
41158,0,0,9.4,4.95
40665,3,3,5.9,3.96
30027,1,3,2.4,3.53
49883,2,2,4.8,4.96
29888,2,4,5.5,5.4
23638,7,1,7.9,3.89
39474,6,4,2.3,3.81
9116,6,1,3.1,6.07
45711,2,0,3.7,5.02
42008,3,4,2.7,3.42
23216,3,1,9.9,4.93
48460,0,3,1.7,4.7
47131,3,2,9.6,5.71
810,1,2,4.6,3.42
29129,6,0,4.2,5.27
13503,4,3,7.2,3.85
38060,7,0,8.0,5.47
8205,6,4,9.6,4.82
10582,6,1,4.2,5.92
28005,7,4,4.0,4.56
49370,1,0,5.0,6.57
36237,2,0,6.1,5.07
977,7,3,1.1,5.4
7578,1,4,6.1,6.3
21502,7,4,9.2,4.35
97,6,3,4.5,7.01
14299,4,2,8.7,4.62
24253,4,3,3.1,5.09
8377,2,2,4.4,2.74
34016,4,3,9.3,6.85
24851,1,3,0.0,4.58
36607,7,4,5.0,5.0
17948,4,2,8.3,4.95
31941,6,2,0.9,4.37
33693,1,1,0.1,4.81
45955,7,3,3.5,6.67
47429,5,2,9.4,3.45
6532,5,4,3.2,3.0
984,7,3,3.0,4.69
19899,3,2,0.1,4.28
47253,2,1,8.4,4.0
31841,5,0,0.2,3.96
3296,2,1,2.8,4.12
32240,5,2,7.2,3.87
33338,4,3,4.0,5.59
12144,0,2,2.6,6.13
41179,2,3,1.0,4.97
20281,3,1,7.2,4.58
6465,5,0,9.3,6.91
41662,4,0,9.9,6.74
8417,0,4,3.8,2.52
39113,1,2,2.9,4.21
26294,5,3,6.1,5.19
391,5,4,9.6,4.52
9000,7,2,6.8,7.25
33840,0,4,6.0,4.18
4608,3,2,5.2,3.99
732,0,2,0.7,7.06
12109,6,3,9.9,3.45
49194,2,3,4.6,8.48
26950,1,0,2.8,4.15
17820,4,1,2.1,4.78
36137,1,2,1.8,3.0
27648,1,1,3.3,3.89
47186,0,3,0.5,4.15
37610,3,1,1.4,2.63
10029,0,2,10.0,4.95
32052,4,4,0.6,3.6
8245,7,4,1.6,3.45
31907,4,2,9.8,3.45
12825,3,0,3.6,4.06
7595,5,4,1.4,4.1
14590,6,1,6.6,6.71
21325,2,1,9.7,4.01
17587,6,2,2.4,4.49
49651,5,3,5.6,5.51
38558,4,2,4.1,5.11
4611,5,2,3.9,5.78
9739,1,3,4.2,4.13
20076,5,4,9.2,4.02
45387,0,3,0.4,4.83
13006,1,2,1.1,6.68
6388,0,0,5.4,5.58
22643,7,4,8.0,3.73
2644,1,3,7.0,6.26
23713,3,4,5.7,2.82
5517,4,3,4.1,4.64
29131,5,1,7.7,4.31
30945,2,4,9.6,5.21
42652,4,0,8.7,3.47
40723,7,4,3.7,4.12
41542,4,0,7.7,7.6
46814,7,2,3.3,6.38
22361,3,0,6.1,4.54
15312,5,1,6.5,4.58
15369,4,4,2.2,2.08
16743,1,2,2.7,2.98
35283,0,0,5.7,5.18
44285,2,3,2.2,4.84
41899,3,0,4.4,5.47
41932,1,3,1.1,4.31
28706,1,4,4.6,3.76
18258,4,3,3.3,4.32
10872,2,0,6.9,4.35
30533,4,2,5.1,4.71
18472,4,4,9.8,5.96
651,4,2,5.5,3.26
5765,0,0,1.2,4.26
10592,0,0,0.4,7.37
28302,4,0,6.7,5.72
25610,7,4,8.8,3.49
39669,1,2,1.1,5.96
6564,6,0,6.0,2.92
10314,3,1,0.1,4.07
22553,1,1,3.6,5.57
42970,4,2,7.9,4.55
17153,7,0,9.1,3.7
32636,5,0,3.2,7.08
41604,3,3,9.7,4.63
5331,2,1,8.4,2.9
42532,0,2,0.1,5.86
34105,5,1,3.0,3.54
5288,2,1,7.0,6.88
9608,0,4,5.0,4.46
14083,7,2,0.3,3.98
6552,7,0,7.5,3.48
30397,7,4,5.2,4.91
12188,6,4,6.7,5.71
38231,3,2,6.0,3.98
45755,5,0,4.1,4.04
8321,5,2,2.1,4.47
16243,7,2,7.2,6.49
37118,7,2,0.5,3.67
36777,6,4,6.1,3.22
43153,7,4,7.4,3.56
45510,4,2,0.7,5.03
29855,1,1,1.5,4.84
45088,1,2,5.3,5.53
7082,3,2,3.6,6.2
5910,3,0,6.3,4.57
21132,4,4,3.4,6.14
34704,7,0,1.5,6.14
48516,3,4,3.1,6.19
6770,4,1,9.6,6.25
8930,3,0,4.6,2.79
41124,2,2,5.8,4.37
45448,4,2,0.6,3.87
32776,0,0,1.5,3.37
38287,4,3,9.9,1.0
8353,1,0,5.2,4.33
38628,7,4,9.1,4.18
31372,3,3,4.5,4.61
10035,4,2,3.3,5.87
27923,4,0,6.4,3.81
15534,6,2,0.1,5.08
4854,3,4,5.4,5.15
13261,3,0,9.4,6.53
21737,4,0,4.4,3.57
24150,3,4,4.3,5.74
40172,5,4,5.6,5.49
22932,6,1,6.1,6.75
21940,0,0,4.9,5.49
48592,1,0,4.5,4.87
9898,3,2,6.5,6.81
38720,6,2,1.9,3.5
12936,7,4,0.5,5.35
3959,7,2,7.1,4.16
37904,3,1,3.8,5.1
10534,3,4,2.4,5.82
28504,5,4,6.6,4.97
39004,0,1,8.1,3.64
14473,0,4,2.5,4.27
30973,4,2,7.6,5.19
40713,0,1,6.5,7.9
23604,5,2,1.2,4.2
10894,4,2,8.9,6.03
37618,7,2,9.7,5.18
35965,4,1,3.6,4.59
25482,0,4,5.9,4.6
2480,0,3,6.2,4.75
48565,7,3,7.4,4.39
7720,4,0,1.7,7.33
273,6,2,0.8,3.35
45440,0,2,8.9,7.61
15596,0,4,0.5,5.02
36289,4,1,3.6,4.07
19733,2,3,1.1,6.1
19628,2,0,0.3,6.43
40783,3,1,4.8,5.52
1848,7,4,7.8,5.13
6024,7,4,5.1,4.17
39335,3,1,6.4,4.76
17725,0,0,3.9,3.44
18704,3,2,6.2,4.65
17083,7,3,9.2,4.24
28320,5,4,3.1,5.33
29879,5,4,1.3,3.9
18946,0,3,8.3,5.27
8901,0,4,3.4,3.69
45401,4,1,3.4,6.03
16802,7,2,1.0,5.56
13951,2,4,4.0,3.13
18897,1,2,3.3,4.65
46085,5,4,5.1,2.95
49162,3,3,5.9,4.59
25659,2,0,3.6,6.35
26641,1,0,4.8,5.78
20762,4,2,1.8,5.4
36713,6,1,2.4,4.59
45936,1,0,7.0,4.53
11579,7,0,5.9,4.61
1334,4,1,8.5,3.37
47885,4,2,9.3,5.44
12516,3,0,8.1,3.5
36623,7,3,8.3,2.68
27354,5,0,3.5,4.06
11502,1,0,5.3,5.83
8132,1,1,0.0,4.86
31809,0,2,4.7,4.17
42429,5,1,5.5,5.03
14254,4,2,0.6,4.73
9359,0,2,5.4,4.13
31997,5,3,2.8,6.17
5388,2,0,6.9,3.89
5408,5,4,9.3,6.26
41412,6,0,9.8,5.23
14096,5,3,5.8,4.04
30182,6,2,1.3,6.44
11536,0,0,6.2,4.43
42663,0,3,0.8,8.17
47772,5,4,4.6,5.43
1675,2,3,5.7,5.67
35932,7,3,8.4,5.43
15241,5,2,6.9,5.88
7845,6,4,8.3,7.12
47402,3,2,0.2,7.58
1663,2,2,3.7,4.05
1933,6,3,3.6,6.2
11741,2,3,5.8,5.91
3496,5,1,7.8,3.5
39806,4,0,9.2,4.35
41549,3,1,0.0,5.72
48753,7,0,4.2,6.42
49281,0,1,1.4,2.99
19558,5,4,3.4,6.88
9590,6,0,0.5,5.04
38245,3,3,4.8,3.85
40278,1,3,2.5,4.53
30372,4,1,1.2,2.61
36702,1,4,3.3,3.28
33115,2,1,6.4,3.88
47716,3,0,1.1,6.02
15040,1,2,6.7,3.81
27653,6,3,4.4,4.83
10654,4,4,7.9,7.22
48101,3,3,4.6,4.37
47922,0,3,9.8,3.73
47237,3,0,4.2,4.99
46855,2,4,9.3,4.78
3255,3,4,1.1,6.25
48147,4,1,4.2,6.37
22261,1,4,9.9,5.76
40180,3,1,6.5,4.26
8757,7,4,3.2,5.63
21047,6,3,4.1,5.42
45163,5,3,9.2,6.87
41037,2,2,0.6,5.41
26778,2,2,1.3,5.9
16346,6,4,7.3,5.52
41287,5,2,2.2,5.71
29597,7,0,4.7,4.63
47413,0,1,4.5,6.34
24527,4,3,0.4,7.75
48817,0,4,6.2,5.41
13278,7,3,0.7,5.18
1762,3,0,8.9,5.08
8257,0,2,0.1,4.18
35362,3,4,8.3,4.71
44477,7,3,1.3,6.51
46721,5,2,2.9,4.52
37693,5,0,0.7,5.49
23837,3,0,9.6,3.48
24859,0,4,5.1,5.41
42478,5,0,3.8,3.81
46053,7,2,8.2,4.98
25263,1,1,1.8,4.1
29592,7,0,2.3,4.9
37616,1,2,2.5,5.39
5946,0,0,8.4,3.36
15926,3,3,6.6,4.21
48310,4,3,7.1,4.12
1039,5,1,8.3,4.01
46813,4,4,9.8,4.52
49034,2,1,0.8,7.08
33064,4,0,1.0,5.02
25595,4,1,1.4,6.08
49461,3,4,6.2,5.36
8480,6,2,9.1,5.89
73,6,3,5.3,3.28
4078,4,1,0.3,4.24
6943,0,3,6.8,4.97
37695,5,2,5.0,4.46
14368,7,4,3.3,4.96
41059,0,4,6.5,5.37
46574,1,4,8.1,4.95
32427,0,0,3.5,4.05
17590,4,4,1.0,6.96
38972,0,0,2.7,4.8
42230,7,0,1.9,3.53
8249,7,4,2.1,3.55
31681,1,1,6.4,5.0
8588,2,3,3.7,3.07
29428,3,1,4.0,2.9
44525,6,3,3.7,4.65
46208,5,0,6.0,5.73
46666,3,3,5.7,6.13
28644,0,2,9.6,6.43
12302,2,1,0.0,2.28
49184,5,2,9.8,5.24
12076,6,1,0.6,3.64
35999,6,0,6.0,3.55
7305,1,2,9.0,5.16
43939,5,2,2.1,6.35
44418,1,4,6.0,3.24
10393,5,3,0.6,4.6
27092,0,2,1.4,5.57
23436,4,3,0.8,4.65
39568,1,1,4.6,3.87
7385,7,4,5.0,4.54
41725,6,2,1.3,4.39
21798,2,0,5.6,6.88
45957,2,2,5.1,6.54
12225,3,1,2.2,4.74
36751,3,4,5.4,4.47
24100,0,1,0.3,3.93
3529,6,1,9.1,6.41
30218,6,3,3.0,4.46
11586,6,1,9.2,5.34
20254,4,2,1.6,3.53
26668,4,2,8.8,4.29
8431,3,2,4.9,5.2
43435,1,2,2.9,5.52
20978,6,2,3.2,6.03
36861,2,2,0.7,6.78
839,6,0,5.5,4.72
22889,0,4,0.7,5.57
41346,5,0,2.4,4.23
5602,4,4,6.3,5.5
3554,7,0,8.4,6.51
25239,2,4,4.8,3.9
42602,0,3,4.3,3.57
17895,7,4,8.6,5.68
36406,6,0,3.2,5.49
39418,4,2,9.2,7.24
28623,5,1,3.8,5.33
14164,3,3,0.4,5.77
19500,1,1,2.5,6.34
15358,7,3,7.6,5.71
11961,7,0,5.7,2.45
6832,5,4,5.1,6.94
7194,1,3,9.5,6.24
31621,7,2,7.3,3.03
47513,3,4,8.9,4.35
24488,0,4,5.2,6.29
696,0,1,9.5,2.17
15703,4,3,7.8,5.91
20413,5,1,5.5,6.27
34071,4,3,4.7,5.86
48346,5,2,1.1,6.92
32652,0,0,0.5,6.48
7771,1,4,4.8,5.5
3339,4,1,7.4,3.85
44404,4,2,3.7,5.52
32585,4,0,4.5,4.86
16142,4,1,4.0,3.18
6268,4,2,7.6,6.12
21570,0,4,4.2,4.16
21476,6,4,4.1,5.95
27241,2,1,8.8,3.47
6537,2,0,3.5,5.24
48485,2,3,9.9,5.38
14090,1,0,5.3,4.36
29138,7,3,3.1,4.94
42018,1,2,2.5,5.06
45369,2,4,4.2,6.46
44009,0,0,6.0,5.72
40156,2,2,9.5,7.3
25631,3,3,7.5,4.94
44152,7,3,0.9,3.17
42553,3,2,3.2,4.21
14333,4,1,2.1,5.92
1393,0,1,1.3,5.12
34051,6,1,5.5,4.75
7552,5,3,9.0,6.37
13847,7,1,8.1,4.38
23228,3,1,5.4,3.63
17848,5,0,3.5,5.11
7835,0,1,3.1,4.09
14107,4,1,2.6,4.79
7364,0,1,0.5,5.06
18282,5,4,5.6,4.36
11133,4,1,0.2,7.17
35519,2,0,1.2,6.34
16649,3,2,1.0,4.26
16389,5,2,3.4,6.09
18131,7,4,2.8,7.35
19547,7,1,1.3,3.07
41710,1,1,6.8,4.9
49049,1,1,0.2,6.22
39181,5,0,5.1,4.48
41841,3,0,0.9,5.9
8878,6,2,0.4,6.94
32684,0,1,5.7,6.5
38996,1,4,8.1,6.48
12547,4,4,5.7,5.75
11839,4,1,7.9,5.04
38353,4,4,7.1,3.02
47554,5,2,9.4,4.6
25625,5,3,0.0,5.19
15024,5,4,8.1,4.79
31646,3,3,0.6,3.58
47761,5,4,7.6,4.39
15508,5,0,9.6,3.16
41356,4,0,9.5,6.96
26289,1,0,7.7,2.47
28700,7,4,7.5,6.18
36670,3,1,7.7,4.94
30672,4,3,5.6,6.22
41681,7,2,3.9,4.72
4948,6,1,1.3,3.93
36034,1,0,6.5,5.13
35340,1,0,5.1,3.5
13970,4,3,3.1,5.03
33679,7,2,8.7,3.31
11120,6,1,6.8,4.92
35906,2,1,0.7,2.56
44996,0,0,7.4,6.15
5799,5,2,2.3,6.69
8383,7,1,2.7,6.19
18801,1,4,9.5,5.24
5474,2,2,5.6,4.59
36586,2,3,8.1,3.2
18875,6,2,7.5,3.69
43827,6,1,9.0,7.12
46377,2,1,2.7,3.09
36793,3,1,3.4,4.69
24941,2,2,6.4,3.58
21363,4,1,4.0,7.22
42091,3,4,4.8,7.62
19449,6,0,9.6,6.18
949,4,0,8.6,4.68
10188,1,2,9.4,3.88
5553,1,0,7.9,5.33
3482,7,1,8.6,5.87
2426,3,4,1.8,6.91
16039,5,4,5.9,4.85
21815,4,1,1.8,3.67
47886,7,1,5.1,4.66
34857,2,4,4.6,2.4
7114,7,1,4.8,4.97
6933,3,0,1.6,4.91
41176,2,0,3.6,4.5
33236,6,0,3.8,5.95
11863,3,4,7.2,6.05
38649,6,4,6.7,2.66
39099,6,0,6.7,3.27
21248,3,2,3.5,3.67
24613,2,3,7.1,6.5
36451,4,4,0.8,5.26
4298,6,0,2.7,2.61
13803,4,3,9.5,5.07
39297,0,4,7.2,3.89
7304,0,3,1.7,7.08
40235,4,4,8.0,6.75
2587,1,2,7.7,5.44
30326,1,0,9.1,3.65
6018,4,1,9.3,3.77
35255,6,4,9.2,5.11
22487,5,1,3.5,8.16
19614,1,4,3.0,5.3
17726,4,4,7.5,4.67
38512,6,3,2.6,2.29
2955,5,4,5.7,2.93
44679,5,0,0.2,4.27
26656,3,3,3.6,5.08
24151,5,4,5.0,4.79
5870,1,0,6.6,4.35
35231,4,2,5.7,3.96
46237,2,1,2.2,6.04
45504,7,2,8.9,5.04
31640,5,0,6.2,5.43
23539,4,0,3.7,8.48
34928,4,0,1.4,4.9
29975,2,2,7.7,4.55
31339,1,4,8.8,4.26
16204,2,1,9.1,6.08
27364,7,4,6.0,4.42
21390,3,4,4.0,4.79
49945,1,4,7.2,6.45
13867,7,1,3.7,3.79
15422,4,1,2.4,3.99
26482,4,2,6.9,3.36
46607,0,4,1.8,2.77
47993,6,2,6.1,5.56
33738,6,1,9.9,4.25
25437,3,1,6.9,4.07
24268,3,4,2.4,4.6
27889,7,2,2.9,3.78
33623,7,3,0.3,4.53
15428,7,2,2.3,4.47
2763,0,1,3.2,3.23
32526,6,1,3.8,2.77
12092,6,2,9.7,5.16
17469,4,4,4.7,5.68
21347,6,1,9.3,7.68
16721,7,1,6.7,6.02
15608,2,1,3.0,5.5
31603,7,1,1.5,4.24
31299,7,3,1.9,4.77
20018,0,0,5.1,3.69
45830,2,0,4.4,3.81
4917,6,1,1.4,5.92
25800,0,4,0.5,6.13
43606,5,4,8.0,4.53
36235,6,4,3.8,5.15
25240,0,1,5.9,4.69
8830,0,4,5.4,3.97
5540,3,2,8.6,5.86
3379,5,4,3.0,4.66
43029,5,0,2.2,5.4
4622,2,4,2.1,3.62
12691,5,1,3.2,4.57
27987,2,0,0.1,3.41
21373,2,3,1.4,4.11
6009,0,0,5.8,4.02
33265,7,4,0.3,5.92
20779,0,2,8.5,6.89
13661,6,0,7.0,6.08
26223,6,3,5.3,4.26
8586,3,2,2.8,5.02
9568,2,2,8.9,4.57
4979,0,0,1.5,3.07
25345,7,1,4.9,4.4
21399,1,1,9.1,4.32
28249,7,2,8.7,4.14
48594,7,4,6.6,6.36
32559,3,0,4.9,5.29
39471,3,4,7.4,1.65
15503,6,0,9.2,6.61
42860,1,2,7.6,4.34
48636,3,1,9.9,3.92
39097,3,4,2.1,6.61
41716,0,2,9.4,5.62
26397,1,4,5.8,4.27
14194,5,4,7.0,3.87
32861,5,0,2.9,3.35
329,6,3,8.9,4.4
11601,3,3,0.1,5.23
10540,4,0,3.1,5.2
48717,2,4,4.8,6.18
36365,6,2,4.6,8.01
38267,0,2,0.7,4.86
31445,6,3,5.0,6.17
5028,3,1,0.9,6.24
7755,5,2,0.5,6.17
28041,0,4,6.5,4.75
43037,1,4,3.2,3.76
5829,7,4,3.7,5.77
5673,2,1,9.5,4.39
44288,1,1,7.4,6.49
1649,4,4,6.1,5.34
47474,7,3,2.9,2.75
12079,5,4,4.0,7.64
14578,1,1,8.4,5.83
30300,3,4,4.0,6.25
25465,7,3,7.8,4.35
14183,4,3,2.2,5.34
1053,1,0,0.2,4.43
6148,7,2,6.5,4.93
48625,5,1,0.4,3.01
22194,1,1,2.0,6.57
29934,6,0,7.0,4.12
39506,6,3,2.3,5.06
35587,1,1,3.6,6.36
15993,4,1,6.9,7.77
30736,1,0,7.2,4.66
37145,4,4,4.9,5.69
595,2,2,8.0,4.21
17927,3,2,7.5,3.73
14845,3,3,8.9,5.29
11031,1,1,7.4,4.02
8361,7,4,0.6,3.44
5425,1,1,2.5,3.6
49148,2,4,3.2,4.69
3646,4,2,0.7,4.58
47692,0,4,1.9,7.2
6872,6,3,1.1,5.94
10620,2,0,1.4,5.64
41103,4,4,3.6,5.66
1654,5,0,3.0,6.37
41804,6,1,5.3,5.03
46340,3,1,6.5,4.5
34874,0,2,1.2,5.4
1918,4,2,9.4,3.5
33339,1,1,3.0,5.57
3888,4,0,6.5,5.76
8881,3,1,2.9,3.13
24620,6,4,5.2,3.66
33728,7,1,6.2,6.09
1425,3,2,1.0,2.87
22061,7,4,3.6,6.06
47899,5,3,0.9,2.33
7799,0,0,4.4,5.79
25190,2,2,0.7,4.5
5442,0,4,7.7,6.07
9252,2,2,2.9,6.4
4002,6,3,6.4,4.55
38280,5,3,4.3,7.28
29897,6,2,5.3,5.27
31022,7,0,3.2,1.78
3730,4,3,9.7,6.96
22242,2,4,8.4,2.58
42943,4,2,6.8,4.42
44116,6,2,7.8,5.22
13871,5,4,4.1,3.82
33232,3,3,5.2,4.67
31500,1,4,8.6,6.54
34993,5,0,3.2,5.55
9068,6,1,3.5,2.58
43333,5,2,4.3,3.94
45841,4,4,5.7,3.47
29653,1,0,6.8,4.76
32900,1,1,3.2,5.31
42003,6,0,6.0,3.63
158,1,3,8.4,3.19
48495,2,0,1.9,5.83
14679,2,4,8.7,5.83
7513,7,2,8.1,3.37
14604,4,4,9.5,4.35
829,6,3,4.8,4.85
15842,6,3,4.3,5.2
1576,6,3,4.3,4.15
20244,3,3,9.8,4.47
21384,2,1,1.6,5.16
3642,4,4,3.1,4.33
24729,2,1,1.7,5.94
20013,4,2,9.8,5.27
6840,7,2,7.4,7.37
8530,0,1,7.7,2.67
326,3,1,0.7,6.47
1994,7,4,8.7,4.52
2252,5,3,2.6,4.05
22382,3,0,7.2,5.53
38853,2,0,9.7,4.18
33444,1,2,4.2,3.69
6145,6,3,1.8,7.54
47499,2,3,5.8,6.17
21554,4,2,6.4,5.33
9725,3,1,8.4,5.81
34836,3,0,5.3,3.08
14752,0,0,8.9,7.31
12264,3,2,5.1,6.07
26220,0,2,4.7,4.22
22947,7,2,3.4,2.29
46725,5,2,4.0,5.56
1650,6,0,3.8,3.5
21168,1,0,9.7,6.18
11174,4,4,1.4,4.43
32038,2,2,9.6,3.65
11612,1,2,0.8,6.97
43189,1,2,7.5,3.07
37289,0,4,3.0,5.51
46383,1,3,4.0,6.39
19151,1,1,5.7,5.36
22492,4,4,2.7,4.09
34040,7,3,0.1,3.88
34330,0,4,4.8,5.13
3391,2,3,7.8,3.21
38827,1,2,8.3,3.88
39974,4,1,4.8,5.32
28582,4,4,0.5,4.79
46176,2,3,5.9,4.92
46809,1,4,9.8,4.08
29652,1,1,8.9,3.3
12567,4,0,1.6,3.84
2230,5,1,7.9,4.46
2618,3,0,8.5,6.33
1545,5,2,8.1,5.21
7124,2,1,8.7,2.89
43739,3,2,6.2,3.91
39715,7,1,7.1,6.73
8949,5,4,0.4,6.51
37636,3,4,5.0,6.42
24327,0,3,0.8,2.37
26681,0,3,2.3,6.96
16374,2,3,1.1,4.06
371,6,0,5.2,4.91
10477,4,4,1.5,4.21
24247,7,2,6.9,5.37
44514,2,1,6.9,4.84
38263,2,1,8.1,5.97
32891,5,1,9.5,7.47
13984,5,0,5.9,6.18
18197,1,1,5.7,4.7
16907,2,4,6.8,3.82
31092,1,4,0.2,3.71
14403,6,4,6.0,4.03
11562,4,3,1.5,4.94
16133,6,1,3.7,5.48
29286,1,0,8.4,4.52
15886,4,0,6.8,5.39
49335,0,4,7.2,4.25
32502,7,0,2.6,5.56
43773,0,1,6.4,5.92
40173,2,3,0.4,4.43
10311,6,3,6.7,3.93
2706,0,2,6.6,5.43
35272,5,2,3.5,5.29
4342,5,3,8.4,3.6
48883,7,1,7.8,3.33
40073,2,3,1.5,4.11
3704,2,0,6.1,3.79
6970,2,1,5.6,6.84
12160,7,0,3.1,5.91
39851,2,3,2.9,4.04
41137,2,0,8.5,4.79
45100,1,0,0.0,5.35
20950,0,2,4.2,5.98
44326,1,1,3.6,4.27
2872,2,4,2.3,3.88
33398,1,0,4.3,5.17
20115,5,2,3.4,3.15
19025,5,4,4.1,4.7
9750,0,2,7.1,5.15
77,0,0,2.9,4.18
49705,2,3,5.5,3.56
44677,2,4,2.8,7.27
47883,3,1,5.6,6.91
8920,3,4,9.3,4.12
12240,0,0,8.5,4.22
12537,0,3,0.2,4.72
17585,0,4,7.4,5.34
22195,1,2,1.0,4.78
28936,4,4,4.2,6.12
44171,6,3,7.3,7.65
26783,2,1,2.5,3.48
32787,1,1,1.3,4.64
36531,5,3,7.9,4.37
19192,1,2,4.9,5.55
9796,3,1,9.3,4.98
1536,7,3,1.7,4.48
20907,0,2,2.3,4.67
39059,5,3,3.6,6.52
35507,0,0,5.8,5.15
38121,1,1,1.1,3.79
32356,6,1,6.9,6.58
26538,3,1,2.9,3.74
29710,7,1,0.4,3.38
37356,7,2,1.1,5.46
31912,6,3,4.8,5.72
36714,3,3,6.4,4.47
18678,6,3,7.8,5.4
7038,6,2,9.5,3.47
26394,3,2,4.9,5.96
14482,6,1,6.8,4.98
17637,5,1,6.2,5.58
5341,0,2,4.5,4.31
15859,2,2,6.1,7.64
46664,6,1,2.8,5.95
42354,6,0,8.3,4.57
624,6,1,5.5,6.22
34787,7,0,8.9,5.85
34036,7,1,8.7,4.81
1090,7,0,1.7,5.13
47503,0,4,5.2,4.34
20396,1,4,3.9,6.19
24439,1,2,0.7,5.23
48193,4,3,0.3,5.74
12574,6,2,6.2,3.76
31550,6,2,2.8,6.3
4597,7,0,3.1,3.94
33958,7,1,0.4,6.79
44747,7,2,2.1,7.34
29893,0,1,1.9,4.86
282,1,0,1.9,6.35
2515,7,2,8.9,4.26
3396,6,4,0.5,3.17
34628,1,0,3.8,5.14
21790,1,2,4.8,4.5
42907,5,4,3.7,4.91
40959,4,1,3.2,4.89
34424,2,1,9.5,5.95
41881,5,3,4.8,4.91
2551,3,4,6.4,5.72
49277,4,1,8.2,3.42
39224,5,3,1.6,6.19
15838,4,2,0.5,4.29
29560,4,2,6.4,4.98
36720,3,1,2.0,2.85
37089,4,2,5.4,5.29
46238,5,4,2.5,4.68
23866,1,2,7.4,3.76
48512,4,3,8.9,3.78
8716,5,2,6.2,5.32
22768,4,2,1.0,5.65
23633,4,1,5.1,5.97
21739,1,2,2.1,4.55
36273,1,4,6.5,6.33
30865,2,0,7.4,4.15
13593,5,0,5.1,5.92
26127,4,2,4.8,3.64
4666,5,4,7.2,3.88
7315,4,2,5.3,6.04
5347,1,3,5.2,3.91
49495,7,2,0.7,5.97
37659,1,0,8.3,2.57
739,7,0,9.4,2.07
7919,3,2,8.8,5.52
34442,6,4,8.1,5.99
42069,1,1,6.8,3.81
18461,3,0,7.8,5.61
11984,5,4,2.7,3.62
32876,6,3,9.0,4.68
5352,3,2,1.6,4.29
46885,0,1,1.6,6.13
35598,4,3,8.9,4.5
48894,2,3,9.2,5.27
21677,2,0,1.2,4.18
5416,0,2,5.4,4.42
29191,3,3,7.3,4.52
47580,0,2,8.5,7.81
11977,0,0,1.3,4.13
15399,2,3,1.2,3.51
45342,6,3,7.4,4.14
2697,1,0,5.9,5.23
41168,4,1,4.7,5.87
25042,2,0,8.8,2.82
10618,1,3,1.9,7.44
34044,6,2,5.5,4.11
747,2,1,7.5,4.41
40030,4,1,7.1,4.51
32897,0,1,6.2,4.11
27867,3,4,1.1,6.45
17350,3,0,8.8,4.22
39243,6,0,4.4,3.1
33921,7,2,3.0,3.11
45563,1,1,6.4,6.36
29492,0,3,8.2,5.22
27236,4,3,4.2,2.41
18438,2,4,5.9,5.7
4710,1,3,3.8,4.1
16447,4,0,3.7,5.75
1827,0,3,5.8,6.04
45665,4,3,8.5,3.04
48925,3,2,0.7,5.14
1380,7,2,0.4,4.75
27778,5,1,7.8,5.21
8164,4,1,8.8,6.28
36949,2,2,6.7,5.21
21244,7,0,3.5,4.22
34421,4,2,8.4,2.37
35782,1,0,8.5,5.44
48213,7,4,4.8,6.38
49637,2,4,7.1,4.61
12347,7,0,0.2,5.88
49969,7,1,4.5,4.11
5525,0,0,1.6,5.6
49390,7,0,7.7,4.8
47448,2,1,5.3,3.61
5042,7,1,2.4,7.86
3270,4,4,8.5,4.09
41427,7,1,9.1,4.11
30012,2,0,7.1,4.6
45527,0,0,1.1,4.11
36375,5,4,9.5,3.6
36387,0,1,3.5,4.41
14193,2,0,1.2,4.51
19214,6,3,0.5,4.61
46195,0,1,6.0,5.03
2857,7,2,6.0,7.15
33724,5,1,1.2,4.71
11986,6,3,0.4,5.5
3783,4,4,9.9,3.9
34034,3,2,2.3,4.96
18510,3,1,5.4,5.94
30893,1,1,9.1,2.67
33110,2,4,1.0,7.01
30753,1,3,8.9,4.02
26577,3,4,8.3,3.53
26840,7,2,3.7,4.14
40987,4,1,3.2,5.19
41821,7,1,0.5,2.72
42832,6,0,8.8,5.91
12408,1,2,2.5,4.38
5617,3,4,7.4,6.06
37241,6,1,7.8,3.87
25698,4,2,3.8,4.22
32767,1,3,3.1,6.36
13001,3,3,6.8,2.38
10853,5,4,5.6,3.89
37125,4,3,1.4,6.64
42536,3,2,4.1,7.93
13115,3,3,8.2,6.05
17992,6,4,1.0,4.96
43147,7,4,8.6,6.3
49015,7,0,7.8,5.94
40200,1,1,7.9,6.13
32587,2,1,7.2,3.96
12291,6,4,6.4,5.17
41608,0,4,4.3,4.7
1327,0,0,1.7,5.35
35168,3,3,5.7,5.86
45717,3,4,9.5,3.78
23222,5,0,4.8,2.97
39824,3,4,1.0,4.93
3513,4,1,5.6,3.82
11705,5,0,8.8,3.87
21487,5,1,3.7,4.33
7135,5,1,0.4,4.46
5468,3,4,4.5,6.34
9094,4,4,8.2,7.89
5154,5,3,5.2,3.79
21330,2,0,9.8,6.65
6691,7,2,8.7,6.87
26388,1,1,9.3,7.06
47779,3,2,2.7,5.88
23635,1,2,0.9,6.92
19965,2,3,7.6,2.78
8244,1,1,9.6,5.13
48970,1,0,7.9,6.96
27022,0,0,0.6,4.81
42262,3,2,1.1,7.41
33553,6,1,2.7,7.22
45690,4,0,5.9,6.65
40675,1,2,3.0,6.26
10285,2,1,8.3,5.4
34673,5,4,1.2,6.52
24189,1,2,9.1,7.9
21709,1,4,3.5,6.78
24019,2,2,9.3,1.55
33714,5,3,3.6,5.76
27545,4,1,2.8,4.21
19430,4,1,9.4,4.98
24633,5,1,3.7,4.94
21987,2,3,9.7,4.07
31851,3,4,0.8,4.7
13830,6,0,2.2,4.35
37548,2,3,4.8,3.58
2099,0,0,0.8,3.34
17121,6,1,8.8,3.16
35397,2,3,7.7,3.13
36582,2,1,5.1,3.16
43256,5,1,3.3,4.05
7354,3,1,7.1,5.8
29443,1,0,1.4,3.62
6801,0,1,1.1,5.91
22903,6,4,2.3,4.03
40931,3,2,4.6,3.7
33610,7,2,9.7,6.44
9837,5,4,5.5,7.3
34609,0,2,1.9,4.96
32797,5,3,3.0,4.97
7412,5,2,7.6,5.32
3813,4,0,5.1,4.26
46616,7,0,5.9,5.87
22279,6,3,9.0,3.65
10420,4,0,9.6,4.14
39032,5,0,4.1,1.23
16111,0,2,4.7,7.68
2983,3,4,2.5,5.56
12325,1,2,7.0,5.73
43946,0,0,3.7,4.95
35983,4,3,7.4,5.31
27077,3,2,1.0,4.13
28146,7,1,8.3,4.84
44940,2,4,6.2,3.44
3223,6,0,2.2,6.1
20941,0,3,9.6,5.44
27455,6,3,3.4,4.22
17319,2,1,2.3,5.07
36923,0,3,6.0,4.9
21411,5,0,4.9,5.73
946,5,0,6.6,5.59
36291,6,2,3.0,3.97
16213,2,3,0.4,4.8
1419,0,0,8.6,4.98
20986,0,0,9.1,4.13
46372,6,1,0.6,6.03
6286,4,2,1.9,6.4
14833,3,4,9.6,4.72
13431,2,3,7.3,6.62
24947,7,2,7.2,5.22
22645,5,3,4.4,3.98
24657,5,3,0.1,5.57
32197,0,2,1.5,6.77
40159,0,2,6.7,5.05
36880,5,3,8.8,3.38
41365,0,0,0.8,4.3
31721,1,3,8.1,7.05
28296,7,1,4.9,6.43
20336,7,1,1.5,6.76
21346,2,4,7.5,6.11
36563,6,4,0.2,3.95
49825,5,3,2.1,6.07
43204,7,2,4.6,4.57
24220,6,2,4.8,3.39
25933,7,1,6.8,5.92
44132,0,1,10.0,4.37
27927,6,3,9.7,5.67
17680,7,0,7.2,4.65
14826,5,4,6.1,6.85
45181,6,0,0.9,4.49
41436,5,1,3.7,4.3
5828,6,3,3.2,3.06
25475,1,2,3.7,2.62
16581,6,0,6.0,3.56
12414,5,3,4.3,5.29
14525,6,1,1.8,5.19
4016,0,2,2.8,6.08
21841,6,0,0.6,7.21
24668,0,4,0.9,5.85
47607,0,3,1.4,6.27
10193,7,1,8.0,5.11
40629,7,1,9.7,4.2
43407,2,2,8.8,5.2
9787,5,2,6.8,6.21
47367,6,0,2.7,3.13
4317,3,0,0.0,4.13
33079,3,1,0.2,4.57
46445,6,2,8.1,5.52
42059,2,1,9.9,2.62
35707,6,1,4.3,5.82
22714,1,1,3.4,5.14
16110,4,3,3.0,5.02
28738,7,0,4.9,4.23
41378,6,4,3.0,5.01
37437,6,0,3.7,4.42
36848,1,2,7.3,3.83
30548,2,0,8.6,3.99
38175,5,2,0.2,5.87
19444,1,4,2.7,5.51
19296,1,0,5.9,6.87
3055,4,0,7.7,4.53
36665,7,4,9.4,6.27
1025,0,0,6.6,6.2
8886,2,1,7.2,6.16
36640,3,2,0.3,2.47
32378,3,1,3.8,5.43
14509,2,4,1.0,6.99
27279,3,4,8.9,5.0
28608,1,2,4.5,6.17
21508,5,2,5.2,3.54
25793,1,3,5.3,5.03
4127,6,3,0.1,3.68
36613,2,0,8.7,6.7
3245,0,3,9.1,6.08
802,5,2,3.2,4.33
13603,2,4,2.9,5.04
49219,0,1,1.2,6.3
45251,6,4,1.3,4.85
4431,5,2,10.0,5.66
8200,5,4,6.8,4.66
16273,0,1,6.3,4.31
46192,5,4,1.9,6.51
14021,0,2,2.3,4.54
20955,5,2,0.6,6.48
1009,7,1,8.1,4.88
19811,2,3,8.8,6.1
3206,4,1,2.3,5.55
13281,4,2,5.3,7.16
27145,5,0,8.2,5.8
21542,5,2,5.5,4.66
42631,6,1,6.0,5.71
45761,5,2,4.4,5.85
46711,4,2,3.1,3.38
28804,6,0,2.7,4.11
45678,0,2,8.5,5.02
11149,2,1,6.0,7.16
29847,1,3,9.3,2.15
29700,2,4,0.5,3.74
43398,1,3,0.0,3.42
15713,2,2,5.7,5.27
46569,5,2,7.9,6.22
34063,2,0,6.8,6.64
23620,3,0,9.8,5.34
18630,4,0,1.9,3.89
39450,7,3,2.6,4.0
25881,6,2,2.8,4.36
13334,7,0,5.2,5.74
33337,3,3,0.3,2.34
37405,6,0,4.5,5.36
43003,1,2,3.2,5.92
3029,4,3,5.2,4.64
46943,5,2,2.9,5.42
7933,4,0,9.5,5.15
20543,7,3,8.0,5.88
284,5,1,2.8,5.65
5453,1,0,1.1,3.79
24764,1,4,2.9,4.06
35298,1,4,1.9,2.98
2306,0,2,4.3,3.66
16660,6,4,6.8,5.05
15328,3,3,0.8,6.19
41727,5,3,3.4,3.64
25175,0,1,8.8,6.14
26619,1,1,2.8,5.65
34875,0,1,5.3,4.39
11225,7,4,0.1,5.93
37687,5,1,6.9,2.35
8189,1,4,7.9,5.41
13694,0,2,6.6,6.77
20277,4,4,0.5,4.98
32345,1,4,7.4,4.63
48301,7,1,1.6,6.24
6847,3,1,7.8,6.69
43391,4,2,5.1,4.66
101,0,3,6.2,2.93
34856,6,1,8.0,4.6
2775,7,4,9.4,4.2
9474,2,1,1.8,4.94
22616,5,4,5.7,5.77
49081,2,1,6.9,3.98
4144,1,1,7.9,5.02
44562,0,0,4.2,4.53
20198,4,3,2.8,6.87
5519,0,1,9.5,4.75
22993,4,0,4.5,6.27
1703,6,4,0.7,7.37
46102,0,1,2.9,6.15
34947,6,2,6.3,6.12
3855,3,3,9.0,5.58
35476,6,3,3.8,4.87
30450,6,1,4.7,3.49
33001,4,0,0.4,6.18
40306,1,1,7.6,5.01
15892,6,0,2.5,6.18
8145,5,4,6.1,4.06
5400,5,0,3.7,6.48
44543,6,3,9.7,3.05
4297,2,0,2.4,5.07
11955,2,0,2.3,5.25
13855,1,1,0.2,4.97
20728,2,3,6.7,5.05
41441,3,3,1.9,6.11
30910,6,4,9.6,3.19
24266,1,4,1.7,4.53
3602,6,3,7.2,3.65
21338,7,2,4.9,7.38
18424,0,2,6.5,4.75
37504,2,3,10.0,5.71
25381,2,0,4.1,6.25
29521,1,1,6.3,3.5
30556,5,0,8.0,2.99
9647,2,2,1.6,7.06
31292,1,4,8.9,5.82
12875,3,4,8.6,3.86
38038,2,0,1.7,2.85
13173,2,3,9.9,5.13
8992,2,3,9.6,5.32
9488,1,0,9.5,3.37
25081,2,4,5.9,2.56
35704,2,0,5.7,4.56
45621,4,2,7.6,6.14
12790,4,1,9.9,5.76
30388,1,1,1.9,6.28
4930,4,3,1.9,1.63
39114,5,4,3.3,4.94
48697,0,1,2.7,4.67
35512,0,3,4.1,6.41
9439,4,4,0.3,3.87
8103,2,1,1.7,4.95
1448,2,2,8.5,4.75
39780,7,2,3.8,6.12
45494,3,2,8.2,4.73
28326,0,0,7.3,5.53
23757,3,4,2.0,3.74
8712,0,0,0.8,5.27
9483,7,4,6.3,4.61
28030,4,4,4.6,4.06
38752,6,3,7.3,5.15
35173,0,1,9.2,5.09
43612,5,1,2.2,3.99
11415,4,3,5.5,6.27
34023,1,0,6.9,5.16
13669,3,1,2.7,6.35
24143,3,0,8.2,4.85
26139,1,2,4.7,4.99
24705,3,2,8.0,5.97
20415,1,1,8.2,6.31
43681,6,2,8.8,5.53
22569,1,4,7.9,4.42
6280,5,1,2.2,6.03
36616,7,3,8.5,3.93
43404,0,2,8.5,6.15
2371,6,4,5.7,6.55
40708,3,2,6.3,4.03
3546,2,4,3.0,6.87
29107,2,3,7.5,4.77
41216,3,1,3.0,5.19
34078,6,0,0.5,5.54
26046,3,4,6.4,4.13
15343,2,2,2.1,6.74
5677,3,0,1.8,2.69
40677,3,1,7.5,6.21
25434,7,0,1.7,5.56
33165,1,4,2.1,4.9
10784,1,4,9.4,4.82
6291,5,4,4.4,4.68
18949,7,2,8.2,4.11
11194,3,2,3.9,4.87
30494,4,0,0.8,4.77
20530,4,0,2.2,3.28
10881,7,2,2.5,5.79
43097,6,3,5.8,3.93
2259,0,2,1.1,5.12
9913,5,4,0.5,3.16
29517,6,3,6.5,4.18
28393,0,1,3.5,4.34
21648,5,4,1.3,4.57
24681,2,2,0.0,4.23
27702,4,1,2.4,3.48
32704,5,0,1.4,5.46
33113,3,2,6.5,2.84
26611,7,4,1.7,3.63
11507,4,3,7.7,3.82
44863,4,3,0.6,4.58
15603,0,3,5.3,7.0
1885,1,1,0.7,5.53
46071,1,3,9.2,6.34
41837,4,4,3.8,4.85
9033,7,1,6.3,6.5
42505,0,0,1.6,3.69
11584,3,1,1.7,4.0
46444,0,4,8.5,4.6
3447,4,2,9.1,2.89
4776,3,2,7.3,4.17
42404,3,4,1.4,5.46
26790,4,2,6.8,3.93
42249,6,2,9.8,4.03
16300,7,4,6.5,7.21
42659,1,2,7.3,4.66
13731,2,3,7.0,6.52
1146,0,1,4.5,4.39
6259,0,4,3.1,6.69
17896,5,0,1.8,6.61
1294,3,1,3.6,5.89
49037,6,2,8.6,3.96
604,4,4,1.6,4.54
12501,6,4,3.8,2.96
15968,7,3,9.1,4.41
12499,1,3,5.2,5.95
32187,5,0,0.1,4.92
12668,3,3,0.9,5.24
12972,0,2,2.6,3.69
23790,3,1,1.5,4.35
48318,3,0,1.7,4.62
42748,3,1,3.0,2.58
39436,4,4,2.1,4.82
37557,6,3,1.2,4.5
6721,7,4,2.1,7.24
14657,6,2,8.3,5.99
20042,4,4,4.6,5.57
35335,0,0,9.1,4.09
30947,5,1,8.4,7.31
3837,7,4,5.8,4.43
11248,5,2,1.4,4.48
8866,2,1,7.5,3.98
30041,1,3,0.4,3.65
38845,6,2,0.5,6.81
6710,7,0,0.2,4.23
14805,0,1,8.7,5.51
17080,6,0,2.5,4.29
25926,4,2,6.7,3.8
11727,4,3,7.1,4.79
49530,5,0,3.3,5.82
45583,7,4,3.3,4.86
12854,5,0,7.8,5.14
32413,3,1,0.4,6.34
11062,5,3,5.7,4.82
19127,5,4,9.0,5.79
42616,1,4,0.2,5.28
22040,1,4,6.5,7.13
9724,3,1,0.3,4.8
44772,3,2,9.7,6.05
6215,0,1,4.5,4.78
9073,0,0,4.9,6.2
13170,1,2,3.3,7.29
21516,3,4,1.3,4.47
28441,4,1,4.4,6.27
22439,2,4,8.7,4.3
9020,3,4,2.8,7.6
30740,7,1,8.7,4.36
30204,4,2,5.3,2.34
11621,7,2,8.0,4.81
43057,2,0,4.2,5.19
2438,6,4,1.4,2.94
32416,3,3,8.2,2.41
5340,2,2,8.8,4.42
44511,1,4,2.7,3.02
12231,2,2,3.2,5.71
34358,0,4,8.7,5.78
24507,2,0,4.8,6.5
11594,4,0,6.7,4.01
6678,2,3,6.2,5.43
7008,5,0,5.4,3.06
3009,6,1,2.2,4.62
24690,7,1,8.9,5.33
44605,7,0,6.8,2.42
26859,0,0,5.9,4.33
43109,7,1,0.7,4.71
6403,6,3,1.1,5.53
26817,0,2,7.7,3.85
1183,4,3,4.9,6.69
45584,3,3,4.2,4.89
12935,1,3,2.9,2.64
21784,4,4,1.2,4.68
47507,0,1,6.8,4.33
12637,7,1,5.4,3.57
43478,2,1,2.2,7.11
47273,7,4,0.3,5.08
47451,6,4,6.6,5.41
25013,1,2,5.5,7.09
347,4,3,4.5,5.52
41225,7,1,7.0,6.45
34207,1,0,6.0,8.08
7463,1,1,4.6,6.47
22945,2,2,4.0,3.53
32755,0,3,6.6,5.62
6269,1,0,2.2,4.42
10439,3,3,2.3,4.64
41807,5,2,7.3,3.22
29500,7,1,2.6,5.22
21243,1,1,7.2,6.55
3510,7,1,4.4,4.76
4708,7,0,7.2,4.57
47976,6,1,0.1,5.61
48788,5,1,2.4,3.83
37050,4,1,5.0,5.31
13438,5,1,4.6,4.7
60,1,1,7.4,5.89
35294,5,3,9.5,5.0
31898,4,2,5.6,4.85
26682,3,1,4.1,4.35
20335,5,2,1.1,4.04
43923,3,3,3.2,4.33
27211,1,2,4.3,3.45
28487,3,2,6.3,4.43
44578,6,0,1.0,5.91
25983,7,0,8.0,5.9
34263,7,2,8.7,4.12
32880,6,3,0.8,4.65
26741,4,4,3.7,6.29
18080,6,1,9.8,4.76
18808,6,2,3.6,4.65
49583,2,1,1.6,6.45
1041,4,2,2.7,5.37
22330,0,1,8.1,3.85
23440,0,1,3.2,4.75
12437,7,4,6.6,4.55
32846,6,0,9.6,5.38
14653,7,2,0.6,3.51
29375,1,4,8.3,4.62
27356,0,4,2.5,3.18
9479,0,4,1.3,4.39
26570,2,1,4.5,4.69
4725,4,3,2.2,4.46
11700,0,2,2.7,2.81
29763,5,4,9.4,4.32
25583,5,3,8.0,3.83
35890,0,1,1.7,4.59
4888,5,3,6.3,4.96
49854,3,2,7.4,5.24
7007,3,1,6.4,6.03
6048,4,3,5.6,3.77
46627,0,4,6.8,3.7
28498,4,3,6.8,5.88
17317,6,4,1.4,3.42
8197,5,0,7.6,4.22
30697,1,1,5.7,5.44
14230,4,1,4.9,3.16
16944,6,4,4.0,2.84
10134,7,0,9.6,4.74
27311,7,0,4.9,2.87
5077,4,4,6.6,4.78
20958,3,3,0.7,6.08
46515,1,4,0.3,5.17
37031,4,4,8.8,4.4
14716,2,3,8.6,5.71
28909,3,0,7.9,6.87
42213,6,1,10.0,6.2
44766,1,3,3.0,4.65
6876,0,3,9.7,4.57
35321,6,2,2.6,6.35
1424,0,4,3.5,5.54
43563,4,2,0.5,5.76
44158,0,0,8.9,5.15
11773,2,2,5.1,5.26
32472,1,2,4.8,4.13
1568,6,1,8.4,6.39
17451,0,2,6.2,6.71
7691,5,3,9.0,6.56
39655,1,4,2.7,6.22
5537,3,1,8.8,4.68
27752,5,2,4.4,3.82
17423,5,1,4.6,3.58
9587,0,4,0.8,6.09
5788,1,3,2.7,5.2
17134,3,4,7.4,3.33
15055,2,3,4.0,4.37
4753,6,0,5.0,5.68
49181,1,4,9.0,4.95
40223,1,1,5.8,3.87
1505,1,0,0.2,2.76
14122,6,1,7.5,3.56
7780,2,2,5.1,3.86
24169,3,0,5.5,3.3
30073,1,3,6.5,5.99
31620,7,4,3.5,5.06
41185,2,0,5.4,3.61
13109,5,2,6.5,4.18
31244,3,1,7.8,5.28
12442,1,0,5.4,6.5
694,3,4,6.9,3.56
33257,0,0,0.4,7.84
22402,2,1,7.2,4.57
27664,3,3,1.1,4.16
33134,2,0,5.5,3.22
20923,6,4,9.0,6.29
2797,5,3,8.6,4.55
15299,0,2,7.6,3.48
45881,7,0,6.5,7.37
21738,4,4,4.2,5.63
13591,5,1,7.7,4.07
18933,1,2,0.8,3.44
6312,6,4,7.1,4.06
22980,3,0,5.2,1.94
33780,2,4,1.5,4.74
14624,4,0,4.6,4.69
36310,2,2,8.7,4.91
34686,3,4,4.8,6.09
42677,6,1,0.6,5.51
32308,2,3,4.4,5.66
25380,0,4,8.9,5.73
48653,0,0,8.7,4.29
16618,5,0,4.7,6.05
14895,1,3,8.9,5.2
49829,7,2,1.2,3.33
29704,3,4,6.6,5.07
33427,5,0,7.0,5.5
7784,7,0,9.7,4.15
24923,4,2,9.8,3.75
15602,4,0,7.1,4.23
39902,6,2,3.2,5.13
40619,5,2,2.2,5.93
46336,0,3,6.3,5.15
15566,3,1,0.8,4.83
14697,3,0,4.7,5.03
46781,4,1,7.0,4.97
25336,3,2,0.6,3.28
25851,5,2,9.6,3.9
28721,5,0,1.7,5.26
18898,0,3,9.3,5.85
9494,4,0,6.1,3.81
31791,7,1,7.7,6.65
34324,4,4,4.9,5.77
18337,6,2,3.4,6.97
42435,2,4,8.3,4.57
46700,7,0,0.6,4.22
18241,1,4,2.0,6.12
33206,0,0,1.1,5.89
2555,7,4,8.8,4.21
22177,7,1,6.6,7.87
35804,6,3,2.1,5.32
40489,4,3,5.2,6.02
37389,1,2,0.5,5.53
6615,6,1,6.1,4.78
26018,7,3,7.2,4.48
49110,2,2,3.6,5.24
48677,0,4,8.3,5.16
35072,4,3,0.2,4.19
12797,0,3,7.6,7.31
28388,1,0,0.2,5.76
19971,3,3,3.1,5.66
2453,3,4,3.7,4.3
26422,1,0,1.2,7.35
17679,0,1,3.1,8.27
27072,1,0,3.8,5.26
43385,7,4,2.6,6.54
28944,3,1,4.7,3.83
492,6,0,6.5,4.1
17251,5,1,0.0,5.52
18079,0,2,5.2,5.46
1666,6,4,0.1,3.13
18033,5,1,6.6,4.01
16607,0,3,5.6,2.89
27740,5,0,5.4,3.94
42349,3,4,3.2,5.77
49,5,1,6.9,6.36
12105,7,3,8.9,4.81
26214,1,3,3.0,3.6
45130,6,0,3.7,5.0
27577,2,4,8.7,5.18
29779,0,4,6.2,4.56
31135,6,1,3.8,5.15
49055,5,4,5.0,4.69
35586,3,2,8.1,3.51
6914,0,0,9.8,7.03
30330,6,1,2.8,6.04
13357,7,1,4.5,3.32
26490,7,2,4.6,5.47
41018,7,2,8.3,6.36
30452,3,4,1.9,3.74
17844,1,3,9.9,6.01
10726,1,4,5.7,3.39
5748,7,2,5.1,3.8
35728,7,3,8.3,3.94
1781,5,4,2.3,3.33
36090,6,3,5.3,4.83
7137,4,3,2.6,5.86
31305,3,3,6.5,6.66
27851,6,1,5.1,5.21
10686,1,3,2.2,3.29
23406,5,1,0.7,6.37
10013,7,1,8.4,5.28
34974,6,1,3.6,4.33
39620,7,3,7.7,4.42
14179,1,0,6.5,5.96
49984,2,4,9.1,4.85
21454,6,3,5.9,2.02
4280,0,1,4.2,4.57
31913,1,4,6.1,5.71
20289,4,1,8.0,5.12
21,3,1,1.9,5.58
35425,0,1,4.6,5.36
41561,5,0,5.9,6.44
22585,6,4,6.9,5.51
17406,2,3,3.3,4.22
22691,1,3,7.3,5.29
22774,4,1,3.2,5.63
19866,4,4,9.0,6.16
17983,0,0,2.2,3.88
43660,5,2,1.9,3.19
17379,5,3,6.8,3.0
43694,7,2,5.7,2.3
37739,6,4,3.1,3.19
23557,5,3,6.9,2.72
16013,1,3,8.4,5.22
6373,3,1,5.4,2.51
29545,5,4,9.1,2.68
29201,6,0,9.2,5.77
32583,2,0,5.9,2.39
28139,6,1,9.7,4.8
47858,4,4,1.6,6.72
44964,2,2,0.3,5.56
31101,6,4,4.3,5.45
14638,3,4,5.1,3.41
21021,5,1,6.8,4.41
11511,6,0,3.9,4.28
18108,4,2,8.2,3.75
47203,2,2,7.9,4.97
41041,4,4,8.2,5.53
40736,6,1,5.2,5.52
40378,0,1,5.8,3.49
15915,5,2,6.6,4.58
47971,3,4,1.5,4.13
32629,2,1,8.0,4.86
3549,1,4,8.5,5.04
31420,4,2,4.8,4.78
40430,4,3,5.0,6.22
10240,2,0,1.2,3.0
120,5,1,4.7,7.12
20304,2,4,3.2,6.58
1836,2,1,5.3,6.8
5678,4,3,0.6,4.61
40644,5,2,2.0,2.82
44150,6,1,3.4,6.34
48197,2,3,9.8,5.57
37265,5,2,7.3,5.16
15912,7,2,1.4,4.04
40755,7,3,2.9,5.97
4897,0,0,4.3,4.51
29484,4,3,9.1,7.13
40941,7,1,4.2,5.64
9654,5,0,3.4,4.05
9967,1,0,3.0,4.41
2419,0,1,9.0,2.65
9391,7,1,4.8,5.95
9292,4,4,2.6,5.43
12118,4,0,9.2,5.46
33614,1,1,8.9,6.45
17693,5,0,4.4,5.82
43394,6,1,3.4,5.06
24803,5,0,9.6,5.64
30071,2,4,3.7,5.83
35738,2,3,7.9,4.14
47373,5,1,1.3,5.53
40492,1,2,8.9,6.95
31046,6,1,1.3,6.4
12916,2,0,1.4,4.91
39330,5,1,9.6,5.54
49262,6,3,5.5,8.17
6490,0,4,4.9,3.05
2594,5,4,5.0,3.75
17851,1,0,7.9,4.74
21666,2,4,6.9,4.83
12312,6,3,3.8,3.97
17981,5,0,2.7,7.58
26998,4,3,9.9,5.62
4331,5,0,5.0,3.03
20895,4,4,2.5,6.29
40346,6,4,6.5,3.32
7828,0,1,9.6,4.11
33498,4,2,9.3,2.69
43468,0,0,2.2,5.86
18326,3,3,7.3,4.65
38250,5,3,0.3,4.8
20576,2,0,6.0,6.71
33520,7,3,5.3,6.82
3134,6,2,9.7,5.55
28021,2,4,2.5,3.85
46480,3,1,8.2,2.11
34822,6,4,6.1,3.83
48778,4,1,8.6,4.36
31911,1,3,2.4,4.82
34229,1,3,7.0,4.64
26474,7,2,3.9,5.21
31530,2,1,3.3,4.71
35858,4,2,8.0,5.45
4639,2,1,5.2,5.01
47264,4,1,4.1,4.77
31423,2,0,1.9,4.39
39704,1,2,9.5,4.19
680,6,2,3.1,5.42
18688,3,1,6.4,3.58
26044,0,1,8.5,7.38
3780,4,2,0.1,3.47
23782,0,4,0.2,3.72
49362,0,4,7.0,4.51
17546,0,4,2.9,5.26
44192,4,2,9.2,5.14
31993,4,4,7.6,6.54
38397,1,1,2.3,3.23
7954,3,3,3.4,2.77
41068,2,2,2.7,4.74
46771,7,2,5.8,6.09
47246,4,4,6.0,2.83
31726,4,3,0.9,5.03
46405,6,4,8.0,6.12
32037,3,3,8.9,4.4
5747,2,3,5.9,4.32
35578,2,1,6.8,4.55
45275,0,3,0.5,5.71
19304,6,1,3.4,6.0
35882,4,2,0.6,5.53
7331,4,2,8.5,6.73
6944,2,1,7.3,3.63
14514,4,1,1.4,5.04
9549,4,4,8.7,5.99
8979,4,2,0.5,5.43
35545,7,0,5.5,4.24
5733,1,3,7.8,4.08
19728,7,2,8.6,3.61
4276,3,0,1.4,4.09
14782,4,2,4.9,3.89
10173,2,0,5.1,6.05
6599,3,4,6.2,6.07
20377,4,4,5.1,4.69
34977,7,2,2.6,6.05
432,3,3,0.2,5.08
40330,2,3,0.0,6.22
27996,4,0,4.1,3.79
31191,1,2,2.0,4.97
19487,0,2,9.5,5.97
8571,2,3,5.7,5.27
4705,1,2,5.5,4.48
37511,4,4,2.6,4.5
37189,6,1,8.8,5.13
20962,7,3,8.6,3.56
3958,1,3,5.3,3.95
46763,6,2,3.6,5.35
10191,7,0,2.6,5.8
32131,6,2,5.0,4.06
27726,5,2,6.9,6.98
19248,0,4,6.5,5.54
26646,5,1,3.4,5.1
45360,1,0,2.3,3.5
9288,0,1,5.3,5.46
10,7,1,1.0,3.87
39521,0,3,3.0,6.12
19099,5,1,1.8,6.73
45051,0,3,5.0,3.71
42102,3,4,0.5,4.67
7016,2,1,7.9,6.32
37539,0,1,6.8,7.7
17212,1,1,9.2,3.94
3623,2,0,6.9,3.83
12252,0,4,9.8,5.54
37704,0,1,5.2,6.71
48792,2,2,2.1,5.19
1546,7,0,6.1,3.54
28930,6,0,5.6,5.94
7806,2,1,0.9,6.27
6816,4,2,2.9,5.1
10223,2,3,2.8,4.85
26168,5,4,4.9,5.12
49599,3,4,6.8,4.71
8674,0,4,9.6,5.6
36946,2,3,9.8,7.25
36070,5,1,8.0,6.63
28001,2,1,5.7,3.92
43460,5,3,6.8,7.25
18677,4,2,3.8,5.38
12823,0,2,5.0,4.17
13666,1,0,2.6,4.44
21669,7,0,1.4,4.49
47682,3,3,5.0,5.6
7912,2,1,4.4,4.21
39212,6,2,8.7,6.66
32835,3,2,9.1,6.0
23597,3,3,0.9,3.72
300,5,2,4.3,2.93
11981,2,4,9.0,5.06
25900,7,0,5.8,6.02
48891,0,4,9.5,2.41
25828,7,2,1.1,5.38
3509,3,3,3.9,6.24
8672,3,1,8.8,7.99
26456,5,4,2.6,7.39
38875,6,2,8.1,4.65
20330,3,1,8.6,4.53
37526,7,3,5.0,5.76
33639,0,3,8.5,5.81
48362,7,3,5.7,5.99
1105,7,1,4.0,6.3
24896,0,2,9.4,5.69
37584,1,3,4.8,4.81
43834,6,0,2.1,6.71
8231,5,3,5.4,5.52
39132,0,4,4.7,4.6
35267,7,1,8.9,4.0
40556,7,1,5.2,5.41
30094,1,4,0.3,5.0
40453,3,4,0.0,5.74
10689,0,0,1.5,3.56
3053,6,3,5.9,4.56
12405,4,0,7.6,3.85
23042,4,1,6.7,4.98
8122,3,2,5.5,7.04
5623,3,3,5.7,5.3
18294,6,2,9.7,8.04
30062,7,0,8.6,5.01
8261,2,2,4.2,3.81
15756,3,2,1.0,5.28
21177,2,2,5.2,2.48
927,2,4,8.0,3.69
25234,7,3,8.8,2.43
18530,6,3,5.4,6.47
37608,1,1,5.9,5.96
23026,3,4,0.6,5.19
28370,6,0,0.0,5.5
18651,7,1,2.4,4.94
30680,4,3,7.5,5.01
24898,3,0,5.5,3.67
45756,3,3,1.6,5.52
26608,4,3,8.7,2.48
22775,5,0,6.2,4.85
22929,4,4,7.7,3.95
29632,2,0,1.4,6.76
2340,7,3,5.0,4.33
45000,6,2,1.4,4.43
29689,2,2,9.3,5.01
16347,1,0,7.9,5.91
5144,7,2,6.3,4.57
38625,1,2,9.9,3.96
44371,2,1,3.3,6.64
36188,1,4,2.3,3.36
39333,6,4,9.7,5.22
48363,3,3,4.8,5.25
2626,2,2,6.0,6.18
4876,3,4,1.6,5.64
22772,7,0,3.9,5.21
41621,3,4,0.8,7.06
17269,5,1,8.8,3.02
4620,3,1,8.8,5.31
17876,2,2,8.7,6.15
31793,3,1,9.2,5.55
28745,7,2,1.9,3.46
23852,0,2,1.3,3.46
5861,7,0,9.1,7.05
36277,2,2,7.1,4.84
45636,7,3,7.2,2.82
35477,1,1,8.2,7.3
17236,4,3,7.4,6.35
20871,7,4,5.9,2.69
24880,2,0,1.5,4.27
1531,6,4,7.2,6.13
16209,7,0,3.7,5.06
20001,5,1,7.5,6.06
12293,7,1,7.8,3.67
45384,4,3,4.6,2.69
49701,4,3,8.9,5.56
25018,3,4,2.3,5.8
25362,6,3,4.2,6.37
49742,7,2,3.0,5.94
3641,1,2,5.0,3.11
5619,0,0,7.2,4.21
24126,5,3,5.6,6.3
42871,7,1,5.4,5.01
23318,0,2,8.2,3.84
32582,4,3,3.6,4.9
44325,7,4,0.2,5.79
49757,0,0,6.9,5.26
22908,7,0,4.3,5.96
37305,6,4,7.7,4.55
6518,7,4,4.3,4.32
19543,5,2,3.4,6.1
39562,1,1,0.6,4.38
41852,3,1,9.3,4.46
8442,6,4,9.4,6.51
9475,6,3,0.8,5.16
26760,2,3,8.3,4.47
47470,3,3,8.6,5.13
33945,2,0,5.2,5.51
7089,3,0,6.9,4.39
33658,4,2,5.8,3.3
37130,6,4,3.1,5.44
39336,6,4,2.2,5.29
956,7,4,9.2,6.1
17962,6,0,2.7,2.95
2559,5,0,9.3,2.17
29719,0,0,4.9,5.01
22332,7,2,0.5,4.36
33473,7,1,7.9,5.68
10861,7,3,6.0,4.15
38074,2,2,3.4,3.44
12824,3,0,4.6,5.23
3340,4,0,7.2,6.06
34493,7,3,2.3,7.67
1352,1,1,4.1,5.97
45902,7,3,5.6,5.97
18385,3,0,1.0,3.35
4082,1,3,9.5,4.34
30681,2,2,9.6,5.14
49234,6,3,1.8,4.57
26184,3,0,1.7,5.26
8984,3,3,8.1,4.02
32125,5,2,2.8,5.15
1447,7,1,8.6,4.47
18384,4,4,5.8,3.6
34545,6,0,9.5,5.63
45328,4,4,2.2,6.33
33562,0,2,7.4,4.74
4787,6,1,1.4,3.47
13487,0,2,9.2,1.8
27907,6,0,3.9,5.83
45421,1,4,10.0,5.2
17028,3,3,5.3,5.49
40749,5,1,2.3,5.06
37261,6,2,2.6,4.61
46277,1,0,8.7,4.2
37540,3,2,6.8,7.31
12997,7,2,4.0,3.96
7916,3,3,4.8,4.46
24749,7,4,7.2,2.59
18805,3,3,5.4,4.02
20814,1,0,3.6,6.17
18201,0,4,4.6,3.7
43035,7,1,2.6,3.79
4887,5,3,4.5,3.72
43399,6,2,6.7,7.29
13275,2,1,3.6,5.89
44884,7,2,5.7,7.38
48254,5,0,7.2,4.15
1403,0,2,2.8,5.46
31980,1,4,4.9,6.23
30191,0,3,0.3,5.34
38031,7,0,5.2,5.58
12695,6,3,6.0,4.96
43820,2,1,8.1,4.8
13861,2,3,8.1,4.32
22178,7,1,4.1,5.92
49043,4,0,10.0,7.05
44412,0,1,7.5,5.75
43637,1,2,2.7,2.04
18240,5,2,8.2,5.74
12451,0,4,5.5,5.25
3341,1,1,0.0,4.8
21402,1,3,5.7,5.25
18751,1,4,8.3,4.3
17495,3,2,8.3,3.66
34778,7,1,1.7,4.18
36161,0,4,1.3,5.28
43277,5,2,8.2,4.75
29735,1,1,3.9,5.34
22450,5,3,4.3,5.03
24249,1,0,3.6,2.56
2265,0,2,8.5,6.61
27487,3,4,4.2,3.73
29530,5,4,6.7,4.02
29507,7,2,5.3,5.96
18666,4,1,4.6,4.99
40341,0,4,3.4,7.15
35750,7,2,8.2,6.0
10989,1,1,6.6,3.86
9276,3,4,6.7,3.22
15427,0,4,3.9,4.51
14766,5,1,0.9,5.61
21711,4,2,2.2,4.95
23096,1,2,4.5,4.58
3328,1,2,3.1,6.95
9247,6,2,8.8,5.18
20321,3,0,7.6,7.63
45246,0,1,9.1,5.02
46134,6,0,8.2,5.24
27900,7,4,7.4,3.67
38189,1,1,2.6,3.88
4759,3,3,4.3,3.83
46527,1,3,2.9,5.6
21117,7,2,8.3,4.87
15992,5,4,5.6,5.74
44948,6,2,7.6,4.75
42765,4,3,1.1,3.48
6817,0,3,4.8,6.47
30729,1,2,4.1,5.43
31842,6,0,6.8,5.37
16481,1,1,2.8,3.46
21595,0,4,4.2,3.53
8253,5,0,0.0,5.17
29082,5,0,5.7,4.53
13415,2,2,0.6,4.07
23594,1,0,4.3,5.24
12897,3,2,1.5,7.63
21662,5,2,8.8,5.83
30637,4,3,0.0,4.74
11761,3,4,7.4,6.74
13421,6,3,5.8,6.25
46302,4,1,6.4,5.46
2994,5,3,2.8,5.74
27644,5,1,6.9,6.77
2619,2,1,3.6,5.71
19434,6,4,1.5,5.17
8932,0,2,9.5,4.93
4439,1,4,1.0,3.48
32750,2,0,2.2,6.01
27828,5,2,8.7,4.27
15727,2,0,9.3,5.14
16874,0,0,4.1,5.39
48807,6,0,6.7,4.69
43556,3,2,2.9,4.25
41101,4,0,2.3,5.67
12356,2,0,8.7,2.8
35851,1,2,7.6,5.54
27738,1,0,5.3,4.3
7108,1,2,2.4,5.89
6091,3,3,6.4,6.33
39898,1,2,7.3,5.2
8507,2,3,5.7,2.46
13632,0,2,7.1,6.33
23648,1,1,5.0,6.63
27076,5,1,5.2,4.97
19816,0,2,7.1,5.87
7750,5,0,7.2,6.05
7960,5,4,6.1,1.76
26984,1,2,7.7,3.3
46734,3,2,4.5,5.81
2970,4,0,4.4,2.61
19139,6,3,1.7,5.33
14457,6,1,6.8,5.27
14132,6,1,6.6,7.08
41953,4,2,6.9,6.67
42400,5,1,0.1,5.47
11139,0,4,9.2,6.34
37052,3,4,5.7,5.18
23013,5,3,5.9,4.85
45811,6,4,5.7,4.15
8574,3,1,5.7,4.76
1967,3,4,5.6,5.02
36287,2,1,6.5,3.49
45098,3,4,7.2,4.59
18355,4,4,5.1,6.43
18331,3,4,6.6,4.64
2913,4,1,8.2,5.04
19456,3,4,5.0,5.3
24095,6,0,4.9,5.0
16164,4,0,4.9,4.64
6707,5,3,1.5,5.23
45436,1,1,0.3,5.57
40603,7,1,8.5,6.24
9133,4,3,5.1,5.62
34675,7,1,3.3,5.89
19879,2,3,6.0,5.51
21809,3,3,4.5,5.31
28714,5,1,0.1,5.86
16988,0,0,2.6,6.85
19389,7,4,5.0,4.53
19523,2,2,8.3,7.79
38896,3,3,1.3,6.05
25736,3,0,1.3,4.34
16033,0,0,0.2,3.4
29848,4,0,1.1,7.58
35452,0,2,7.0,6.05
26014,2,0,5.1,6.19
1475,6,2,8.3,6.18
12993,1,2,5.0,2.93
13806,4,3,3.2,4.69
47877,1,1,7.1,4.91
3237,7,4,0.4,5.39
25705,5,3,0.2,4.6
1723,3,1,0.3,4.61
23092,5,4,1.2,5.25
28335,0,3,6.9,4.29
23314,2,1,9.1,3.36
33449,3,1,5.2,4.81
47365,4,1,2.2,4.23
1886,7,3,6.5,6.64
42271,5,1,8.1,2.94
3442,2,1,6.5,4.68
13724,6,2,4.4,5.68
2216,5,4,3.5,5.1
11937,6,2,4.3,4.92
19422,5,3,3.4,5.43
10578,3,2,2.4,6.25
28263,4,2,0.4,4.9
21353,7,4,5.7,6.72
47637,2,2,7.4,3.66
33909,1,0,8.1,5.28
30600,5,1,9.0,6.91
31507,1,3,3.1,3.05
37340,5,3,4.1,4.02
11406,7,1,0.9,4.51
29470,7,3,2.4,4.6
8526,7,4,3.2,3.65
2982,6,0,5.9,5.25
36110,6,4,2.0,5.32
11957,4,0,4.8,5.51
13725,4,2,0.7,6.1
32425,1,2,5.6,4.86
21345,5,2,8.0,3.97
27741,2,1,8.2,5.69
32335,2,0,0.3,3.15
48223,2,1,1.3,3.51
11012,4,2,6.2,3.84
1910,4,3,9.9,3.58
32785,6,4,6.5,5.45
10504,4,1,5.9,6.34
24520,3,0,1.7,6.82
29463,1,0,7.5,4.57
38866,1,0,3.5,4.48
1756,3,4,4.3,5.84
34001,3,0,9.1,5.18
9136,1,0,9.8,4.05
13771,6,2,5.0,4.87
2671,3,0,0.9,5.49
25637,3,4,9.3,5.97
49001,5,0,0.9,5.19
45386,0,2,1.2,4.16
8146,7,3,7.1,7.01
32597,7,3,9.7,3.98
23867,4,0,9.9,4.25
24223,4,1,9.5,4.15
20386,5,1,3.0,6.36
4731,3,0,0.0,5.09
8651,1,1,9.3,6.05
27565,3,0,9.3,4.0
45682,0,4,9.0,5.4
5965,4,2,5.7,4.14
41619,1,1,8.8,4.14
3630,6,0,8.8,3.88
44573,0,2,2.6,5.24
36153,0,3,9.0,5.53
39775,5,1,4.5,5.26
34816,2,1,8.5,6.76
48790,7,2,5.4,4.55
27025,2,2,7.3,3.45
40026,6,4,3.8,5.8
6408,2,1,7.7,4.66
18224,1,1,5.2,3.05
37975,5,2,7.4,5.23
37588,3,3,7.5,4.36
2679,4,4,2.0,5.08
43891,3,2,5.7,7.16
28683,0,3,4.1,3.98
22978,5,2,8.1,5.45
15233,7,3,4.3,7.65
40892,1,1,3.8,7.14
40970,0,4,3.2,4.58
17662,4,2,1.3,3.88
12020,7,4,10.0,5.59
13886,3,4,1.1,6.08
45180,1,4,8.1,6.94
17461,7,2,9.8,3.38
30759,2,4,0.2,6.82
1559,7,2,0.6,5.85
25633,3,0,1.6,4.94
28347,1,4,4.0,3.75
23016,1,1,3.3,5.69
41498,2,0,9.4,5.44
9851,4,1,2.7,4.88
22139,0,1,2.7,3.85
13626,7,4,9.0,5.36
48948,4,1,2.5,5.16
30395,4,1,7.1,3.13
44491,2,4,4.5,4.9
32407,1,0,0.0,4.92
2226,2,2,4.3,6.43
32056,1,4,2.9,5.2
21266,0,2,2.1,4.44
8243,6,0,9.2,6.11
16714,0,1,0.1,4.56
10605,4,0,6.5,6.17
36515,0,1,2.7,6.21
10492,4,2,1.2,5.3
12527,1,3,0.5,5.34
9968,1,0,5.9,4.46
4627,7,4,2.6,7.01
47679,0,4,9.8,5.9
32942,0,4,9.4,5.17
14345,0,2,1.7,4.95
31180,6,2,7.8,4.15
33190,2,1,5.9,6.99
41485,3,2,8.9,5.15
868,4,4,7.7,2.11
26737,2,1,6.5,5.55
28158,5,0,1.0,4.78
48258,4,2,5.9,5.27
19814,1,4,2.5,3.1
4459,6,1,2.8,4.78
6025,1,1,8.9,4.64
35191,1,2,2.5,3.97
39709,3,3,1.9,4.08
8248,0,1,6.0,3.59
24139,3,3,9.5,5.87
29750,0,4,9.7,4.07
13084,5,3,4.2,5.17
36300,4,0,8.8,5.85
4223,5,4,2.7,3.45
7223,2,2,8.6,3.79
38870,1,4,8.7,5.96
25252,1,1,5.6,4.17
20357,7,3,2.6,6.24
36782,2,1,8.1,6.53
16222,3,1,9.1,4.88
21267,1,2,2.5,5.66
30727,6,0,4.2,6.74
30219,0,2,9.7,3.95
3691,7,3,2.8,5.25
15067,4,0,8.0,7.0
27611,6,1,4.9,7.83
49911,2,1,9.1,4.99
44600,5,0,3.1,4.82
37172,4,2,0.0,5.98
46584,0,2,10.0,2.81
16335,4,1,1.9,5.72
16748,6,1,1.0,5.99
3348,7,3,5.8,2.49
30792,0,4,7.0,3.91
21158,3,4,4.1,5.75
28720,4,4,8.9,5.15
29342,7,2,4.2,6.8
22345,2,0,0.5,5.08
39045,2,0,8.3,2.54
28993,7,1,9.5,6.57
44908,0,2,7.9,6.45
35896,3,0,1.1,3.4
20312,1,0,6.3,3.74
43262,2,0,5.2,4.79
9497,3,4,1.1,4.71
43426,5,1,8.6,4.74
35717,1,0,7.1,5.37
27821,7,2,8.2,3.92
35606,0,0,0.1,4.72
35121,5,1,2.4,3.61
45411,6,3,2.8,4.14
48401,5,3,4.5,3.35
27159,1,3,3.3,3.02
6654,5,3,1.7,4.16
11455,7,0,5.4,4.2
45562,2,3,7.3,5.28
34415,4,3,2.6,2.18
48233,4,0,0.8,5.89
9562,3,4,3.9,5.37
3108,2,4,3.1,4.25
19525,7,2,4.4,4.38
40606,5,4,9.8,4.29
23267,0,2,1.4,4.92
45449,7,3,2.2,5.24
6457,6,3,2.4,5.79
4704,1,1,9.7,5.84
15607,4,4,9.6,6.6
41863,5,3,7.7,3.86
49525,2,0,7.3,3.9
16762,4,4,6.3,4.82
8177,2,3,9.6,6.53
23615,6,3,9.4,3.19
37100,1,4,3.7,4.11
34963,2,1,6.5,5.09
10052,2,2,9.8,5.46
40338,6,1,5.5,4.81
40433,0,4,3.8,4.27
35386,4,3,9.7,6.66
48989,6,4,3.5,4.8
47927,5,4,0.3,6.32
8316,7,1,5.1,6.61
31776,7,3,9.8,5.94
813,2,1,3.9,4.94
25445,3,3,6.9,6.77
23344,5,4,5.1,3.16
19871,5,2,8.5,3.43
16822,6,3,2.1,5.03
43812,0,2,6.5,3.59
6220,3,4,7.4,5.3
19154,1,1,3.9,6.49
33701,0,4,6.5,5.1
7975,4,0,6.0,5.65
24425,4,1,7.4,3.22
38200,0,0,3.8,3.97
11450,0,3,9.6,3.8
24476,2,0,0.8,5.41
12427,5,0,0.5,4.5
38011,3,2,5.8,5.85
27396,6,3,7.0,4.14
106,2,2,5.1,5.54
12992,6,2,3.9,5.01
21162,6,3,6.8,5.37
9729,0,3,5.7,6.07
17090,1,4,3.7,3.98
9773,4,4,5.3,4.61
321,6,0,8.2,4.23
39547,7,1,8.2,3.88
34784,4,2,9.5,5.48
2130,5,2,3.0,5.16
9484,4,2,6.7,5.42
28606,2,2,5.6,6.02
46366,5,1,0.4,4.22
1157,0,0,3.4,6.9
2388,2,3,7.3,3.23
22863,4,0,8.6,2.33
20339,5,2,6.6,3.76
47530,6,2,9.5,3.63
8156,0,3,0.8,5.12
30259,2,3,3.1,5.45
21729,4,1,1.3,5.49
5899,3,1,2.5,5.42
38361,0,4,9.9,3.68
7381,6,2,9.6,4.5
1313,5,2,8.1,5.57
21057,4,4,0.0,6.04
35181,2,0,8.7,5.23
37604,2,1,9.5,3.75
11039,2,2,7.6,4.94
33731,3,0,3.3,5.67
19539,0,1,4.9,3.27
25293,3,0,2.1,3.96
44713,3,4,1.7,5.29
25862,1,2,8.5,3.69
23599,0,0,7.8,4.64
37053,5,4,3.5,3.97
45930,4,4,8.8,4.13
49198,2,0,8.2,3.48
9992,7,4,6.8,7.41
6103,0,3,5.7,4.28
34627,3,3,0.5,5.18
9934,2,1,1.7,4.18
12253,6,3,3.1,3.3
4520,0,3,0.9,4.55
31019,5,1,2.1,2.05
43804,0,2,7.1,3.24
17429,4,0,8.5,3.92
2406,7,1,1.0,2.61
30438,5,0,3.8,4.53
22390,6,4,3.3,4.39
13227,7,2,2.4,3.92
38839,5,2,0.3,3.4
31992,2,4,5.2,6.13
44914,2,3,9.8,4.18
6815,3,3,9.0,4.7
36345,3,4,0.5,4.08
19000,6,2,0.8,6.34
43433,7,0,4.8,5.3
19198,0,3,1.3,2.67
24045,0,2,9.1,5.12
4922,5,2,10.0,4.06
29858,1,2,1.5,4.82
47259,6,3,7.6,3.65
21959,6,2,4.2,5.18
48202,2,4,8.8,4.05
34859,2,2,1.5,5.25
28659,4,3,6.2,5.2
1687,7,0,3.8,4.79
28826,5,0,6.9,3.12
28458,4,1,0.8,3.78
42779,1,2,2.4,7.02
4906,4,4,6.0,6.44
47045,1,0,1.9,5.54
46312,3,0,1.1,5.24
23355,3,1,9.8,6.16
44517,0,4,1.1,5.54
35058,6,4,6.7,3.89
38112,1,4,5.9,5.38
39879,2,2,3.0,6.41
4713,5,4,6.0,4.28
7335,0,1,3.0,5.07
4089,0,4,6.0,4.88
5422,0,1,3.8,3.89
45763,6,4,8.0,6.22
8283,6,2,8.6,5.21
26919,7,2,3.6,6.68
30827,1,1,3.1,6.91
39218,3,3,8.5,5.36
39030,1,0,8.9,6.12
24502,3,0,5.1,4.76
22964,5,1,7.1,6.58
19295,3,2,9.5,5.12
10821,3,2,3.6,6.91
18876,0,1,6.3,5.34
39211,7,1,4.1,3.64
48342,0,1,7.7,4.21
46659,7,1,0.6,5.8
27065,6,2,3.4,5.37
43640,4,1,9.8,6.7
48065,4,4,1.3,4.41
44554,2,1,8.3,5.09
40598,4,1,3.2,3.19
25593,7,3,0.0,4.32
32154,2,0,3.6,5.02
22821,6,3,6.7,5.8
9738,6,4,8.6,6.81
46625,5,3,5.6,6.76
5779,0,0,2.5,4.8
37245,5,2,7.4,3.86
14675,5,3,1.8,7.14
38537,6,2,8.6,2.91
4121,1,1,1.6,4.43
226,7,1,2.8,4.24
42826,4,0,6.3,3.07
28519,3,3,9.5,5.01
35218,5,4,2.3,3.93
28247,2,1,9.3,3.65
4525,4,1,7.1,6.53
2666,4,2,10.0,5.35
3135,5,2,2.5,5.52
41791,7,1,0.7,6.55
22651,4,4,1.4,3.17
33385,6,4,2.1,5.36
2988,4,4,4.2,5.24
27314,6,1,4.1,5.46
13857,6,2,1.6,5.89
9487,6,3,0.1,5.15
15079,0,2,4.3,5.59
24133,7,0,7.8,3.38
2420,2,2,7.2,7.04
6528,0,0,1.4,4.66
416,0,1,7.1,3.99
37833,1,1,6.1,6.87
18906,1,1,8.1,6.18
30089,4,3,5.3,5.48
41354,5,0,4.3,5.9
43152,6,1,3.4,4.95
29591,1,3,0.3,4.74
8005,4,4,9.0,4.83
26434,2,2,2.9,4.58
30295,5,1,8.5,6.66
43744,7,2,4.4,5.53
16858,3,2,9.9,4.82
22627,2,2,6.4,5.02
13982,5,2,2.9,5.3
5758,0,3,5.7,6.03
30608,7,4,2.1,5.43
45847,2,0,9.1,5.2
30158,0,4,2.5,4.99
9476,2,2,8.0,3.74
37111,1,0,7.8,5.3
10976,4,2,3.0,3.87
11598,5,3,3.9,4.2
26247,7,0,5.9,4.23
6725,0,3,5.8,5.63
203,1,3,6.2,3.59
40239,6,0,3.8,4.44
46010,0,1,5.0,4.76
45790,7,1,5.0,5.11
15190,1,1,9.4,6.05
22851,7,2,1.4,4.15
19513,1,1,8.2,6.31
24826,4,4,3.0,7.3
27029,5,2,8.6,3.82
39545,4,1,1.6,3.66
32609,0,1,9.8,5.99
38516,2,2,2.9,3.73
14035,3,1,8.9,5.08
37441,6,2,8.5,3.01
47372,7,4,9.8,6.83
35316,6,0,4.6,5.08
32595,2,3,6.6,2.2
42016,5,2,9.8,4.88
40798,1,3,6.6,3.57
14428,3,3,2.7,3.78
12809,6,1,8.3,4.86
43469,0,4,0.6,4.26
41779,5,2,4.1,5.31
24689,0,4,1.8,3.43
36655,7,4,4.2,5.9
33914,1,3,8.3,3.37
15918,5,2,1.4,4.49
39434,1,1,4.5,3.97
12338,6,0,2.9,5.28
12810,2,0,6.1,3.43
9843,7,0,2.8,6.45
48292,1,1,1.7,4.39
27267,4,0,5.6,5.51
38727,6,4,3.1,5.1
8449,4,3,5.4,3.87
21424,3,3,8.1,2.03
24203,7,1,6.3,6.46
49077,1,4,7.4,6.64
981,1,2,3.6,6.49
35491,5,2,7.3,4.93
26058,7,4,5.0,5.53
2491,6,1,0.3,4.22
2989,1,2,1.0,4.05
7058,3,3,6.6,4.64
36801,5,0,6.1,4.72
8983,3,4,3.9,4.43
31043,1,0,2.1,6.08
29571,2,1,1.4,5.73
4316,4,3,2.7,3.26
37264,1,4,10.0,6.33
30722,4,0,2.5,3.1
34651,2,3,6.4,2.76
8488,2,2,10.0,3.99
5915,6,2,2.9,5.38
28834,0,1,2.4,6.68
6,1,0,1.0,5.05
37794,5,0,2.7,6.08
10145,5,2,4.0,4.12
48094,1,4,4.4,4.66
28251,4,3,4.6,3.1
10591,6,4,0.7,4.87
24398,3,1,8.8,3.85
37058,5,3,8.8,5.45
41107,3,3,7.4,4.57
28341,2,4,7.3,4.63
12609,0,1,0.7,5.63
5292,6,2,9.9,6.18
30629,4,3,3.0,3.43
35784,6,3,8.1,3.81
44222,7,0,8.4,3.71
8844,7,4,3.4,5.33
45824,0,1,0.8,4.33
28207,5,4,0.4,4.45
46638,2,0,7.8,5.69
21816,0,2,8.5,5.47
27597,6,3,2.6,6.92
36883,2,3,9.9,6.28
11618,1,3,1.2,5.01
42998,5,3,8.1,5.04
13294,1,2,8.6,6.3
32647,2,1,4.9,5.46
48523,5,1,3.3,5.44
21432,5,3,6.3,5.27
22423,7,1,1.9,4.35
8807,7,0,6.6,6.33
8342,4,2,3.0,5.41
5507,2,4,2.7,5.04
36211,6,2,9.4,4.52
7217,2,2,8.6,5.97
37238,6,2,0.8,4.77
31365,4,4,5.6,5.09
30733,4,4,1.5,4.87
10804,5,2,7.8,3.37
314,3,4,2.6,5.32
1083,4,1,1.8,4.22
45343,3,4,0.2,5.99
17442,6,3,6.7,6.69
17473,4,2,3.8,6.51
17042,7,0,1.1,6.7
11425,2,0,4.1,4.55
33665,5,1,4.5,5.97
9925,6,2,7.5,3.1
13242,2,4,3.4,6.78
16359,7,0,1.9,4.4
32474,1,0,4.1,5.33
7609,2,3,4.5,4.6
5092,6,1,2.4,4.36
35364,3,0,0.5,5.61
37429,1,4,5.8,4.34
46083,1,2,4.7,3.45
34556,5,3,8.6,2.84
46415,0,0,0.0,3.41
22948,4,4,9.6,5.23
41703,4,2,7.6,3.62
38316,0,3,4.4,6.1
25360,5,1,7.7,6.81
8149,5,4,2.1,3.07
1097,3,4,5.6,3.27
8389,5,3,8.8,6.22
18111,6,1,5.5,6.13
20483,1,0,4.2,4.69
43220,6,2,7.3,3.77
30207,6,1,0.4,2.81
8777,4,4,4.6,5.06
48690,1,0,8.0,6.95
26403,1,0,9.8,5.83
10429,2,3,5.2,5.26
6646,7,2,6.6,5.26
33298,1,0,4.4,5.05
3949,3,0,9.7,5.48
14147,7,0,5.1,4.62
19228,5,1,9.7,3.89
3076,6,2,0.2,5.17
12672,1,2,0.5,5.29
49940,0,4,3.1,5.67
46103,1,0,9.0,5.15
48473,5,0,7.0,4.6
45611,2,0,8.1,5.96
12399,6,3,4.6,7.89
48108,3,4,7.8,3.66
6019,2,0,1.8,6.7
2811,7,0,0.2,5.59
47983,7,1,3.8,6.25
41522,5,3,3.0,5.58
21173,7,1,6.1,4.77
37523,5,2,4.0,4.03
22657,2,4,3.4,5.21
11290,1,4,9.2,4.12
555,7,2,8.8,4.38
31767,3,2,5.3,4.63
34664,5,4,3.1,3.94
29439,0,1,5.2,6.44
49753,4,4,3.8,5.27
2839,2,0,4.7,4.02
15002,5,0,2.1,5.64
11849,6,2,8.0,4.9
32870,3,1,7.6,6.29
14227,0,3,8.5,5.4
20970,7,2,1.8,4.28
7880,3,1,1.7,4.46
22620,7,2,5.4,2.49
47563,2,4,0.5,5.08
40060,7,4,0.6,4.63
3083,6,0,1.9,5.67
11136,6,1,5.0,4.7
32856,7,1,3.8,5.92
39444,3,2,1.5,4.36
48257,1,1,8.3,3.14
1477,0,0,7.8,7.18
3522,2,1,3.0,5.77
42465,6,1,3.3,4.71
6118,7,2,9.1,5.6
3085,3,1,1.3,4.63
10345,6,2,8.5,4.89
27720,0,0,6.8,5.1
42904,4,0,0.6,4.12
18178,4,2,3.2,6.75
40967,7,4,8.7,4.39
17235,3,0,8.5,5.32
10604,3,4,4.2,5.7
47436,1,3,8.5,4.25
38634,0,0,3.6,3.94
4041,5,3,8.0,5.8
16948,4,2,7.2,5.92
27042,5,0,0.3,3.34
38104,7,1,4.2,3.39
44049,3,3,3.7,6.7
38171,6,3,0.3,4.66
9585,4,1,2.0,3.72
26069,2,0,2.0,6.63
18725,6,4,5.3,5.72
21511,4,0,3.1,2.18
49203,5,4,0.4,4.68
41706,0,4,2.3,5.28
42399,3,3,2.7,5.46
36062,5,0,6.5,5.09
24875,5,0,6.9,5.91
43734,5,3,2.9,5.11
27672,7,1,3.5,4.98
4740,3,3,2.6,4.53
28023,0,1,8.0,3.83
41008,4,0,1.4,4.12
18203,0,4,2.8,4.07
46082,4,0,9.9,2.37
27770,3,3,7.2,6.96
41111,2,3,7.8,3.54
3432,2,2,8.1,6.58
13306,6,2,8.1,3.85
37637,2,0,7.9,6.15
34467,7,1,0.7,3.11
12478,4,0,2.1,4.04
5330,0,1,0.6,5.21
42053,1,3,2.7,4.53
12475,2,4,1.3,2.25
46249,4,4,1.0,5.23
3706,0,0,3.9,3.62
33981,3,1,6.1,4.43
1658,0,3,7.1,7.17
45413,5,0,8.6,6.69
18496,3,2,9.5,5.69
2335,4,0,1.1,6.01
32793,3,1,3.2,6.02
23425,7,0,9.8,6.0
13602,5,4,2.9,3.96
4498,0,0,7.8,4.95
43755,7,4,5.8,5.07
39353,0,1,0.1,6.41
2276,1,2,2.0,7.0
43047,2,4,1.9,3.71
31272,0,3,2.4,6.01
39162,0,1,0.8,5.33
26493,3,2,2.4,4.85
5926,2,0,0.2,4.92
44331,0,3,5.3,6.07
35693,3,2,7.8,6.07
39535,0,2,4.1,5.99
29570,2,3,8.6,7.08
3121,3,2,2.9,4.36
12057,0,3,7.6,4.92
10624,0,0,3.4,3.16
6619,6,0,8.3,5.95
42727,1,0,0.2,4.86
7450,1,4,6.2,6.22
40733,4,2,1.9,2.39
32396,7,3,2.8,5.14
28959,6,1,6.7,4.04
38043,6,0,9.0,4.12
17000,1,1,4.8,6.4
16082,2,2,1.3,4.46
34915,4,2,4.3,4.22
49505,5,0,5.3,3.17
7570,7,4,8.6,5.04
15666,2,4,5.8,4.59
13708,6,1,5.7,3.21
28674,1,4,3.8,5.87
37647,1,2,6.3,4.28
27237,4,4,5.6,3.5
32783,6,3,4.2,2.91
4248,1,3,3.1,4.23
28440,4,3,2.7,3.6
39014,3,2,10.0,5.46
10280,5,2,7.1,4.69
28214,4,3,9.5,5.34
16897,3,1,0.0,3.07
9347,5,4,8.7,3.72
12297,5,0,6.8,4.31
48364,6,0,0.6,4.42
31232,5,4,8.1,5.25
34574,5,3,0.0,5.7
45581,7,0,6.6,5.64
42565,5,3,4.0,4.09
43952,1,0,1.4,7.21
2564,5,4,2.0,3.67
39238,7,3,2.0,4.73
6386,5,3,2.5,5.6
14396,5,1,7.9,3.51
49934,4,0,6.7,5.65
16130,6,0,1.6,5.35
13253,7,4,0.2,3.18
2263,1,1,7.9,5.04
17311,0,3,5.1,5.77
22682,7,1,3.2,4.69
10925,2,0,5.5,4.74
41125,3,0,5.2,4.39
45617,1,4,4.4,4.45
30640,7,1,3.0,5.85
10255,5,4,1.2,4.05
21124,0,0,7.0,5.79
12018,6,2,8.0,4.07
33746,5,2,9.9,3.23
14860,1,1,7.1,5.77
31256,3,4,7.4,4.78
40174,0,0,4.5,4.97
4782,2,1,0.7,5.49
33030,0,3,9.7,5.43
30838,3,1,5.1,5.2
22387,0,2,9.8,7.06
14406,6,2,6.2,5.53
35515,2,3,9.6,1.59
1023,6,1,4.8,3.34
35220,3,4,0.2,4.67
42094,7,1,5.6,3.43
9112,6,4,5.3,3.02
8787,4,0,0.2,2.54
45295,6,2,2.3,6.02
244,3,3,7.1,5.96
49897,4,3,8.1,1.9
18663,3,4,4.9,7.04
34266,2,3,6.2,2.85
44157,2,2,7.0,6.55
26734,4,0,4.4,3.41
42144,3,1,8.4,5.03
29986,2,3,9.5,3.74
25343,0,3,2.5,6.13
27771,1,3,7.5,6.9
33474,2,3,7.0,6.5
46285,5,4,8.6,5.11
18845,4,2,8.2,5.39
3433,3,3,1.8,4.25
38710,5,4,1.4,3.92
29806,0,2,0.9,4.44
28818,2,0,8.9,5.16
26661,0,2,3.8,4.01
9662,6,2,6.9,5.92
7745,3,4,6.7,5.22
4146,3,3,9.6,2.65
11850,1,3,8.7,6.95
4690,2,3,0.5,5.82
4908,4,0,8.3,4.47
49330,6,1,3.3,4.65
41098,7,1,5.8,5.71
8311,1,4,2.4,3.93
20140,2,0,6.7,5.12
41438,5,4,7.3,6.26
35664,4,1,9.7,2.16
26594,7,3,1.9,3.61
40288,5,3,6.1,3.8
34861,6,0,8.1,4.45
40214,3,4,9.7,5.58
4132,3,3,4.4,6.13
1965,6,2,7.4,4.91
41713,3,0,6.8,3.7
45848,1,3,6.3,6.47
1193,5,1,0.0,6.78
2743,3,4,1.1,5.56
12208,7,2,9.5,5.57
36765,4,3,9.7,5.51
19469,2,2,3.0,5.6
4717,1,2,6.8,5.71
36647,4,3,8.7,6.72
18356,5,4,3.6,3.86
14039,1,0,0.2,6.04
38586,5,1,4.3,4.48
31855,2,4,9.3,5.72
11001,3,0,8.9,4.43
22415,5,0,9.5,5.05
29599,4,0,6.3,7.71
31611,1,2,6.4,5.35
35289,4,2,8.0,8.04
26615,3,0,4.1,4.08
41698,1,1,7.6,4.76
4414,2,3,9.7,5.16
20565,6,1,1.8,4.06
29835,4,0,4.9,6.28
11607,4,3,2.9,6.74
24626,7,1,6.9,6.33
39091,0,3,8.8,5.45
6835,6,0,4.8,5.35
10790,7,1,8.3,3.02
45596,5,2,0.3,4.38
37348,0,0,8.5,3.85
1550,2,2,6.6,3.25
22424,6,0,1.5,3.89
39057,4,3,2.3,4.0
8621,7,3,3.4,6.35
35008,2,4,1.1,5.23
14061,1,3,5.0,1.59
23177,1,2,7.3,4.53
11449,6,4,7.1,4.5
10719,6,2,7.4,4.42
30342,2,4,0.3,3.44
40150,0,4,1.1,3.74
40672,4,2,1.1,5.24
49903,5,4,9.5,5.11
8014,3,3,8.2,4.61
31623,5,0,2.1,7.25
890,6,0,8.9,3.01
25854,7,4,9.4,6.23
40657,5,2,9.0,4.99
16578,0,3,6.6,5.99
15937,7,1,7.6,5.22
45940,3,0,9.4,6.08
48508,1,4,3.0,4.67
28529,5,4,0.1,6.42
4659,1,1,1.6,5.04
43972,1,2,8.5,4.28
48997,5,3,5.9,3.59
46665,1,2,9.9,6.06
48714,2,4,4.4,5.07
47599,7,4,5.4,3.95
16124,0,2,1.4,4.12
21954,6,3,8.5,3.24
24943,4,1,2.5,4.36
4874,3,1,4.9,6.4
8094,3,0,3.1,3.06
14077,0,0,2.1,4.95
2022,4,0,5.3,5.67
26808,0,2,0.2,4.92
42570,2,4,4.9,5.72
44925,1,3,1.7,6.25
11141,6,0,4.8,3.65
19401,4,3,3.4,6.91
28540,3,0,3.6,1.79
18647,1,0,3.2,6.15
37625,3,3,2.9,4.45
44106,2,1,9.3,4.59
5495,3,4,1.0,5.55
46469,5,3,7.1,6.63
49889,2,4,0.2,4.97
12777,2,1,8.1,4.13
37655,7,2,5.9,6.65
20542,3,3,8.9,2.01
26854,3,1,4.0,4.57
41558,7,0,3.3,5.44
29923,2,0,9.0,2.78
18286,7,4,6.3,3.9
49952,1,3,1.6,5.26
29419,1,0,6.8,4.07
42580,2,1,9.6,4.26
10473,0,4,0.9,5.22
25211,6,3,8.1,6.56
18038,1,2,6.6,4.79
17772,3,1,0.5,4.12
45972,2,2,0.5,5.88
34590,1,4,9.1,6.45
31394,1,4,5.8,6.59
14086,6,0,5.4,3.45
1511,2,0,7.9,5.7
2153,7,2,8.1,4.28
27640,7,1,5.5,4.27
20163,6,0,5.2,5.15
9216,3,2,4.7,2.83
3235,2,2,9.8,6.48
41002,2,1,8.2,1.25
45129,2,0,9.9,4.43
44051,4,0,1.5,5.09
19836,1,4,2.9,6.83
35479,0,2,5.5,5.7
35120,4,4,2.2,6.23
7134,0,4,7.2,6.22
33926,5,3,6.2,6.22
2501,4,1,2.1,4.88
27933,1,2,2.0,4.25
37818,2,0,5.0,4.24
28152,0,3,5.6,4.78
47001,4,1,1.7,4.22
37895,3,4,7.1,5.77
15230,5,3,7.2,4.57
13745,4,1,9.2,3.99
15891,1,3,6.5,3.85
37359,5,0,0.2,4.31
23170,4,0,0.9,2.75
48074,7,2,3.2,4.89
44796,0,3,2.1,3.76
45236,2,0,2.2,3.23
35769,0,2,2.4,3.97
15099,4,0,3.5,3.95
48696,4,0,1.4,4.35
5470,3,0,0.3,5.77
34481,2,0,5.7,6.5
33852,6,0,6.9,4.11
6195,3,4,5.0,5.45
36726,5,3,1.3,7.5
45939,3,0,4.7,5.34
7854,5,0,0.0,4.74
6852,7,1,1.2,3.76
8256,0,3,4.4,5.62
25318,7,4,5.0,4.99
37082,0,3,5.2,3.66
36254,1,3,7.7,4.55
17239,4,4,5.0,5.5
14580,6,3,3.9,5.76
29104,0,4,3.6,4.86
960,2,1,4.6,4.3
36958,4,0,8.6,5.69
34163,0,1,1.6,3.97
4460,1,2,6.0,6.29
17583,3,4,8.8,5.53
47196,4,2,6.6,6.45
3943,6,3,2.8,5.15
38740,2,1,0.3,3.14
47184,4,0,3.7,3.7
22341,0,0,4.1,4.4
20772,5,2,3.6,4.42
26276,0,0,1.9,5.96
30690,1,1,4.9,4.9
38253,3,4,8.1,5.19
38197,4,4,2.0,4.76
43689,3,0,8.2,6.15
24696,1,3,9.9,4.44
32947,3,0,4.1,6.36
2218,1,0,6.4,3.42
41165,0,3,9.0,5.26
25658,4,0,6.2,5.46
45522,4,0,9.3,4.25
12100,0,2,5.4,3.0
43238,1,2,5.5,5.48
27388,0,3,8.5,3.32
29645,3,4,8.9,6.89
34388,7,4,5.9,5.03
36638,4,0,0.5,5.17
15180,4,0,1.3,3.38
28947,0,0,6.1,4.46
37297,4,1,4.4,5.68
37256,0,0,9.2,6.36
6881,2,0,3.3,4.3
25934,1,1,3.0,6.18
46948,0,1,2.8,4.32
40696,1,1,1.7,6.33
13921,2,4,2.2,2.83
10667,4,4,7.4,4.2
20338,0,3,2.4,5.84
37229,0,2,0.9,5.56
16227,4,2,4.5,4.86
11036,1,3,7.5,4.76
23342,1,0,2.3,3.62
24369,4,1,9.7,5.89
37728,1,3,5.2,6.22
24166,6,4,3.9,4.95
16059,1,0,2.5,6.29
28148,4,3,6.0,4.31
12570,5,2,7.5,5.91
49401,0,1,6.2,2.59
31063,3,4,9.1,4.11
8511,5,2,1.5,5.9
26468,2,2,3.0,5.5
6347,2,2,5.5,5.36
21104,6,4,5.7,4.46
11270,0,4,8.9,2.28
2692,0,0,0.7,6.16
17509,7,3,7.3,2.83
42601,2,4,8.3,3.6
6087,0,0,3.8,3.99
37433,2,0,5.0,5.48
7634,5,2,3.3,3.61
3710,2,3,0.8,3.98
19826,4,0,2.3,5.66
36548,4,4,0.2,5.8
23482,2,2,7.0,5.25
6314,4,4,5.9,3.85
34157,7,1,2.6,4.18
7209,3,4,0.1,6.3
29831,4,3,7.0,8.14
49531,2,3,6.0,4.79
30129,7,2,9.9,6.84
18709,1,0,2.8,4.92
34605,3,0,1.5,5.66
21756,5,0,3.0,3.1
320,0,0,0.0,5.41
49944,1,2,4.4,5.12
32082,7,1,2.2,6.15
27608,6,4,6.9,4.33
8729,3,4,7.8,4.46
23513,0,4,7.9,6.5
33563,1,0,5.1,5.11
32150,7,0,6.2,4.34
29415,3,0,8.3,5.14
4432,6,3,8.8,5.49
29823,5,4,3.8,5.5
23202,1,4,4.7,7.12
38606,1,1,0.2,7.75
49837,7,0,4.6,4.81
566,1,1,4.6,4.56
22222,0,3,2.2,4.76
1349,6,4,9.5,6.02
12171,0,0,3.5,4.62
17731,5,1,6.9,4.82
24298,7,4,9.3,4.1
39720,0,0,8.2,5.84
14807,5,1,5.0,3.34
11517,3,2,6.4,4.74
4563,6,3,8.2,5.08
39811,0,4,3.5,4.4
20695,3,3,0.4,5.93
35389,2,4,8.0,4.14
17759,5,4,3.7,4.44
20889,7,3,9.5,4.91
74,2,0,4.1,4.89
6151,2,4,2.9,4.46
34973,7,4,0.4,5.73
9101,2,3,5.7,6.12
48259,3,0,2.1,5.94
40886,5,3,3.2,4.71
20983,7,3,5.8,3.76
45373,1,1,1.9,7.07
9990,2,1,5.8,6.95
11555,1,2,4.1,5.96
31577,7,1,3.2,4.78
39268,2,4,1.1,4.24
2500,7,1,7.0,5.0
40753,4,1,9.0,6.23
31526,4,2,1.9,6.44
26674,2,0,8.3,7.01
42742,0,2,8.9,6.84
10588,3,2,5.0,3.89
30557,4,4,1.4,4.32
13368,7,4,6.7,5.8
47447,7,4,5.0,4.69
18276,1,3,3.6,4.59
16027,7,3,9.1,3.82
9139,5,1,7.3,4.11
47013,6,2,6.7,3.36
35945,1,3,3.7,7.06
30919,0,4,2.6,5.33
42689,5,4,4.9,5.25
14098,0,2,5.4,5.95
46832,2,1,6.3,7.34
45741,0,4,5.0,2.55
301,0,0,3.3,5.64
19827,1,2,2.1,6.46
42563,5,4,8.0,6.41
37632,5,2,2.5,4.36
36568,7,3,9.6,6.86
37343,5,1,3.6,5.59
25258,6,4,7.9,6.68
33031,2,1,3.5,5.11
1358,7,2,7.9,5.61
17143,4,3,6.3,2.46
44921,3,4,9.8,4.95
27137,7,0,5.1,5.86
37315,7,4,6.6,6.13
49914,3,2,9.5,4.07
34257,2,3,6.1,4.11
32743,0,0,5.2,4.83
47090,3,0,5.1,4.82
42790,4,0,7.8,5.07
12988,4,4,0.5,6.32
29036,4,4,1.5,3.03
5270,5,0,4.4,5.8
27040,6,0,4.2,6.55
4655,7,4,8.8,6.44
14036,5,1,4.0,5.53
14947,3,4,6.6,4.83
43324,4,1,0.8,4.58
11103,3,4,2.8,5.7
27563,0,1,6.4,8.44
23301,5,3,0.0,4.98
6061,6,1,2.4,4.87
6804,6,4,7.4,3.59
40115,0,2,2.4,4.91
12000,6,1,0.9,5.87
488,1,4,6.5,3.15
28961,3,2,0.1,3.92
7485,4,2,9.9,4.64
15834,7,1,5.7,3.29
10302,5,0,9.0,6.12
19587,3,2,4.8,3.79
41731,6,2,0.8,3.4
30528,2,4,5.1,3.86
3139,7,3,9.9,5.18
41680,3,0,8.3,6.3
24419,7,3,1.7,5.75
11374,5,0,7.1,5.83
2078,6,0,8.1,3.83
15260,4,0,8.5,5.12
12687,2,3,2.7,5.0
30338,3,2,5.3,5.31
12425,2,4,2.9,7.86
2729,3,0,7.1,4.31
8638,0,1,3.2,3.86
38787,7,1,8.3,5.44
41121,7,1,5.2,2.84
11744,7,4,2.1,5.28
2213,7,4,9.2,3.13
3709,4,1,0.3,3.31
8063,2,3,2.9,5.1
15765,0,4,5.5,4.42
2950,4,1,5.9,4.48
47191,5,0,0.0,5.12
12397,0,2,3.5,6.74
5770,4,2,9.5,4.55
32511,5,1,2.5,4.38
44084,6,2,6.3,6.79
4737,3,3,5.4,4.87
38191,7,0,1.9,4.91
29227,3,1,5.4,3.77
20933,3,0,1.1,3.07
20265,5,4,7.8,2.41
36486,7,0,2.1,5.81
47715,2,2,6.1,4.39
24274,6,0,6.1,3.85
3570,3,4,5.1,4.97
636,1,1,1.6,4.37
31752,3,0,1.0,6.86
22799,3,4,6.4,4.77
11835,2,3,2.4,3.37
23499,5,0,8.0,4.41
11229,1,3,9.7,5.31
46904,3,3,6.2,5.29
46705,0,4,9.0,5.54
47645,5,4,3.9,6.45
28384,5,3,4.8,5.78
13702,1,3,5.7,3.33
19857,7,1,1.4,6.72
26676,7,3,7.6,5.46
38736,3,1,4.8,4.96
24432,6,3,0.2,4.57
15502,6,4,1.4,6.13
34593,3,4,8.2,4.16
6472,6,0,8.7,5.29
5361,0,4,4.5,6.58
28755,0,4,1.4,3.67
8910,4,4,10.0,3.82
8396,4,0,1.0,4.61
46908,7,3,0.2,5.85
9806,7,2,8.1,6.43
23186,4,2,1.5,6.67
47006,3,1,4.3,5.91
5840,1,4,6.4,5.39
12003,6,3,5.0,5.42
13656,7,4,8.9,3.61
38636,0,2,1.6,3.61
18843,4,0,6.6,7.04
9322,7,4,3.1,5.95
947,3,3,0.6,3.84
29707,6,2,5.9,4.27
10438,6,3,7.5,6.19
33322,1,2,3.4,5.51
7207,6,0,1.9,3.76
8297,1,0,9.1,4.98
48425,6,1,3.9,4.86
28052,4,1,4.4,3.67
6700,1,1,1.4,4.84
18109,1,4,5.6,4.61
30983,1,0,0.5,3.59
10384,3,1,6.6,6.7
5548,4,1,9.2,4.07
28775,3,0,8.1,7.24
48326,2,3,1.2,4.42
11869,4,4,0.5,6.9
41291,7,2,8.0,4.13
45894,6,1,2.5,4.21
2473,6,3,1.6,4.98
897,5,2,7.2,5.06
26423,6,2,4.3,7.61
43436,1,1,9.8,4.19
26834,4,0,0.2,5.09
17367,4,4,9.9,2.37
41752,5,4,1.4,3.55
18811,4,4,7.4,3.83
10312,1,4,4.2,5.96
14288,5,4,1.4,5.07
28501,7,0,2.2,4.3
13537,0,2,5.1,6.9
38232,1,0,2.8,6.97
3392,2,2,1.5,5.06
14645,7,3,5.2,3.27
44446,5,3,7.3,7.42
14113,4,1,0.1,5.56
23608,2,3,0.3,4.24
5202,4,1,3.6,4.87
25427,6,3,7.0,5.19
42202,3,4,5.3,3.46
42552,1,3,8.5,3.84
48115,2,1,7.2,5.2
22674,6,4,8.9,6.28
24523,2,1,4.2,5.77
22055,6,3,4.9,5.98
13252,7,1,8.1,4.11
22510,7,2,3.1,7.13
45969,5,3,0.7,4.93
7646,0,2,5.3,7.48
49823,3,2,7.8,7.12
35635,3,1,7.5,4.99
12519,6,4,8.8,3.63
28893,6,0,6.1,6.04
32943,2,4,8.1,4.08
48097,2,2,5.1,4.74
11106,7,3,0.5,5.81
43782,0,3,6.2,5.71
30720,7,2,1.5,6.62
25130,1,2,0.0,4.05
991,4,1,6.5,2.73
44240,0,2,9.3,6.5
35642,3,0,2.9,5.71
17603,2,3,4.8,5.07
48374,5,2,8.5,4.78
24198,2,2,8.7,5.42
29340,2,2,3.2,5.04
10550,7,4,0.4,5.55
16373,4,2,9.0,4.27
29054,2,0,4.1,5.3
9074,3,2,2.9,6.58
17696,5,2,8.6,2.49
26266,3,2,3.6,5.48
4093,2,4,7.8,5.52
3569,2,4,8.7,3.49
44812,3,3,0.5,2.07
34979,0,4,5.7,6.0
43672,5,2,2.5,4.86
39159,4,1,9.6,4.25
48084,5,0,6.2,3.98
10038,3,4,2.0,4.27
36409,5,2,5.6,4.59
22848,3,4,4.5,4.96
18184,7,0,6.9,5.84
4694,1,0,6.8,5.81
48291,1,3,8.1,5.25
48914,1,3,9.7,5.25
13071,5,1,4.6,6.62
49450,2,3,0.7,5.28
19223,6,0,2.0,5.01
25635,0,1,7.8,3.49
930,3,3,7.2,5.5
25085,2,0,6.8,5.14
23832,1,1,5.4,7.34
43268,6,3,7.3,4.36
10626,4,2,5.9,3.34
49165,4,2,7.2,6.29
40382,7,0,3.0,1.33
27603,7,4,4.3,5.49
49615,0,3,8.2,5.93
784,2,0,6.9,5.18
37828,1,1,1.0,4.23
44091,1,1,7.5,4.75
35710,3,2,3.7,3.57
797,2,1,4.4,5.23
37912,3,0,4.1,6.22
48650,7,0,6.0,3.62
31515,6,1,4.3,4.76
1957,7,0,6.0,5.84
8800,2,4,4.5,2.25
31106,7,0,7.5,3.04
33805,5,0,0.7,5.39
16123,5,4,9.0,4.91
23302,6,2,1.1,4.37
10703,2,3,3.8,3.42
24370,6,4,5.9,5.64
36516,3,4,9.3,5.81
20793,0,2,2.1,3.95
42243,4,3,9.4,5.96
2489,3,0,0.6,4.83
40193,0,0,0.3,4.64
44452,7,3,5.8,3.37
44134,4,4,6.0,6.56
49621,3,0,4.4,6.73
42187,4,0,7.7,4.54
5244,2,3,2.9,4.43
35325,7,0,0.2,5.88
30357,5,4,6.2,3.33
25733,0,3,2.6,6.78
5905,3,0,10.0,5.59
20912,0,2,4.4,4.23
29711,6,4,4.3,4.79
37858,2,4,1.1,3.34
23583,4,2,4.9,5.06
29601,5,0,0.6,5.87
24922,6,1,7.6,5.84
41540,2,2,2.1,4.02
28274,7,2,7.2,4.97
26384,3,3,5.0,6.91
29741,6,0,2.6,4.22
30793,2,2,5.4,5.17
21887,6,3,2.6,6.59
27684,7,1,9.5,6.74
40828,0,2,3.6,5.11
25753,2,4,9.7,5.13
7390,3,0,3.5,4.49
30448,1,4,7.2,2.68
38684,3,0,1.9,3.82
40450,5,0,3.6,4.85
12182,6,3,3.2,6.08
45767,6,1,5.5,5.59
7198,7,2,8.6,5.69
16170,7,2,3.9,4.91
16668,5,2,5.3,5.06
37727,4,4,7.0,4.41
6456,6,2,4.1,4.38
46484,4,2,10.0,2.95
13979,5,4,0.1,5.63
32070,7,4,5.9,4.97
18830,6,1,2.7,5.68
3884,2,0,10.0,4.53
46819,6,3,8.2,6.07
6129,6,1,8.1,5.0
2269,0,0,2.8,3.66
7859,3,4,0.3,5.01
35607,6,4,2.0,4.19
44599,5,4,4.6,5.43
18477,5,2,0.1,5.23
49388,6,4,8.5,5.79
28068,6,4,2.6,5.17
46971,6,1,4.5,5.47
40448,7,3,9.7,4.09
11471,4,4,5.4,5.1
17374,0,1,6.0,5.17
23455,7,2,8.3,6.76
20788,7,1,10.0,4.79
26164,0,1,6.3,3.71
44729,3,1,5.5,6.62
16364,4,0,3.4,4.67
23139,0,2,8.9,6.11
41786,3,4,7.7,4.97
16008,3,4,5.5,4.86
13338,7,1,0.1,4.47
19263,5,0,7.1,5.13
28279,3,3,2.6,4.96
35463,3,4,3.3,6.42
15518,6,0,0.9,3.97
4284,1,3,9.7,3.68
16135,3,3,7.5,6.38
11693,6,0,2.7,4.52
25283,4,2,1.1,6.67
19941,6,4,5.7,4.72
37847,0,2,0.0,5.7
4947,4,2,0.4,6.22
10837,3,4,5.0,3.84
24497,6,3,1.9,2.77
49062,0,4,6.8,4.98
45114,6,0,7.3,5.89
7425,6,1,10.0,4.08
19566,0,0,4.4,2.89
24857,1,2,1.6,3.42
48154,0,3,6.2,3.97
30364,2,2,0.9,4.21
44979,0,2,8.3,3.91
47828,6,1,2.2,4.67
19281,1,3,3.3,3.86
27556,3,0,6.9,5.76
45839,5,3,6.2,3.23
12582,0,0,5.1,3.9
39011,6,1,7.3,6.5
34826,4,0,2.1,3.57
34444,1,3,5.7,3.07
8054,4,0,7.6,7.16
22873,0,3,3.4,6.21
38041,7,2,1.9,4.48
38733,6,4,3.5,4.16
31659,7,4,8.2,6.71
28289,3,4,2.9,2.97
32042,7,4,5.5,3.61
21503,5,0,5.9,4.53
47529,6,3,7.4,6.8
21283,6,4,5.3,5.69
20182,1,1,5.5,3.9
27748,1,1,3.0,3.71
9149,7,3,0.7,3.37
16418,0,3,7.6,7.28
10876,1,4,3.7,1.93
13250,3,0,7.8,7.42
12345,3,3,2.5,4.48
13434,3,0,1.1,3.31
44551,6,0,9.9,4.48
22843,4,3,3.1,6.3
46841,4,0,7.3,5.76
18277,2,1,9.8,6.15
5047,7,0,6.5,4.83
4552,6,2,8.4,4.31
38836,5,0,8.3,5.51
34215,3,2,0.5,3.11
225,5,0,9.3,3.56
1030,3,0,9.2,5.52
22489,2,1,7.1,3.16
39602,0,2,5.3,4.63
4273,2,4,9.4,4.36
15975,4,4,9.0,3.03
7394,7,1,5.3,4.26
27735,7,1,9.3,3.81
8282,1,4,6.6,5.82
15153,4,3,8.4,4.37
2245,1,0,3.9,5.21
31897,3,4,0.2,5.71
26495,7,1,9.3,6.8
46800,6,3,3.2,4.8
23305,0,1,3.2,4.06
19272,3,3,0.9,5.54
34055,1,4,0.8,1.69
33779,3,1,3.9,6.27
20132,5,1,1.4,6.62
24604,7,3,7.9,4.62
33008,5,1,2.2,6.15
11377,2,3,3.0,5.98
19445,1,4,7.6,6.29
27407,3,4,9.6,5.43
46376,6,3,1.5,3.4
16568,3,3,8.7,6.17
7299,3,1,9.3,4.23
31965,5,3,8.4,5.81
11041,1,0,7.3,5.99
8099,4,1,0.3,4.59
19573,0,2,0.4,4.95
15363,0,2,6.9,6.71
15186,0,4,6.8,5.49
5478,0,3,0.0,5.03
2387,5,0,3.8,6.27
6076,0,4,4.3,6.03
34706,7,0,2.1,5.18
31355,2,4,0.1,5.18
33072,0,2,9.3,6.57
49503,6,2,8.0,3.34
48322,2,1,9.0,6.84
49501,6,2,5.4,6.33
14224,4,4,5.6,4.6
17689,2,3,6.6,5.19
13179,3,4,3.9,4.85
35087,3,0,1.4,4.74
39262,7,3,2.3,7.04
1123,1,1,2.7,2.95
33973,6,3,0.5,5.98
16283,2,0,6.4,3.71
12172,0,1,9.9,5.29
13950,0,3,2.6,6.17
48915,1,0,0.5,5.16
963,5,2,9.9,5.27
11409,7,4,2.8,4.59
2227,5,3,2.3,6.06
40763,0,3,9.8,6.15
1730,4,3,0.2,3.63
43434,4,3,3.4,7.66
39369,6,1,1.3,3.66
47566,3,2,5.5,3.45
12004,5,1,5.8,6.04
25205,7,0,9.5,5.07
35622,6,0,7.6,6.01
32848,4,1,9.6,5.03
23081,2,0,5.9,3.83
17074,4,2,0.1,3.65
17082,2,2,1.9,4.98
40825,6,2,6.9,4.5
43081,4,4,7.1,5.97
44860,2,1,2.2,4.12
49853,7,4,0.1,4.68
10494,6,0,3.5,3.79
37573,1,3,9.8,6.75
22833,2,2,0.9,4.44
24287,6,3,7.3,5.27
22241,1,1,9.4,3.61
6574,5,4,8.9,4.96
32485,0,2,3.5,4.67
27986,6,4,8.3,3.91
42785,1,2,3.7,3.94
46860,1,1,5.2,3.95
7375,5,4,7.6,4.73
22346,0,4,4.3,4.25
3823,3,1,9.0,3.1
15075,2,4,1.2,4.68
44847,4,0,0.1,5.22
14211,3,4,4.4,5.08
2595,0,2,2.8,3.56
15783,7,4,2.6,4.26
37370,0,2,0.6,4.52
12878,3,0,3.1,4.86
5947,1,2,4.4,5.73
19891,7,1,1.3,3.75
36876,3,4,8.0,4.2
29485,5,0,1.8,7.8
25843,6,1,4.7,7.73
34428,6,1,4.4,1.99
28009,7,3,3.1,4.88
36279,7,1,1.9,3.98
31964,4,4,7.3,3.32
514,1,2,7.1,5.04
16202,3,3,7.8,5.29
45257,0,1,2.8,5.82
43685,4,3,0.9,5.6
10834,1,3,7.9,5.74
4489,5,0,0.9,3.03
36625,3,4,2.5,3.75
33049,3,4,8.1,7.51
14418,2,4,9.1,5.61
8293,6,3,1.1,5.57
7341,2,1,0.2,6.05
36167,1,4,6.0,4.68
31854,5,0,3.2,3.69
42256,3,0,4.0,5.46
13557,2,0,7.2,3.95
40697,0,4,4.6,4.51
34126,0,1,4.8,5.01
43961,3,2,1.6,4.99
25466,1,1,7.6,5.23
45831,7,4,2.9,3.28
5766,6,0,2.9,3.01
27645,0,0,9.5,4.62
15654,0,3,4.9,4.9
49206,5,1,1.8,6.84
38992,2,4,8.5,4.67
39005,3,1,9.8,4.83
18901,0,1,1.1,4.53
13554,5,0,1.8,3.37
21957,3,0,9.2,6.78
3335,4,0,5.7,5.17
15158,3,3,8.2,3.55
15133,6,4,3.4,5.72
26201,2,2,1.2,5.44
44642,0,2,5.5,2.93
19803,6,1,2.8,3.31
11770,0,2,7.9,5.36
19920,6,0,4.1,4.73
25956,5,3,2.3,6.04
27670,2,3,2.1,4.78
35919,3,3,9.3,5.94
46599,7,2,5.2,5.77
31815,2,1,7.3,5.48
46874,3,4,7.7,5.35
29246,6,2,8.8,5.62
4935,5,4,7.1,6.19
42253,6,2,7.3,5.38
7334,4,3,7.4,7.24
5278,2,2,9.9,4.08
40436,5,4,9.3,7.59
47071,0,4,4.6,6.38
43505,7,1,0.3,5.8
10848,6,1,9.2,4.97
42892,5,2,8.8,6.15
41363,2,1,4.8,5.91
16034,3,0,3.7,4.47
13002,3,3,0.3,4.75
29930,2,0,6.3,6.42
37311,7,4,1.0,6.6
10580,6,2,7.6,7.16
16682,5,1,0.2,8.01
13895,6,1,9.5,3.51
41967,0,2,6.8,6.03
3067,2,4,5.6,7.56
37627,3,1,2.6,7.26
18026,1,0,8.6,5.43
37710,4,2,0.2,2.38
45599,1,0,1.9,6.79
30287,6,1,0.1,4.39
46879,2,3,2.2,4.65
33192,3,0,9.5,6.5
38467,4,4,0.1,6.95
20839,7,2,8.6,8.36
27416,0,2,1.5,4.06
10553,0,2,9.0,5.86
16401,3,0,1.6,5.32
15636,6,4,4.7,4.78
43994,7,2,3.8,4.06
42931,5,4,6.8,5.39
19122,7,3,2.9,3.76
10161,1,4,3.8,6.99
45352,4,2,4.8,6.13
20248,3,2,5.5,5.43
33140,0,1,1.0,3.54
35963,0,0,2.1,4.37
15330,1,4,6.2,5.22
49810,2,2,4.2,5.5
16833,2,3,7.2,6.6
16387,1,4,8.7,4.31
34440,3,3,7.6,3.07
31280,0,3,3.4,4.35
49688,0,2,8.8,4.99
31720,2,2,7.1,4.51
36839,7,0,8.9,5.52
30363,6,4,0.4,4.37
48434,4,0,5.1,4.29
41959,7,0,6.9,6.09
32782,2,3,4.0,3.71
26692,1,2,8.9,5.07
43065,4,4,6.8,6.63
1370,4,3,0.1,4.29
36192,7,2,9.3,5.34
32989,4,1,8.8,5.59
17625,5,4,10.0,5.91
11634,0,3,8.1,5.86
19621,3,1,4.1,4.1
7717,6,3,1.2,5.36
2008,3,2,9.0,5.53
24863,4,0,8.1,5.84
47612,3,4,1.4,7.53
842,6,0,6.9,4.37
48063,6,1,4.6,4.36
33170,6,4,6.5,4.71
22166,4,2,4.6,5.22
18114,6,3,9.5,3.69
39728,7,2,2.3,6.63
14577,4,0,4.4,2.55
41140,5,3,8.1,4.4
5686,6,3,0.6,3.51
26136,0,2,5.4,5.31
9656,5,2,6.7,7.28
20863,6,1,5.5,4.19
32545,2,3,2.4,3.69
31410,0,0,3.5,6.05
29468,0,0,7.3,5.25
16798,2,2,7.3,5.45
14256,4,2,9.5,3.94
46112,3,4,1.3,4.92
15674,5,0,0.3,5.3
29801,6,3,10.0,6.43
31107,2,1,3.8,5.56
34372,7,4,1.9,6.55
23754,0,1,8.1,4.32
14477,5,1,5.6,3.84
16723,7,0,1.3,5.58
9278,3,0,5.5,4.75
34950,4,0,3.1,5.46
15974,3,4,3.1,5.81
48503,4,4,2.3,5.96
15538,2,1,4.8,5.33
28981,6,1,1.4,2.7
43227,7,2,8.6,6.22
16622,5,2,6.7,5.56
31896,5,0,5.2,5.05
47514,0,3,8.5,4.85
28454,0,0,6.3,3.16
3915,2,3,8.9,4.94
10295,7,1,6.2,4.09
44652,6,1,5.2,1.97
32118,2,2,6.8,7.51
16472,3,4,6.4,3.74
8680,4,0,2.5,4.54
1323,4,0,9.1,6.34
44052,4,0,3.0,5.94
5920,7,3,6.1,5.62
735,0,3,4.1,5.02
16239,3,2,9.7,4.02
8871,0,4,4.5,4.7
27979,6,0,9.5,4.66
39452,1,1,9.1,6.49
37653,6,1,5.5,4.85
28121,2,0,5.3,2.76
34299,6,1,5.5,2.59
37435,4,4,3.7,4.27
38535,1,0,8.3,4.46
45294,2,1,5.2,4.07
32159,2,4,7.2,5.93
31466,7,0,4.5,4.71
6364,6,1,2.2,4.13
35464,4,4,8.5,2.51
43062,5,0,4.7,5.54
49713,0,2,8.3,4.99
24581,5,0,4.4,1.95
23565,5,1,4.4,4.24
35015,3,4,8.8,5.34
24836,0,2,0.3,4.26
29935,5,4,4.1,5.12
14492,4,0,2.6,7.52
10482,0,2,6.2,5.59
15772,7,0,3.4,5.06
39370,7,1,7.9,6.96
2691,4,3,8.0,4.62
16383,2,1,7.0,6.87
48928,3,1,8.3,3.63
6264,2,0,8.7,4.92
40022,7,2,9.0,3.73
14485,0,1,1.8,5.05
10447,3,4,9.3,4.48
43373,5,4,7.3,6.96
3464,7,1,5.4,4.85
29207,4,3,2.1,5.62
39050,6,0,7.2,4.61
36748,5,1,7.1,5.71
30523,4,0,8.0,6.09
27581,1,3,1.8,5.39
49803,2,2,2.5,4.84
47801,6,3,0.1,6.06
22376,5,4,7.6,6.0
38091,5,2,9.3,5.85
23287,5,1,2.5,4.61
44031,7,2,0.0,6.69
11362,0,0,7.6,5.96
17038,4,4,7.8,4.05
31998,3,0,9.6,4.66
5590,3,0,5.7,3.76
11527,7,3,4.6,3.44
5879,2,3,6.0,3.83
15375,4,3,2.4,3.99
31712,4,4,7.6,6.33
4677,7,2,9.7,5.77
4916,0,3,6.8,4.39
8856,6,3,3.2,1.79
37713,0,1,2.5,3.78
28470,6,1,3.1,4.96
14297,3,3,1.2,4.29
41250,4,0,0.9,4.39
11980,0,3,5.0,3.59
45588,2,4,0.7,4.13
44149,6,3,4.0,3.89
39921,2,2,2.8,4.01
13726,3,3,4.6,4.35
39446,4,0,7.5,4.36
10997,7,3,2.4,5.03
31837,0,3,1.9,6.15
32238,3,3,6.0,5.14
45069,5,3,5.5,4.14
36198,4,2,4.3,6.64
672,3,3,7.6,5.82
13089,5,3,7.3,5.79
12738,3,0,0.9,6.32
25681,7,3,7.1,5.56
7435,0,0,0.2,4.17
44483,3,4,2.2,4.52
37279,3,4,0.7,2.51
30560,6,0,3.2,3.74
46400,5,4,6.2,5.19
4337,0,1,1.8,4.83
15949,6,2,2.1,4.56
34743,5,2,6.8,6.64
1852,3,3,8.0,4.48
18673,0,3,4.2,4.64
18836,6,4,3.3,4.07
23020,4,0,2.5,5.78
17328,4,4,5.9,5.86
44006,1,0,6.8,4.39
4364,4,1,8.8,4.16
3096,7,3,5.0,3.84
44835,7,1,8.2,5.02
32938,1,4,7.7,4.72
26688,4,1,8.0,4.76
7270,3,0,5.3,6.06
44177,7,4,7.6,4.36
22204,4,0,7.6,7.84
20747,6,1,8.7,4.71
29081,6,2,8.2,3.97
8596,4,1,3.2,5.75
40544,6,4,9.7,4.78
1605,4,4,3.9,3.73
21865,3,4,6.3,5.83
11758,6,4,4.9,5.22
25654,6,4,2.8,6.87
41339,1,3,1.9,4.88
18351,3,4,4.5,7.49
8071,0,0,6.0,4.93
20699,5,2,4.0,3.82
26713,7,3,8.4,5.29
9514,7,3,0.8,4.19
1024,0,2,2.0,6.76
34214,6,0,6.7,3.19
32921,7,4,3.5,5.07
37959,7,0,2.4,4.23
47212,1,2,4.3,5.51
38547,3,0,2.8,2.39
25688,4,3,0.5,5.21
29178,1,3,9.4,7.27
39538,6,1,6.6,6.46
48702,5,3,8.8,4.16
16663,3,2,1.0,4.03
26924,3,4,2.6,4.98
13385,4,0,0.7,6.17
2150,5,3,8.4,4.3
40493,2,4,9.7,5.25
31143,3,1,8.4,7.65
46222,2,1,9.2,5.34
19266,2,3,4.8,7.67
21357,2,3,4.0,4.72
22597,2,4,4.5,3.51
20337,6,0,2.0,4.62
32366,7,0,7.1,3.15
44853,4,0,5.0,6.37
5988,6,2,6.7,5.49
19089,2,1,1.4,3.98
17977,0,1,3.5,2.98
29776,1,4,7.8,4.47
45072,2,1,7.2,5.85
21727,1,4,1.4,2.48
27983,6,1,8.7,4.88
10532,6,2,9.5,3.57
7714,7,0,5.2,3.89
28331,3,2,2.3,4.36
2906,0,4,0.3,3.31
5614,7,0,9.8,6.11
14537,7,1,9.5,4.41
24893,0,1,2.0,3.51
25459,5,2,1.3,6.73
32315,7,4,1.2,2.33
24077,1,0,3.9,3.08
45524,7,2,4.6,6.04
33991,4,3,7.2,4.85
24900,7,0,7.5,2.85
31524,3,2,9.6,4.71
31599,7,0,4.7,4.4
17552,4,4,4.9,4.78
39478,2,1,2.9,2.82
44282,0,3,1.5,4.62
29748,1,3,5.5,4.41
17560,4,1,6.5,4.5
36572,2,3,9.2,4.19
47781,6,1,1.0,7.26
4360,1,4,5.5,3.52
26022,3,1,6.7,4.55
19550,5,1,5.1,3.18
2374,4,2,3.8,4.86
46260,6,2,1.2,5.67
15723,4,3,7.0,4.28
5230,4,0,8.2,4.6
33216,0,4,0.9,4.01
24053,5,1,7.0,3.49
45867,4,1,2.9,5.63
8779,6,1,2.9,4.99
32803,3,2,1.2,3.54
16431,4,2,5.5,6.68
5269,5,0,9.7,6.14
39779,0,0,2.8,4.08
43141,2,3,6.2,4.81
32495,1,2,2.2,4.49
30141,3,1,6.8,4.7
30269,1,0,6.1,5.21
35330,0,3,0.8,5.77
27641,1,0,0.3,5.3
14523,3,4,9.6,7.72
36029,4,0,6.3,4.98
49087,2,2,3.7,6.05
778,2,2,8.6,3.6
41898,3,4,2.1,4.99
6003,1,3,5.5,4.17
27265,5,1,3.5,4.63
33804,7,2,2.0,3.45
302,3,0,7.2,5.49
29213,1,1,9.2,4.74
49693,0,1,2.5,6.22
21278,1,0,8.8,7.01
21592,6,3,3.3,5.66
47173,3,1,4.9,2.78
16683,0,2,0.5,5.99
46795,3,4,4.8,7.09
21912,6,4,8.1,4.38
42140,2,0,1.1,4.52
49884,4,0,5.4,5.39
24110,7,3,6.0,4.59
39131,3,2,0.9,4.56
37796,7,1,6.7,5.43
48487,0,2,8.2,4.16
42717,0,1,2.6,5.1
47490,5,4,8.6,5.5
8950,0,1,3.5,5.21
33823,7,4,6.8,6.04
33015,2,4,8.5,6.3
20751,5,2,2.3,4.45
37472,3,1,3.3,4.32
4860,6,1,7.2,5.22
1484,5,1,8.8,4.94
12336,2,2,4.5,5.86
11351,1,2,0.7,3.19
2640,5,2,4.2,6.42
24172,7,1,2.5,6.12
39542,6,4,1.7,7.59
32716,5,2,8.8,4.72
32898,2,2,1.1,3.39
37770,0,2,9.4,5.44
17734,5,2,5.9,4.02
21715,2,2,4.3,6.72
9783,4,4,9.7,5.66
11337,2,0,6.8,4.37
34448,3,0,0.4,5.74
2385,4,0,4.5,7.2
30064,3,0,6.1,4.13
2891,2,4,4.7,4.74
23728,5,4,0.6,4.91
6339,7,0,8.7,4.57
30854,5,0,6.6,5.38
7356,0,2,1.7,4.77
29157,7,3,5.5,4.33
44898,5,3,3.8,4.99
42099,0,0,7.5,3.44
45117,4,2,4.9,3.23
25059,0,1,2.7,5.18
29590,6,3,5.3,7.57
3303,2,4,5.8,3.33
33645,0,3,3.6,5.89
45603,2,0,0.9,3.82
39192,1,2,7.5,4.98
2136,5,2,3.2,6.61
35113,5,3,1.0,4.71
30152,5,1,6.7,5.52
26237,6,3,9.4,4.65
36734,3,0,2.4,4.89
45211,6,4,7.9,3.95
33885,1,3,0.6,6.61
6652,1,4,1.0,4.12
32740,2,2,7.7,5.81
10211,0,2,1.2,5.87
46207,3,2,6.9,7.09
1748,5,0,9.0,6.12
2334,6,4,8.6,5.19
35217,2,1,9.4,4.92
14279,6,1,7.8,3.35
21519,4,1,4.2,5.28
43646,3,1,9.8,6.55
5199,0,3,1.0,6.43
14058,6,4,4.3,3.17
36489,3,3,1.5,5.61
45685,0,1,2.4,4.84
17460,5,0,1.8,4.19
10033,4,3,4.4,6.75
15357,5,3,1.0,2.82
19788,7,1,7.5,5.14
3336,1,1,2.4,2.64
22578,1,0,9.2,4.22
29751,6,2,7.4,5.27
40683,4,4,7.2,4.22
38462,1,1,3.5,7.33
8217,3,0,8.7,2.61
24029,1,1,9.8,3.76
37753,6,2,1.8,2.77
46163,5,1,4.8,4.27
14541,4,2,5.1,3.23
43185,5,0,7.2,3.94
34892,2,2,6.6,5.54
42006,3,0,9.9,4.72
27238,1,2,5.6,4.14
49402,2,4,2.1,5.26
41294,7,1,5.4,3.39
8154,2,2,3.3,5.0
9577,3,4,5.1,5.4
37255,5,1,1.4,6.36
47557,7,3,2.6,4.4
38626,7,0,0.2,5.41
21115,5,4,8.3,4.45
13977,2,4,5.0,7.01
15285,4,4,9.9,7.74
13988,5,0,9.5,5.57
33107,6,3,0.9,3.73
10556,1,1,2.4,5.18
17120,0,2,0.0,3.96
12249,6,1,7.5,5.7
19071,6,2,0.1,5.49
35935,6,1,0.9,5.38
38036,4,2,7.2,6.76
44516,0,1,4.7,3.89
18849,5,2,1.9,5.39
35035,0,0,7.3,3.26
11658,2,4,2.3,3.23
10046,5,1,0.4,4.1
29698,7,3,6.7,3.55
42947,0,1,7.9,4.38
17407,4,4,3.1,3.66
22022,7,3,5.8,2.82
25750,6,3,1.9,6.24
29434,6,0,5.4,6.25
5094,0,2,8.2,5.48
44408,1,0,4.7,3.35
34012,4,2,7.5,6.13
46844,4,0,5.4,2.7
19697,0,1,2.1,5.6
30290,1,1,1.2,5.99
7740,1,3,3.2,4.16
48349,5,3,4.4,3.55
14019,1,2,7.6,5.11
40181,2,0,5.8,4.75
42026,2,2,8.2,2.72
10171,6,3,4.3,3.77
33748,2,4,5.7,3.86
17295,0,0,4.4,4.99
21650,5,0,2.0,5.86
19268,3,1,7.0,3.59
2958,3,4,8.8,5.96
46165,5,4,1.7,4.51
8799,1,3,4.0,4.94
12117,3,4,8.8,3.65
11363,6,4,4.8,3.14
48198,6,3,5.2,5.23
1214,4,0,7.8,4.38
15825,2,3,6.8,2.85
47267,2,4,0.8,4.9
34938,1,2,7.8,4.73
25642,4,3,7.7,3.72
45477,1,0,1.9,4.07
7840,4,1,0.9,3.87
13971,4,1,7.2,5.86
4827,0,0,5.0,3.51
2421,7,0,4.6,5.45
28385,5,0,2.5,4.76
21866,5,1,9.4,3.85
2186,3,2,3.0,6.17
23260,7,2,0.3,4.18
18040,4,3,1.7,5.25
44151,6,3,4.5,4.07
19599,5,0,4.7,4.29
45065,3,0,7.4,2.5
35976,4,1,3.6,4.45
29425,5,0,4.3,5.3
8263,6,1,6.3,7.69
21523,7,1,5.3,7.21
31518,5,1,9.6,6.4
20830,6,2,7.8,8.09
45142,0,1,9.3,3.39
28754,1,4,1.7,6.98
10063,3,2,0.3,6.37
10767,7,2,0.7,3.73
564,4,4,4.5,3.4
19620,3,3,0.7,4.0
9633,1,2,5.3,5.29
30594,6,4,1.9,5.81
32854,3,4,5.0,5.21
15643,7,1,1.8,7.01
49007,7,4,8.2,7.55
34640,2,2,4.2,4.84
29880,2,4,7.8,5.13
32065,5,0,3.2,4.23
1499,7,2,3.2,6.56
6784,3,1,1.7,4.88
38391,7,1,0.2,6.48
23439,7,4,7.8,6.49
43748,1,2,1.0,4.64
33149,0,4,0.5,4.45
12378,5,2,6.5,6.17
22263,0,2,3.8,5.45
17220,1,4,4.0,7.15
28942,7,4,8.4,3.18
25609,6,3,10.0,4.96
37911,5,4,2.7,5.94
1439,3,3,4.6,3.68
40271,3,4,9.3,7.14
13810,6,4,1.4,4.27
1136,5,4,0.3,3.87
42167,0,3,3.3,2.44
38705,1,1,5.5,5.24
5090,0,1,5.4,5.56
26198,3,2,4.4,8.56
32503,3,1,0.7,3.39
23865,4,4,5.6,5.91
30868,5,2,3.1,3.05
48912,3,1,2.3,4.76
22331,6,4,1.1,4.55
11959,3,2,2.1,4.58
40904,1,1,7.4,3.92
20833,4,2,2.7,5.52
14531,3,2,7.8,3.65
26078,7,2,0.1,4.41
46850,5,4,3.9,5.93
31310,3,0,3.9,5.13
14037,0,4,6.9,6.03
38838,1,3,3.2,4.1
1513,2,2,6.2,6.57
37517,1,1,7.9,4.66
26764,2,1,5.6,4.23
47086,5,4,7.1,6.25
9883,7,2,8.1,4.67
36871,6,4,3.8,6.14
31357,7,1,8.9,5.95
19593,6,0,6.7,4.3
33884,2,4,0.4,5.97
25958,1,1,5.0,3.88
5550,7,3,6.8,7.08
38811,0,0,9.2,4.86
650,1,4,7.4,5.41
10483,5,0,7.1,6.06
18878,4,4,0.4,5.07
1919,5,0,9.9,3.78
29332,2,0,5.9,5.57
21239,5,0,5.4,4.68
24634,3,4,2.5,4.36
7558,5,0,9.3,4.03
34495,6,1,8.7,4.33
35840,2,3,6.0,7.01
45960,6,0,2.2,5.84
26587,4,0,1.3,3.7
46027,7,3,7.6,4.74
28975,0,2,7.5,5.47
49389,5,3,8.9,6.7
13326,0,4,7.8,5.88
7099,7,4,9.1,5.23
30362,7,0,4.2,4.06
5691,2,3,6.9,5.07
3277,6,0,7.3,6.39
4681,5,1,0.6,2.29
17202,2,1,7.4,2.03
15441,6,1,7.5,4.49
2520,2,0,9.0,4.77
7458,3,2,4.3,3.81
20985,7,2,7.3,5.07
45627,2,4,9.4,5.13
45660,7,4,0.2,6.13
28317,1,2,2.1,5.44
8095,4,1,8.9,3.57
27247,5,3,3.7,6.51
43894,7,0,9.4,5.22
19515,6,0,4.3,5.82
8066,5,3,5.9,4.79
32476,7,3,6.9,4.18
37159,0,3,6.1,2.04
31661,5,4,1.8,4.73
24339,0,3,2.3,6.28
44247,0,0,6.0,4.58
7153,7,2,0.3,6.22
42266,6,3,8.9,3.02
13049,5,0,7.6,4.89
30289,4,4,5.9,2.49
36439,1,4,6.0,3.59
10950,0,0,5.5,3.84
31234,4,0,9.9,5.05
34381,6,1,0.3,5.91
42054,4,4,2.0,4.74
43854,3,4,1.3,5.75
5805,2,0,5.5,4.61
37491,3,3,5.8,5.79
27252,6,1,6.2,4.35
33371,4,3,9.7,3.08
8790,6,4,1.4,5.09
27774,6,4,4.3,4.48
6597,3,4,0.6,4.79
36478,4,3,1.7,6.0
39382,2,4,0.3,5.04
6224,7,2,3.7,5.58
40704,0,2,2.1,4.6
40380,4,1,0.6,6.09
44601,6,2,0.3,6.16
30532,6,4,1.2,3.0
3397,3,4,3.3,4.48
48290,1,1,1.6,6.23
40434,4,0,7.8,6.48
13824,1,3,2.6,6.54
8322,3,0,4.7,3.97
19420,2,0,7.0,4.84
30619,2,3,4.8,4.58
5975,1,1,4.6,6.79
35434,2,2,9.0,3.22
2741,5,3,7.8,7.63
49747,2,1,7.2,5.13
49673,4,1,0.1,3.7
48488,6,0,9.5,5.56
34533,0,3,4.7,7.02
18097,4,2,7.0,6.02
12381,0,2,6.6,6.73
14366,3,4,4.9,6.59
8912,3,1,0.8,5.73
18354,3,2,0.3,4.53
48802,1,1,7.2,6.16
5019,5,4,4.8,4.33
27021,1,1,1.1,4.23
18575,0,0,1.7,4.4
10457,4,2,7.9,6.12
88,4,3,9.6,4.57
6965,5,3,6.4,4.43
3753,6,0,6.0,5.19
9538,1,2,4.2,4.0
2414,2,4,5.0,3.68
5563,7,4,5.1,5.08
4363,1,0,0.4,6.02
1050,2,0,8.5,4.93
18969,1,0,9.3,5.04
14370,6,4,3.6,4.46
43777,6,2,5.9,4.32
771,1,2,4.9,4.2
2087,5,4,6.4,5.81
19880,7,0,3.9,6.49
42131,1,3,9.1,6.07
31003,0,2,9.8,6.56
23041,7,1,1.6,6.01
39916,4,2,6.2,5.94
24097,2,1,1.2,5.05
8656,5,4,1.6,5.72
30249,2,1,0.5,6.28
9642,6,4,4.4,4.38
49611,5,3,8.7,2.33
5800,6,3,6.6,7.2
46580,7,1,6.7,5.5
28153,3,4,1.6,5.99
10990,4,3,0.6,6.23
5858,6,2,4.1,5.59
5055,3,2,9.2,3.97
5791,7,0,8.3,4.3
37215,6,1,4.1,4.08
29939,6,2,0.6,5.83
14734,4,3,6.5,5.93
32946,6,4,0.6,6.74
12569,6,0,4.9,5.94
28698,3,0,5.4,3.76
5499,7,4,8.6,6.39
23519,2,0,4.6,5.42
35631,2,4,3.0,5.78
36453,4,4,8.7,6.53
4561,1,4,9.3,5.66
6550,6,1,2.3,4.33
27552,6,0,0.7,4.52
22118,2,3,1.8,5.35
31192,2,4,0.8,3.82
33501,3,0,0.2,5.63
22566,4,4,5.5,3.77
46846,5,2,1.5,2.6
32710,0,3,2.2,5.73
11816,6,3,8.9,3.88
27490,7,0,7.9,6.27
3342,7,0,4.4,5.23
12495,3,2,3.9,5.86
10568,3,0,2.6,5.08
42387,6,3,2.2,2.78
43889,5,4,4.2,5.47
27505,1,3,1.6,4.37
36983,6,4,5.7,4.98
45437,2,0,3.6,3.11
10951,7,2,4.6,7.61
24897,5,3,7.9,3.7
44819,5,2,0.0,5.32
19455,2,3,6.1,4.93
30266,5,3,1.2,4.38
16987,3,1,6.3,4.3
33045,6,3,2.3,6.16
42561,2,4,6.2,5.47
46142,1,1,2.9,5.26
46783,4,1,0.6,6.59
3539,1,4,2.7,5.18
44058,7,3,6.6,3.4
38680,7,3,8.7,6.25
19873,1,0,10.0,6.24
20965,0,4,5.4,6.19
31884,0,3,9.0,5.42
28832,0,1,1.0,6.53
19993,0,4,4.0,4.67
26878,3,2,6.6,5.95
49128,6,4,8.9,5.28
41552,3,2,1.0,3.31
22329,3,0,7.7,5.37
40508,6,0,0.3,4.67
22562,0,1,6.9,4.86
26748,2,2,7.9,4.36
33817,0,4,7.5,4.04
8546,6,3,10.0,3.38
1676,7,1,6.1,4.74
11899,7,0,7.5,7.76
41884,5,1,7.9,3.4
36290,2,2,3.4,5.83
48441,0,0,9.5,4.08
1488,5,0,9.2,5.75
12052,4,1,5.9,3.57
8216,7,4,0.8,6.19
28145,0,3,7.1,4.73
19124,2,0,3.8,3.61
2991,5,4,4.1,4.11
29161,5,0,0.5,4.81
3385,6,3,9.8,5.91
3280,2,0,4.8,5.82
46988,6,3,5.0,5.15
240,5,0,7.0,5.44
39347,7,0,5.9,5.83
11833,4,2,6.6,3.96
21974,4,2,7.6,5.26
25704,0,3,4.6,5.19
46087,7,4,7.1,5.59
14621,5,1,8.6,5.38
14270,4,1,2.8,5.21
38803,2,3,3.2,3.99
41650,4,2,7.4,5.44
11624,5,1,9.3,3.83
18665,2,0,2.2,7.51
19589,4,2,7.1,4.85
14848,6,3,5.7,4.38
7023,4,4,6.4,2.89
1397,2,4,3.8,5.46
29734,0,0,8.8,4.59
16233,7,0,4.6,4.94
4138,6,1,7.9,4.48
28000,2,2,3.2,2.65
30413,3,3,5.6,5.23
2734,5,3,4.2,5.21
35281,3,0,5.8,6.41
30065,2,1,9.9,5.88
1268,0,2,4.1,5.07
23567,0,0,6.0,4.82
36410,6,0,9.1,5.27
47738,4,3,9.6,4.49
17438,3,2,4.2,5.42
24718,7,4,2.6,4.72
37682,7,2,3.9,3.95
34969,3,3,7.3,2.77
557,0,0,1.4,5.03
16633,1,4,1.7,4.03
4945,6,2,5.6,5.52
478,5,4,4.0,4.92
147,5,3,7.9,6.81
30669,1,1,7.6,4.89
49348,6,4,6.8,4.46
33010,4,3,4.5,5.69
17676,4,3,9.9,5.6
18428,6,4,4.6,6.06
13033,6,4,0.9,4.71
14249,1,3,4.6,4.12
8636,1,2,3.9,5.99
20859,3,3,9.0,6.45
28446,7,2,9.7,5.41
21520,7,2,3.7,6.41
36741,7,4,3.2,4.02
26786,5,4,8.3,5.63
21742,2,4,1.3,3.62
16323,0,2,1.1,6.23
5169,3,1,4.9,4.85
20957,4,3,1.6,8.19
24505,6,0,8.6,5.91
18130,5,4,1.9,4.55
26385,1,0,8.5,5.27
40903,5,0,4.2,5.12
18014,0,2,6.0,4.65
32726,4,3,0.5,5.55
312,5,3,3.0,5.26
42781,5,2,6.7,3.87
12452,5,1,0.1,3.8
40337,6,2,5.9,4.59
1119,0,3,6.7,5.34
47059,4,0,9.5,6.38
1134,5,2,7.1,6.59
47558,6,1,5.2,4.99
1872,0,3,3.6,3.03
46603,2,4,0.7,3.45
30015,3,3,2.4,4.19
47406,6,0,2.2,3.62
46671,0,1,2.7,3.71
13101,7,3,9.5,5.61
40846,5,1,6.8,4.23
13733,4,0,8.7,5.48
24856,1,4,8.8,5.61
23290,5,1,9.3,6.03
14565,0,3,9.2,4.75
8462,7,1,0.8,6.4
15372,1,0,4.8,3.82
6884,7,1,0.6,5.05
10085,0,1,0.4,6.01
29017,7,4,5.8,6.66
22254,5,2,9.2,4.71
34536,3,4,6.0,5.66
16161,3,0,8.6,5.11
6183,7,4,5.7,6.75
23230,2,1,1.4,4.97
7721,6,2,4.6,5.21
3204,7,4,1.9,6.42
17494,5,1,7.0,4.8
9480,1,0,7.0,4.99
19622,0,1,4.2,7.42
40963,6,2,0.6,3.83
25696,7,2,7.9,4.78
2326,5,0,0.8,7.41
40647,5,0,0.4,5.57
48635,0,1,8.1,6.36
23801,4,0,9.6,5.25
34923,6,1,5.0,4.4
11556,7,0,9.8,3.68
45171,6,3,2.4,4.26
6043,5,1,8.6,4.64
38754,6,4,2.7,4.85
41816,5,2,0.7,4.82
48331,1,2,9.2,5.35
41196,2,1,1.5,5.45
35971,7,4,3.0,6.44
40210,7,1,1.8,6.69
28853,6,0,7.8,4.95
14898,0,0,1.1,6.11
7001,7,3,3.8,3.32
34049,7,2,0.1,7.11
43830,2,2,2.4,3.65
29237,6,0,8.1,3.57
18590,2,3,1.2,3.33
2985,0,3,6.3,5.32
44394,0,3,9.0,2.42
26159,0,2,6.5,4.64
17199,3,1,8.6,4.57
31562,2,0,5.2,4.53
14781,1,1,0.5,6.83
46643,1,3,2.1,4.37
33383,2,3,7.6,4.35
7202,7,0,0.2,5.07
12407,6,3,6.2,4.36
2104,0,0,7.1,3.22
21148,2,0,4.6,6.61
18006,7,0,3.6,5.11
34303,5,0,8.4,4.45
3424,1,2,5.2,6.69
32715,6,4,0.8,4.15
2434,4,3,9.5,3.37
43704,2,3,9.8,4.66
27458,6,3,8.0,4.6
286,3,1,3.2,4.35
49477,5,2,1.7,4.95
48372,6,4,0.2,5.72
36151,1,2,8.8,3.8
8246,2,4,3.0,4.4
49679,2,0,1.1,4.04
17633,4,3,6.2,7.5
48319,1,3,1.8,1.99
45821,2,3,4.3,4.35
27491,7,3,4.7,6.96
38939,4,1,4.6,3.35
43982,5,0,9.5,4.77
47618,3,4,3.0,4.5
33518,3,0,8.3,5.55
10288,6,0,3.9,5.71
46760,5,0,8.6,6.95
15165,4,2,4.7,3.83
9709,2,3,4.8,2.78
30516,6,1,5.8,3.69
29908,4,4,7.5,6.9
11147,0,1,7.1,6.3
44345,2,1,9.1,4.43
17402,1,3,6.9,6.3
9906,1,2,0.1,5.52
47627,4,2,3.4,5.75
15526,6,4,6.6,3.49
7904,2,3,0.4,6.23
48449,7,0,7.3,4.8
40715,4,3,3.6,3.33
9591,7,1,3.7,4.81
31735,2,3,5.7,4.89
23089,7,1,5.5,4.75
8186,4,0,5.5,7.28
24375,4,0,8.7,6.08
21281,5,4,9.2,5.72
47287,1,4,8.9,3.48
39062,6,0,9.3,4.78
49159,7,1,3.5,5.6
44037,7,1,3.5,5.01
39543,2,1,5.6,5.85
24823,3,0,2.9,5.99
1589,0,3,3.7,6.19
46367,2,4,6.8,5.7
13320,6,2,7.9,6.29
45259,4,4,3.0,3.6
22451,5,2,8.0,4.92
27803,7,2,5.1,4.64
13219,5,2,2.8,4.92
14764,0,3,3.3,4.42
48907,5,4,7.3,5.16
12242,3,4,5.2,2.82
12596,6,3,5.7,4.3
44634,7,3,3.8,4.52
29493,4,0,3.0,4.69
10546,1,0,4.7,4.17
26861,7,2,8.8,6.49
9522,0,4,8.8,3.53
43412,3,1,5.3,3.46
5767,4,3,5.7,4.66
29156,6,2,9.6,4.96
32696,5,0,1.6,4.99
44944,1,2,1.9,2.88
29413,0,2,5.0,5.45
9269,5,2,9.2,6.27
19709,5,0,1.7,5.72
25052,2,1,3.1,4.86
41788,0,4,7.0,6.03
47764,5,2,6.5,3.51
5685,2,4,7.9,6.89
25101,1,3,8.0,3.44
46946,3,1,2.5,6.49
32522,2,1,9.5,6.38
13569,2,3,6.9,5.24
32482,5,0,0.1,4.34
20447,6,3,1.7,6.13
29232,2,4,6.9,4.33
3229,3,2,7.7,6.16
38532,1,0,7.8,5.2
18030,7,2,4.8,2.79
30830,0,1,1.3,4.81
45547,4,3,9.1,4.77
37477,4,2,5.1,5.54
33872,7,1,4.6,3.78
6194,2,4,9.6,4.66
24831,1,2,5.5,4.81
18629,2,1,8.8,6.61
4675,3,3,2.5,5.72
27971,1,2,8.2,6.02
22694,7,3,6.7,4.47
18451,0,0,0.6,5.79
20087,7,3,5.8,5.87
29155,3,0,3.5,2.64
7080,5,2,9.8,5.21
32012,3,0,5.7,4.64
29166,6,1,0.6,3.18
34797,0,2,3.1,5.48
48546,1,2,7.1,4.75
13800,6,1,7.0,6.58
29655,0,4,2.1,5.52
11338,7,4,2.3,6.51
47547,7,4,3.2,4.83
32115,7,4,9.5,4.19
37054,7,1,8.3,6.17
9757,5,0,3.5,4.2
34374,3,1,3.1,3.84
12061,0,1,1.7,5.5
18104,1,1,0.7,3.88
3163,5,3,4.9,3.73
30298,6,3,0.8,4.69
29267,7,0,4.9,5.85
16591,2,4,7.7,4.29
35498,6,0,6.6,3.93
2591,4,0,8.3,5.22
25833,2,0,3.3,4.07
47747,6,4,0.2,4.9
28055,1,1,6.6,4.62
21270,0,4,0.9,2.75
15818,0,3,3.1,2.0
22366,7,0,3.3,6.65
20257,6,0,4.9,6.92
22683,6,3,8.8,4.47
23948,1,0,1.1,3.8
43323,5,2,3.0,5.91
19725,7,2,8.8,5.24
12778,0,4,0.9,4.83
21708,7,1,7.6,3.07
13859,5,0,7.5,5.05
41468,0,4,1.8,5.11
26395,0,3,6.0,3.54
5078,0,3,8.4,3.01
41315,2,2,8.2,4.31
4000,3,4,1.6,4.84
25184,3,1,9.3,4.76
8229,3,4,5.8,2.72
25505,3,3,0.4,5.47
38178,3,0,5.8,4.4
10891,0,0,5.2,5.66
5772,0,1,2.0,5.21
27850,5,2,4.5,4.72
48373,5,2,7.6,5.65
15642,6,3,6.9,4.58
46792,7,3,6.1,4.41
2563,5,2,3.2,6.6
21401,3,2,2.4,5.07
37341,7,0,4.9,5.67
14251,4,1,8.2,3.99
21597,1,4,0.2,4.08
22386,0,4,0.4,3.81
22689,0,0,3.1,4.95
14398,3,3,3.4,5.32
32456,3,1,4.4,4.66
46098,7,3,5.7,3.85
40136,0,0,1.1,4.62
35193,1,1,6.3,5.34
20990,3,3,1.6,3.43
27122,1,3,3.2,4.8
293,0,3,7.5,4.87
27819,3,4,5.7,6.79
19922,5,1,9.5,8.15
16097,2,1,1.5,6.58
40595,6,1,1.5,3.68
40954,2,3,6.8,7.2
31169,1,1,9.7,4.93
2904,6,0,4.5,7.03
23748,4,0,3.9,6.13
46045,3,4,9.1,3.85
8309,7,1,0.8,5.11
24078,5,4,1.8,5.14
11750,3,1,7.3,3.93
36012,0,0,4.6,4.75
31678,0,3,0.5,4.2
27628,6,0,1.4,7.15
17675,7,1,8.0,5.06
26920,1,4,1.6,4.35
1640,1,2,0.8,4.21
23587,2,3,9.2,3.88
33124,5,3,9.3,2.61
25605,6,4,8.9,6.02
11789,7,1,5.6,4.48
47181,5,2,2.8,8.65
45984,6,2,4.8,3.35
22852,1,2,0.6,6.86
30710,5,1,4.4,5.65
6232,2,1,3.1,3.75
23670,0,2,9.6,4.3
4950,2,1,0.8,5.33
37961,4,3,6.8,4.85
33151,4,2,7.0,5.16
36836,7,3,6.9,6.03
34927,5,0,4.0,6.91
44604,2,3,8.7,5.63
20877,4,3,5.1,4.53
41526,2,0,7.9,3.77
42086,0,2,6.6,5.49
12331,6,1,1.8,5.49
40005,5,1,3.2,4.33
11011,4,1,2.0,3.35
39483,0,3,8.9,4.25
19054,5,1,0.8,6.26
34002,7,1,3.8,4.47
32923,7,3,3.1,3.31
29761,0,1,3.3,5.63
12654,2,1,7.5,6.82
15751,7,4,0.2,5.4
36089,7,3,4.9,5.16
30694,1,1,2.7,4.53
1322,6,0,7.2,6.94
32099,7,3,5.6,4.92
47659,1,2,7.6,3.22
18891,4,2,5.9,6.45
45804,1,0,10.0,4.17
15791,5,0,2.0,5.35
33075,7,0,7.6,6.13
34617,3,0,0.1,3.97
8911,7,0,2.4,6.82
1198,2,0,1.8,3.37
45654,7,1,5.1,6.03
548,4,1,4.4,4.6
45893,6,3,3.9,4.21
44181,2,0,2.9,4.04
36657,2,0,9.0,5.09
47576,0,4,0.8,6.48
9146,1,2,2.4,7.06
36822,7,0,1.4,5.52
25582,2,2,1.4,5.55
48641,0,4,3.6,3.14
24955,0,1,4.2,3.01
13561,2,0,2.5,4.46
22866,6,2,8.1,5.42
29737,3,3,3.9,5.11
49809,3,2,4.2,3.7
48668,6,2,1.9,6.59
49382,4,2,5.1,5.16
38692,3,2,1.4,5.24
13024,4,3,3.4,4.53
24487,5,4,2.8,2.83
37012,4,1,2.3,4.48
34398,4,3,5.7,3.13
41665,4,3,8.0,1.59
31236,5,2,4.2,5.8
43546,4,3,7.1,4.12
2051,6,4,1.0,6.08
1864,2,4,8.5,5.2
31435,7,3,9.9,6.5
36560,7,4,7.5,3.99
9305,7,4,4.1,5.69
4194,4,0,5.8,4.48
36411,7,3,7.0,4.2
23532,6,4,8.8,6.06
13460,5,2,0.9,5.93
400,1,3,2.8,5.52
36740,2,2,2.9,4.58
7411,6,4,1.9,3.03
13650,3,3,3.7,4.22
28234,5,0,7.0,4.83
5437,2,4,1.5,3.92
1926,6,2,5.0,4.06
24866,7,0,0.2,4.75
15647,2,3,3.0,6.66
30165,0,4,8.1,4.6
2437,2,3,9.0,6.15
29638,3,0,6.0,3.19
15973,2,0,0.3,4.97
21548,5,1,3.4,5.88
35433,4,3,1.3,4.76
17105,5,3,1.0,4.87
19006,0,2,8.1,6.33
22467,0,0,4.8,3.7
44189,4,0,6.1,6.24
31124,3,0,1.6,4.45
5286,2,3,2.6,4.88
8102,5,0,9.3,6.09
44622,5,4,2.5,4.03
30361,4,2,3.3,4.07
47903,1,0,5.3,3.96
22958,3,2,7.1,5.44
19301,1,0,1.5,4.71
34029,0,1,4.0,4.43
21011,6,1,3.7,4.85
6370,3,3,4.6,5.34
3456,3,0,3.2,4.56
8142,5,0,7.1,3.62
11312,0,1,7.9,4.35
19640,3,0,7.7,5.91
3283,4,3,4.8,4.59
11838,7,4,4.6,4.76
28953,4,4,8.4,5.16
20891,1,0,9.8,5.36
35700,1,0,7.5,4.88
41243,5,4,1.4,4.42
48105,7,2,7.3,5.06
49815,3,1,3.9,5.48
27624,3,2,9.4,5.31
48461,6,1,3.6,4.57
40370,3,2,1.0,5.27
8088,2,4,4.4,5.13
46477,6,4,8.1,3.98
35089,1,4,5.8,5.13
22811,0,4,2.7,4.41
20344,5,3,8.0,4.94
47178,4,2,7.7,6.05
24082,1,2,8.2,4.81
33578,7,2,7.7,4.46
21963,2,1,4.1,5.54
46496,2,1,8.1,4.63
7024,3,2,3.8,5.22
10256,5,0,4.0,4.37
46218,5,2,0.1,4.69
6029,1,0,2.1,7.91
19066,3,0,4.5,6.4
47803,4,4,6.5,4.01
34769,4,1,2.7,5.18
21978,5,2,6.2,5.6
18454,1,3,4.6,5.1
31113,6,2,7.1,4.12
48698,3,3,0.7,3.97
29289,7,1,3.5,7.1
40142,3,3,9.6,4.83
17271,3,1,2.7,5.58
48180,6,2,0.8,5.61
37503,7,0,6.0,5.1
11040,4,1,5.1,4.05
16399,5,2,3.5,6.04
3409,4,0,2.0,4.82
12247,6,2,2.5,3.61
21377,1,1,9.7,4.21
37266,1,2,4.3,4.74
35100,0,1,9.6,4.43
28561,1,1,8.4,4.85
39365,2,0,3.5,3.49
19190,7,3,1.6,4.49
41857,1,0,1.8,5.43
47010,0,3,1.0,4.16
18491,2,3,6.5,5.98
5809,2,2,1.1,3.44
46068,1,2,2.6,6.43
16119,1,4,3.7,7.33
29084,0,3,5.2,4.69
15337,5,0,1.0,2.13
4362,2,4,8.2,6.64
17924,6,4,3.0,3.44
14411,6,0,8.9,5.92
40648,2,1,6.8,3.91
41129,3,0,5.4,6.4
10554,1,1,8.8,3.21
22502,2,2,2.7,4.24
31522,0,4,0.7,7.77
33913,7,4,6.2,5.65
10102,5,2,6.5,4.92
23343,5,0,7.4,3.88
33052,2,2,9.7,5.07
45358,7,0,5.6,4.71
29900,3,1,1.8,5.67
37970,7,4,6.1,3.65
428,6,1,2.2,6.19
30896,3,0,1.9,6.05
15151,6,3,1.2,4.78
34535,4,3,6.0,5.18
14304,6,4,7.0,5.62
20979,1,1,5.7,3.47
16486,3,3,9.7,5.63
31020,0,4,8.0,5.26
23737,5,3,6.1,5.29
24605,4,1,9.8,6.82
44512,0,3,4.5,6.21
22103,6,4,8.4,5.95
6173,2,4,5.7,4.18
43944,5,4,5.6,6.92
38790,5,3,0.0,3.41
26736,3,4,2.7,5.94
28790,1,3,3.7,5.18
7952,5,1,1.8,5.48
41778,5,0,4.1,4.04
19497,4,4,4.3,4.87
20585,1,3,6.1,2.69
34641,4,3,0.5,5.31
32374,3,1,5.2,4.26
7767,6,1,6.1,4.92
44005,4,4,3.3,6.38
45800,1,4,9.2,3.81
1814,4,3,9.8,4.32
15273,0,2,2.9,5.63
15011,4,2,0.5,6.67
48021,0,2,7.6,4.27
28570,7,0,3.5,5.51
438,2,4,1.3,7.28
1548,0,3,1.0,5.78
39060,4,0,8.8,4.53
30751,7,3,9.1,6.41
19136,2,4,3.7,5.83
3848,3,4,9.6,6.25
18492,7,2,4.0,4.95
31137,3,2,8.2,6.34
28348,5,0,5.7,6.85
33021,7,3,6.0,6.09
1474,2,2,4.4,5.58
5912,5,3,0.2,5.83
4,7,3,2.9,3.62
21234,3,4,8.4,4.72
42669,7,3,6.3,4.47
29451,7,3,5.0,5.49
3426,4,2,6.1,3.69
8150,7,1,1.9,5.58
29380,7,2,8.0,6.06
21813,7,1,3.8,5.43
13562,7,4,1.2,5.43
15331,3,4,9.3,5.9
29210,3,0,7.6,3.65
18153,7,1,8.5,5.85
8340,2,3,6.0,6.56
24980,2,4,4.3,6.84
45146,3,3,2.8,6.44
48184,1,0,5.0,4.02
40583,4,1,7.8,4.2
14293,1,2,5.0,6.81
40368,4,2,9.6,4.95
33055,3,0,0.8,3.7
11883,5,3,0.0,3.17
43044,4,4,6.2,5.61
17784,6,4,1.3,5.9
35633,5,2,1.9,6.36
33051,6,1,6.1,5.32
35437,2,3,9.7,5.74
33719,4,1,3.7,5.06
6418,2,0,5.1,4.28
14443,6,3,0.7,5.08
12633,2,2,9.9,4.89
23818,7,4,8.1,7.62
31363,0,0,6.2,6.55
48944,5,3,7.4,7.0
34095,7,3,2.9,6.8
31399,3,2,2.3,4.9
5857,5,2,7.0,3.11
28359,4,2,3.2,5.68
31260,3,1,2.8,3.84
2135,4,4,6.4,4.29
38867,7,2,6.7,5.35
19005,7,0,0.8,5.87
24582,1,1,0.7,5.61
4425,5,2,0.4,4.43
14128,2,4,1.0,5.47
16978,3,2,9.3,3.73
43500,2,0,4.1,5.3
3583,0,3,3.3,6.98
13481,1,1,9.0,5.51
11491,6,1,1.7,5.22
40801,7,3,0.7,5.72
41186,6,1,2.7,3.97
21627,0,3,3.7,4.13
14384,5,0,5.1,3.45
7006,6,3,6.7,3.78
8811,2,1,5.6,3.34
29039,0,0,1.6,3.45
33306,5,4,8.6,5.45
8848,2,4,2.9,5.45
27459,4,3,0.4,4.6
45008,4,0,6.0,3.67
33996,3,0,6.3,4.95
8178,4,1,2.3,4.23
3316,4,4,1.9,5.51
18632,3,2,5.1,4.21
41691,0,3,4.0,5.36
27530,6,3,3.9,5.56
37804,2,4,2.6,4.77
8305,5,0,4.1,6.69
41380,2,4,7.4,2.68
6744,2,4,9.2,4.57
6703,1,0,1.9,8.04
25125,6,3,3.4,4.39
7686,2,3,6.0,5.57
45863,7,1,7.4,4.81
32271,6,0,2.6,4.64
38829,1,3,4.9,3.67
14323,4,0,7.8,3.69
48540,6,1,8.3,3.83
41578,6,0,1.0,6.64
849,2,3,0.6,3.94
38895,0,0,8.4,4.52
35556,4,0,4.2,5.52
32253,2,1,6.6,4.97
35779,3,3,8.3,5.14
40936,1,0,2.7,6.45
35824,1,2,7.9,4.3
48774,4,4,2.3,3.46
2635,7,1,2.3,4.95
18642,3,2,2.5,4.31
41910,6,0,2.8,5.66
21719,7,2,1.8,6.06
14016,4,0,0.4,6.69
27506,1,0,5.7,7.14
22237,1,0,8.7,4.28
19,6,1,5.4,5.96
14607,7,1,4.1,5.38
10536,4,3,4.1,2.87
24899,4,4,3.0,4.91
22740,4,2,5.8,3.7
40310,4,3,6.6,5.34
9264,7,4,1.1,6.01
13769,6,0,9.7,6.99
38937,5,2,6.5,5.68
34757,1,4,1.2,2.99
31953,0,2,9.4,4.81
48391,0,1,3.7,3.67
16863,5,2,2.5,7.5
16482,7,3,8.0,4.65
5544,1,1,0.5,5.78
23349,7,1,2.3,5.53
2908,2,1,2.7,6.21
5235,4,2,7.2,5.64
24417,0,0,8.6,2.98
40666,3,3,5.2,4.46
27798,2,4,2.4,5.58
7308,1,1,2.4,3.28
44164,0,3,9.8,7.1
4346,4,2,7.7,7.52
1181,6,1,7.8,4.45
45326,3,2,8.5,5.13
11859,4,4,1.0,7.5
6870,0,1,4.6,3.74
39980,2,3,5.3,5.94
8896,3,0,5.8,6.72
30809,1,1,6.6,3.94
11485,4,1,4.4,6.99
23163,0,2,0.2,5.28
5196,0,1,8.5,3.53
31731,0,3,9.0,7.02
23144,2,0,4.8,5.24
33067,4,4,6.3,3.85
8382,7,4,2.2,6.01
47281,6,3,0.3,3.67
17813,2,4,2.5,5.02
28586,3,2,8.2,7.25
43547,5,1,8.2,4.17
48012,3,3,8.0,5.43
39352,0,0,9.9,5.89
42719,4,3,1.0,5.21
49492,5,2,8.1,6.72
41207,7,2,4.6,5.26
8682,4,1,7.8,3.39
21164,1,4,4.8,4.87
27717,3,0,9.6,5.31
31938,3,3,3.3,3.53
12812,6,3,2.2,3.63
15540,1,3,8.4,4.66
8743,3,2,9.8,5.84
49188,7,3,7.3,4.73
39388,2,2,1.4,7.0
38844,3,2,2.8,4.37
48761,6,2,7.0,2.68
15693,3,3,5.1,3.98
30531,7,0,5.4,6.92
14057,7,1,1.4,3.29
7316,3,2,8.6,2.65
10694,0,1,3.3,6.61
31882,1,1,8.9,5.35
6715,4,2,4.6,4.48
14897,0,0,5.6,3.71
2299,2,0,2.6,4.89
5338,6,4,8.5,5.37
19755,2,4,9.1,7.27
4045,3,3,3.0,2.92
15872,3,2,0.8,4.74
12308,6,4,7.6,4.21
7790,0,1,2.5,5.72
36442,4,2,4.2,6.0
46411,6,3,4.0,5.13
44255,0,4,4.1,6.08
436,6,4,2.9,5.82
39251,3,0,7.6,4.92
14466,2,3,0.5,3.64
5795,3,3,5.3,5.25
10251,4,1,8.1,6.47
8126,3,4,8.8,5.19
23730,3,1,4.8,7.07
23952,5,2,3.7,4.23
48219,0,0,4.9,2.55
42361,5,2,1.8,5.05
35853,7,4,0.6,5.9
43525,0,1,5.1,5.11
23686,4,1,9.2,5.6
37421,1,0,7.4,2.79
9309,1,0,1.1,6.07
2777,3,4,7.5,3.61
6331,1,2,4.8,4.36
47901,6,2,4.9,6.32
32481,4,1,3.6,6.38
14980,4,1,0.8,5.91
31415,7,1,7.6,5.46
18858,6,3,0.6,3.15
12485,6,2,4.6,3.26
32005,7,1,1.0,6.13
26110,2,1,8.2,3.56
21210,7,0,2.1,4.86
25687,4,3,6.9,5.18
9766,1,0,0.5,6.24
35665,4,2,3.6,3.82
11611,3,3,0.0,4.81
2578,5,4,2.4,5.32
46895,7,2,6.8,5.65
20242,4,0,3.8,6.05
30861,0,2,3.7,7.6
773,3,4,8.4,5.94
184,5,0,5.3,4.27
42848,1,1,0.4,4.59
44767,7,0,5.6,4.37
28002,1,1,0.4,4.79
8025,6,2,1.1,3.88
44198,0,0,2.4,6.22
29300,7,4,5.0,3.95
31982,5,3,7.7,5.29
24468,3,1,5.8,4.42
9227,7,3,1.9,3.64
20102,4,2,0.7,4.82
6823,7,3,6.0,3.94
45632,5,2,2.4,4.47
17249,2,0,9.5,4.54
44954,1,2,9.4,3.62
40815,3,2,0.3,2.49
2359,6,4,8.1,4.55
2361,3,3,9.8,5.49
31950,6,2,2.0,4.85
22506,6,1,0.3,2.96
1152,7,1,1.2,6.21
15682,6,0,4.3,5.19
14218,4,2,0.2,4.21
30909,2,1,1.8,4.85
48604,5,2,4.2,4.84
43639,4,2,7.6,3.89
43857,4,0,2.1,4.71
918,6,3,1.5,4.15
21385,7,2,2.7,7.55
8931,0,4,4.5,3.97
32617,4,3,6.5,6.05
1731,5,3,8.7,5.05
26956,2,0,8.3,5.58
42906,7,4,6.4,5.1
515,2,0,4.5,3.44
29012,4,4,8.3,5.68
42055,3,3,9.8,4.94
28846,6,2,2.7,3.81
7199,5,1,1.8,5.25
25271,1,2,9.3,3.94
12690,2,1,3.7,7.18
43132,6,0,8.5,4.64
6023,5,0,2.7,4.55
40299,7,1,0.9,4.98
34833,0,1,6.5,6.75
685,1,0,5.0,5.56
5403,0,2,3.2,6.47
7087,4,4,8.7,3.89
24812,1,2,0.7,3.28
5970,7,3,0.3,4.21
27248,0,2,7.1,5.05
14177,2,1,6.7,5.32
26568,4,1,0.5,5.65
6179,6,2,0.7,5.17
3295,3,2,9.5,4.97
12879,1,3,9.1,5.11
25462,5,3,8.5,7.77
41579,6,1,3.9,7.61
33882,6,1,4.5,6.78
30222,1,4,2.1,5.13
44740,1,4,8.0,3.5
14054,1,2,6.4,6.72
7544,5,2,1.2,1.99
39024,5,2,7.3,5.57
15717,3,3,3.8,6.28
12941,0,1,9.2,5.29
40422,3,3,9.2,8.23
4593,0,4,1.9,4.56
32723,1,1,8.0,7.43
7648,7,0,0.9,3.93
10842,6,4,6.4,5.91
33521,4,2,1.2,4.44
16198,5,3,8.3,8.16
35091,4,0,2.5,5.55
14489,6,1,7.0,7.87
45451,5,3,5.9,5.79
24962,1,3,4.4,2.72
3463,7,0,9.8,6.04
5308,7,4,4.0,5.16
14680,4,2,0.3,5.05
32666,5,1,8.1,5.41
45803,7,1,9.7,5.18
19041,1,0,4.7,4.26
33403,5,1,6.5,4.16
21720,0,1,2.8,5.83
8875,6,1,7.0,5.2
48287,7,2,4.7,4.81
31199,4,0,5.3,4.55
22085,1,0,3.7,6.25
13985,2,1,3.7,4.71
44035,0,3,1.3,5.26
35214,0,3,5.5,5.47
38046,3,0,2.1,4.84
36155,4,0,0.3,4.87
37965,4,4,6.0,5.29
22367,3,1,1.0,5.63
48335,3,4,3.0,5.14
34648,5,0,5.8,4.47
25395,5,1,0.8,3.99
37064,5,0,9.3,5.26
9071,3,4,3.0,5.43
30655,5,4,4.2,4.35
26457,2,1,2.4,3.0
10739,6,1,6.6,3.79
48888,2,3,8.8,5.72
10940,6,0,1.5,5.12
32809,5,3,6.0,4.67
20365,4,2,3.3,4.29
35243,4,4,5.4,4.79
29444,4,2,2.2,4.88
15031,7,2,0.2,2.13
26853,7,2,9.2,5.27
35455,1,4,5.3,5.75
7642,3,0,6.6,4.17
13760,6,1,3.5,5.1
48377,2,3,5.1,3.34
19170,1,4,4.2,4.49
28877,0,3,4.7,3.78
17877,7,2,7.0,4.09
41978,0,4,3.6,5.36
46912,7,4,0.3,3.47
14928,1,4,6.5,5.93
34043,1,1,0.4,5.21
1634,2,4,0.2,4.05
25426,5,0,5.6,6.36
21663,4,2,1.7,5.14
26406,6,0,2.8,3.85
27929,0,2,3.9,5.05
11988,3,4,3.1,5.38
34553,7,3,0.4,6.86
70,1,3,4.6,4.12
4210,2,3,4.4,5.77
37726,7,0,4.4,3.5
9017,1,2,5.1,5.48
15863,3,3,6.3,5.85
15381,0,2,4.5,7.15
38609,3,3,9.5,3.45
11831,3,0,4.0,3.16
41348,0,1,1.3,6.8
37005,4,3,4.3,6.02
45485,7,3,5.9,5.78
11942,7,4,5.0,6.46
1615,4,2,4.1,4.0
734,7,3,1.6,7.07
21462,2,4,0.2,5.26
3830,6,0,5.0,6.77
31324,5,3,1.9,2.43
31935,2,3,5.4,4.49
35300,6,2,8.3,6.7
2083,7,0,4.8,5.53
17342,2,3,9.9,3.89
26052,2,4,6.5,4.81
13790,6,0,2.1,4.79
16912,3,0,8.4,5.79
16284,3,0,8.1,4.93
14246,0,4,5.5,4.84
30818,3,0,0.0,3.27
45083,1,0,4.0,5.53
29206,5,1,0.1,6.03
33119,4,3,7.4,4.45
18300,5,0,1.8,5.3
17267,1,2,9.8,5.34
6656,1,1,8.4,7.04
22990,6,4,3.9,6.13
349,1,0,2.8,4.4
396,1,3,2.0,5.05
26239,1,0,7.1,5.03
9526,6,3,7.2,5.41
49901,7,0,2.3,4.16
387,0,3,9.2,6.13
35818,0,2,4.0,5.65
46493,0,2,2.6,4.4
24804,5,4,5.8,6.84
24846,0,3,3.2,4.57
3743,7,2,2.8,6.97
39975,4,4,6.7,6.44
22447,0,3,4.3,6.79
1966,7,2,6.0,3.43
14793,5,3,6.6,4.63
15322,7,1,1.0,4.89
1416,6,1,5.4,7.12
34898,1,4,6.6,3.55
4097,1,1,2.0,3.15
15977,6,3,9.2,6.89
39171,0,4,7.3,5.51
25195,7,0,5.6,6.02
41336,7,1,9.0,4.75
23621,7,1,5.4,6.98
24567,6,1,6.2,4.58
36483,3,3,4.1,5.33
3408,5,3,1.6,5.5
30803,1,3,3.5,5.7
12089,5,0,9.0,4.79
22219,3,1,7.3,4.43
9099,5,2,9.4,5.6
35219,7,2,4.5,6.14
3771,2,1,5.2,4.3
914,0,4,1.9,5.9
14786,2,4,1.2,4.25
12776,0,0,1.4,6.25
27410,3,4,2.9,5.12
45886,7,4,2.7,5.4
15092,2,3,5.2,4.2
4204,6,2,7.5,6.28
656,5,4,1.4,5.96
17446,3,1,9.1,5.14
10205,4,1,8.6,5.1
2339,4,3,9.6,4.64
46896,7,4,1.5,6.01
41772,5,3,2.0,3.93
6633,6,4,8.0,4.52
49521,3,4,8.6,3.54
26886,2,2,8.2,5.5
49196,1,3,5.7,6.36
21510,0,0,7.9,5.42
14594,5,0,6.7,5.72
34792,0,0,8.4,5.13
36271,6,0,0.3,3.6
48857,6,1,8.0,5.04
14294,3,1,4.0,5.55
26066,1,3,1.1,4.07
18821,2,4,4.8,5.36
18148,6,1,8.6,3.58
37120,1,3,1.4,4.93
16105,2,2,0.1,5.63
48779,2,4,7.9,5.46
33327,7,3,4.9,5.83
498,0,3,7.8,4.56
23885,0,4,2.8,5.5
29134,4,3,0.4,5.45
14775,2,1,1.9,5.1
25578,4,0,6.2,6.3
10533,3,0,1.4,5.48
41418,7,2,6.8,5.91
37716,0,4,3.2,6.04
4942,0,4,6.7,4.54
21481,7,4,1.9,3.58
39776,4,4,5.8,3.66
28129,4,2,6.4,4.61
48526,6,4,5.1,5.08
48870,4,3,8.0,5.53
35207,4,0,7.2,3.48
35116,5,3,8.0,4.04
27868,6,3,4.2,4.07
37977,3,0,0.6,6.53
12514,6,0,0.9,7.29
40072,7,3,9.6,6.38
10745,2,4,5.8,5.74
42412,0,0,6.7,6.0
4424,1,0,3.4,7.23
4046,4,4,4.2,3.85
32888,1,0,5.2,4.64
16306,4,4,2.4,4.6
37299,1,2,1.6,3.98
36769,7,2,1.7,4.69
12762,4,2,3.2,5.34
15228,5,3,4.5,4.27
597,2,2,4.5,5.65
20925,5,2,1.7,5.32
16141,5,2,5.9,6.32
6299,1,3,0.3,3.05
49568,5,0,2.7,5.21
20135,3,0,3.1,6.11
7637,0,0,4.0,4.43
45081,1,3,0.6,5.5
23623,4,0,9.0,4.42
33128,1,0,2.7,3.83
23348,7,0,4.5,5.63
37646,0,0,8.0,3.38
4530,2,3,5.5,2.95
30316,0,3,2.1,4.11
48279,4,3,2.6,5.97
38315,2,2,5.6,4.45
18497,3,2,4.6,5.41
10054,5,1,7.3,3.67
18500,7,1,0.3,3.89
37745,5,0,0.1,6.03
46404,7,4,4.5,5.17
10921,2,0,4.8,4.12
23187,4,0,9.2,4.96
29359,1,4,9.4,5.46
45691,7,0,0.4,5.72
14331,7,1,3.0,4.03
37764,7,2,8.3,6.83
25256,4,4,4.7,4.82
14389,1,4,2.1,5.21
27745,0,4,9.3,6.39
42613,5,3,6.9,4.5
14115,0,1,1.7,5.87
25495,2,1,3.8,4.74
13999,5,4,0.2,4.03
27227,6,3,2.5,6.79
35329,2,0,2.1,6.43
19348,3,1,8.5,7.67
37363,0,2,3.3,5.41
39121,7,1,8.1,6.45
11573,6,0,5.6,4.11
8791,5,2,8.8,6.07
2846,7,3,1.3,5.9
9286,7,2,7.8,4.52
16296,5,4,3.0,5.49
27218,1,2,7.6,6.46
26373,7,2,2.9,5.2
7865,4,4,9.4,5.92
11620,3,1,4.5,5.03
14627,5,2,1.9,4.51
33048,0,2,3.5,3.96
32878,7,0,5.6,4.95
10772,0,1,3.6,4.11
27761,0,2,2.0,4.19
14464,3,1,4.4,4.92
1866,1,0,9.5,5.31
46750,6,2,1.8,6.48
32360,0,1,0.6,5.86
13046,3,4,4.7,5.87
46350,0,3,2.8,7.88
8833,7,0,9.0,2.92
23136,0,3,6.7,4.84
8860,6,1,8.4,4.87
23276,6,1,8.5,5.09
16756,5,4,8.4,2.71
6639,7,3,2.3,5.9
6337,0,0,0.6,6.25
22213,7,2,1.3,6.54
3200,7,0,8.0,6.47
47958,7,0,7.4,6.95
22575,6,3,8.1,3.84
20525,0,1,5.0,5.91
21483,2,2,0.1,5.12
29208,2,4,8.2,4.82
44527,0,0,2.0,4.84
49738,2,0,1.0,6.16
32027,3,4,1.9,6.47
15774,5,1,4.4,5.54
10319,3,1,5.8,4.82
12683,4,1,6.2,4.54
47231,3,4,9.0,3.42
15370,3,2,3.8,5.91
7196,0,0,3.4,3.67
29682,0,2,8.6,3.92
32706,1,0,7.6,5.6
48945,1,0,5.5,7.19
27074,6,4,1.7,3.68
16479,4,0,0.1,6.3
20460,6,2,4.1,2.94
18357,6,2,2.7,4.08
27468,0,4,0.3,6.7
23414,1,1,2.6,3.06
40391,5,1,6.1,6.77
15118,6,1,1.3,5.49
10708,4,4,7.7,4.27
18889,5,0,0.0,5.11
19166,5,2,8.0,6.85
32607,6,2,0.6,4.35
42828,5,4,5.6,5.95
41885,5,1,9.3,2.66
7085,1,4,2.8,5.44
26207,5,0,8.7,6.01
24824,4,1,6.6,4.48
33672,0,1,3.4,7.23
49648,0,3,7.5,3.2
17602,6,4,1.5,3.54
41292,3,2,9.9,3.55
28580,2,3,4.4,6.76
31173,1,1,4.1,5.47
38950,3,4,5.6,4.64
482,7,0,0.0,6.12
37448,1,1,3.2,4.33
15247,0,1,0.2,3.13
3892,7,0,5.9,5.34
33211,5,4,9.8,4.68
47799,3,1,9.5,2.91
35686,3,1,9.0,6.57
2221,2,4,9.4,6.25
40129,6,2,4.7,5.47
19675,7,0,3.3,5.0
46105,0,4,6.2,5.45
47578,1,4,1.7,3.92
14587,4,2,6.8,3.2
21829,6,0,2.5,1.78
11462,6,2,6.4,3.84
23148,7,3,0.5,6.67
15324,2,2,2.1,1.82
42845,2,3,8.7,3.22
14942,7,2,3.5,3.44
42270,1,0,3.2,4.6
10014,0,0,0.5,4.67
4890,4,4,2.4,2.59
10912,4,3,2.3,4.27
45864,3,3,8.0,5.52
39310,5,0,8.9,6.56
16046,5,2,1.5,4.59
18243,5,2,4.4,3.38
23726,0,0,2.3,4.86
11503,3,0,5.3,4.75
22967,3,3,5.9,3.38
41690,0,1,0.4,3.67
6878,5,4,0.3,6.59
49565,3,3,2.5,3.76
28871,1,4,7.5,6.05
17072,6,2,3.8,4.06
17959,1,3,6.0,6.14
22549,7,1,1.1,5.73
42115,3,1,5.2,4.46
1496,2,2,2.4,3.26
16946,5,4,1.0,4.52
34290,6,1,0.8,6.44
4126,5,0,2.9,5.75
4329,1,3,0.9,6.69
8161,3,4,1.9,2.76
32974,2,4,0.4,7.47
5490,1,2,4.6,2.63
13511,2,1,7.9,5.35
19453,5,0,7.4,5.13
48100,1,0,0.8,5.1
37212,6,4,4.3,6.63
28230,2,2,6.7,5.27
12688,1,0,9.8,4.27
42273,0,1,9.5,5.43
14276,0,1,8.3,4.72
16190,0,0,8.9,5.06
11375,0,2,9.6,7.2
44370,7,4,1.9,3.73
18409,7,1,4.7,4.92
47701,2,0,2.5,4.29
49210,2,2,0.1,6.67
32440,5,1,5.6,5.8
15620,1,0,7.3,4.47
40839,2,3,9.7,5.17
18925,7,0,3.4,5.82
5603,4,0,3.3,7.62
47484,7,2,7.1,6.92
24677,5,1,8.4,2.97
10543,4,3,1.6,4.13
3368,0,0,8.0,5.26
1081,1,3,4.0,5.4
42887,5,2,4.6,4.77
31987,6,2,5.3,4.52
37126,1,2,4.7,3.44
12867,1,3,1.7,5.02
38564,3,4,4.0,5.3
48201,1,1,2.7,3.44
44999,6,2,0.4,4.26
2802,7,0,1.2,5.94
24840,4,4,7.4,4.25
29945,7,0,4.5,6.16
23282,4,4,2.6,5.88
20690,4,0,5.6,5.14
24075,7,2,4.1,5.46
19638,7,1,8.6,3.97
41235,3,0,1.4,5.42
22582,5,0,1.5,2.67
14513,3,4,1.5,6.71
2066,5,2,8.6,6.94
44584,3,4,2.0,4.37
43558,6,2,3.7,6.35
28758,3,4,6.2,5.08
19691,5,2,5.4,5.15
45780,7,3,8.6,4.9
36239,4,3,7.9,5.93
26135,5,4,1.7,3.95
6470,7,2,0.0,5.44
41771,4,1,5.5,6.07
34252,4,3,6.1,4.88
2262,4,0,7.2,5.56
39673,5,2,0.4,3.59
38822,5,0,0.3,6.21
38157,0,3,4.1,3.72
13150,0,0,4.7,3.99
9226,6,1,5.8,4.84
15397,4,0,4.6,4.93
21113,1,3,9.0,5.25
21102,1,3,9.9,3.13
13311,1,0,4.9,3.99
35438,6,3,9.3,6.6
3844,2,4,7.5,3.77
31120,7,1,0.6,5.95
3131,4,2,5.9,3.77
47552,5,3,7.7,6.2
39345,0,2,4.3,6.88
5488,6,4,8.6,4.25
31615,3,0,2.6,4.42
30846,0,0,6.9,4.2
39899,6,2,3.1,5.07
44934,5,1,5.3,4.96
35444,3,3,3.2,4.33
20047,1,2,5.8,4.44
41266,0,4,4.2,4.81
8840,5,1,7.8,4.49
36045,0,4,7.3,2.61
9344,7,0,4.9,3.17
39391,3,2,5.5,4.3
36130,6,4,3.8,4.78
4660,1,1,3.5,4.71
5672,2,1,4.2,5.27
4962,0,4,5.5,4.74
44450,4,2,8.0,5.05
3452,1,4,5.5,4.55
21471,7,2,7.8,5.66
44057,1,2,8.4,4.64
13011,0,4,2.5,3.52
30161,5,2,1.2,6.19
27888,0,0,7.9,6.19
14040,2,2,8.0,5.22
48061,2,0,8.1,4.17
37525,6,3,0.7,5.69
40655,7,3,0.4,6.83
12522,3,0,9.9,4.37
17825,2,1,2.3,5.0
30659,4,3,1.2,5.22
1819,4,4,2.8,5.04
14320,0,3,1.1,5.53
18289,4,4,6.7,5.03
23949,7,3,0.4,4.74
34991,1,1,0.4,5.36
15864,0,3,6.3,4.44
48700,5,1,4.2,4.07
12608,3,0,1.6,5.7
36359,7,2,1.0,3.23
22043,0,3,0.1,5.19
30605,5,4,5.9,7.51
69,5,1,4.2,7.35
35396,7,0,3.7,3.32
47540,2,2,9.3,4.54
21950,5,4,8.7,3.5
42234,0,4,5.0,6.39
47957,5,4,5.4,6.42
41175,5,1,9.7,6.13
48992,2,1,3.1,2.42
36918,2,4,9.3,5.04
13712,5,4,8.8,4.03
38881,5,3,9.5,6.08
945,1,0,0.9,4.7
19721,1,0,5.8,6.26
4665,1,4,0.1,5.42
34671,0,2,7.4,2.75
43104,4,3,1.3,3.33
26931,5,0,8.0,5.49
28202,7,3,6.8,4.95
20725,3,0,7.7,4.18
42333,4,4,1.4,5.74
48109,4,3,8.2,5.23
23291,1,1,7.8,6.55
14421,5,1,9.5,3.55
20303,5,4,5.4,6.21
45743,5,3,4.1,4.61
5263,7,3,2.1,5.85
8738,6,2,8.8,2.63
3425,5,3,7.0,5.62
3970,4,2,9.7,4.83
43355,3,4,7.3,4.25
12409,2,0,2.1,4.89
30991,6,1,8.7,4.15
44689,6,1,5.6,3.7
44043,4,4,3.4,2.94
3595,0,4,3.6,2.93
24860,3,1,3.6,3.52
48729,2,4,7.1,5.86
46075,1,1,5.6,7.38
3925,7,1,6.9,3.09
38212,5,1,2.8,3.75
4949,3,2,7.7,5.46
22289,4,2,4.7,4.44
41560,2,3,5.1,6.97
48977,2,4,7.3,4.26
30867,3,0,1.1,3.33
35239,0,1,3.8,5.36
3325,4,2,3.4,6.18
18912,2,2,3.5,5.3
12289,4,4,1.8,3.17
6267,5,4,4.5,4.92
14438,0,3,6.4,5.52
3937,2,2,7.1,5.47
13225,3,0,4.6,3.51
44056,6,1,5.2,5.85
25527,0,4,6.3,6.32
2267,5,0,0.1,6.4
38173,1,1,7.3,4.74
16143,0,3,7.9,4.08
7663,7,2,5.7,3.85
14528,3,3,3.4,3.48
10682,4,1,6.5,4.38
30686,0,0,6.5,7.99
14792,4,0,0.3,5.83
27376,1,0,0.2,6.02
49359,4,0,8.3,3.77
4814,3,0,10.0,5.36
20735,3,3,8.8,5.51
45752,1,4,1.1,5.27
26375,1,4,6.5,5.01
14597,0,1,1.7,4.74
11723,7,0,4.8,5.04
1367,4,2,8.9,3.29
19022,0,0,9.1,4.99
17886,6,0,2.2,5.2
31391,3,1,8.0,6.02
48667,6,2,8.0,7.52
9805,6,4,7.8,4.94
15931,5,3,5.0,5.5
28486,4,0,5.1,3.86
41515,2,1,1.8,7.34
21820,3,3,4.4,4.84
46918,6,1,1.9,3.61
43986,7,0,7.3,5.98
45892,6,3,6.5,5.6
20581,2,2,3.7,3.62
1532,0,3,6.0,3.8
7333,5,0,0.5,5.34
17191,1,0,7.8,5.67
9360,7,3,5.1,5.06
5935,5,0,0.1,6.95
12681,6,4,6.5,3.98
20258,3,1,1.2,5.46
44094,7,3,4.0,4.39
40006,6,1,8.1,5.85
33133,4,4,7.1,3.63
23035,4,2,0.7,3.52
46979,0,0,5.5,5.71
27034,0,1,0.3,4.71
40571,6,1,4.1,4.45
18857,0,2,7.9,4.29
17665,3,2,3.4,4.56
21921,6,3,6.2,4.65
17432,1,4,6.3,4.44
46062,1,1,3.8,6.48
31915,3,4,9.1,3.1
14007,2,3,0.1,7.38
35681,5,3,7.2,4.84
22979,1,2,2.8,3.55
43219,2,3,8.2,6.63
9809,6,1,6.5,5.39
24170,2,4,8.1,7.21
29799,1,1,5.2,5.2
7736,4,3,4.4,3.61
44630,3,0,5.6,4.58
30314,7,4,1.4,5.62
28418,1,1,7.7,4.48
33907,3,4,6.2,4.13
24891,3,3,3.9,6.31
24195,2,4,8.4,4.11
30545,2,2,1.5,5.36
20886,2,0,9.7,4.86
40295,4,0,3.8,6.03
29196,2,2,5.7,5.79
29669,4,3,9.1,6.52
21306,3,4,4.2,3.3
31710,6,1,0.9,4.55
11006,1,0,7.7,6.92
19431,6,1,3.8,4.81
24575,5,4,4.5,4.76
44659,1,2,5.7,3.72
45525,0,0,0.9,5.56
13643,1,0,1.9,5.35
27207,3,1,0.2,3.88
15482,3,4,7.5,5.6
45124,2,4,1.8,3.05
28049,7,2,2.8,6.77
1973,6,1,4.8,4.64
26280,1,2,8.6,4.26
18850,7,1,7.3,4.67
28773,3,2,7.3,4.57
27296,3,1,6.3,3.93
1732,2,0,2.5,4.72
36776,6,2,0.9,6.35
40797,5,0,5.2,5.16
49458,2,0,2.3,3.22
17154,6,2,8.6,6.04
19988,0,2,9.4,2.96
19772,5,2,7.2,5.81
7150,1,2,7.5,6.3
25221,5,3,4.6,4.07
6759,1,2,6.5,6.74
1269,6,1,3.2,3.03
31054,1,2,9.6,6.88
1100,4,0,0.5,4.1
40373,2,0,6.4,2.34
22312,2,0,9.2,6.16
9960,1,3,1.5,3.84
7770,3,1,6.1,4.28
13829,0,0,4.9,2.59
19448,0,1,2.7,4.55
14121,0,1,8.8,1.95
27141,4,1,8.1,5.27
20999,1,3,1.2,4.86
20616,3,2,4.4,6.05
48709,4,1,5.6,4.44
13176,2,2,9.5,5.38
48309,2,0,7.0,4.91
1647,0,4,0.1,4.69
45937,5,2,7.8,3.93
16865,4,1,7.5,5.76
13815,2,4,8.7,5.56
30096,6,1,5.4,3.71
46360,3,4,5.3,5.77
40852,6,0,4.4,6.88
31864,6,2,3.4,6.18
18608,3,1,1.9,5.33
3292,0,0,1.8,6.6
40254,1,0,9.7,6.28
8773,2,2,2.3,4.69
24615,3,1,8.3,2.67
36521,6,3,1.0,6.51
36099,3,4,4.6,6.76
31557,2,1,4.4,6.88
29445,2,3,1.4,4.26
42877,0,2,3.1,4.19
37743,5,4,4.8,4.38
39300,4,2,3.8,3.17
48609,7,4,7.0,4.88
42535,7,0,2.6,7.12
22056,7,2,1.9,3.9
23240,7,1,8.9,6.19
35807,6,1,7.8,5.1
6359,1,0,1.7,5.39
9229,0,3,4.8,3.74
4902,4,0,4.0,4.57
2217,3,3,6.7,5.47
18015,7,3,9.3,4.18
20228,3,2,5.5,5.41
35208,2,4,3.5,4.6
48265,0,3,6.5,5.23
19252,5,3,9.6,6.97
34841,0,2,5.0,4.72
9892,4,3,3.2,5.73
19357,4,4,6.6,4.78
41297,7,2,8.7,4.17
45956,3,2,2.3,5.2
48029,4,2,1.5,4.38
16809,1,4,3.6,4.92
49363,6,1,4.3,5.21
25808,4,1,2.0,5.0
11483,3,3,5.5,4.91
37596,3,3,6.9,5.82
1826,0,2,9.8,4.57
27635,1,3,1.3,4.72
46951,4,0,1.3,3.78
46746,4,4,1.3,4.12
4028,1,2,7.7,5.0
13519,3,1,5.6,4.68
37399,5,2,0.4,5.06
43665,0,0,7.9,4.16
5258,2,0,0.8,5.36
4618,3,2,2.9,4.93
7057,7,4,0.8,5.17
37563,1,2,2.7,4.22
25915,4,3,1.3,6.36
26555,5,2,1.4,5.78
18744,4,3,1.8,6.49
12805,2,4,1.0,6.46
18606,5,1,4.6,5.21
24837,2,3,6.2,5.47
3901,7,0,8.1,6.12
20956,6,3,0.0,5.42
25335,1,3,0.9,4.87
45009,5,4,2.3,5.68
41908,1,1,0.9,4.78
11309,4,4,6.1,3.24
11626,2,0,5.7,4.46
34788,5,4,5.1,2.43
34827,3,4,0.3,5.36
29068,3,3,6.1,3.0
17672,4,1,3.9,5.48
18942,5,0,7.1,5.18
2369,2,4,6.8,2.86
40473,4,4,5.2,5.27
29657,3,2,0.4,6.59
47151,6,0,3.5,4.32
16470,1,2,8.1,3.5
23651,3,0,0.3,5.01
44322,5,1,3.4,5.58
38364,6,2,0.9,4.73
31055,3,4,6.8,2.76
12866,1,1,9.5,3.16
19232,4,0,10.0,5.8
34348,3,2,0.7,5.86
8613,5,3,1.2,4.11
15465,3,4,9.9,3.8
32875,1,4,3.6,4.37
30996,0,4,1.6,4.48
29511,7,0,3.9,6.64
26846,2,1,9.4,5.52
48178,0,3,4.6,6.24
5440,1,1,1.3,5.49
21938,5,3,2.4,5.16
18390,4,3,7.3,4.03
3520,5,1,6.8,4.5
37914,4,0,2.0,5.63
40028,5,3,0.7,6.13
30310,3,3,4.9,6.21
1754,1,4,5.9,4.9
29525,4,4,4.2,3.92
36573,4,2,8.8,6.29
2322,4,4,8.4,2.52
42608,5,2,3.5,3.54
4395,3,1,5.2,3.94
32769,3,2,10.0,4.03
45815,5,0,9.7,4.72
19479,0,3,8.6,4.66
30079,4,3,2.1,5.39
8021,6,1,1.8,4.09
45113,5,3,1.8,5.42
20445,6,1,6.7,5.07
25127,3,3,3.3,3.22
6829,4,1,1.4,4.41
14247,1,3,6.4,6.48
9893,3,2,9.6,3.47
33576,1,1,7.2,4.46
22715,6,0,3.5,4.99
804,3,3,5.4,5.1
19082,0,1,3.7,6.35
41303,7,3,4.1,4.35
12031,6,4,7.9,3.99
31585,3,3,0.8,5.71
16153,5,0,9.9,6.27
332,0,2,2.6,5.14
34354,2,0,3.4,6.34
31668,4,3,9.3,5.4
35129,1,0,2.4,3.77
20203,7,3,3.4,6.12
19912,6,4,5.6,5.04
32162,2,2,7.9,4.49
39416,2,3,6.6,3.93
220,7,1,6.0,3.93
26024,4,4,9.7,5.63
43289,6,0,5.1,6.05
5667,7,3,8.9,7.68
14755,4,0,3.2,4.92
40943,7,3,5.2,4.88
31001,5,2,4.1,1.6
305,4,2,9.4,5.76
3458,7,3,3.8,2.86
43906,3,3,6.1,2.79
30926,5,3,6.3,5.44
2327,2,1,4.8,5.81
39299,5,2,7.8,7.47
756,7,4,9.6,5.03
38795,0,3,8.5,4.89
10419,2,0,6.0,6.12
13581,4,1,7.4,7.06
32235,4,1,1.6,4.54
34905,6,1,4.2,4.32
45348,0,2,4.1,6.4
10748,3,3,6.6,2.36
14518,0,1,3.2,2.51
27765,6,2,7.9,4.82
8411,0,1,1.4,2.13
25435,6,3,5.0,3.58
43989,3,2,0.2,4.7
39597,0,2,2.3,4.84
27890,6,1,1.1,4.68
35176,5,1,0.5,3.08
21289,5,4,1.4,3.0
33262,4,3,7.2,5.66
48210,5,4,6.5,5.56
28902,4,2,8.6,4.13
42344,6,2,1.5,6.19
4175,2,2,2.4,5.55
16973,2,0,7.6,6.1
48583,4,3,4.6,6.21
48329,4,3,1.7,7.08
44204,2,3,5.7,7.52
11897,0,1,2.1,5.55
33964,1,2,10.0,4.75
13279,4,4,9.7,3.06
45084,4,0,6.8,4.69
22449,0,2,9.7,5.12
48692,0,0,1.6,4.58
19532,7,4,3.8,3.07
18188,1,2,5.5,6.2
25222,6,4,9.5,6.4
14123,0,0,3.9,5.22
36128,3,0,4.1,3.77
16810,5,1,0.7,4.32
41825,3,0,7.3,3.22
25734,1,1,5.0,4.22
17422,3,3,6.0,6.39
29738,5,4,2.3,6.27
6653,5,4,3.0,3.84
20058,6,4,0.2,5.42
38544,1,0,7.6,4.27
23270,1,4,3.2,6.32
22066,3,1,2.1,6.2
40458,3,0,0.5,5.19
11243,0,3,3.6,4.73
33316,5,2,4.3,4.78
43851,6,1,9.0,1.86
23517,4,0,2.5,3.97
2544,0,3,0.6,4.19
29491,7,2,8.6,3.34
43942,2,3,9.8,5.42
18096,6,3,2.9,5.31
15640,4,1,7.4,4.97
40169,0,4,7.9,3.98
32993,6,3,6.3,3.59
15955,5,4,8.4,6.16
44284,5,4,0.8,5.46
48320,5,3,3.1,5.09
47356,4,2,4.8,4.21
2573,4,2,7.7,3.63
1580,1,2,0.1,3.45
42905,5,2,7.1,4.78
39964,7,3,3.1,5.03
42317,5,3,4.2,4.13
23823,5,3,8.3,5.13
25076,6,4,4.5,3.59
27377,5,0,1.7,3.59
22928,0,2,1.2,5.16
11212,1,3,3.7,6.38
20384,7,1,8.4,4.5
46021,0,2,3.6,5.81
34456,4,2,4.7,5.22
34293,3,1,3.9,5.41
38775,6,0,2.7,5.22
34708,6,2,4.8,4.91
35638,4,4,0.9,5.68
12868,2,3,7.2,3.17
40114,3,4,3.9,3.52
15367,2,3,6.3,6.76
25060,7,3,5.6,5.74
23568,2,3,9.8,4.16
12446,3,4,5.9,4.43
25994,5,0,6.4,4.25
22747,2,1,6.4,4.81
13960,1,4,4.7,4.96
17444,2,2,6.0,5.51
9690,0,1,1.4,4.96
33071,4,0,0.6,3.51
28894,6,0,9.8,5.91
39758,3,2,0.1,4.51
17541,1,1,1.4,4.28
48288,0,4,5.8,7.06
31213,2,3,7.0,2.19
35740,4,1,0.5,4.87
20512,3,4,9.5,4.39
48068,2,0,5.6,4.91
14862,3,1,7.5,5.24
45396,6,1,3.6,6.49
17448,6,1,5.2,2.6
42682,4,2,9.7,3.62
5513,7,3,5.2,5.72
48187,6,4,0.9,3.85
10412,6,3,9.6,5.41
32498,7,1,6.1,4.34
39006,7,3,4.0,4.59
30489,6,0,5.5,5.17
40045,0,3,3.5,7.05
17030,1,0,4.6,5.76
36463,0,2,5.7,7.19
34603,4,0,5.4,6.14
23853,4,3,5.9,4.46
30028,3,4,1.6,5.2
16655,4,1,2.5,4.11
9717,1,1,8.6,3.47
22760,6,3,1.3,3.91
15561,0,0,1.0,4.69
35531,6,2,7.0,2.56
12011,6,4,0.6,3.65
3989,0,2,8.5,3.13
41345,5,4,1.3,2.03
42281,1,2,0.8,4.69
14751,6,2,6.9,5.83
41760,4,2,2.7,5.67
6466,0,0,0.9,7.22
26789,3,2,5.5,5.62
18761,7,4,8.1,4.11
23661,5,4,0.6,4.6
3494,0,3,5.5,5.81
38531,3,1,8.1,4.39
14974,7,3,4.2,6.39
49972,1,4,9.9,5.19
19845,5,3,5.1,4.5
47371,4,4,6.7,6.52
25070,5,3,7.7,5.91
14329,6,2,3.8,6.63
24873,4,3,0.6,3.57
46397,2,3,3.2,4.8
4274,4,2,6.7,4.54
41154,6,1,0.1,3.73
32757,6,3,0.2,3.96
6033,3,1,6.8,3.85
13125,6,1,2.5,7.03
11965,2,0,6.8,4.18
24647,4,4,8.6,4.44
19132,6,2,1.7,6.09
47759,7,2,7.3,3.92
42245,1,3,9.7,5.75
24565,6,0,8.7,5.89
23063,4,3,9.1,6.11
46091,4,4,1.1,5.47
47782,5,4,2.6,6.42
18005,1,3,9.1,4.31
8170,7,2,5.1,5.94
2010,6,3,1.4,2.35
29460,0,0,6.3,5.33
19853,2,1,2.4,5.59
29253,7,4,0.5,3.84
21796,3,1,3.8,4.15
23650,7,4,3.7,3.76
20692,5,3,8.0,2.45
22880,5,2,1.4,6.21
33929,6,3,5.1,5.84
36800,4,3,5.2,5.04
42912,3,1,2.9,6.18
9296,1,4,3.1,4.81
6124,4,3,5.2,6.27
5552,6,4,2.4,3.02
30692,2,1,1.6,4.45
10199,4,4,4.5,6.64
16301,4,1,8.3,6.22
20790,0,1,9.7,6.51
22499,2,2,6.7,3.84
12977,0,2,9.5,5.61
28640,3,1,1.7,5.34
39835,6,4,4.1,4.38
6663,7,1,3.7,4.92
11166,6,1,9.6,4.82
47103,7,4,8.4,3.44
19516,0,4,4.1,4.25
2905,4,2,6.8,5.96
47865,2,0,3.2,6.84
22546,0,3,8.6,7.32
11568,2,0,3.6,7.43
31801,2,4,4.3,6.59
18669,3,3,2.9,2.93
45105,0,0,7.9,3.47
20803,3,0,8.2,5.24
31015,2,3,2.9,5.81
39429,6,4,6.3,4.21
44613,7,4,5.9,4.52
29459,1,3,7.6,3.25
12357,6,2,1.5,3.93
15705,3,1,2.6,3.78
41942,5,1,5.1,5.39
7472,7,3,9.0,5.51
45170,5,0,3.0,4.87
27834,3,1,6.7,4.68
9929,2,4,3.3,4.43
29498,6,4,1.1,2.88
20573,0,3,8.7,4.61
19288,6,0,9.7,6.65
21052,7,2,5.9,5.6
30281,3,0,2.2,4.1
28417,4,1,4.9,6.38
8211,6,0,8.8,4.28
14969,4,3,9.3,5.76
31114,0,0,7.8,4.95
41659,6,2,4.7,4.24
21799,3,3,4.7,5.68
30956,0,1,4.0,4.24
46964,0,0,0.1,3.38
22002,0,1,7.1,5.03
31560,4,1,7.3,6.13
17333,3,3,5.0,3.86
13767,3,1,8.1,5.24
44675,2,1,9.2,5.82
37163,5,3,5.1,5.23
31600,1,1,4.3,2.02
1495,2,4,2.8,5.2
38195,4,4,6.8,6.8
37088,5,3,8.8,3.21
27732,4,1,7.7,5.63
2521,5,1,3.8,4.52
24017,0,0,4.6,5.13
1385,4,1,2.4,4.7
32019,7,2,6.9,6.51
4079,4,4,4.3,5.2
39579,2,3,7.9,6.93
35596,6,1,2.2,5.3
49902,5,3,8.3,5.95
39877,6,2,5.8,4.01
16759,4,0,2.4,4.67
1788,6,0,5.2,5.8
4315,2,2,1.1,4.96
19617,2,2,8.5,8.36
44080,2,0,1.6,6.04
38288,6,2,5.7,6.08
39992,0,2,2.3,4.56
7059,2,3,1.4,5.53
29176,1,1,7.5,5.19
4107,6,3,9.8,5.46
49143,4,2,2.3,6.35
12159,1,0,6.4,4.1
7145,0,3,2.1,5.59
14921,5,3,8.9,2.43
28377,2,0,4.5,3.97
20947,5,2,8.3,6.17
3747,4,1,5.4,4.84
27339,1,2,2.9,4.98
4455,3,3,6.9,5.28
7339,7,4,3.3,2.94
44059,2,4,4.7,6.18
16925,7,4,1.9,4.99
38771,7,1,5.9,4.44
18820,2,1,5.4,4.44
31649,2,0,1.3,5.62
13000,6,4,6.6,2.72
30148,3,0,8.1,4.75
351,3,1,4.9,4.02
14832,5,3,9.4,3.31
33555,0,0,5.6,2.64
17650,0,1,8.1,5.78
11396,5,2,9.5,7.61
32350,6,1,4.0,5.85
33791,1,0,0.2,4.7
49434,6,4,3.9,5.68
26983,0,3,4.5,2.09
1408,7,4,9.7,4.99
466,6,3,3.2,5.77
40643,4,4,5.2,4.38
13877,1,1,9.7,6.05
15689,4,4,3.7,3.39
46837,1,0,9.1,4.84
23323,5,4,4.0,5.0
39651,6,1,3.9,3.21
15329,5,2,0.3,5.88
20220,7,3,5.1,4.74
3389,2,2,5.8,4.72
34315,6,0,4.0,5.84
26716,0,4,4.6,4.11
12937,0,3,1.7,5.19
38131,4,0,2.9,5.5
10961,6,2,2.7,5.09
17252,6,4,0.3,4.62
47844,4,1,0.1,4.27
35802,1,4,3.2,4.78
19362,5,3,2.1,4.93
18505,7,4,9.8,6.61
44098,5,0,4.3,4.11
16572,1,2,9.1,6.09
13897,0,2,5.4,3.62
4330,7,0,3.7,6.41
33568,3,2,0.4,5.6
34180,6,1,6.3,6.19
37921,4,1,7.8,3.88
13997,3,1,4.8,4.87
33564,1,1,5.4,5.96
3703,2,2,8.3,5.05
42833,7,3,0.7,5.98
25831,1,4,6.5,3.14
34508,1,3,7.6,6.39
27144,2,4,2.1,5.88
41312,1,3,4.0,4.55
16274,2,1,7.0,5.93
12748,6,4,8.7,4.28
45982,0,2,5.8,4.73
46437,3,3,2.8,6.47
36313,7,4,5.7,7.77
12619,4,1,3.3,5.11
21832,1,4,5.2,4.03
37740,5,3,1.2,5.58
46234,6,2,5.7,4.5
26430,0,2,8.5,3.24
41062,7,1,8.1,5.21
14409,7,4,4.6,7.44
3883,4,3,8.2,3.47
5865,2,2,6.9,4.91
36718,1,0,6.7,5.9
26513,7,3,0.8,4.97
46375,4,2,6.5,5.74
39759,7,4,8.7,5.83
26511,1,4,6.1,3.68
44123,4,0,6.7,2.81
38522,3,0,9.6,5.51
38785,5,2,5.1,4.75
35177,1,0,4.0,4.92
1897,0,3,4.2,6.77
7838,5,0,8.4,4.21
43887,1,3,0.1,4.65
30286,5,0,3.8,3.66
13785,6,1,9.0,7.12
47742,5,4,6.2,6.0
36143,7,3,6.7,5.79
12800,7,4,4.3,3.9
19215,3,1,5.4,2.91
20455,5,2,3.3,4.79
44435,3,3,7.1,2.66
25133,6,0,2.1,4.76
20421,6,4,0.2,6.25
42708,2,0,5.0,8.41
22736,1,0,0.5,4.34
24950,6,3,2.2,5.84
14223,1,2,2.2,6.61
29764,3,2,9.9,5.71
21025,4,2,2.1,2.04
38595,7,3,8.8,6.03
43196,4,1,8.5,3.19
34945,7,1,8.8,4.8
4912,6,2,1.0,6.26
8392,6,4,0.7,5.2
19518,7,3,9.0,4.97
9624,7,0,7.7,7.14
19059,6,0,1.0,4.1
46805,7,4,7.5,5.09
48614,4,3,6.0,5.55
28670,0,3,0.5,5.86
5297,1,2,9.8,4.6
18807,2,1,8.0,2.52
44215,4,0,5.9,3.31
26215,2,4,6.8,6.02
28134,6,1,1.6,5.79
25373,1,2,8.2,5.33
28420,3,2,7.9,4.34
22991,4,4,7.5,3.71
34005,2,4,3.0,4.85
36187,4,2,1.3,5.19
27018,2,1,2.4,6.28
10207,5,3,6.1,3.62
23331,4,4,8.0,6.1
46635,0,3,9.6,3.29
29906,4,3,9.1,6.66
28290,1,0,7.5,4.67
15032,0,3,8.2,4.93
30317,7,2,4.4,4.97
49684,7,1,6.5,4.87
12471,1,3,8.6,5.71
3962,7,3,1.4,6.02
19954,6,1,5.5,4.35
36432,7,2,7.1,4.51
25796,6,3,7.8,2.52
22800,2,0,5.4,5.58
16761,1,2,5.0,5.37
16671,7,2,8.8,5.38
2633,3,0,7.3,5.1
5219,0,3,2.3,3.33
29015,6,1,8.3,3.05
23324,5,0,3.7,7.28
48937,5,4,2.7,4.25
20757,2,1,9.7,3.5
35124,6,1,1.9,5.03
14757,5,2,9.0,3.92
39957,4,0,9.7,7.68
2791,7,1,4.6,5.71
11917,3,3,1.9,7.7
36684,7,0,7.5,2.45
49822,0,3,6.6,5.93
30933,7,0,7.9,6.56
490,4,0,3.5,5.48
17661,5,1,2.7,4.94
43416,2,3,8.7,3.54
3171,7,3,5.6,5.59
1235,2,3,8.2,3.9
28971,3,1,2.6,3.37
34930,7,1,1.7,5.36
49270,7,3,8.0,5.54
47227,7,0,2.0,3.7
7497,6,1,8.4,3.88
18082,3,3,9.5,4.04
30834,0,3,8.1,5.42
25120,4,2,5.8,2.13
4270,7,4,0.9,6.14
34286,5,3,4.8,4.63
11432,1,3,9.0,3.36
21600,3,3,0.2,4.84
8269,1,2,2.5,6.47
36576,3,1,5.2,5.59
46370,7,3,5.2,3.01
46479,3,0,6.2,4.92
36164,3,3,1.1,4.9
14160,4,3,9.3,2.98
46201,1,3,1.5,5.11
46741,6,1,4.3,7.63
11320,0,0,9.0,5.93
46685,5,4,6.7,5.11
25144,3,2,9.6,6.28
2415,6,4,7.7,2.93
40757,3,4,4.2,3.46
42755,0,0,6.4,6.5
4042,5,4,4.5,3.6
4781,6,3,5.0,6.21
22779,7,2,8.1,4.89
28272,0,2,0.9,4.97
45625,0,3,0.7,7.16
43357,6,2,8.1,6.01
30954,6,3,9.8,5.66
12798,3,1,8.7,6.84
9482,7,1,1.9,5.16
9613,6,2,2.5,5.13
728,4,2,8.7,3.89
43366,2,1,1.2,3.58
18155,2,4,8.0,6.59
25412,1,1,6.1,3.59
20632,6,4,5.8,3.61
1455,7,2,0.6,4.56
11508,3,3,7.4,5.34
3353,4,0,9.4,3.29
29022,3,4,5.9,5.3
44930,1,1,5.3,3.83
23884,3,4,1.4,3.88
32479,4,3,9.3,6.12
10752,4,2,4.4,4.86
642,6,3,7.2,4.8
13676,1,0,6.1,6.7
35055,1,1,6.4,3.44
35392,2,2,6.0,2.9
32379,5,0,4.6,3.81
11702,2,3,9.7,5.9
31747,3,0,9.4,4.1
30115,6,4,9.4,5.67
8678,1,3,10.0,6.71
47943,7,3,0.9,4.16
22572,0,0,0.5,3.8
48933,4,3,5.3,5.9
23079,0,1,9.5,6.12
47714,7,3,1.1,3.5
1228,3,4,2.2,4.74
4159,3,3,2.7,4.35
24532,0,4,5.3,5.3
27989,4,3,5.6,4.41
29713,0,0,2.0,2.67
48711,5,2,5.1,4.29
31016,4,0,7.7,7.37
48500,1,3,3.8,5.77
49727,5,2,7.3,4.97
41010,3,2,5.8,6.17
34824,4,1,9.2,5.53
33215,0,3,2.4,4.63
2298,2,3,5.9,4.99
5294,0,0,0.6,7.7
40085,7,3,4.7,2.94
30427,1,2,4.0,7.09
29192,0,0,3.0,6.27
11479,0,2,2.0,5.67
30358,4,4,5.2,4.04
38633,7,1,0.9,6.24
42635,7,4,9.2,3.07
40414,5,0,6.9,4.39
20572,1,4,3.5,5.21
10577,1,4,9.7,5.43
46356,0,3,4.9,5.77
45724,2,0,4.8,4.72
21827,4,2,8.9,4.29
31503,7,3,4.5,5.5
29315,6,4,1.3,3.85
24730,0,3,1.8,3.01
24269,1,3,0.4,3.32
21415,7,0,4.1,4.2
23960,3,4,9.1,4.49
28607,4,3,0.2,7.23
1761,1,4,4.5,5.96
3544,3,0,0.8,5.36
16493,2,0,3.0,3.81
8357,2,0,2.0,4.88
7685,6,1,9.4,5.61
19507,0,2,1.2,4.32
26892,5,0,0.8,3.11
16380,5,1,3.9,4.55
2144,7,0,0.9,7.77
10750,3,4,4.1,4.32
46153,0,1,0.2,5.75
20296,1,2,4.6,4.81
1085,0,3,8.6,4.61
23724,1,2,1.8,3.6
31919,6,1,6.5,5.24
22418,5,3,8.5,6.73
9441,1,3,3.2,4.02
11271,5,4,7.3,5.74
31618,5,2,9.7,4.25
7313,2,0,8.4,3.25
42401,6,0,9.6,5.01
31745,0,3,5.4,6.06
37843,2,0,6.8,3.43
34929,0,1,4.7,5.35
17197,4,3,2.3,4.63
39649,3,2,1.5,6.49
48427,4,1,1.8,3.54
6959,1,0,8.9,3.74
23231,1,0,3.4,5.36
26603,6,4,2.7,7.06
40075,7,4,8.2,5.19
12585,6,0,1.0,4.29
41046,2,3,2.6,5.69
3527,5,0,3.4,4.14
13351,7,4,6.9,5.36
3847,3,3,4.4,5.41
24000,5,2,9.5,3.84
47295,2,1,3.1,6.11
4848,2,2,9.9,4.91
10857,1,1,6.7,5.19
30173,5,3,7.5,4.38
39900,5,4,3.3,5.4
44441,6,0,7.5,4.96
17581,1,4,4.3,5.67
9599,6,1,3.4,4.53
3225,5,4,4.4,4.51
22723,0,0,5.1,4.39
49899,6,0,3.2,2.05
29194,4,0,6.2,5.47
42304,5,0,0.2,2.12
15569,4,0,0.3,4.17
43194,2,3,2.4,6.3
22519,0,0,1.7,6.16
21014,7,3,4.1,4.9
27283,0,0,5.3,6.3
1851,3,4,6.4,4.08
4250,2,0,0.0,4.28
27199,5,3,5.0,3.85
26710,1,0,7.8,5.39
31850,4,0,1.0,6.74
40121,6,3,6.4,3.28
45456,5,2,1.6,5.41
18221,7,0,1.3,3.16
24137,4,1,5.2,6.66
13948,1,3,5.9,5.74
43159,2,0,0.5,3.81
43931,3,3,6.5,4.06
43550,6,3,2.5,5.44
33638,5,3,7.8,6.29
19653,1,2,4.6,4.86
17634,7,2,9.1,2.85
33574,1,4,0.2,3.9
38611,4,4,6.3,5.75
35037,4,1,2.7,6.39
29062,4,4,7.3,8.23
3495,7,2,7.6,5.66
29168,6,2,1.3,4.63
12788,6,3,7.3,5.28
23556,1,0,6.4,6.11
11303,0,4,6.2,4.47
9928,4,3,0.9,5.24
35027,7,0,2.8,6.93
40722,7,4,8.7,3.19
16637,7,0,1.9,2.45
17459,6,1,8.0,5.52
18397,1,1,7.0,5.39
44698,1,2,4.2,5.48
16528,2,0,4.8,1.94
48686,5,3,8.2,3.18
5541,6,0,9.4,3.8
36213,1,2,8.3,4.71
49996,2,1,0.4,6.03
11500,1,0,9.0,6.88
30831,4,3,7.2,7.59
20890,2,0,9.4,7.86
37213,7,3,8.7,4.38
19442,3,4,4.8,6.97
2509,4,2,1.7,3.57
49692,3,0,3.2,4.17
9392,6,3,4.7,4.28
34062,2,2,3.9,7.08
5133,2,3,0.9,4.5
35522,0,4,1.7,6.31
36694,3,0,6.8,3.63
11089,5,4,5.3,5.12
36017,6,0,3.4,5.4
33591,1,3,6.7,5.73
7812,4,3,4.9,5.73
35761,5,4,6.6,5.38
40538,6,0,5.5,4.41
41532,5,4,5.4,3.7
24888,1,1,8.2,4.7
40711,1,3,1.2,5.19
1046,3,2,1.9,3.09
47359,4,1,1.2,4.86
49053,5,4,6.2,5.06
44539,2,0,0.0,4.62
21427,4,0,9.3,6.4
39714,5,2,0.8,3.37
48586,5,4,8.4,4.75
11799,0,2,6.6,7.51
44481,2,3,0.7,5.73
24434,0,3,6.6,6.37
13236,7,0,3.0,5.64
23430,1,3,8.9,5.54
16365,2,4,3.4,5.87
35031,1,3,2.0,5.88
43650,1,0,3.2,5.14
33784,6,2,5.0,6.21
36113,2,4,0.8,3.31
47319,3,1,6.1,5.0
1734,1,3,1.0,4.36
24594,3,3,7.2,4.72
27104,0,0,0.2,4.74
42146,7,1,6.4,5.45
1262,4,3,9.1,4.52
32544,3,1,7.5,6.14
25002,7,2,7.4,3.95
43207,3,0,4.5,3.24
17389,3,3,4.7,7.1
47315,0,3,6.3,6.0
38513,3,1,9.1,5.67
39513,2,2,1.6,5.77
4853,0,3,9.0,5.78
47048,1,3,6.0,6.52
27658,7,2,2.6,8.41
44071,1,4,6.8,4.85
44895,4,0,1.7,3.29
18999,6,2,7.8,3.87
18458,6,2,5.3,3.93
23873,6,1,1.0,4.87
43953,6,3,6.2,6.01
24142,5,3,5.4,7.15
48910,1,1,9.7,3.79
15001,6,3,9.5,3.56
30813,5,2,5.2,4.63
32786,1,1,2.3,4.87
3197,6,2,7.6,5.35
19372,0,2,1.7,3.51
6332,3,3,6.9,3.41
14361,0,1,1.0,4.68
48838,6,1,4.1,6.31
25538,1,3,1.5,3.84
30870,6,4,5.6,6.87
7384,2,0,9.3,2.59
16242,4,4,7.4,6.41
36792,5,2,3.1,5.86
40932,5,2,7.9,3.25
12750,4,3,8.9,5.2
6923,1,0,0.3,1.91
41865,7,4,4.3,4.3
13069,4,2,8.1,4.31
20156,6,0,9.8,6.03
44223,4,1,5.7,4.96
17978,2,4,9.8,5.96
12130,2,1,2.7,4.38
8138,3,0,5.3,5.91
15485,7,1,8.5,6.76
49146,0,0,0.1,7.16
28728,5,4,8.8,4.99
36407,2,4,9.6,3.83
44203,4,0,8.9,5.38
38773,7,3,1.6,2.9
30625,2,3,1.5,1.1
17640,5,4,3.4,3.0
21293,2,1,2.6,6.16
2676,6,1,6.0,4.38
29336,0,3,3.6,6.73
22895,1,0,6.2,3.62
36191,2,2,3.4,5.03
39295,2,4,6.6,3.95
22442,1,3,2.7,3.29
11009,0,0,6.9,6.08
35094,0,4,1.6,5.48
27222,1,2,10.0,4.28
37936,1,2,8.9,7.42
44535,1,2,6.7,5.69
5354,2,3,8.2,3.55
28086,5,1,5.0,4.32
39209,1,2,7.0,5.52
22434,7,2,1.0,4.45
24983,2,0,0.3,4.67
15006,5,4,5.9,4.07
23798,0,4,9.9,4.59
29098,5,3,9.1,5.4
28378,5,1,9.3,5.29
43135,5,1,6.8,4.13
26393,3,4,4.9,4.72
34810,4,2,5.6,3.46
14480,1,3,0.7,5.41
16009,3,3,9.3,5.34
6080,1,1,1.6,6.01
34052,0,3,0.3,5.19
38334,1,1,4.7,7.34
4615,4,0,6.4,4.7
20204,7,3,1.2,4.44
26337,5,0,1.6,5.13
7371,4,4,9.0,4.07
32801,1,3,4.5,4.03
20931,1,0,8.8,6.21
17033,4,0,4.5,6.49
34135,7,3,6.6,4.86
45987,7,4,0.4,4.83
20141,2,2,3.4,5.63
4722,3,2,7.3,3.46
39227,0,0,3.0,3.82
2527,5,0,0.3,5.16
41461,0,2,8.6,4.44
20133,5,4,8.0,6.53
48541,7,3,6.1,3.1
43520,4,1,6.7,3.55
39784,1,4,9.5,3.14
3812,1,2,9.9,6.57
18169,2,2,7.8,4.33
41420,7,0,9.9,6.57
31939,5,3,0.1,4.21
5022,2,2,5.7,4.45
49155,0,0,1.8,5.21
5134,0,1,3.1,5.09
1815,4,4,3.6,5.6
22521,2,3,8.9,5.48
45565,6,4,2.5,4.02
46808,2,1,8.4,6.33
24653,2,0,0.2,7.65
48834,5,1,6.4,3.04
30408,2,2,1.4,3.36
10557,4,2,3.2,7.68
8623,7,4,1.7,3.82
3004,4,2,1.0,3.56
2,0,2,7.1,5.84
48040,6,1,0.6,4.62
41982,7,3,9.8,4.41
30037,5,1,7.7,1.78
15725,0,3,5.0,4.47
34239,2,1,3.4,5.92
7212,3,4,0.7,4.79
47825,3,3,8.1,4.95
596,5,3,7.3,7.3
27294,7,3,7.5,3.25
48952,5,0,7.7,5.04
25987,2,4,7.4,7.21
24293,2,0,9.7,3.74
3995,5,1,3.4,5.61
29827,6,2,7.2,5.79
16093,6,4,3.6,4.67
49581,7,4,7.5,5.39
585,7,4,7.3,3.17
45314,1,2,4.2,4.24
36735,4,2,4.2,6.9
29093,1,2,0.0,5.15
48393,4,1,7.4,5.6
47884,1,3,7.0,2.46
20006,7,3,4.5,5.49
27742,2,4,0.6,7.16
23559,2,3,9.8,3.4
15429,2,0,1.5,2.53
39629,7,3,4.7,7.24
32926,7,1,9.3,7.12
3308,4,3,4.9,5.03
43083,1,1,3.4,3.75
16361,1,4,3.8,4.99
35048,3,1,5.5,4.37
10983,0,4,2.6,6.5
1107,7,0,5.6,5.94
41215,2,2,9.9,4.74
4215,2,0,8.7,3.7
40979,5,3,4.4,5.97
2682,2,1,1.5,6.24
35007,3,4,8.5,5.97
21770,7,1,3.4,5.0
11643,7,3,2.4,3.99
49711,3,0,2.9,6.34
24554,3,2,3.3,5.03
48646,2,3,4.2,3.2
21151,1,4,0.1,5.28
2704,0,0,3.5,6.51
26026,6,1,5.0,5.69
17887,5,1,9.9,5.4
17138,0,3,1.4,4.55
16121,7,1,9.8,5.05
30465,6,1,0.2,3.07
6165,1,0,2.2,6.6
35751,5,2,0.3,4.57
16260,0,2,8.6,4.19
48934,7,1,0.4,3.93
4970,1,3,3.2,5.67
41379,2,1,7.2,4.12
28677,0,4,8.6,6.61
31330,2,2,9.3,5.12
24234,0,2,7.1,4.66
27123,3,2,1.9,6.06
29100,5,0,8.4,5.57
38220,1,0,5.1,4.84
2517,7,0,3.7,4.64
23182,7,3,6.7,3.84
6549,4,0,5.6,6.51
32137,1,2,4.6,3.38
40352,7,0,6.1,6.05
34934,7,4,7.7,4.54
3838,1,3,7.4,5.54
21355,1,1,7.5,4.61
3736,6,2,8.1,4.07
14553,2,4,6.1,6.5
40864,1,3,1.2,3.37
6070,1,0,5.6,4.42
11059,2,3,6.2,4.49
17346,0,1,6.6,5.59
14778,6,2,4.9,3.81
1941,1,4,3.5,5.7
7610,7,0,0.9,4.4
10805,1,0,0.2,6.51
37319,3,1,2.5,5.45
37533,7,4,1.8,5.35
4809,4,2,3.2,4.77
24251,2,4,4.8,5.51
32059,7,2,7.2,5.45
31356,0,3,5.4,3.14
42205,5,3,4.1,5.87
2873,3,1,6.2,5.36
29976,0,3,4.3,3.43
48031,6,2,9.4,4.92
9765,5,3,1.1,4.16
25098,5,3,6.7,2.0
2428,6,3,9.6,4.08
30184,4,4,1.7,4.21
2699,7,0,4.4,6.04
12498,2,0,4.6,4.26
38169,5,1,5.9,4.2
24519,7,3,10.0,6.08
33425,5,1,0.1,5.48
8902,4,3,4.0,4.33
20658,3,0,2.2,4.03
47953,2,3,1.5,4.41
36635,4,4,5.8,3.9
22026,0,2,1.8,5.02
42089,7,1,7.0,5.14
35253,1,0,5.5,5.49
35500,3,0,4.8,2.78
34416,0,0,0.7,4.62
28590,6,1,5.7,4.68
5727,0,3,8.0,7.92
10798,4,4,6.9,5.61
8518,4,0,6.8,4.13
30083,1,2,2.2,3.55
37179,0,1,0.2,5.73
14240,3,3,0.4,3.15
2711,6,2,0.6,6.12
8879,2,2,1.4,5.07
1538,3,4,8.2,3.44
15901,6,4,0.1,6.36
2836,7,1,1.9,4.14
40840,5,4,0.9,5.47
24589,3,0,0.6,5.58
11301,7,0,4.7,5.64
8264,7,4,6.8,6.98
2499,1,2,9.5,6.11
43686,2,4,4.5,5.63
42058,1,2,4.9,4.45
1382,2,4,9.5,5.84
46141,3,4,3.1,5.07
12795,2,1,4.6,6.8
19968,3,0,7.7,4.38
48026,4,0,6.8,7.02
15757,0,0,8.5,5.55
1102,4,3,4.2,4.99
9639,1,0,6.1,5.68
13533,2,3,9.5,2.5
7441,3,4,10.0,5.37
5167,0,3,7.2,3.96
45683,2,3,0.1,4.85
9628,6,1,2.3,4.76
21455,3,0,0.4,5.96
17854,1,4,5.5,6.05
26811,1,3,7.8,4.17
29808,2,2,6.8,4.03
33139,2,0,1.6,3.87
13465,7,0,0.5,4.38
22753,0,4,5.4,5.62
39711,4,1,7.3,4.04
46972,0,0,0.3,4.3
35451,5,3,0.2,4.57
28189,3,1,7.1,5.01
44210,1,2,4.5,3.55
16319,6,0,2.3,5.79
40709,4,0,6.6,6.35
36975,6,1,4.1,4.67
10301,1,0,6.9,2.24
21919,3,1,0.2,4.12
21006,0,4,1.7,4.57
19785,1,2,7.8,7.31
38490,4,4,5.0,4.78
46802,7,1,3.3,5.18
2730,5,3,6.7,4.88
22393,5,4,0.5,6.53
25226,6,0,1.1,4.96
29780,7,1,2.9,4.08
944,3,1,9.8,5.62
17571,4,3,7.3,3.16
16349,0,1,8.0,6.32
12087,5,2,7.7,4.11
23229,7,1,9.4,4.35
33579,7,0,9.6,6.42
40883,4,2,4.5,4.99
16411,6,3,5.0,6.7
1445,1,0,3.4,5.25
36255,4,1,5.2,6.06
31746,1,0,0.1,4.68
48987,0,4,1.6,6.94
22988,0,1,6.1,6.7
38669,0,0,9.4,4.28
287,5,0,0.7,5.45
46535,7,3,5.1,5.18
16915,4,0,7.2,6.04
15884,4,3,9.6,5.11
32734,7,1,3.5,3.56
9854,4,2,2.3,6.3
37598,6,3,3.0,5.68
46650,1,0,4.7,2.21
1426,1,2,2.1,5.2
9373,5,1,2.1,3.79
39016,4,4,7.2,4.16
17068,5,0,1.6,6.22
25512,7,1,0.4,4.68
49769,4,1,1.1,3.47
15648,4,1,7.4,3.46
28357,0,2,6.2,4.26
19820,1,3,2.2,8.24
47672,7,4,5.7,4.48
43852,2,0,5.4,5.99
28228,6,3,6.8,6.48
47459,4,2,0.6,3.9
17786,5,4,1.3,5.45
4420,1,1,6.9,5.27
24776,1,1,9.4,6.74
13852,5,1,5.6,4.42
39214,2,4,1.5,4.95
46762,2,1,7.3,5.27
28825,2,4,7.0,6.82
43437,5,4,4.5,6.01
19265,2,0,6.0,6.05
25810,1,2,6.3,6.93
668,5,2,1.8,7.4
47119,6,3,1.1,5.82
39269,1,4,1.1,5.04
13016,0,2,7.2,2.64
25984,3,4,9.4,4.39
17991,7,0,7.7,4.03
395,1,4,5.7,6.69
33241,7,4,3.8,4.44
2965,1,4,9.4,4.19
17760,2,3,1.3,6.36
36851,4,4,0.6,6.26
43724,4,3,2.0,5.1
19218,6,4,6.9,6.12
40264,0,2,6.0,5.61
16945,0,0,1.1,4.93
12774,0,4,1.1,6.87
12871,3,3,8.8,4.76
45856,4,1,2.2,2.99
20069,6,1,2.4,5.6
43356,5,0,1.9,4.3
35546,5,3,4.0,5.32
30702,7,3,6.9,5.25
7267,7,0,8.6,4.84
25218,6,3,1.7,3.98
4752,5,1,1.2,3.19
39112,0,2,6.6,3.13
540,4,4,1.5,4.0
20108,1,3,9.8,3.22
20883,2,2,5.7,7.37
21794,4,3,2.0,5.1
241,6,4,9.1,5.1
33850,4,0,2.2,4.54
23592,1,1,9.9,4.53
24762,2,1,7.8,6.32
11216,1,1,6.8,6.21
22147,5,4,3.8,3.02
16449,0,3,2.9,4.95
12844,0,0,6.0,7.64
41133,0,2,5.8,7.45
49039,7,0,3.9,6.59
13788,6,4,7.6,8.45
8986,2,3,3.2,3.15
19126,0,1,7.0,4.58
29417,7,3,1.0,3.9
2365,0,4,8.4,6.48
10903,3,2,6.3,4.61
15567,2,3,1.5,3.84
22049,6,4,4.8,4.22
24529,5,3,2.3,3.36
38202,6,4,9.2,3.99
37368,3,4,2.0,8.1
28661,3,4,0.2,4.38
35250,6,2,7.2,3.99
28856,6,1,1.8,4.04
36219,7,4,3.9,5.97
46568,6,2,1.2,4.07
31151,4,2,7.9,5.47
38357,6,0,3.9,2.98
34772,5,3,3.0,4.22
45619,6,3,2.7,5.44
28237,5,4,3.6,5.42
41344,7,4,2.1,5.7
21528,7,1,9.9,7.14
47320,3,0,5.9,3.83
9063,5,3,0.9,4.54
27980,6,3,0.5,4.71
31804,2,4,8.4,6.26
49058,3,2,8.2,3.75
15117,7,1,1.0,5.03
24791,0,1,8.4,3.49
31973,7,3,3.1,4.45
26186,6,4,8.7,2.43
18511,1,1,2.2,5.88
11239,3,4,8.9,5.2
46431,0,1,8.8,2.03
28063,3,2,5.7,3.97
48731,7,1,4.0,6.06
18361,0,4,2.1,3.77
27749,5,2,5.9,5.3
3217,3,1,4.5,2.63
9163,0,2,8.3,5.45
32966,3,1,5.9,3.76
12766,7,1,3.0,4.21
6307,4,2,6.9,3.84
19073,4,2,1.0,4.78
48276,3,0,9.9,6.18
46322,0,2,6.1,3.17
34022,3,1,1.3,2.78
26993,7,2,9.9,5.68
27313,5,4,6.3,4.48
11834,7,1,3.9,4.77
16566,6,4,7.3,6.06
7810,3,1,2.3,5.16
35994,3,2,4.6,3.09
12349,5,3,10.0,4.94
6887,5,1,0.9,5.63
9584,5,1,9.0,3.34
18724,7,0,1.2,4.6
36420,7,1,9.1,4.71
16936,0,2,3.4,1.78
45481,4,3,6.0,6.38
29821,3,1,2.4,4.2
48568,0,4,3.8,6.32
45758,3,1,1.9,4.55
33420,1,3,3.8,5.47
11791,1,4,3.2,5.02
30332,1,1,1.2,5.57
6353,4,4,8.7,6.33
28601,4,1,9.6,5.77
48008,7,3,4.5,5.59
14460,2,3,5.6,4.93
33100,6,3,2.4,6.58
34983,5,2,0.6,4.81
15652,6,0,6.5,7.33
2825,6,4,3.0,4.96
49595,5,0,3.1,4.51
12783,7,4,5.3,6.76
8821,6,0,4.2,5.46
41906,3,2,0.2,5.59
46886,3,1,0.2,6.27
30271,0,3,1.7,4.91
36066,3,0,8.8,4.43
21300,2,3,2.9,5.97
108,1,0,8.3,6.91
24013,0,1,5.0,4.46
16468,0,4,5.1,6.35
28006,3,0,9.2,4.7
34791,0,1,7.0,3.45
7796,5,0,3.4,4.53
20407,0,3,6.4,4.42
25498,2,1,0.2,6.76
8108,0,3,2.6,5.19
27564,7,2,7.5,3.38
28537,6,0,3.1,4.59
24474,0,1,6.6,4.33
8809,6,2,1.5,4.63
15304,1,2,3.7,4.77
46688,0,4,0.4,6.06
12433,2,2,1.1,4.98
9254,3,1,2.5,4.64
12892,3,3,3.0,6.17
21220,0,1,6.2,2.88
4572,6,2,4.3,5.09
8657,4,2,6.4,5.29
22994,3,0,2.0,5.9
36945,6,4,4.9,4.42
472,0,1,0.6,8.12
49025,2,4,8.1,4.78
9197,0,0,8.6,4.31
33103,2,2,6.2,5.73
39947,2,0,7.3,5.53
25145,0,4,1.3,3.1
20664,2,3,6.0,4.57
11911,2,4,7.8,5.12
5855,1,1,4.8,4.09
41576,6,0,4.3,5.97
4959,5,0,4.5,5.68
20236,7,0,4.7,5.82
1342,3,3,2.2,5.19
29353,5,2,5.2,6.73
35809,5,4,3.0,4.63
15066,1,4,6.3,7.5
14041,7,0,4.3,2.23
41159,5,4,1.9,6.65
43424,7,4,1.0,4.45
34514,1,2,5.2,4.09
33040,4,4,9.7,5.18
41995,0,3,6.6,4.67
8780,2,1,4.6,4.5
20379,1,0,6.4,4.84
47575,1,3,7.9,2.88
16002,6,3,5.2,5.71
32048,7,0,1.0,4.66
2175,4,2,8.7,4.73
24246,3,4,4.6,4.51
39848,1,0,7.9,4.89
17046,2,4,5.5,3.5
11078,4,4,8.8,5.09
42619,5,4,6.1,5.46
9456,5,0,2.6,3.73
9938,3,1,9.2,5.71
23938,5,3,8.5,7.02
1340,5,1,3.0,5.53
19359,7,2,0.6,5.57
7136,0,1,0.6,5.53
30968,5,3,5.0,5.63
2067,3,1,7.1,6.31
16689,5,1,7.0,4.36
7140,4,4,4.5,4.71
15873,0,1,9.4,4.92
32677,0,0,9.4,4.43
48660,6,4,1.2,5.3
48409,2,1,9.2,3.75
9388,5,4,6.6,5.71
18533,4,3,8.4,3.82
4817,1,3,8.5,4.18
15038,3,1,0.2,5.91
47880,0,2,0.2,5.25
10685,6,4,6.8,5.83
2050,7,2,8.3,6.31
16553,5,3,8.9,4.31
16739,0,1,1.1,4.0
19437,6,4,1.2,6.32
40420,0,3,9.6,4.6
31520,1,3,5.9,4.96
20147,0,0,1.9,5.73
17780,2,3,3.1,4.27
16769,3,1,4.3,7.41
7067,5,0,5.1,3.91
3829,7,2,0.6,5.2
33516,1,2,4.5,6.06
48724,4,1,2.7,6.47
43331,0,1,9.3,6.35
9299,4,3,8.0,5.77
16764,2,0,0.6,4.79
42638,3,0,6.4,3.91
13933,1,2,7.9,3.88
2297,0,3,3.0,2.44
22555,2,4,9.3,5.55
4842,7,4,8.8,4.58
35135,4,0,2.3,5.73
18786,3,2,5.8,5.97
28219,0,2,6.5,5.75
40707,5,0,6.7,6.82
14840,1,4,5.6,4.32
19710,6,4,0.4,5.82
10479,0,3,7.0,4.76
45483,1,4,1.6,6.51
15645,5,2,1.1,5.74
35075,6,0,8.5,7.19
19187,0,1,0.5,6.59
47165,4,1,6.9,4.68
43856,1,4,1.2,4.65
43182,7,2,9.4,4.97
18050,0,3,5.3,5.79
44086,4,0,0.2,6.63
15087,7,4,1.2,5.07
48593,2,1,7.8,4.26
12358,0,1,6.5,4.93
20456,0,3,6.0,5.52
35962,5,3,5.8,4.36
20614,7,0,2.1,5.59
13285,6,3,1.9,5.49
42696,6,2,5.1,4.77
41180,0,1,5.7,3.8
1555,3,3,3.3,3.06
16652,7,2,6.0,5.05
7117,4,1,9.9,6.43
6000,0,3,8.2,5.52
35675,1,1,6.3,3.79
15154,5,2,1.7,4.86
24163,4,0,5.2,3.9
36468,0,1,1.7,5.31
2997,2,4,1.5,5.38
10603,0,1,5.4,5.71
15754,5,1,7.1,4.34
44650,6,4,1.2,5.35
22885,4,1,5.4,4.22
11541,1,3,3.6,6.59
47479,0,3,0.9,5.98
18774,2,1,8.5,6.17
40109,7,4,5.4,4.3
9547,5,0,8.0,6.18
922,6,1,4.2,3.52
43553,1,4,2.6,3.75
36076,5,4,4.2,5.57
44526,0,3,2.2,7.39
782,5,1,1.7,5.5
10246,1,0,4.8,4.53
6228,6,2,0.3,4.32
1714,3,4,7.8,4.8
29363,5,4,2.9,4.8
15445,2,4,4.6,4.22
26074,7,4,0.9,5.73
25790,2,4,0.4,3.94
8532,6,0,2.2,4.51
1335,0,0,2.0,4.14
41573,3,4,2.9,5.54
11810,5,2,4.2,5.04
48440,2,4,1.3,5.72
43737,7,2,4.3,4.62
15623,4,4,6.7,4.81
24156,6,3,2.2,4.6
38942,1,3,9.2,5.0
32560,7,4,4.4,4.82
31311,0,2,9.6,4.68
22017,3,4,5.9,4.57
32590,3,0,1.0,6.07
29106,6,2,6.5,6.44
32132,3,0,7.3,1.24
37942,3,2,4.0,6.18
891,2,3,3.8,4.58
33822,3,3,0.1,6.22
44718,4,0,8.9,5.52
14904,7,2,6.0,3.99
23692,7,4,2.4,6.39
43669,4,0,8.7,6.0
23310,2,3,2.2,3.01
31162,7,4,3.1,5.52
7096,1,3,7.1,4.83
18075,3,3,4.1,6.82
446,2,3,9.0,5.3
25440,4,4,4.0,5.74
18635,0,2,9.4,1.46
47917,2,2,1.4,6.53
30832,6,1,2.2,2.11
16175,1,4,9.8,6.73
10271,3,0,9.6,3.32
36402,5,4,6.4,4.18
47198,6,3,7.2,6.65
5662,0,1,1.3,5.43
45252,5,4,1.6,6.66
37017,1,2,0.5,5.34
40305,4,1,6.5,5.05
16398,5,3,2.3,4.94
39818,6,4,3.3,6.06
33289,2,2,9.2,4.78
31696,3,3,7.0,5.86
41447,1,3,1.3,3.42
33118,7,3,9.4,5.42
14566,7,0,7.0,5.83
519,2,1,4.3,3.15
48432,5,0,2.8,3.87
33496,1,1,4.5,6.41
27643,3,1,7.5,5.3
23024,3,4,8.7,4.49
29259,4,4,8.8,5.19
19562,3,1,3.1,4.62
26287,3,1,9.2,4.51
28258,0,4,2.2,6.73
4553,5,4,9.2,4.32
48271,2,4,1.0,4.3
43732,0,1,6.8,6.44
25079,7,3,4.0,4.33
37049,2,1,6.7,2.31
38393,0,3,4.6,4.97
8481,1,3,9.2,5.94
40637,0,4,9.5,4.37
10451,2,2,8.3,6.76
32484,7,4,4.1,6.47
21262,0,4,9.6,4.87
39302,5,4,9.9,4.9
33481,7,1,4.7,6.4
22476,7,1,6.7,4.6
31846,5,4,6.6,4.71
46833,5,3,9.5,3.72
23137,7,3,2.8,6.43
37994,4,4,8.2,7.24
39614,4,0,6.6,3.51
823,4,3,4.2,5.08
20939,1,0,4.9,5.38
2487,7,2,7.2,3.39
42551,4,0,5.6,4.32
19611,2,0,7.6,6.38
36914,7,3,9.1,4.26
43179,6,2,3.1,5.08
22074,4,2,7.8,4.5
45186,1,0,8.6,5.81
39969,1,1,1.5,3.37
31246,0,2,1.5,3.9
35597,0,0,0.7,6.11
3590,7,1,3.1,4.68
39672,2,4,8.7,3.38
25017,4,1,2.9,7.29
26460,0,0,0.7,3.47
16050,0,2,8.4,6.64
29329,4,0,5.4,2.01
25159,5,1,5.5,6.07
28419,0,4,5.0,4.47
46663,6,0,8.5,5.16
30544,0,3,3.1,6.64
29959,5,0,9.5,5.69
41658,7,1,9.6,4.86
10088,5,0,8.8,4.89
45322,1,4,7.9,2.56
17279,6,0,9.2,4.41
24302,7,1,9.8,4.81
46381,7,4,1.1,4.11
34502,7,0,4.1,4.4
3372,6,3,5.7,4.51
22021,3,4,4.7,4.77
31817,5,4,1.7,4.61
662,2,0,3.0,5.46
11,6,1,6.0,4.38
26130,1,3,1.1,3.92
9749,4,1,9.4,6.34
8877,1,0,1.4,4.08
34019,3,1,6.5,5.05
14497,4,2,3.2,4.66
21732,1,2,0.7,4.98
4891,2,3,8.2,4.73
26691,1,2,6.4,5.75
7687,0,2,1.9,4.6
7762,4,0,3.5,6.19
9772,6,0,2.0,6.06
7372,3,1,2.3,4.85
20318,1,0,9.3,5.23
49256,5,2,2.9,6.23
36535,5,3,5.8,3.22
34434,7,2,1.9,4.96
32470,6,0,7.9,4.97
24627,5,2,9.2,2.63
48457,5,1,2.2,2.77
34570,6,1,7.5,7.55
15910,5,0,6.3,7.01
20738,2,4,2.0,5.21
27800,7,0,9.7,3.21
46545,6,4,6.9,4.72
3996,3,3,2.1,3.77
17932,7,1,4.3,3.29
45159,6,1,1.6,4.55
21819,7,2,9.5,4.8
10962,6,1,3.7,5.32
45771,0,1,3.8,4.25
4872,3,4,3.7,7.39
27423,4,3,4.7,6.42
11260,3,2,6.5,3.81
30663,2,1,3.0,6.33
20946,0,0,9.5,4.63
678,4,1,1.5,4.42
1297,6,0,4.7,7.02
44731,0,1,2.1,6.14
29281,7,0,8.7,5.82
11590,4,4,5.9,5.36
27164,7,0,2.9,7.74
47677,1,3,6.8,3.04
8989,1,4,3.2,5.52
14923,1,0,5.9,6.59
434,3,4,0.4,3.15
19925,6,0,4.7,5.7
45468,2,2,2.9,4.71
31220,4,1,0.3,5.87
6649,2,2,9.8,4.74
36854,1,3,4.1,6.93
3072,1,2,2.3,4.21
24611,6,0,2.7,3.76
30482,4,4,8.4,3.46
39093,2,0,6.9,6.05
16823,1,3,2.7,6.96
40590,2,4,2.3,5.34
43314,2,0,2.9,4.98
7036,3,4,1.2,5.33
33173,7,1,2.0,4.35
372,0,1,1.7,5.39
6393,6,2,8.8,4.76
19329,7,3,8.7,4.81
12640,0,3,2.3,4.83
25882,4,3,0.1,6.23
3140,5,2,2.1,5.47
30862,3,3,1.1,4.95
646,4,3,5.0,3.8
41174,7,4,0.6,7.48
19264,3,2,4.1,4.07
33918,3,4,2.0,4.27
35407,3,1,7.0,5.65
11595,6,1,3.2,4.43
12775,5,1,2.4,7.36
5339,5,4,3.3,3.85
49881,0,1,0.5,6.34
27810,2,0,3.1,6.01
8956,7,0,0.9,3.61
5498,7,2,9.7,5.43
12027,2,4,0.2,5.07
31012,5,2,8.2,5.3
4546,4,0,0.7,5.37
43199,0,2,5.4,4.98
45160,4,4,4.0,6.52
42386,4,0,2.7,3.53
38729,7,4,4.7,3.54
9839,7,3,2.3,3.8
24380,2,1,6.2,4.4
16217,0,4,3.1,3.41
600,7,3,8.7,5.56
17610,7,0,9.8,5.06
29898,1,0,3.2,4.29
44467,5,2,8.3,5.13
36341,5,1,1.5,4.81
32963,1,2,5.9,6.06
48898,4,1,3.2,5.9
19201,2,2,2.5,5.21
4591,3,3,7.2,5.02
9452,7,2,9.7,4.17
11295,5,0,8.6,5.13
34692,4,4,3.8,4.65
27007,1,4,1.9,5.88
41590,1,0,0.8,3.41
34152,1,0,8.6,5.82
14488,0,4,4.6,4.9
41794,7,1,3.4,7.7
40640,4,2,3.5,4.03
21458,6,0,9.1,3.62
11837,7,0,6.4,5.46
13587,6,1,8.6,6.0
22758,5,4,1.1,6.24
42525,5,1,9.4,3.92
8201,0,1,5.3,4.18
17123,6,3,5.3,4.53
4398,4,2,9.2,3.55
7752,0,3,8.6,5.9
3933,2,2,5.0,3.41
49733,3,2,4.2,5.04
8062,5,4,7.6,5.62
16429,5,0,9.5,6.55
5002,4,4,4.3,6.64
44668,7,3,1.7,2.47
1801,2,4,1.8,5.47
24357,7,4,1.6,5.05
41871,3,4,8.7,5.5
7167,3,4,4.3,4.33
3334,3,3,7.0,5.76
465,6,3,1.6,4.34
40552,6,2,7.0,3.11
15257,7,4,2.5,5.0
12896,4,0,8.8,4.0
37493,2,1,4.6,5.01
27925,4,3,6.8,4.12
34895,6,0,8.9,3.77
48763,2,4,4.2,5.92
425,4,0,7.0,4.31
22830,2,2,5.6,7.08
4664,7,1,9.6,4.74
36759,0,0,4.8,4.23
31787,7,1,6.2,4.79
16953,2,1,4.0,2.31
30144,5,4,2.3,5.78
9113,2,0,2.3,6.42
2295,7,1,2.2,4.52
6308,7,3,9.5,4.0
42371,4,4,1.1,5.88
32578,3,2,0.9,5.72
27769,4,0,3.8,5.6
32833,0,0,7.4,2.93
25829,1,3,2.8,4.47
38917,6,3,0.9,4.24
18137,2,2,0.3,6.32
34244,0,4,0.5,5.05
28687,3,2,3.1,4.29
31933,2,4,4.7,3.97
45681,0,1,4.2,4.36
18457,3,3,7.1,3.05
45598,2,0,6.3,4.47
2254,2,1,9.1,4.6
18769,2,4,6.2,3.41
36887,0,3,1.8,6.11
27693,5,2,5.6,6.43
39176,0,1,9.1,4.27
49683,3,2,1.3,4.73
44748,3,2,0.8,4.91
5599,2,4,8.5,4.61
18143,5,0,1.6,5.55
38704,0,2,1.2,7.4
8128,1,2,8.4,6.63
1348,3,0,3.3,4.95
25188,2,0,2.8,3.2
25057,5,2,0.5,4.78
6327,2,4,0.3,4.37
1653,1,1,8.9,6.75
9206,2,0,1.4,4.16
20316,0,0,5.3,4.25
45078,2,1,0.1,7.39
32843,5,3,3.2,4.34
7894,0,3,8.7,5.82
22787,6,1,3.3,5.41
10196,1,0,8.9,6.0
5082,5,4,4.5,2.79
18727,2,1,9.7,3.5
7635,7,3,3.7,4.3
1608,1,4,4.0,3.02
41763,6,3,6.5,5.26
18123,6,1,3.9,5.28
29537,3,0,0.8,5.47
31353,4,2,4.2,4.07
27158,7,3,8.9,5.69
1188,2,2,1.2,5.5
26038,7,4,2.0,4.02
15979,2,2,0.3,3.82
16117,0,1,7.8,7.24
31641,1,3,5.0,5.52
48813,4,2,3.1,2.55
15212,5,3,7.0,5.02
10954,2,1,4.2,4.36
40819,5,0,9.5,4.59
15593,1,4,2.2,2.3
41279,3,2,9.8,6.85
14286,5,1,7.9,5.73
18539,2,2,7.1,4.85
20173,5,0,1.1,4.35
30238,0,0,3.2,4.64
23084,7,1,7.1,4.07
22146,0,4,9.5,4.12
18154,1,1,4.1,4.14
22678,1,3,6.7,7.0
4018,0,0,3.9,6.14
25460,2,3,8.2,3.62
48112,4,2,1.8,3.46
37239,4,1,8.6,3.55
20363,0,1,4.4,2.75
45438,7,3,6.7,4.01
23579,6,3,1.2,4.76
4686,5,0,7.8,5.91
23765,1,2,7.3,5.24
48357,4,0,9.1,6.0
10009,6,2,3.9,4.33
34785,2,0,3.3,4.3
24727,6,0,4.8,4.41
37023,1,4,8.1,4.56
23272,3,0,1.7,4.06
18952,3,2,8.9,6.31
27839,5,0,1.7,5.03
20492,2,3,1.3,6.09
28889,1,3,6.4,5.9
37211,3,1,9.8,3.9
33185,1,3,2.2,6.95
12504,2,2,7.8,5.01
44243,0,3,4.7,4.62
25397,0,1,9.1,3.06
33989,1,1,2.9,3.16
15494,1,2,6.5,6.13
8649,7,2,7.8,3.73
40133,3,3,1.3,6.68
5404,6,4,8.0,4.57
17204,6,4,0.7,6.5
9104,1,4,0.1,5.47
23426,0,1,1.4,4.14
43041,1,1,0.3,5.7
47439,2,3,6.7,5.09
35585,0,4,8.5,4.92
38832,2,0,3.7,5.62
31679,5,1,3.3,6.11
49980,2,3,6.0,5.36
5593,2,4,7.1,6.2
45320,2,0,5.4,2.79
46848,6,4,2.0,7.74
45025,5,3,0.7,5.53
30434,1,3,9.3,7.74
30202,1,2,9.0,4.56
30774,1,0,5.4,3.86
9947,5,2,9.3,2.25
22334,6,0,4.0,3.77
35678,6,0,2.9,4.33
36414,4,1,7.9,5.4
21466,4,4,8.8,5.24
7671,3,1,4.1,4.28
19202,4,2,2.6,4.35
11990,2,3,1.1,4.38
18132,3,3,2.7,3.89
4482,0,0,1.7,5.69
5740,2,0,6.3,3.42
11331,0,0,7.6,5.44
21423,2,4,6.2,3.78
41302,7,3,1.0,5.79
21274,2,2,9.9,4.42
41472,1,4,1.7,6.77
44093,4,1,6.4,3.85
37589,6,0,4.5,7.47
48156,6,4,8.8,3.45
14893,4,2,1.5,7.29
44265,1,1,4.3,3.76
40203,1,4,5.9,4.86
14910,0,2,5.2,3.85
24849,2,2,4.7,4.18
32094,7,3,8.6,4.45
27028,1,1,8.8,5.78
49249,1,4,6.4,3.04
48225,2,0,3.7,7.01
36466,4,1,1.1,4.9
17122,3,1,5.5,4.27
6775,0,1,5.3,3.98
40820,2,1,7.4,4.04
43016,1,0,2.2,4.97
21874,5,3,4.9,4.22
31278,1,4,4.7,5.27
29729,1,3,5.6,5.8
36268,7,2,5.4,1.71
18655,4,4,2.3,4.75
6845,1,4,9.8,7.89
9210,6,0,0.6,5.92
47688,0,1,7.0,5.23
14739,1,2,8.3,6.05
26873,4,4,9.2,5.21
31347,2,3,8.9,5.86
15194,5,1,0.7,2.19
5385,4,3,1.5,5.82
21541,7,4,6.9,4.68
2845,5,0,1.7,6.56
36816,7,1,2.0,6.58
34853,4,0,9.8,4.44
13276,5,4,4.5,6.74
25860,1,4,7.4,3.82
39716,3,1,6.4,4.61
27462,2,4,1.0,6.54
46994,7,0,7.5,7.22
33967,3,3,3.5,3.94
33887,0,4,1.9,4.26
48909,6,2,0.7,6.74
20036,5,1,0.0,4.03
10635,5,1,4.2,7.14
23536,5,0,0.8,3.66
39187,3,1,3.6,5.35
31168,5,4,6.2,5.5
32354,2,2,8.0,2.99
30061,4,2,8.9,4.45
30828,2,1,5.6,3.59
24493,4,2,4.6,4.45
29509,5,2,2.4,4.17
12255,7,1,5.1,5.56
32976,2,1,3.2,2.91
8855,5,3,4.0,4.82
44681,1,0,6.4,5.12
47807,0,0,2.6,4.45
31017,1,4,4.7,5.2
19305,1,1,5.0,7.96
2826,1,1,1.3,6.28
32230,4,3,9.8,6.15
46151,5,3,1.7,5.61
10896,1,0,9.3,6.14
17579,2,2,5.9,5.36
26658,7,4,5.8,3.65
14544,2,4,6.6,5.5
42033,5,3,1.3,5.05
34981,3,2,7.0,3.98
29478,4,1,1.0,5.43
34057,1,2,1.9,5.1
49652,2,4,3.4,3.64
44654,2,4,2.9,4.94
20704,2,0,0.0,6.96
20817,6,0,8.1,4.98
30387,5,2,8.8,7.12
46768,1,1,8.6,5.0
31475,0,4,3.6,2.67
4452,4,4,6.1,5.99
28766,1,3,0.9,4.08
15319,1,0,5.8,5.53
43485,7,1,7.5,5.01
14050,4,2,0.5,3.51
31709,2,4,0.1,5.47
41396,3,2,8.8,4.26
27858,7,2,3.0,4.69
19095,5,3,2.7,3.97
20740,1,4,9.6,2.21
38049,3,0,7.5,6.68
42036,6,2,6.4,6.78
25485,2,3,6.3,5.99
12382,2,2,5.5,4.32
13683,4,3,1.0,5.02
38196,3,4,2.7,4.25
3166,3,4,0.6,4.53
12472,0,0,2.1,3.19
38676,1,1,8.5,5.78
34196,0,4,6.1,6.51
20426,5,0,5.8,5.31
49928,0,2,2.8,7.33
16890,1,1,3.6,8.12
19463,6,1,8.6,5.39
6154,5,2,7.2,4.39
23841,6,2,5.4,5.31
48538,3,1,7.8,6.95
49266,3,1,5.3,2.35
25229,6,3,5.6,3.85
36068,3,2,9.7,4.9
42192,3,0,9.0,2.69
28753,3,1,5.1,5.1
5060,1,1,2.4,3.64
43283,2,2,7.3,4.47
42126,1,0,0.8,6.27
18229,6,1,1.5,4.92
25761,5,1,9.9,4.81
17178,6,3,8.4,4.63
10835,7,2,5.4,6.0
45857,1,1,3.8,3.67
28329,7,1,1.1,6.37
37360,7,0,4.8,5.27
24770,0,4,5.4,6.06
47588,1,3,4.1,7.76
32508,5,3,9.7,3.85
34162,1,1,1.2,4.37
1004,4,1,6.9,6.13
32388,4,2,4.3,4.12
33504,4,3,6.1,2.62
943,0,2,1.0,3.65
20732,1,3,4.5,6.07
13187,5,3,3.0,6.56
35259,6,2,8.3,5.28
48160,0,3,8.5,5.34
19714,0,1,3.1,5.69
19278,1,0,4.4,6.86
3019,3,4,5.9,4.14
1238,0,4,5.0,6.4
49572,7,1,1.9,3.83
37252,3,1,2.1,5.32
12820,7,2,1.0,4.59
14592,0,2,2.5,6.25
29585,0,3,7.2,5.15
40823,4,4,5.3,5.33
46898,1,3,9.1,6.4
2702,0,1,4.7,5.4
45664,0,2,5.0,5.52
32332,2,0,5.0,4.75
20164,5,0,8.0,4.73
5695,1,4,1.4,4.39
44639,2,2,9.7,6.4
7711,5,0,1.0,1.88
36870,2,1,2.2,4.98
22370,7,1,0.8,3.6
33009,2,1,3.2,4.5
34863,0,0,8.7,4.39
41494,7,3,9.1,5.22
8960,2,3,5.2,4.42
45738,3,4,6.1,4.89
15163,7,1,2.2,5.14
23558,5,2,4.1,4.61
48172,4,0,7.3,4.75
40003,4,3,2.1,4.6
30339,4,3,5.7,3.94
19270,1,2,2.9,5.02
6168,1,1,9.7,5.65
16140,4,4,0.1,5.67
40771,4,0,4.2,5.14
20988,7,0,2.8,5.77
41939,1,0,10.0,6.09
19711,1,3,4.9,5.75
19402,2,1,5.6,5.48
35225,3,4,2.1,1.8
26922,0,1,3.8,6.24
27605,7,2,2.0,6.58
30760,2,3,1.9,5.98
12404,2,1,5.2,5.12
298,0,2,1.5,4.19
14656,6,4,6.3,3.38
28405,2,3,7.9,6.59
27783,0,1,4.3,4.38
39160,5,0,6.5,3.58
31986,5,4,5.3,6.73
48730,6,2,1.9,3.4
14145,2,3,7.3,4.44
48747,5,1,2.8,3.68
45137,6,0,9.9,5.54
45288,5,0,3.5,4.49
18171,7,2,1.3,3.65
23872,5,0,7.2,3.72
26194,2,2,6.8,4.21
7266,3,1,8.4,4.53
14422,5,4,6.4,3.91
47904,4,2,3.3,5.61
45422,6,2,4.3,6.31
35719,1,2,9.7,5.39
25979,2,3,5.3,3.7
37114,4,0,8.7,5.33
24564,5,1,1.7,4.4
48424,4,3,2.6,6.11
31011,2,2,0.4,3.44
25254,4,1,1.5,3.36
18468,6,3,0.3,6.09
26442,1,0,9.3,5.14
15184,3,2,5.8,4.12
806,7,4,6.6,3.89
15094,1,0,3.3,5.19
32973,6,2,6.4,5.56
22076,4,3,4.3,3.59
16930,7,4,1.0,7.54
23964,1,3,7.6,5.71
31030,7,1,0.1,6.42
3907,2,1,6.9,5.8
23068,3,3,2.5,4.26
20294,3,3,9.1,2.45
15516,2,1,6.4,4.27
4951,2,3,7.4,3.93
26183,1,0,3.4,5.27
48239,5,3,1.5,5.55
2780,6,4,2.1,3.74
14484,2,4,1.7,4.34
18662,2,3,6.8,4.91
14014,2,2,1.0,6.55
15410,5,4,6.9,4.99
40924,5,0,1.2,5.02
15450,7,1,6.2,3.88
11417,7,1,5.4,4.6
614,0,2,3.5,3.47
26258,0,2,2.3,5.04
48041,6,2,4.6,4.03
20638,1,1,7.2,3.19
4799,1,4,6.5,8.15
38755,3,0,4.5,4.58
46596,7,4,5.8,3.79
17071,4,4,9.9,5.05
42924,1,0,9.3,6.38
13131,5,0,2.0,4.89
28047,4,0,1.4,5.88
33595,3,3,2.6,6.46
27918,5,0,2.0,4.27
2935,3,2,5.5,4.85
2418,6,1,3.7,3.88
9615,2,1,0.9,3.63
2605,0,2,10.0,3.22
8829,3,3,7.2,5.41
29262,6,3,9.3,4.38
2921,0,4,1.9,4.32
28554,1,3,8.8,5.72
40557,6,1,0.3,3.51
18379,7,4,6.3,2.17
33966,0,3,0.3,6.14
17681,0,2,7.4,2.71
17951,3,2,2.3,3.93
23361,0,0,6.3,5.83
1180,6,3,2.7,5.42
28559,5,4,0.7,5.42
24563,6,2,0.7,2.69
33344,1,1,7.7,4.69
25639,4,0,8.4,5.47
24241,6,0,2.4,6.27
11427,2,0,9.2,5.53
11319,3,4,7.0,3.52
2995,6,0,9.1,5.04
26529,3,0,9.2,4.57
23184,0,3,8.2,3.0
3264,4,0,4.8,3.48
3889,3,3,4.8,6.45
32267,5,3,7.5,3.54
30088,0,2,0.5,5.02
11206,7,4,2.1,5.46
46662,4,2,9.0,4.56
18983,0,2,0.9,5.42
4497,3,3,2.7,3.25
1855,6,4,1.5,7.22
6293,1,3,2.1,6.26
361,4,1,2.3,4.28
33429,4,1,7.0,6.76
27779,4,4,3.1,6.28
33484,7,1,8.6,5.83
11266,7,0,7.5,4.62
39293,6,2,5.1,4.22
22207,3,0,7.5,5.75
33700,2,0,8.9,5.1
31930,1,3,3.1,6.45
31556,1,2,0.1,5.44
2917,3,2,8.5,6.01
27205,6,3,4.0,7.02
5611,3,2,5.4,3.73
41015,0,2,5.5,5.09
48227,5,2,6.5,5.36
49205,0,1,7.7,6.17
37364,2,0,4.7,4.24
24550,2,1,5.2,5.7
2645,4,4,7.7,3.66
20977,3,2,0.8,3.81
9352,5,2,3.8,4.83
11050,3,3,9.6,4.99
8172,1,2,10.0,4.59
42678,0,4,10.0,4.92
8575,5,0,2.4,6.72
10920,2,2,9.7,6.23
2575,1,2,8.6,5.39
5545,0,2,7.9,6.33
19416,2,4,1.3,5.63
6842,0,0,7.6,4.26
303,2,1,9.9,6.04
41230,3,3,4.3,6.09
32732,6,2,8.1,4.71
32702,6,3,7.8,5.78
18753,6,3,9.6,5.46
18867,0,4,9.3,7.18
13474,7,2,9.0,5.18
18388,6,0,9.3,5.64
30564,5,3,2.4,5.02
15927,2,1,1.2,6.72
10714,0,4,7.0,4.87
43671,3,3,6.1,6.0
16849,2,3,4.6,4.28
45299,4,1,6.2,3.66
49498,1,2,2.8,3.21
4188,4,1,6.5,7.33
29648,7,3,9.2,5.22
12468,6,2,5.0,3.04
43326,7,4,9.9,4.9
6964,3,2,4.3,5.03
26246,5,1,1.0,2.9
30409,1,1,3.5,4.61
1566,0,4,3.8,6.47
36645,6,0,8.4,4.8
11731,2,3,8.8,5.79
48608,4,4,0.9,5.17
38717,1,1,7.0,5.23
7416,0,0,3.7,5.76
44122,2,2,9.1,3.74
44476,1,1,9.2,5.07
37200,1,0,3.3,3.33
11766,4,2,8.9,4.15
44474,6,0,1.8,7.4
9010,6,0,2.5,3.13
29964,3,3,1.9,6.47
24109,4,1,9.9,4.54
27596,1,2,6.3,6.9
17127,1,4,2.3,5.11
43036,4,1,7.0,4.72
35156,3,2,5.8,6.24
44928,6,3,8.2,4.81
44579,4,3,0.5,4.95
2861,0,3,5.1,6.29
36934,7,3,3.5,4.42
35016,4,2,6.3,4.22
2889,5,2,1.3,2.15
17397,7,3,9.6,3.37
32309,6,4,2.8,4.42
42350,6,0,3.0,5.55
30536,1,1,3.3,5.13
43651,6,0,2.5,6.17
32177,5,4,1.6,4.45
4769,6,4,0.5,2.47
15318,1,3,6.8,5.98
41192,4,2,6.6,5.09
45492,1,2,5.8,4.12
40585,2,2,1.6,6.09
19494,6,4,4.4,2.77
23091,1,4,1.9,4.44
4292,1,4,7.5,6.63
39592,6,0,9.1,4.83
25673,0,2,1.6,4.82
20383,4,3,3.3,6.4
26219,0,4,7.8,4.94
37705,3,4,7.7,7.44
14380,1,4,8.2,5.25
32342,2,1,9.8,4.29
48920,1,4,8.9,3.51
20514,6,4,8.2,4.36
38933,4,4,0.7,2.77
45303,5,4,6.6,6.18
34873,0,0,3.9,5.65
7502,3,2,8.8,4.26
33400,1,2,7.9,4.92
1943,4,3,8.8,6.01
8570,1,2,7.6,4.46
42336,0,2,3.8,5.73
32951,0,3,9.4,5.7
15113,2,1,9.9,3.66
14632,5,3,3.4,5.01
40548,6,4,0.3,4.73
35668,6,2,2.4,5.0
35244,0,0,6.8,4.97
13501,5,0,8.6,3.56
36433,3,0,4.7,5.73
39445,6,1,4.5,4.94
28783,0,0,5.8,5.43
2725,3,2,6.3,3.74
49699,4,4,6.7,5.44
3778,3,2,0.5,5.26
49517,3,1,4.3,4.57
38523,4,4,7.7,3.52
12045,5,4,4.0,1.98
16078,5,0,8.6,5.84
24233,5,0,6.7,7.02
49653,5,4,0.8,5.07
13934,5,2,2.5,4.24
31699,3,4,6.1,3.56
1147,4,0,4.0,5.32
11123,1,3,4.1,4.21
26463,0,4,1.6,3.63
1741,0,2,2.9,5.09
4484,0,4,2.1,6.26
37349,1,1,5.1,5.25
40107,5,4,3.5,6.35
40646,2,0,0.3,4.27
47312,4,1,7.3,5.95
18296,2,2,8.6,3.75
36964,2,3,9.3,4.76
559,6,1,4.1,6.04
35201,6,4,2.2,6.69
40909,6,4,5.9,4.61
31541,7,3,9.7,6.68
29371,6,0,4.0,4.41
25479,7,2,0.2,5.84
43809,7,2,9.5,4.82
45807,3,4,8.4,5.73
8506,5,3,0.7,5.9
40247,5,3,3.6,5.43
6322,1,4,1.1,4.92
37924,3,3,5.3,7.21
24466,3,1,9.5,3.39
31918,7,3,6.3,2.33
45277,6,1,9.1,4.99
26200,6,4,7.6,3.11
26173,4,2,8.6,5.58
41956,7,2,9.9,3.44
10731,0,4,2.5,5.78
33759,7,3,6.0,7.5
38703,1,1,1.4,5.25
43285,2,4,5.6,7.65
4657,1,2,8.6,5.7
31677,4,4,5.2,4.43
1786,7,0,4.0,5.74
33621,4,4,3.7,6.08
15936,6,0,0.4,6.76
8974,6,0,4.8,5.82
6628,6,4,9.3,4.18
38526,2,1,3.8,3.42
18585,4,0,2.0,3.54
18396,1,4,6.7,2.58
983,3,1,6.4,5.98
18423,6,0,3.7,6.14
20897,2,4,2.4,5.94
47397,6,3,7.6,3.42
17929,2,1,3.0,5.23
41383,7,1,9.1,5.14
43392,0,0,5.3,4.43
38510,2,3,1.7,4.5
20490,2,0,0.7,3.73
28469,7,2,4.6,6.42
23939,7,0,5.6,6.84
9412,5,2,9.6,3.95
18335,5,2,1.8,4.37
47956,7,2,3.0,5.14
21180,7,3,3.8,3.83
35830,0,4,6.2,2.72
2302,6,0,6.0,6.49
28351,3,1,6.5,3.53
12857,2,2,8.5,3.39
48234,6,2,5.2,2.69
40116,6,0,3.7,5.17
4828,5,1,2.2,4.31
34010,7,0,0.3,4.58
39787,5,1,0.6,4.7
15995,3,1,0.9,3.09
9188,1,3,4.6,4.95
10785,1,4,7.2,4.73
21946,0,3,8.4,4.12
31719,7,4,9.6,7.75
23124,7,3,1.7,4.45
13606,2,1,3.1,3.13
7886,2,2,1.9,1.74
12604,3,1,7.3,6.46
38747,6,4,4.1,5.97
2319,0,3,3.3,6.22
31373,2,4,9.0,3.31
44216,2,2,0.0,7.12
24005,4,0,7.1,3.77
16885,4,3,8.4,5.89
13034,0,2,6.8,6.01
9841,2,2,5.5,4.73
24393,5,2,7.8,4.84
12167,7,0,0.0,2.91
31798,7,3,5.9,3.26
43816,1,4,0.3,6.41
31227,4,1,6.0,4.97
10867,1,2,9.7,3.31
46020,6,2,1.5,2.89
41799,3,2,2.8,3.47
33017,4,0,6.8,4.77
29708,5,3,7.1,6.55
41100,2,0,9.6,6.57
32919,2,2,4.4,6.6
42994,6,4,4.9,5.39
4735,2,3,9.0,5.78
8476,3,3,4.1,3.47
1230,6,2,7.2,6.12
28782,1,3,0.1,4.81
13124,6,1,9.4,6.02
10340,5,4,2.0,6.41
36761,3,2,2.3,4.19
18344,5,1,7.1,4.52
42780,6,0,7.8,2.66
1247,6,1,5.0,4.5
2151,5,2,8.5,4.56
46064,0,3,6.2,5.1
46004,5,0,5.4,5.17
47996,7,2,2.4,4.38
42128,6,3,2.0,3.62
20436,3,0,6.7,5.75
24687,1,1,9.4,5.94
4023,6,0,7.8,5.14
37992,4,0,8.2,2.45
208,6,4,8.6,5.3
1700,2,3,2.9,5.58
38657,4,3,6.7,6.04
34111,6,1,6.1,4.45
15673,3,4,2.0,4.14
19756,4,3,3.8,5.13
3454,5,1,8.3,5.41
105,4,1,2.2,5.34
19365,2,4,4.9,4.12
5394,5,3,2.5,4.3
19158,0,3,9.0,5.17
30912,1,4,6.5,5.06
11569,6,2,7.3,3.67
24844,6,1,3.8,3.31
3401,0,1,2.6,3.24
10292,7,3,9.8,8.29
42599,4,1,4.8,4.79
9131,3,4,1.3,4.31
23103,0,4,9.7,4.15
6441,2,3,5.8,4.06
39647,5,0,2.8,3.38
48352,2,0,9.5,4.37
7182,6,3,8.3,5.14
36856,2,1,8.9,7.67
15276,4,1,9.2,7.38
7303,2,2,6.9,5.82
41828,1,4,8.3,4.32
8909,1,0,7.0,4.92
593,4,3,1.8,3.23
40251,4,3,1.4,6.32
30788,3,4,9.3,5.49
32173,7,4,6.5,7.18
11279,3,4,8.2,5.87
47491,4,0,9.1,4.35
26948,4,1,0.3,4.1
37643,4,3,7.2,3.05
373,4,3,5.6,5.67
43826,3,4,1.1,5.16
4353,3,1,9.4,5.74
23251,1,0,7.6,4.72
18586,2,2,2.4,5.34
6885,2,2,9.0,5.11
35454,2,2,2.9,3.34
23339,4,1,2.5,6.6
23104,7,4,4.9,6.5
4457,1,1,7.4,5.02
43643,1,2,3.7,6.08
27766,7,2,8.0,6.49
6233,2,1,5.3,5.41
5147,2,2,0.9,5.1
5868,5,0,9.0,5.05
24882,4,4,5.9,4.77
22150,2,0,8.1,6.0
3460,2,1,7.2,4.68
36408,2,1,3.1,4.72
49111,1,3,6.9,4.61
7109,2,2,6.2,4.51
42235,3,1,4.3,4.1
10732,4,1,2.5,3.86
25569,3,0,7.3,7.23
31099,7,1,5.1,4.29
926,7,4,8.7,5.79
15841,3,4,5.2,4.24
34279,6,0,8.7,5.44
1040,6,0,1.4,3.77
25259,7,4,1.0,5.3
19595,7,2,4.6,5.33
36711,1,0,0.3,3.18
11478,0,2,0.4,5.27
40077,5,0,5.2,6.15
37487,4,2,0.5,6.07
36557,1,1,0.0,5.32
20346,5,4,6.2,6.17
43865,4,3,8.6,4.21
7393,6,3,5.5,6.36
36874,5,0,1.0,6.02
37845,6,1,9.9,4.86
15255,2,0,2.2,4.57
27964,0,3,1.9,3.52
1890,6,0,0.4,6.33
43395,6,4,2.2,6.13
20054,1,0,2.2,6.43
20506,4,0,9.8,4.84
4613,0,3,7.0,6.35
36124,4,0,0.2,5.31
37398,5,4,2.0,5.22
48283,0,4,2.0,5.48
4650,2,1,9.8,5.25
40379,3,0,6.1,3.09
26907,1,0,2.6,5.35
43056,7,2,9.6,4.05
29220,6,3,0.3,6.5
11403,1,1,8.8,3.77
45175,3,1,2.8,5.55
41769,3,3,5.1,3.69
30595,0,1,5.5,4.25
48127,6,0,3.2,4.92
10031,3,2,4.0,5.55
47646,2,4,1.4,5.51
18207,2,1,6.7,5.84
4519,7,3,8.8,3.68
14505,4,3,9.3,5.41
22754,0,1,3.1,4.0
4700,7,1,0.7,3.09
22452,3,4,7.2,4.06
26770,5,2,4.2,6.4
20595,4,3,3.0,3.16
32788,3,4,8.4,5.46
17716,7,2,6.1,6.28
2907,3,1,1.8,7.18
16512,3,0,9.7,6.71
44887,3,0,7.8,5.26
7659,0,3,4.5,4.91
40348,2,3,5.4,5.14
14631,1,3,8.0,4.39
29405,3,4,6.0,3.28
743,4,2,0.2,6.65
40593,6,2,3.3,4.32
38307,0,4,8.1,4.4
40511,2,4,5.9,6.15
39111,3,4,9.7,4.58
36890,3,4,5.4,4.48
35576,5,4,5.2,7.97
2488,6,0,6.9,4.35
44596,3,0,2.1,6.54
6727,0,2,2.3,6.41
43687,0,4,7.5,4.58
15598,6,4,9.3,5.3
8801,2,3,2.0,5.31
2783,7,4,0.1,4.19
6301,0,1,2.6,6.1
40635,2,2,7.3,2.22
48252,5,4,9.5,5.1
182,7,0,5.6,4.54
32676,1,0,2.3,4.95
21759,2,1,2.5,4.81
11746,7,2,3.4,4.31
17359,3,1,6.9,3.5
4344,6,1,3.8,5.31
33360,6,0,0.6,3.93
16081,3,3,6.7,3.4
30406,0,4,3.2,2.36
40246,4,0,2.9,5.29
49828,1,2,6.1,3.85
13954,1,3,7.9,5.23
11097,5,3,7.7,4.12
22173,1,3,7.7,7.56
37518,2,0,7.8,4.52
21152,4,1,5.2,4.04
23221,4,0,1.1,5.12
21343,0,3,6.8,4.14
30024,1,1,6.7,6.98
10437,0,3,2.9,3.05
44734,5,2,6.9,5.32
34261,7,0,3.6,4.31
25541,6,1,0.2,7.21
17245,1,3,7.4,4.43
22220,2,1,1.5,6.36
11420,4,4,4.6,3.87
25615,4,2,4.3,5.4
22507,6,1,3.4,5.18
18815,6,2,8.2,4.4
5255,5,3,6.0,6.22
9640,1,1,4.6,4.9
47153,2,4,8.8,3.23
30651,1,4,1.5,6.17
29691,0,1,2.4,4.26
6309,2,0,1.1,4.89
48038,0,4,8.6,4.68
49013,0,2,2.4,5.04
9649,3,3,7.4,4.89
15921,4,1,6.4,4.65
1290,2,3,8.9,6.77
14729,2,0,7.9,5.75
25667,5,2,2.0,3.62
37792,4,3,7.1,3.39
33073,6,0,8.2,6.61
21332,1,4,5.2,3.7
10076,3,2,1.1,4.97
49826,6,3,2.7,2.56
32557,1,3,1.2,3.45
35306,7,2,5.6,5.9
32062,6,4,7.3,4.92
29461,4,4,0.1,2.98
24732,2,0,9.5,3.59
9291,6,3,0.3,4.99
41299,5,1,2.2,2.81
48406,1,4,8.5,5.7
25409,1,2,4.3,5.9
8012,7,1,2.7,4.98
6176,1,0,8.2,4.42
11927,2,3,1.6,6.15
39968,5,3,4.5,3.35
439,3,0,7.5,3.61
42359,7,2,4.9,4.02
12662,0,2,2.2,5.23
15740,7,2,3.5,4.14
33806,0,0,9.2,3.62
16402,2,2,4.6,5.01
13890,2,4,3.8,4.41
22771,4,4,9.2,4.78
17892,4,2,5.4,5.3
39577,3,0,0.5,3.85
18034,2,2,3.8,5.71
27448,3,2,4.8,5.37
26522,1,4,1.1,3.97
27394,3,3,4.6,5.42
42459,1,4,4.2,4.46
13907,2,3,4.5,3.22
19367,0,0,8.9,3.39
41948,2,4,5.1,6.41
39229,1,1,4.3,6.36
10609,5,3,9.3,5.25
3871,6,4,9.0,5.2
43247,6,3,7.5,2.72
29553,6,1,1.4,3.93
29079,7,1,1.5,2.91
8129,2,3,5.2,5.37
23070,4,2,4.4,7.67
29010,5,4,5.9,5.76
31701,5,0,9.0,3.69
24646,2,2,4.8,4.85
40497,1,1,8.8,7.12
27472,6,1,7.6,6.34
38142,6,2,2.7,4.39
22158,0,3,8.1,5.28
23296,6,1,1.2,3.62
1956,2,0,0.9,5.34
36968,2,1,6.4,3.61
40158,2,2,2.0,5.45
23803,1,4,1.9,5.35
9877,0,3,5.3,6.46
15708,4,0,2.8,4.91
17865,7,1,7.8,1.91
30124,2,3,9.9,5.71
36762,3,2,0.8,6.54
30647,6,2,2.4,4.36
14265,0,3,2.7,4.1
20350,5,3,9.6,6.01
30095,0,4,8.4,3.74
32443,3,2,6.5,6.07
36471,5,1,9.8,6.77
31728,4,4,4.3,5.48
45633,5,3,2.6,4.57
11072,7,2,9.0,5.21
33839,5,1,9.1,3.36
42554,0,4,7.8,5.03
20181,2,3,1.3,5.8
35517,0,1,1.7,4.93
42071,5,0,4.4,6.55
5197,6,4,8.7,5.39
42656,1,0,0.2,3.93
31134,0,4,5.6,6.58
8352,4,1,7.7,3.39
47671,0,1,1.0,4.9
30716,3,1,7.4,7.37
39051,1,2,1.5,2.74
43988,5,0,5.4,3.88
25552,0,1,5.5,5.81
29535,7,1,5.7,7.05
33286,2,4,8.7,2.83
26325,1,3,9.3,4.08
37607,5,2,9.4,6.27
25103,4,4,8.0,3.06
45610,5,4,5.2,5.27
48519,0,1,1.1,3.25
31510,1,2,7.2,6.61
42208,1,4,7.2,5.44
23794,1,1,6.0,5.54
6101,3,2,2.1,6.64
49831,4,2,1.6,6.21
42098,7,3,3.3,5.84
25697,1,4,1.5,4.94
35645,5,4,9.1,3.79
42745,7,4,3.9,6.23
32507,5,4,3.3,4.77
38730,6,3,0.9,2.17
37872,0,3,6.2,5.35
22748,7,3,0.9,3.78
32533,6,4,5.9,3.45
26211,6,1,2.4,6.74
4054,2,2,9.2,5.23
49444,0,0,4.6,4.23
31748,0,3,6.2,4.51
16889,1,3,1.1,4.58
11423,1,3,6.9,3.7
16041,6,1,1.4,6.75
24089,7,2,1.1,4.52
6496,4,4,5.2,6.57
49869,2,0,2.7,4.09
22307,3,0,2.2,5.01
16525,4,3,0.6,4.43
12900,3,2,0.1,5.49
46551,1,1,9.8,5.31
20045,0,3,1.1,4.77
43181,3,0,5.0,3.92
30385,2,3,8.4,6.19
33768,2,4,0.5,2.95
44715,2,0,5.3,4.21
42529,2,1,9.8,4.72
11193,4,2,4.4,5.3
26444,4,0,4.1,3.71
6192,6,3,6.3,3.52
26297,0,4,9.8,4.4
22062,5,2,5.6,4.17
6475,3,4,9.7,4.72
3609,3,0,9.6,5.5
28430,2,0,5.2,4.65
10369,2,1,7.9,4.84
23247,1,1,7.9,6.3
9760,0,0,10.0,6.53
45037,3,1,7.5,5.47
6107,6,1,2.9,4.33
29866,5,3,7.3,3.4
4900,7,0,5.3,5.99
14432,6,2,4.2,5.5
41639,4,1,6.7,6.32
41484,5,4,2.3,6.97
34275,6,2,4.1,4.54
33065,3,3,1.6,6.24
44606,3,3,4.3,3.91
6839,2,1,7.6,4.98
42338,6,1,7.5,4.23
7125,7,0,9.7,5.96
24128,1,1,1.0,6.83
37290,5,1,1.7,4.26
46513,2,1,4.7,3.67
39621,5,1,8.0,3.48
2292,3,0,5.0,4.6
29742,7,2,0.9,4.88
24637,5,1,9.1,5.93
8390,3,0,7.9,4.46
33686,4,2,4.1,4.9
48236,0,3,3.4,5.55
46156,7,2,6.6,3.62
4057,2,1,0.2,2.6
36913,1,4,5.6,6.12
37419,2,3,1.8,5.45
9418,6,2,8.3,2.93
47306,0,3,1.2,6.11
8155,7,3,3.3,4.72
34377,1,2,4.9,5.11
31442,3,0,2.4,6.12
20398,2,3,5.4,5.14
42198,2,1,2.4,6.3
16455,6,0,5.8,3.36
13875,1,1,3.8,3.83
40851,4,4,8.7,6.63
46345,4,4,3.0,2.53
34712,6,4,6.7,5.17
36047,2,1,8.0,4.76
23779,7,3,4.1,5.24
2126,2,4,5.8,3.21
17047,3,0,5.8,7.09
36875,7,1,8.1,6.0
47435,6,0,6.3,4.49
32221,1,0,6.9,3.41
16820,6,3,8.8,5.86
5584,5,1,1.6,7.02
26579,5,4,7.5,3.87
12298,0,0,2.0,4.74
25859,1,2,7.0,7.45
11592,7,2,0.0,7.04
45582,7,3,7.9,3.93
42902,7,1,1.3,4.57
34345,4,1,1.4,1.56
49399,0,3,7.0,5.75
43508,2,4,8.0,5.94
17482,0,1,5.0,7.43
35273,0,2,8.1,4.97
29765,1,2,7.0,2.57
28548,5,1,6.9,6.04
11430,2,3,7.5,4.38
48927,7,3,1.8,6.0
11448,7,3,4.1,4.03
666,1,1,1.7,4.78
3033,2,4,2.1,5.94
25712,5,2,2.4,5.28
3635,3,1,3.6,5.53
43458,5,3,6.0,4.84
35406,6,0,8.7,3.66
40702,1,4,4.9,2.44
3605,4,0,10.0,4.34
26893,3,1,1.7,2.76
30837,4,2,9.9,6.69
28069,5,0,5.5,3.86
46641,1,1,1.8,5.63
49286,3,3,8.7,4.25
3581,4,2,8.6,6.26
30855,0,3,0.1,4.18
32791,3,2,1.2,3.45
37019,7,4,0.1,3.58
31539,3,4,4.3,5.4
4358,0,2,1.6,5.68
8491,4,0,6.0,6.2
39273,3,0,7.3,4.54
43252,3,4,7.3,6.64
2536,5,2,6.2,4.93
27155,2,3,4.0,5.83
31625,2,2,9.5,4.88
49855,3,2,9.4,3.98
34506,7,1,1.5,5.09
33673,1,3,4.8,3.91
40560,3,1,5.7,5.84
33029,2,2,2.6,3.68
37325,2,3,9.1,4.49
29755,4,4,7.2,3.46
2001,4,4,4.3,3.85
19886,4,0,7.8,4.76
49312,2,1,3.2,6.29
5243,0,2,0.4,5.36
36666,5,3,3.9,4.72
27841,6,0,0.4,6.0
38422,5,4,8.5,5.23
10244,0,2,6.6,8.23
38146,0,3,3.0,3.71
14004,7,3,8.1,7.53
43365,2,2,0.0,6.34
32639,5,2,7.3,6.08
34173,1,4,1.4,5.34
5554,0,0,3.7,7.8
44716,2,2,1.9,4.87
15069,1,0,5.3,5.58
32840,5,4,5.8,5.86
22151,2,2,0.6,6.59
24583,7,1,6.2,6.28
29983,1,3,6.8,7.57
16965,4,4,0.8,5.22
10773,0,0,3.6,3.56
33793,1,2,4.1,4.58
10284,3,1,1.2,5.26
21475,3,2,6.6,5.11
18970,5,0,5.7,4.13
29230,2,2,5.7,6.59
33482,3,4,4.2,5.62
29153,5,0,5.3,3.32
11380,4,1,1.0,2.45
25179,4,2,3.4,5.66
13959,1,0,2.2,3.88
28232,0,2,2.0,4.39
36054,0,3,5.2,2.82
9531,0,3,4.9,5.61
19744,1,3,9.0,4.1
27835,5,3,2.6,7.98
34885,2,0,5.0,6.75
23761,5,3,5.3,4.31
3369,6,2,6.3,3.77
14996,4,0,6.6,4.16
6786,2,1,7.8,4.27
11275,1,1,0.6,4.73
41743,0,2,3.8,3.95
38898,4,2,4.9,6.1
49386,3,2,9.8,6.64
22119,4,2,5.9,6.1
46448,0,4,7.2,6.43
40805,6,4,4.9,4.03
2347,3,2,9.7,5.02
18308,5,3,9.3,5.2
12593,7,1,7.1,4.93
40384,2,2,10.0,3.74
36343,5,3,9.4,6.03
8016,5,1,2.8,4.16
223,7,1,3.7,6.17
1849,7,1,1.7,4.35
38478,5,1,3.0,4.8
28018,7,2,5.0,6.48
22112,4,1,7.9,5.76
48148,3,3,2.4,4.42
17297,1,4,1.9,5.99
12950,5,3,2.9,4.28
8051,2,4,0.3,3.87
14527,5,2,5.7,6.08
39854,1,4,1.4,5.51
48582,2,1,1.7,5.09
36241,7,4,5.6,7.27
2915,0,1,4.6,5.49
35374,4,1,9.0,6.61
48146,2,1,1.3,5.86
24991,1,1,6.1,5.0
10184,0,2,4.8,5.14
25795,5,0,9.9,6.87
47713,2,1,4.6,5.43
19406,2,4,7.3,4.09
13570,4,4,2.0,4.36
21204,2,0,7.7,5.83
34110,2,4,9.1,6.79
32625,2,3,8.6,2.85
11582,3,1,9.6,4.52
47288,4,2,9.9,3.93
8603,3,1,6.4,5.07
36024,7,1,5.5,6.94
30604,4,3,4.4,6.07
47462,7,0,9.2,5.43
28363,4,4,4.6,4.45
13238,7,4,3.5,4.11
28803,3,1,4.3,5.61
34185,1,1,1.2,5.42
12953,1,2,5.4,5.76
29965,2,1,7.2,5.01
11382,6,1,5.0,4.4
2503,1,0,8.3,5.44
2454,4,1,7.4,3.41
37228,2,2,1.8,5.09
41610,0,0,7.5,4.45
28914,7,0,9.3,5.61
2638,7,2,2.1,5.88
6648,5,2,6.5,5.67
48087,6,4,0.9,6.31
46017,4,3,7.9,5.44
43101,4,4,2.8,4.89
47262,0,0,8.6,4.22
47620,1,3,9.8,4.91
23462,6,4,1.3,3.75
36403,0,4,0.8,5.06
41585,7,1,6.7,3.96
20550,1,2,0.8,6.24
45172,4,3,6.6,4.63
12377,6,2,6.2,5.88
4050,7,3,6.2,3.52
38666,0,3,3.1,6.73
4021,5,1,0.7,5.9
21932,4,1,4.7,4.08
13520,6,4,5.4,5.27
34939,4,0,1.6,5.78
36424,3,4,0.3,5.44
7049,4,2,7.8,4.55
12606,3,0,7.0,6.49
25906,0,0,7.6,6.6
34407,4,0,3.5,3.89
9240,6,0,9.2,2.86
13817,7,4,2.4,6.03
29667,5,2,7.0,6.27
11146,0,3,3.7,5.45
14547,0,0,7.6,4.99
45508,1,3,7.6,5.83
38389,0,4,8.9,3.83
13389,0,1,8.6,3.02
15288,5,1,4.3,5.61
19837,1,1,3.5,5.69
12010,4,3,6.0,4.96
25215,0,3,9.5,2.87
34389,3,4,7.4,5.97
4411,4,3,5.7,5.17
48059,1,4,8.8,2.19
24103,0,2,8.9,4.51
32983,3,1,7.8,4.89
41768,7,1,7.5,5.4
47224,6,1,4.7,6.69
18032,5,2,6.0,3.96
7123,7,2,2.7,4.54
49563,2,2,7.6,3.84
30829,1,4,2.5,6.67
21290,2,2,7.8,6.39
3558,4,3,2.1,5.15
12665,7,1,8.8,3.03
41764,4,3,3.0,5.35
41683,6,3,2.6,6.06
37619,1,3,3.5,4.62
12419,7,3,0.9,4.62
30791,0,0,1.9,2.15
1591,7,2,7.3,3.77
7978,5,2,4.1,2.63
19801,7,1,10.0,6.28
9776,4,1,6.1,6.01
17938,7,1,5.2,3.7
35324,5,0,6.8,5.95
49552,4,0,3.8,5.34
44513,2,4,2.7,2.88
40651,6,2,9.5,4.47
39953,4,3,9.3,4.73
17069,6,3,9.3,3.17
4130,2,4,8.4,2.77
31667,4,2,3.5,5.17
32058,6,4,3.6,5.14
42130,3,2,7.1,6.55
14747,2,3,9.1,5.26
48375,2,0,0.1,4.56
43282,7,0,1.4,6.41
13094,1,4,0.2,5.81
1194,1,1,6.2,2.72
31533,4,0,3.2,4.37
10864,1,2,1.3,7.05
47938,3,3,9.0,5.69
13398,2,1,8.7,4.92
23390,3,0,2.9,6.15
31972,1,0,2.6,5.78
42311,2,0,7.6,4.4
14859,7,2,9.6,5.61
31352,3,3,3.1,4.5
2305,3,1,6.6,4.46
42286,5,2,1.0,5.19
1955,7,0,4.5,4.06
45119,3,3,1.1,4.08
40106,7,4,1.7,4.23
43225,7,0,4.4,4.66
37091,0,3,0.7,3.91
8512,2,3,4.2,4.01
49518,5,3,2.5,4.35
602,2,0,2.0,6.38
50,4,1,5.1,3.28
18437,6,1,0.1,5.45
14588,7,1,4.8,4.39
11521,4,4,9.4,4.23
35702,1,3,5.7,4.13
10004,1,1,9.5,5.33
46790,1,2,6.3,6.07
15771,6,3,0.5,5.43
35537,6,2,6.4,5.5
48298,5,0,5.3,6.82
27976,2,1,8.4,4.5
28254,3,2,5.1,4.47
32741,6,4,5.7,3.91
24700,3,1,5.3,5.31
15404,1,0,1.7,4.82
9512,1,1,2.6,4.13
28300,1,4,2.9,4.57
47307,7,0,0.4,4.64
27255,3,0,6.0,3.65
14094,6,4,6.5,4.95
49647,3,4,2.8,6.55
40411,3,4,9.7,2.76
45768,5,1,6.9,6.68
44226,6,3,3.5,2.98
46565,1,4,6.6,4.19
21667,6,2,4.1,3.55
9885,0,4,0.8,5.57
22540,4,0,9.7,3.49
23738,5,1,5.6,4.8
25399,2,2,5.9,4.87
40327,6,4,2.7,4.33
32536,1,0,5.3,3.65
39034,5,2,4.8,4.29
34782,2,4,7.0,5.9
14119,3,3,5.7,5.98
37382,2,2,4.7,4.48
45155,0,3,7.7,6.55
47097,3,3,5.3,5.16
3628,1,0,8.9,4.56
42624,7,2,8.1,4.33
14332,1,1,6.1,3.82
18024,1,2,2.0,6.5
22012,6,1,5.4,6.43
46307,0,1,4.5,4.48
45097,2,4,1.6,6.65
2808,2,3,6.2,6.37
47804,7,2,7.9,6.28
13458,5,3,7.2,6.54
45016,4,0,8.5,5.24
1684,4,2,7.6,2.95
16818,3,2,4.3,4.99
33039,2,2,4.0,5.14
17652,1,2,7.5,4.6
30174,4,1,8.8,5.24
18264,4,2,0.1,3.59
27242,4,1,0.5,6.04
34922,4,1,9.9,5.15
3260,1,3,4.7,5.34
28387,5,2,0.2,4.2
23524,6,0,6.0,4.71
43018,7,2,1.0,4.99
31652,0,3,4.2,3.76
20370,3,1,3.5,4.8
34453,6,3,4.7,4.61
1305,5,3,6.7,4.79
11010,5,1,8.7,5.25
45313,0,0,9.0,6.22
16768,3,1,1.3,6.94
45337,2,0,9.5,3.68
1507,6,2,8.2,4.8
26420,2,3,8.8,4.13
29318,2,4,9.0,3.71
39350,6,0,0.1,3.93
26601,2,2,6.6,5.75
17875,0,1,7.3,5.15
32194,3,0,5.9,7.35
39172,4,3,7.7,2.39
35695,6,1,7.0,5.99
43456,1,0,2.8,5.03
19347,7,1,8.0,4.99
13012,0,3,5.2,4.48
36894,3,1,2.9,4.91
49355,5,4,6.3,6.06
44007,2,4,9.8,4.35
42808,1,2,5.5,4.2
16075,0,0,5.4,4.79
7885,3,2,0.5,5.73
10037,6,2,8.2,6.32
38882,1,4,8.0,5.31
12526,0,4,1.6,6.19
12123,5,1,2.3,3.86
39960,1,3,8.6,3.59
3960,5,3,8.2,7.17
750,3,2,9.1,7.04
14776,0,0,1.8,6.19
32469,2,4,3.0,4.65
15619,2,1,9.8,5.57
9072,3,1,9.1,4.48
33905,3,2,3.3,5.37
41450,6,0,2.2,3.04
26515,7,3,8.8,4.32
13740,2,4,5.4,5.91
19439,0,3,0.6,4.27
35354,1,4,1.3,4.34
43422,0,3,8.8,3.78
8554,5,2,5.2,5.45
35256,6,1,4.4,7.01
43591,5,2,4.4,5.36
38381,0,1,3.2,7.38
10001,5,3,5.5,8.1
26120,3,0,7.0,5.95
26510,1,1,2.8,3.8
43073,3,4,7.7,5.18
27100,7,1,6.4,5.89
4229,4,4,4.0,6.04
38429,3,4,1.9,4.31
1618,7,0,2.4,6.04
27168,6,3,6.1,6.94
46018,3,0,5.3,6.13
31183,7,4,9.2,4.23
30967,1,4,5.1,4.36
49224,3,3,7.2,3.41
47861,7,3,6.6,3.68
8354,0,4,4.2,4.28
16156,4,4,5.6,4.75
15157,3,4,1.7,4.13
40752,1,1,0.6,5.05
16685,3,4,6.1,5.93
27523,0,2,0.8,3.96
36846,2,2,4.6,6.21
34194,7,1,0.4,4.72
40044,4,4,2.5,6.12
37892,4,0,7.6,5.5
11769,4,1,7.7,4.14
12090,6,3,3.6,4.95
34727,5,2,7.0,3.33
26830,5,4,4.6,4.44
43128,0,0,7.3,4.25
31181,1,1,7.5,4.92
1914,2,0,10.0,6.15
40491,4,3,5.0,7.53
40361,2,3,0.0,5.99
29241,3,0,7.9,5.91
994,5,2,4.4,6.15
15729,1,0,3.7,4.32
5438,2,0,3.1,5.68
1970,2,3,3.7,6.36
6717,5,4,3.2,8.0
35998,3,0,5.2,7.3
36440,6,4,7.8,5.18
23510,1,4,1.4,4.1
18636,7,0,6.3,4.63
43678,0,1,2.0,3.15
35939,0,0,9.1,4.14
41773,1,1,5.6,5.18
47481,4,2,2.9,4.27
33824,7,0,5.1,5.73
12705,2,4,4.0,6.53
1737,5,1,3.3,5.62
37041,4,0,7.1,6.71
44831,7,4,4.8,3.9
14429,3,4,8.1,6.29
8003,1,1,8.2,3.97
41962,4,4,7.9,3.11
44883,1,0,1.1,6.63
49294,2,3,6.1,4.55
1387,7,0,8.0,6.0
32673,2,0,1.8,4.4
40934,0,4,6.3,5.96
41029,2,2,1.9,5.6
3964,1,0,2.6,5.34
34327,2,4,2.7,4.33
22944,6,3,6.3,4.0
48379,2,4,9.9,3.39
11283,5,3,4.8,4.02
13009,2,2,5.7,4.26
37769,7,0,5.1,4.45
9534,5,2,9.7,4.84
4813,6,0,0.4,5.94
14973,5,1,4.9,3.31
10887,0,1,7.4,6.51
19775,5,0,1.5,4.74
33644,7,4,9.7,4.47
34637,5,4,2.2,2.47
2069,7,4,0.4,2.97
27142,2,3,0.9,4.28
29643,1,3,1.7,5.17
16420,2,0,1.6,7.3
18087,2,4,4.5,4.53
47818,4,1,7.3,6.43
34298,5,1,7.5,5.6
32160,2,4,5.8,4.46
19142,2,0,1.4,3.75
29440,3,1,9.6,4.66
49424,4,2,7.9,3.9
415,6,0,1.7,2.72
19703,4,1,3.0,6.21
45814,2,0,8.3,5.81
2561,0,0,8.5,6.53
44249,7,3,4.6,7.43
20112,3,4,6.5,2.28
28435,2,2,9.0,2.82
20246,0,2,7.7,5.71
28226,3,2,8.4,4.85
39815,7,4,3.1,6.89
30466,7,3,6.8,4.38
39344,4,4,2.1,5.0
35,6,2,2.2,2.97
47388,7,0,7.2,5.49
4450,3,3,6.2,5.14
37755,1,3,6.1,5.28
35514,0,3,6.0,4.69
23811,4,0,2.1,5.51
13106,0,2,1.8,5.4
42303,1,1,5.3,3.98
1017,5,1,5.2,5.36
23080,2,2,3.4,3.95
23637,7,1,7.1,5.58
24643,2,1,4.0,4.72
683,0,1,9.6,4.0
5666,4,2,3.6,3.15
39092,2,4,8.8,4.23
3054,5,3,7.5,2.42
4672,1,4,5.1,5.73
29672,3,4,5.4,5.29
38426,1,1,5.2,4.87
14233,0,3,5.9,6.0
1912,2,2,4.4,8.03
4222,3,1,0.6,5.36
15944,1,2,6.8,4.19
46482,2,2,2.3,4.71
15459,5,3,9.5,5.16
35763,1,0,5.4,5.09
42051,3,2,7.4,3.92
9667,0,2,1.1,4.79
29639,4,2,3.1,4.46
36382,4,1,2.6,4.79
43878,1,1,4.7,5.96
38871,3,1,2.4,4.09
22171,2,3,0.4,4.27
16526,3,2,0.5,3.31
27559,4,4,6.6,4.76
19778,7,3,2.8,6.98
11669,2,3,5.3,5.28
48496,6,4,8.0,4.49
3978,1,0,2.9,4.28
45140,0,0,7.6,4.04
10036,1,4,9.5,6.01
34147,3,3,3.0,6.14
22836,3,1,1.7,5.14
29311,6,1,5.7,2.62
3500,4,0,8.8,3.4
44133,1,4,8.4,6.05
6499,5,0,3.6,4.57
21327,0,1,0.5,2.13
45383,3,1,5.0,3.58
45606,3,1,6.7,3.83
25558,2,1,6.7,5.75
9165,6,1,5.6,4.86
43273,5,2,2.3,6.22
14139,5,1,4.6,4.36
27694,2,3,2.1,5.98
31825,3,0,3.5,4.7
41969,6,2,4.5,5.69
22601,2,2,8.0,6.86
5494,5,0,9.2,3.15
28269,3,0,5.3,3.53
34755,7,3,2.5,4.82
48897,4,2,5.5,3.59
28992,2,4,0.3,5.24
46135,7,2,6.7,6.05
6701,1,4,2.8,6.39
13060,3,1,3.4,5.74
3531,4,0,6.9,5.81
27730,4,3,9.7,4.52
17117,4,4,7.2,4.53
18755,0,4,9.4,5.53
20976,3,2,4.1,4.65
21269,3,1,4.1,3.93
39173,3,2,6.9,3.44
48990,5,1,6.3,5.04
31257,0,4,9.2,6.48
46227,3,2,7.0,3.12
14062,6,1,8.4,5.75
3489,5,3,6.0,6.37
39430,1,3,8.9,3.39
6482,7,1,7.5,6.35
5107,3,0,0.4,4.28
27520,3,0,7.6,6.28
13848,7,4,6.6,4.58
33466,0,1,3.8,6.62
28394,1,1,3.6,5.43
34114,7,2,2.5,4.56
27188,4,0,0.7,4.89
38026,2,2,6.6,5.05
28932,7,3,9.3,4.24
33486,3,0,5.1,4.09
37902,0,1,2.0,5.14
49604,1,1,7.2,5.82
10636,6,3,5.5,5.98
24978,2,3,4.8,6.05
17230,7,1,7.1,7.11
14436,3,4,2.8,4.9
34682,2,4,1.4,4.09
33776,6,4,1.0,6.04
1821,7,1,6.4,5.55
744,4,0,2.8,4.15
9108,7,4,4.6,4.87
6226,4,2,5.6,4.85
38423,3,0,8.8,4.49
36435,0,3,6.3,1.95
18494,2,3,7.9,3.6
43125,4,3,1.2,5.53
47342,6,0,9.5,5.29
14730,7,2,2.5,2.94
40315,6,2,1.5,4.12
15587,1,3,4.6,5.65
36509,2,0,2.0,4.76
29263,4,0,2.1,4.15
36472,7,4,3.0,6.3
38413,0,1,3.7,3.27
30050,1,2,4.2,2.93
35213,2,4,3.6,6.35
12350,0,1,9.7,6.56
3971,1,2,2.1,5.9
279,1,2,9.4,5.25
49656,4,2,8.5,6.28
31314,6,1,9.8,6.84
9583,1,1,6.5,4.61
46306,2,0,0.6,4.51
32682,2,3,6.7,6.02
42365,5,0,2.7,6.38
31827,1,0,8.1,5.02
5420,6,1,3.0,5.88
3930,5,0,7.8,4.75
19134,4,3,0.2,4.73
11218,2,2,3.2,5.96
5105,5,0,2.8,3.44
1209,1,0,9.3,3.12
27421,0,3,3.0,5.69
33519,0,4,6.1,4.94
40549,6,2,0.9,4.08
2275,7,3,7.0,4.15
3195,4,2,9.0,4.26
3785,2,2,10.0,4.16
23311,1,0,2.8,4.91
29137,7,4,4.1,3.05
523,6,4,0.7,4.22
39699,1,4,3.0,2.96
39842,6,4,5.9,6.15
1485,2,3,8.0,4.52
9869,0,1,7.9,5.07
41360,6,3,3.4,6.19
9302,1,3,5.1,7.12
14338,2,3,3.0,4.1
16225,4,1,8.9,4.49
13314,3,4,4.1,5.29
37097,0,1,0.7,5.27
48902,4,1,8.8,5.92
10152,6,0,8.3,5.74
6890,0,4,4.4,7.17
11860,4,2,0.2,6.31
7541,1,0,1.5,3.09
31237,0,3,2.1,5.38
10917,1,3,2.0,5.45
31024,3,1,7.1,3.45
13318,6,0,7.2,4.47
43670,5,2,1.1,4.57
19898,1,1,2.8,2.65
46187,4,3,4.7,6.15
39650,3,2,5.3,5.8
22904,2,0,2.0,6.14
18618,5,1,8.0,3.81
7503,4,4,9.1,2.76
34386,2,1,3.8,4.42
12985,5,4,8.2,6.94
2134,3,2,9.5,4.32
19969,4,4,6.9,5.1
5994,0,0,7.7,3.77
12543,1,1,6.3,3.45
1644,7,0,3.1,5.29
18671,0,4,9.2,5.7
22589,2,4,4.0,6.39
13336,5,3,8.2,4.12
32703,0,2,8.5,4.44
4920,6,1,9.0,6.12
16415,0,1,8.7,7.43
44653,4,3,5.7,4.56
15275,0,3,7.9,1.97
47061,0,0,0.6,6.19
17061,2,4,9.1,5.26
2610,3,4,2.8,5.75
12967,6,1,6.9,3.83
13541,1,4,10.0,6.25
44180,7,2,9.0,5.5
6924,1,3,7.0,5.84
10146,2,1,4.9,5.67
46870,1,4,4.3,3.79
9560,1,2,5.7,5.54
45433,1,0,1.0,4.61
26898,0,3,1.3,4.97
6874,3,3,7.3,3.72
35423,5,2,2.1,8.01
43481,3,0,0.2,5.44
14567,1,1,5.1,4.87
2003,6,4,7.8,4.62
42048,7,4,7.7,4.2
14979,1,4,8.8,7.22
26875,4,2,3.7,3.61
45779,1,1,0.3,3.9
49808,5,3,1.2,5.54
6779,6,1,0.8,5.15
19004,1,1,5.9,6.39
24945,5,0,8.5,5.52
11670,3,0,1.2,4.92
32518,5,0,9.4,6.6
49675,5,3,9.4,6.63
36148,6,0,6.9,6.34
18403,0,3,9.7,4.22
29071,1,1,8.1,7.04
36701,1,1,3.0,3.44
47891,0,4,9.5,4.31
7097,7,2,6.0,3.99
4777,3,0,4.7,4.94
33998,6,4,4.2,3.59
10817,2,1,9.6,6.18
7197,1,2,0.3,4.89
9815,7,2,0.5,6.6
10383,1,4,2.2,7.09
37171,7,0,2.5,5.94
49886,5,3,5.0,3.76
808,7,3,1.6,5.41
25820,6,0,1.6,4.4
48494,1,2,0.0,2.19
18493,1,0,1.0,4.79
20314,1,1,6.6,5.83
33318,3,1,10.0,6.38
42197,4,0,3.8,3.98
27485,0,2,2.9,6.65
33080,1,3,9.8,4.59
19180,3,1,5.9,6.46
7653,4,4,7.5,7.09
43415,2,1,6.6,2.9
26936,2,0,1.4,5.82
43343,0,0,6.8,5.76
48793,7,3,0.5,3.51
11350,5,0,8.5,4.21
41327,6,1,3.7,3.72
429,4,2,6.3,4.69
46244,4,3,4.0,3.79
31627,3,4,2.9,6.99
37302,3,4,0.9,3.05
26176,5,4,3.9,5.2
35595,1,1,0.7,4.64
9261,3,1,3.3,6.8
27411,2,0,3.7,5.11
48381,6,3,4.9,3.71
48459,6,1,4.1,8.5
29188,4,0,5.5,5.53
16934,7,2,5.2,4.43
32203,5,2,7.6,5.06
19568,0,2,8.8,4.84
22306,1,0,8.1,3.48
18840,2,2,8.8,4.94
29412,2,0,2.5,4.89
45470,5,0,1.9,2.25
5922,5,2,1.9,5.81
42547,6,3,9.7,4.57
42496,3,4,0.6,3.54
33386,6,1,9.3,3.98
40810,4,0,6.1,6.45
29972,2,0,9.8,3.68
39708,5,4,2.2,3.26
14673,2,4,2.6,6.14
38892,5,0,7.7,5.06
44968,3,2,0.6,5.14
13154,1,1,8.8,6.99
20936,6,1,9.1,5.35
48423,7,1,3.1,4.42
29472,5,0,4.5,3.86
5165,2,0,8.6,5.21
31453,0,3,6.8,4.89
8946,6,4,5.3,3.72
18200,1,1,6.2,5.41
7839,1,0,4.3,6.34
40529,3,3,4.9,3.42
42428,7,3,7.2,4.5
35412,5,2,1.5,4.74
7373,7,0,6.9,5.89
22746,2,1,3.1,6.35
16543,0,3,3.8,4.45
30881,6,3,2.2,2.67
12713,5,1,2.4,4.88
27210,3,0,7.1,4.36
16943,0,0,1.6,6.33
12412,6,4,7.1,4.4
33992,6,2,5.2,4.95
26569,1,0,2.9,4.31
21583,5,0,8.7,4.31
2550,3,4,4.0,4.65
46829,7,4,2.7,4.79
4399,2,2,8.3,5.66
27707,4,1,9.4,6.4
10808,6,4,2.7,3.99
25880,2,1,7.5,4.62
30962,6,0,5.1,4.03
3265,3,3,4.2,5.32
39472,7,2,1.8,4.0
23898,1,4,0.0,3.78
12110,1,0,6.7,7.01
16856,2,4,7.1,4.32
7127,2,2,1.9,2.36
40769,5,3,7.2,4.37
5000,6,2,6.3,4.44
33280,4,3,7.3,5.58
21961,6,1,3.3,3.39
6848,0,0,5.4,7.07
38299,0,3,2.7,3.13
31233,4,3,2.4,5.58
28774,4,2,8.0,4.35
43742,6,2,8.5,5.46
12779,1,4,0.4,2.97
18685,5,2,8.5,5.16
4066,6,4,8.0,6.95
37131,5,2,4.2,5.57
440,4,0,7.1,2.88
19946,7,1,0.3,5.43
36842,4,0,6.0,5.13
13051,2,3,1.2,6.38
28401,2,3,0.7,3.01
37980,0,4,0.1,5.98
30934,1,4,1.9,4.62
14357,6,0,2.5,7.41
49216,5,2,9.6,4.12
32830,6,4,7.4,7.68
37260,4,1,3.5,8.23
27922,3,0,7.2,4.74
45261,6,1,0.4,2.34
16605,6,2,2.7,4.38
12532,4,1,9.0,5.74
16386,3,1,1.5,2.8
47308,6,1,9.5,4.39
14869,2,1,8.8,5.82
37271,2,2,1.2,5.12
10332,3,3,1.2,7.3
11442,3,2,9.9,6.19
35020,4,3,6.3,4.36
12126,2,2,0.7,6.07
24865,3,2,1.2,5.66
36866,7,1,9.8,3.8
15710,6,2,9.3,5.52
31452,0,1,4.7,5.26
38542,4,3,3.0,3.88
12644,4,2,5.7,4.52
20501,1,4,3.5,4.76
40748,2,4,10.0,3.38
15686,4,1,7.2,5.06
37372,6,4,0.8,5.09
17893,2,4,4.2,5.41
39745,2,0,5.1,4.96
24164,1,1,6.6,5.45
43919,1,1,5.9,5.69
47709,0,1,1.0,6.08
32101,3,0,1.1,5.72
38514,0,1,2.8,4.9
14804,1,1,8.1,4.72
37605,3,1,2.1,3.81
30369,3,4,9.9,7.56
49223,4,3,6.3,3.72
20395,4,1,4.9,6.15
29070,6,1,7.9,5.62
12420,7,4,8.1,5.91
36330,1,4,5.0,5.24
32859,0,2,4.3,4.97
34563,6,4,5.1,3.93
4321,0,0,9.2,4.69
31096,6,1,2.8,5.34
44310,5,0,3.3,5.7
726,3,3,2.2,4.56
47404,5,2,2.1,4.53
41091,6,0,6.1,4.83
29680,2,1,7.1,7.03
6824,6,2,0.6,6.03
48053,4,1,0.5,3.74
19003,3,1,3.8,5.94
16087,7,2,8.3,6.9
42797,4,1,4.1,2.01
2441,5,3,2.4,5.49
8198,0,4,9.6,3.13
37387,2,0,7.2,6.11
4257,0,4,5.0,4.37
16095,5,0,9.9,6.36
39049,6,1,2.5,4.31
35812,3,1,5.5,3.16
44105,4,3,4.5,3.8
47633,5,1,9.2,5.04
47441,6,1,9.0,3.9
34336,2,3,8.1,5.53
42475,1,2,0.8,3.45
14771,4,0,1.3,4.0
48067,5,3,7.0,6.11
35263,0,0,9.0,7.18
1834,0,1,9.9,2.65
18163,6,1,5.8,5.4
27391,2,2,3.3,5.78
3259,1,2,8.1,5.49
32770,3,3,1.2,6.57
30396,2,1,6.1,4.85
12215,5,4,9.1,6.4
25063,2,3,9.8,5.97
14351,6,2,2.8,5.96
42296,3,4,3.0,5.6
17171,4,4,1.2,6.97
43276,4,2,7.4,5.75
18861,5,3,0.5,3.19
27705,1,1,9.7,4.64
5848,2,4,6.0,4.17
23617,2,2,9.2,4.89
30402,2,2,3.7,5.07
49784,2,2,5.8,4.5
10326,0,1,7.4,5.38
33495,3,3,7.0,3.66
32067,1,3,5.4,2.65
41854,7,3,2.5,5.1
41856,4,4,2.0,3.43
22653,7,0,0.9,3.92
29952,3,2,3.2,5.95
38618,2,0,5.6,4.16
4208,2,3,7.6,5.66
8775,3,1,9.5,5.11
42629,7,4,8.7,5.39
42162,1,1,2.7,5.83
26633,4,2,7.9,4.04
23271,1,4,6.5,5.07
16898,5,0,8.1,5.14
10629,1,1,2.5,4.28
7206,5,2,6.7,3.7
28628,6,2,7.8,4.84
48015,2,0,8.7,5.54
43792,5,1,9.8,4.41
22654,7,4,4.5,4.81
3181,2,1,2.9,3.68
30707,5,0,3.9,6.79
12275,2,1,0.9,5.24
30181,1,4,8.4,6.85
43502,6,1,9.9,6.67
26081,7,2,7.6,5.61
9733,1,2,2.2,6.18
2061,6,3,8.3,6.33
27701,0,3,5.1,5.45
44263,5,0,0.5,5.27
44771,1,1,8.8,5.56
37137,4,3,3.4,4.61
34093,7,3,1.2,3.84
24153,1,4,8.2,4.83
28973,1,1,5.3,4.38
26781,7,1,1.5,6.47
48299,2,4,7.2,6.01
33096,2,4,4.3,2.97
48274,4,0,0.3,4.12
45366,4,1,7.8,5.29
3580,1,2,3.3,5.18
25049,3,4,8.7,3.47
47480,3,2,3.6,6.48
17003,3,0,4.0,3.11
11544,1,0,0.6,4.87
8183,7,4,1.4,6.11
31680,2,1,7.3,3.99
37447,3,3,2.5,4.82
30401,1,0,2.5,4.9
12568,3,1,7.1,5.8
28668,1,4,9.3,5.93
40919,1,4,9.6,4.33
11236,1,0,8.4,3.05
39624,3,2,4.4,5.88
33799,3,1,5.6,6.5
43690,6,2,6.2,4.89
4849,1,4,5.0,3.15
7929,6,4,3.4,5.14
48769,2,4,3.3,5.83
12178,1,1,2.1,5.36
18990,2,0,3.6,6.48
24286,2,3,8.7,5.16
38624,3,2,7.3,3.85
4134,1,2,1.7,6.52
7786,2,4,9.0,6.6
5873,5,2,9.7,4.21
33365,0,0,4.7,3.43
33087,2,0,5.6,4.61
43788,3,1,6.4,6.34
28943,0,1,7.6,3.13
35637,3,3,8.9,4.06
26742,1,1,2.0,3.49
17124,4,0,3.4,6.02
31182,6,2,3.2,5.22
43914,5,2,5.0,6.5
7763,3,1,5.2,5.49
25015,4,0,5.7,6.69
17248,1,2,2.0,6.12
12746,7,0,5.1,3.16
29418,1,0,6.5,4.15
1791,3,2,5.0,3.52
8608,0,2,8.0,4.19
48089,4,3,3.8,4.85
26132,6,4,6.0,3.13
11600,1,2,7.8,5.21
12671,3,0,7.1,4.14
6059,1,4,4.1,5.48
48268,1,2,3.0,2.75
25577,7,2,2.1,4.07
7053,1,4,4.0,4.14
34865,3,4,2.8,4.74
34334,1,1,6.5,6.09
23297,2,3,8.7,6.77
13805,7,1,5.8,5.34
7141,3,4,4.3,6.46
5530,3,1,5.2,5.74
910,0,3,7.2,5.1
27009,0,0,5.0,2.61
34505,2,2,8.6,4.93
48744,6,4,0.1,5.88
18307,1,0,7.6,7.06
49895,1,4,2.8,2.84
19208,2,3,3.2,3.62
5363,6,0,7.8,7.68
42473,2,3,8.7,3.44
34684,3,3,4.7,3.73
5063,2,3,5.6,3.9
15332,4,4,5.7,5.87
26119,3,2,6.7,3.29
41189,3,3,7.2,4.76
8767,1,0,6.6,3.81
9674,1,3,1.9,5.2
43644,2,3,9.7,4.71
2678,2,1,0.9,6.05
23529,0,4,7.4,3.89
5913,4,3,2.9,5.02
7987,5,3,7.6,3.97
38338,2,0,5.8,4.94
25966,3,1,4.2,4.96
26166,4,0,8.2,3.67
16959,4,2,9.8,4.0
38021,4,2,7.9,4.23
36550,4,1,4.5,3.93
14562,1,2,3.6,4.84
20308,5,0,4.5,4.56
37295,3,3,1.0,5.02
48734,4,3,5.3,3.38
35742,5,3,9.8,5.11
20607,1,4,6.9,5.63
14349,0,2,6.6,4.29
23793,4,4,4.8,4.66
13621,6,4,5.4,2.49
43015,3,0,5.8,5.51
17054,4,1,6.8,2.66
7647,1,0,8.2,6.23
38406,0,0,0.3,3.23
9500,1,0,4.9,5.87
36678,0,4,0.5,4.09
26466,5,2,8.2,4.04
10913,0,2,2.9,3.41
22679,2,3,7.0,6.52
2622,3,0,8.5,5.62
16065,1,2,8.0,5.56
25757,0,1,6.4,4.78
4556,2,3,5.8,4.2
11113,2,0,4.8,3.81
7279,1,2,9.5,4.4
13023,4,2,1.9,4.38
44708,2,4,2.0,3.03
34554,6,4,7.6,4.76
4758,7,0,4.3,6.79
12459,1,3,1.7,4.97
9803,4,0,8.5,3.74
21249,6,3,6.4,6.87
28277,5,1,4.6,5.3
44672,6,3,6.8,3.95
43817,3,0,5.8,6.21
39570,0,0,3.4,6.01
40826,3,1,6.4,2.0
19690,1,1,4.6,4.31
45721,0,0,0.4,6.0
47735,7,3,4.6,5.58
44176,2,0,0.1,5.43
30689,5,2,7.4,3.2
32144,0,2,1.2,6.08
48064,7,2,10.0,6.61
43512,3,1,1.5,5.31
13211,0,2,8.1,4.24
4258,6,3,8.7,3.94
31251,7,3,1.3,4.11
23244,1,3,2.2,2.15
26707,6,3,4.7,2.13
25244,2,4,3.1,3.97
15890,5,2,3.1,4.67
7221,2,2,5.1,4.65
32272,4,4,1.6,5.12
3528,3,2,2.5,4.48
18288,5,2,3.2,2.98
10233,4,2,4.1,4.65
9008,6,0,6.9,3.89
15840,3,4,9.4,4.95
22580,4,4,4.6,5.74
5334,3,3,1.2,5.69
26155,7,3,3.4,3.28
44627,0,0,1.8,4.98
18507,4,3,1.3,5.99
9974,3,0,8.9,4.88
21683,6,4,6.0,3.31
43954,6,4,4.3,5.74
17254,1,2,5.9,5.5
49678,7,3,5.1,5.25
5152,6,3,6.7,5.48
43088,7,4,5.8,2.7
38725,1,3,6.0,5.15
36686,1,2,4.0,3.24
43808,5,1,3.0,4.16
9009,5,0,7.7,5.75
38957,6,2,6.5,2.86
7479,0,2,5.8,6.21
33402,5,1,7.2,3.81
22718,3,4,6.2,4.64
49802,4,3,3.9,2.95
15122,0,0,7.0,4.65
611,2,1,6.0,3.36
4417,7,0,8.7,4.19
32631,6,3,5.8,4.15
48847,2,2,2.2,5.03
16129,5,0,8.3,4.96
38934,1,4,5.5,4.7
40132,4,3,3.5,3.77
35206,7,4,6.3,3.77
18543,3,4,0.8,5.6
15649,3,4,7.9,3.86
48533,5,4,6.8,4.63
31028,7,4,9.2,4.75
34281,5,2,4.3,5.7
6992,5,2,9.6,4.67
15029,6,1,8.3,4.02
19443,3,4,8.2,3.22
32592,7,2,5.6,3.34
38057,2,3,3.0,3.66
40947,5,4,0.1,6.01
25365,2,0,9.1,4.3
5159,4,2,9.0,6.39
31711,2,4,1.2,5.16
40528,7,2,2.1,4.26
25369,5,1,3.9,4.58
22708,6,2,8.0,6.96
1095,5,0,4.8,4.45
42646,7,0,6.7,5.96
16722,1,1,8.7,6.27
4676,5,1,9.7,5.63
2631,3,4,5.2,3.86
4410,7,3,3.0,6.64
18905,1,0,8.2,2.92
48535,1,0,3.0,1.87
33300,6,2,8.2,4.56
24704,7,3,2.3,4.56
32419,0,0,2.5,4.72
8941,4,2,7.6,6.65
48491,0,2,5.1,4.41
8865,0,1,6.2,3.76
38124,7,0,3.6,5.22
22941,7,1,0.4,6.54
20105,0,4,4.7,4.78
9196,5,1,5.1,4.05
43195,3,2,6.5,6.57
3511,4,4,6.3,6.53
47603,2,0,2.9,6.86
17228,1,0,9.4,3.98
34443,7,2,1.6,4.04
41229,7,2,9.9,7.41
31023,0,1,3.1,3.27
2223,1,1,3.1,4.57
44891,2,1,2.3,5.18
23099,5,1,4.7,7.64
11122,1,2,3.8,6.53
14659,5,4,7.7,5.37
32252,2,3,5.2,3.45
30460,2,0,8.4,4.4
18936,6,2,1.9,6.02
8421,0,1,6.3,4.35
2937,6,2,7.6,7.09
24240,5,2,7.5,3.2
39206,6,4,8.1,7.15
26447,5,2,4.8,4.13
17706,3,4,0.3,5.91
10316,3,0,5.3,5.6
791,0,0,2.5,3.38
21237,1,1,5.7,4.52
6750,1,0,5.5,5.9
6896,6,4,7.9,3.58
32654,1,1,9.5,5.19
39979,0,1,0.3,5.12
18679,6,4,1.3,4.09
43302,4,0,9.9,3.17
31387,4,4,1.3,5.56
40495,5,2,5.7,2.37
20358,7,3,1.2,2.77
40878,6,2,0.5,7.02
40256,2,1,6.0,3.54
47341,0,2,8.8,4.12
8195,2,3,8.6,6.21
35303,5,0,7.8,6.11
3952,6,0,3.3,5.6
20718,3,4,2.5,6.55
24733,6,2,1.5,2.59
33291,1,2,7.3,3.84
25353,4,1,7.6,6.42
8147,2,4,7.4,3.86
44125,5,3,7.4,4.72
37350,7,3,7.9,3.4
40521,7,1,2.8,5.78
22782,5,3,7.7,4.62
16808,4,2,7.0,6.47
12929,2,2,0.3,4.64
33611,1,4,9.9,5.93
13461,4,3,6.5,5.97
10002,4,0,5.7,4.47
19037,1,2,3.7,3.24
46257,4,1,5.6,4.18
13601,6,0,4.7,5.59
26151,4,1,10.0,4.04
41169,1,0,9.2,6.34
11548,0,2,9.0,6.26
30823,1,4,1.9,7.37
32277,7,4,4.6,6.28
43208,4,1,9.9,3.21
45270,4,4,2.0,5.69
5890,5,3,1.7,5.09
20954,2,1,5.4,4.48
3362,5,4,8.5,5.34
9375,2,0,1.5,4.63
13856,1,2,6.1,3.13
49436,3,4,6.9,7.75
18465,2,1,2.6,4.6
45193,5,1,0.3,2.91
37575,6,2,10.0,4.38
5281,6,4,3.2,4.24
34222,2,0,3.2,5.55
35897,2,0,6.1,5.48
24262,6,4,9.2,2.97
20901,4,4,2.1,4.23
31359,0,3,3.8,3.24
10741,2,4,7.2,3.09
41777,6,1,9.6,6.47
37087,5,0,0.6,3.9
45545,6,4,9.8,4.35
6167,0,2,1.8,4.99
30641,2,3,8.0,4.31
45686,4,0,3.5,6.55
7741,5,3,6.3,3.03
44963,6,1,6.4,5.41
19364,2,3,2.8,4.39
35506,4,2,1.6,5.83
5095,1,2,6.8,3.56
21431,7,4,4.1,2.71
42579,0,0,4.9,2.75
26551,4,2,4.8,4.68
768,0,4,4.7,5.52
27646,4,1,6.9,3.79
44825,2,4,0.3,5.29
7044,2,3,9.3,4.47
36346,2,3,1.6,5.99
11405,2,3,8.6,2.79
37582,1,3,3.8,4.76
17084,4,4,4.8,4.58
16650,7,2,7.5,8.73
7079,3,2,4.8,3.76
21095,3,0,1.7,5.05
25356,4,1,2.7,3.53
31866,4,2,0.1,4.72
28750,2,3,7.1,5.99
25703,4,3,7.1,6.64
45356,3,1,3.5,2.94
18081,5,0,3.0,6.14
23778,6,3,3.3,6.38
30312,6,4,0.3,5.31
39611,7,1,5.1,6.29
6153,6,4,3.0,4.81
33368,0,4,9.1,4.26
47587,5,3,1.1,3.7
40408,3,4,5.5,6.18
10751,5,2,5.5,4.55
18305,1,3,8.5,4.75
46702,1,2,5.3,5.03
3718,1,2,8.2,4.55
22024,0,3,4.3,4.35
17710,0,3,5.5,5.75
10291,3,3,0.4,3.62
38348,4,0,8.4,5.55
43258,0,0,7.2,5.43
26323,4,1,2.2,3.98
24061,5,0,9.9,5.06
7818,7,0,9.8,4.35
251,0,2,5.8,7.28
43162,3,2,3.6,3.58
41796,4,0,9.1,3.47
1344,0,1,5.0,6.92
29097,4,1,1.9,5.49
8206,0,4,2.4,5.1
34008,6,1,3.9,5.47
31097,7,3,5.9,4.5
7345,4,1,4.0,3.73
14506,1,2,4.8,6.17
18757,2,2,1.4,4.7
27995,0,0,3.2,5.97
41757,3,2,1.4,5.93
23467,6,3,9.6,3.81
12559,6,2,8.0,3.39
34588,6,3,2.6,4.75
27795,7,2,9.6,5.18
25156,3,3,0.2,7.61
18589,2,2,0.3,6.11
13837,7,4,4.8,4.13
23487,0,3,3.6,5.27
37730,2,3,9.5,3.4
27173,5,0,1.3,6.51
2032,2,3,4.2,4.41
37498,5,0,1.7,4.4
31525,0,4,6.7,4.94
7963,7,1,2.1,4.26
4268,6,0,3.0,4.69
12755,0,1,5.0,5.41
43976,6,3,2.3,3.8
9086,3,4,2.3,3.97
2240,2,4,2.0,5.62
29465,4,3,9.8,6.17
22973,5,4,8.7,3.44
37251,6,1,9.1,3.05
31795,0,2,3.6,6.4
25905,0,0,3.0,5.44
43567,5,0,8.2,3.82
32412,7,4,1.0,4.18
47107,3,1,3.8,5.84
18929,4,2,1.3,6.36
28368,0,3,6.3,5.72
24009,0,3,5.0,3.79
14419,5,4,5.2,5.28
23883,5,4,2.9,5.88
17289,4,4,2.8,4.71
31714,7,1,7.1,6.62
31369,3,1,2.6,3.12
5567,1,0,5.4,4.5
34284,6,2,4.5,5.95
37808,7,0,3.7,3.48
49299,1,2,4.8,5.75
11074,3,1,7.6,1.44
5891,3,0,7.4,7.36
18413,7,1,0.9,3.72
26438,3,4,3.0,6.42
18415,5,1,6.6,6.2
9320,6,1,8.8,6.29
30059,4,3,7.6,2.63
21016,4,4,7.5,6.07
31784,7,1,9.5,2.87
31844,4,3,0.1,5.9
17901,6,1,6.1,5.99
26322,6,0,9.6,5.49
32754,5,3,2.8,1.31
2146,3,2,1.0,4.39
8761,0,2,1.2,6.28
516,5,2,8.0,5.22
5605,6,0,5.1,4.41
15983,4,4,7.5,3.79
2139,2,1,2.7,5.57
41521,3,2,5.0,3.73
39995,4,3,7.1,3.48
12218,1,2,6.7,3.66
43030,5,1,4.7,5.48
28836,4,4,8.0,6.0
46457,5,2,5.7,4.14
24294,1,1,6.7,4.76
36626,6,3,6.7,3.83
2712,7,0,4.9,5.65
43341,6,2,4.3,5.57
46461,7,1,3.0,7.02
35854,5,4,6.8,5.33
18583,1,0,8.4,3.36
8706,4,1,5.9,3.21
10701,2,2,7.5,4.89
49169,1,4,0.2,4.36
44327,3,3,5.4,4.86
39225,2,0,0.2,6.25
49790,6,4,4.4,4.14
41132,3,4,1.7,4.78
43608,1,0,7.0,3.41
2951,0,3,2.8,6.88
46593,3,1,2.1,5.25
8113,7,3,1.7,5.72
20709,6,1,0.9,8.43
28245,1,4,7.6,3.25
41502,2,3,0.2,4.08
6912,2,2,1.4,4.21
28752,2,4,0.4,2.01
16210,3,2,3.3,6.88
45213,4,3,9.6,5.03
8671,7,0,4.9,4.61
17594,4,2,9.6,4.87
29435,1,0,6.1,2.84
46522,4,3,8.5,6.2
3599,5,1,9.3,4.3
17186,0,1,3.4,6.58
39935,5,2,3.8,4.45
28282,7,2,8.1,4.37
36050,6,2,0.6,5.92
5056,2,3,9.7,3.27
33000,5,0,7.3,5.34
33490,3,3,5.5,6.17
47301,2,2,7.7,7.0
18980,5,4,5.1,5.66
8464,4,4,2.9,5.28
3610,7,3,9.8,5.28
36832,0,2,8.6,6.16
42703,2,3,9.0,4.24
11800,1,1,9.3,3.89
29226,1,2,8.4,4.76
17060,4,4,7.7,6.74
36355,0,4,7.9,4.8
5997,4,2,1.1,4.66
44882,6,2,6.1,5.11
6468,5,1,5.7,3.52
30645,3,1,5.5,2.51
10722,3,4,0.9,7.03
35539,2,4,5.5,5.26
16641,5,2,5.3,4.98
8589,1,4,5.7,4.85
25074,7,2,0.3,3.7
48832,5,4,6.8,5.84
11695,1,0,3.7,5.62
38855,7,3,6.2,3.52
4790,5,0,5.5,4.84
42607,5,1,3.5,4.19
14636,6,3,5.8,3.18
33044,7,4,3.4,3.02
32026,6,0,7.5,5.07
29030,6,3,9.3,5.32
29378,2,4,2.3,6.88
34777,3,1,8.6,4.75
45497,7,4,3.3,3.84
2721,4,3,8.5,5.41
34203,7,2,5.6,5.93
33627,2,0,0.8,2.79
30111,1,2,1.8,5.35
11637,0,0,3.0,5.61
47081,1,0,7.0,5.13
11284,1,1,5.3,5.73
5272,7,1,9.6,3.89
41861,3,0,2.3,5.22
35565,1,0,0.7,3.17
14658,4,0,3.7,4.1
10203,1,2,7.3,5.5
14503,3,0,0.9,4.05
36905,0,4,8.0,6.21
5135,7,0,7.2,5.0
47159,4,2,10.0,4.57
47724,0,1,8.3,4.27
42841,4,2,4.9,4.86
35947,2,2,5.1,4.89
43388,4,2,8.1,4.71
34287,2,4,3.1,5.73
38072,6,4,9.2,5.19
377,7,0,7.4,4.56
31674,6,0,2.5,4.85
8631,6,1,8.6,3.02
48179,1,0,1.4,3.78
4521,6,0,6.8,5.16
27518,4,3,4.8,6.65
7055,0,2,6.4,5.06
3948,7,0,5.3,6.72
7936,7,4,0.5,7.71
27869,1,0,4.0,6.16
22752,6,3,3.6,5.38
11973,5,0,3.2,3.85
16678,7,0,2.4,5.57
30321,5,3,3.8,3.83
47642,1,1,8.3,4.64
45132,0,3,1.3,6.38
4212,4,1,3.1,6.72
44062,2,3,3.3,3.58
23908,5,4,8.7,7.35
49710,5,0,8.1,5.5
16372,5,4,0.5,4.46
36787,1,4,5.0,7.33
35488,2,0,8.5,3.87
47524,6,0,8.7,5.27
25815,4,0,7.8,3.1
35312,4,4,6.5,5.08
21005,3,1,4.7,7.41
1237,3,2,1.6,3.71
1165,7,4,4.1,3.3
36296,7,0,3.9,6.01
49830,5,4,5.3,5.96
8187,7,4,0.8,4.8
13418,1,2,2.9,3.88
18668,3,0,9.3,6.54
2424,5,2,9.0,4.72
19662,0,0,4.1,4.15
47792,7,3,0.7,4.82
46164,6,0,0.5,5.36
43246,6,4,4.8,4.23
19561,5,0,7.3,5.11
35190,4,2,2.1,4.78
47195,6,2,3.0,6.53
30634,1,1,0.9,3.92
30703,0,2,6.3,5.62
17243,1,3,5.5,3.64
13709,2,1,2.1,6.08
23340,0,1,8.7,6.74
23317,4,2,4.9,3.87
47523,1,2,1.7,4.58
15556,4,1,4.5,5.35
38833,4,2,0.4,6.26
41818,0,4,2.8,5.29
31563,0,3,8.9,3.43
11642,2,2,2.1,5.41
30552,2,2,4.4,4.42
9818,3,3,0.5,5.69
32347,3,0,6.0,4.84
18874,0,2,9.3,2.79
24936,7,2,5.0,5.96
41900,4,1,1.8,3.5
34584,0,4,0.3,6.87
16466,6,4,1.2,6.24
47625,1,2,1.8,4.1
32212,5,3,1.3,3.61
43543,4,2,3.7,3.91
12679,3,4,1.5,4.98
12210,2,1,0.2,4.45
7737,0,0,7.5,4.91
40167,7,0,9.6,4.49
7672,2,2,9.9,3.78
48628,3,0,9.4,3.32
30860,0,1,2.1,4.57
1007,4,4,8.7,3.96
35223,3,2,0.7,6.32
39081,5,4,0.0,5.45
41976,3,3,8.1,4.04
21753,6,2,0.7,5.07
35567,3,3,0.3,4.21
42654,6,4,8.5,4.98
41071,1,1,5.9,3.75
30587,0,3,1.8,4.02
5015,1,2,1.5,5.57
2338,2,0,1.1,5.29
38399,7,4,6.3,3.64
40724,3,3,8.0,7.7
27910,2,1,0.2,6.34
49044,4,2,5.1,4.84
2841,5,2,5.5,4.31
31269,3,3,3.1,5.21
11922,0,3,9.6,5.15
3578,3,2,0.3,6.12
31006,1,2,1.1,4.1
23540,2,1,4.3,4.4
40906,6,3,9.6,2.67
28563,6,0,7.6,4.5
16218,2,2,8.6,3.66
15839,5,3,1.6,4.19
43300,4,4,9.1,3.94
12933,0,3,9.8,4.91
39502,0,3,0.4,4.57
22687,6,1,6.5,3.75
13547,3,1,6.9,5.06
26265,2,1,4.9,5.79
22785,4,1,4.7,4.42
35052,5,0,0.9,3.58
16783,7,4,8.1,4.09
31004,5,4,1.6,3.56
5017,7,3,9.8,6.99
30137,0,2,2.2,3.49
42793,2,2,9.8,5.41
12842,5,1,5.9,4.91
42660,4,0,2.1,6.14
7820,5,1,4.0,5.35
20389,3,3,7.1,4.67
2203,5,3,4.4,3.15
17467,6,0,5.3,5.46
11399,6,0,7.4,4.8
35293,4,3,9.2,3.55
48762,3,0,1.2,5.92
24057,1,0,6.6,5.76
29797,3,0,3.8,5.3
4311,2,1,3.2,4.62
41708,0,2,2.8,6.2
35795,6,3,8.1,6.19
10380,7,1,4.8,5.37
30278,6,0,5.0,6.42
22938,0,2,5.1,5.98
17487,5,3,6.6,6.43
26926,6,4,0.9,6.61
6397,2,1,1.5,6.34
43257,5,1,8.0,2.89
42189,5,0,8.2,6.2
2042,0,3,2.7,4.19
25163,5,1,7.5,3.54
22921,4,4,9.6,4.21
27582,4,4,7.6,4.84
4184,0,0,7.2,6.13
7410,6,1,7.8,4.08
39944,1,3,8.4,7.61
6880,6,0,1.9,5.09
37774,4,2,3.5,5.44
43997,6,1,3.1,7.28
13070,0,3,1.6,5.3
46429,4,0,3.4,2.17
1537,6,0,5.8,6.27
2015,6,0,6.6,4.71
46196,4,3,4.0,5.88
14435,6,3,10.0,5.11
46323,3,3,4.5,5.74
33256,6,1,0.8,5.72
46533,3,3,6.9,2.69
26335,1,3,9.9,5.75
38675,1,1,2.1,4.16
9270,0,4,3.6,6.24
1086,7,3,3.1,4.25
21514,1,3,8.4,5.41
19732,4,0,5.6,5.58
30913,0,1,6.9,3.23
31235,3,4,1.7,6.75
8485,7,1,4.1,5.06
45560,1,4,0.9,5.04
25206,1,0,3.5,2.89
16827,6,0,8.6,4.75
33837,0,2,6.4,3.98
49676,4,4,0.0,3.52
23273,4,1,8.0,5.0
29198,1,2,3.1,4.92
32129,7,1,3.1,5.89
7495,0,3,7.6,5.6
24782,3,3,0.6,3.51
45109,1,3,9.4,5.69
36766,0,2,2.5,2.49
11827,2,3,0.4,4.35
3414,6,2,5.1,6.34
38724,2,1,3.9,4.28
33450,4,0,2.7,4.57
40152,5,3,8.6,2.04
9524,4,0,8.8,5.14
40131,5,3,7.7,3.75
3550,7,1,6.8,6.02
49455,4,2,8.7,5.47
24175,4,3,0.4,7.06
3056,2,1,5.8,5.39
10923,1,1,1.7,4.4
49628,4,4,2.6,5.19
20621,5,4,9.7,6.59
28591,5,2,5.8,5.18
4604,3,4,5.5,3.43
11145,4,4,2.3,3.39
48996,7,1,9.9,5.66
41975,2,1,6.6,1.78
11844,5,0,2.2,3.42
36656,2,0,8.9,4.24
48359,3,1,1.4,5.95
35446,0,3,8.7,5.18
42222,2,4,5.5,3.69
17882,4,2,1.4,2.88
2956,3,4,3.5,5.79
40592,0,1,0.9,4.22
30777,2,3,0.6,6.09
6429,5,4,7.3,3.01
29077,7,2,0.8,4.97
13509,1,0,4.8,4.44
17268,3,3,4.8,5.75
11253,1,3,4.7,4.47
4234,5,3,7.6,4.65
10886,4,1,0.6,3.41
35863,4,1,8.9,5.82
11830,1,0,3.6,5.17
2860,0,4,3.2,3.96
19643,0,4,8.3,7.32
25509,6,2,6.8,3.06
20030,1,3,2.1,5.66
2140,1,2,3.6,5.92
27449,0,2,3.7,3.67
135,7,1,0.2,4.8
45365,7,4,0.2,5.29
15523,3,0,4.2,5.26
37621,3,2,3.0,5.53
15811,6,2,7.1,6.62
28639,3,4,1.7,3.73
14784,1,2,5.1,7.21
27251,0,3,2.4,6.43
29954,1,4,4.9,4.27
5651,1,2,0.9,5.76
41116,0,4,6.2,5.56
19748,2,4,7.8,4.81
14801,1,1,10.0,2.78
14243,3,0,4.4,5.6
46079,4,0,3.8,4.78
6601,1,2,9.8,5.89
44836,6,2,8.4,6.12
25554,3,1,4.8,4.77
1326,6,0,3.1,7.47
48304,2,0,5.0,5.64
9330,3,2,3.2,6.51
21988,0,1,1.6,4.75
9825,1,1,4.9,3.65
46509,2,3,8.9,4.22
10305,4,0,2.3,5.51
22577,3,3,4.7,3.85
15637,4,4,6.9,5.17
14598,1,3,8.5,4.03
16676,6,3,2.9,3.84
1993,3,2,0.4,5.65
47401,4,1,4.6,5.59
43557,3,4,9.3,5.79
49010,0,3,8.6,5.72
28344,0,4,7.8,5.38
31749,5,3,0.7,4.28
18444,6,0,8.9,4.6
11037,0,0,9.9,7.17
2185,2,4,5.8,5.47
23239,2,3,2.8,6.51
10915,0,3,0.7,5.77
25289,5,3,4.4,3.63
4812,0,2,4.3,3.23
48284,1,2,2.3,4.18
47113,2,3,9.5,4.15
19888,2,3,6.2,3.45
27985,4,1,2.8,5.15
44501,7,0,7.0,4.01
29080,7,1,5.9,3.41
43022,1,4,0.4,4.28
11512,0,0,8.1,6.6
43636,3,1,6.8,5.21
15600,5,0,1.0,6.02
34104,6,4,8.1,4.8
40404,4,1,4.6,4.96
5825,3,4,3.5,6.14
5141,5,3,1.2,6.26
5991,1,4,5.9,5.89
31821,4,0,5.9,5.74
36723,0,0,6.7,3.21
10248,4,4,7.1,5.68
27634,7,0,3.4,4.91
38978,4,4,6.1,4.76
10981,7,1,1.3,4.55
28864,3,0,9.3,3.78
34108,0,4,4.8,4.42
37308,2,3,6.5,5.76
3069,6,4,3.3,4.3
18407,5,4,5.6,3.84
14018,6,2,4.6,5.3
43484,4,0,0.8,5.48
48245,7,1,9.9,2.67
487,6,0,5.0,3.89
22064,0,4,4.7,3.13
41529,7,0,4.8,7.36
2547,1,1,2.3,5.67
16433,0,1,6.5,5.12
17006,3,3,7.4,5.3
46944,3,0,2.5,6.67
31756,6,1,0.4,4.25
31975,1,0,5.7,4.56
43267,1,4,1.3,5.11
21673,0,1,1.5,2.56
26912,4,4,0.2,5.35
31268,2,0,4.3,5.69
47689,5,4,8.7,3.46
22000,5,0,3.1,4.53
18231,1,2,4.0,4.36
7056,3,3,10.0,3.38
41390,2,3,4.2,6.02
25911,5,2,5.2,5.34
45315,6,0,6.5,4.16
43815,5,2,6.2,5.92
14866,2,3,10.0,4.38
10278,0,4,8.3,4.65
25278,7,1,8.6,6.05
13199,5,2,8.2,4.51
34250,0,1,5.4,4.52
18490,0,4,2.4,4.74
45658,6,3,3.3,4.62
45708,6,3,4.6,6.22
42815,1,3,8.0,4.64
23008,7,2,0.8,5.59
5759,0,0,6.7,5.14
10500,5,1,9.1,5.7
13563,4,4,2.4,5.9
39234,4,3,0.2,6.15
5878,2,1,4.1,6.45
43875,1,3,8.6,7.36
15454,6,1,2.2,5.47
48953,1,0,5.7,4.88
14809,7,2,9.6,3.59
47733,1,2,0.0,5.17
18783,1,4,1.3,4.41
30543,0,3,1.7,5.17
25663,3,4,3.6,4.32
46099,6,1,0.7,6.4
6227,6,0,4.3,5.36
45720,6,3,8.2,7.2
1317,3,1,8.2,6.72
49352,0,0,1.0,4.85
33225,6,1,4.3,3.93
22594,3,0,9.3,4.54
41317,3,2,6.0,5.69
41214,6,2,1.2,5.64
39073,6,0,8.0,3.95
19670,6,4,0.6,3.94
12303,4,2,9.1,4.94
12192,6,2,3.5,2.2
10136,5,3,0.2,5.09
18039,0,3,9.4,3.9
22501,5,3,6.2,4.71
6163,6,2,4.5,4.24
2533,2,3,9.6,5.94
6407,4,3,4.1,3.59
12056,1,1,5.8,4.86
32738,5,4,3.6,4.68
45241,5,0,8.5,4.28
48736,1,3,10.0,5.78
10226,3,3,9.1,6.21
15941,4,1,0.7,3.95
2343,2,0,7.2,6.81
28190,1,2,7.5,4.51
38311,4,3,0.3,4.42
21064,6,3,6.1,4.11
6693,4,4,8.8,3.42
3017,4,2,0.8,5.0
42976,1,0,0.3,5.15
4196,6,2,2.5,6.16
40955,4,0,6.5,6.09
48742,5,3,0.7,4.0
27381,5,3,0.7,2.58
39504,4,0,1.9,6.03
44300,6,2,2.0,3.26
12235,6,3,3.1,4.31
22612,5,2,9.6,5.61
29856,2,4,9.0,6.62
28402,0,3,4.5,5.32
18128,4,4,7.6,4.03
6600,2,2,1.9,3.41
7922,1,1,3.5,6.04
13354,5,0,5.3,5.97
11933,0,4,6.5,4.68
48250,1,3,1.7,5.59
38580,0,3,3.7,6.63
48314,7,2,4.9,3.71
37442,3,3,1.3,5.07
547,3,3,1.6,5.17
30705,7,3,9.9,5.69
40507,0,0,4.4,5.95
39746,0,4,4.2,5.69
28415,2,0,6.0,4.39
9070,2,4,9.2,4.69
39205,5,3,1.4,5.58
44804,1,0,7.4,5.52
5735,7,0,7.0,5.81
22444,0,1,6.6,6.33
22814,2,0,7.3,5.53
25302,4,4,7.4,5.0
27963,5,3,1.3,5.72
27268,2,0,1.2,5.88
26199,4,3,6.7,6.44
19236,4,0,0.8,4.61
29240,4,1,8.8,3.2
22337,3,1,6.4,4.93
47519,0,4,8.7,5.55
20349,5,4,4.9,5.28
25837,3,1,8.7,5.25
21015,5,4,4.6,5.2
27756,3,1,9.3,5.22
25346,4,1,5.9,4.33
27367,7,3,5.4,5.11
48815,2,3,1.9,4.28
29615,6,4,9.8,6.01
48092,2,3,6.0,5.2
32040,1,2,6.5,3.79
36168,2,3,0.9,4.57
790,5,2,4.5,5.08
12961,1,4,9.9,5.06
42934,0,4,7.2,7.14
19366,7,0,8.7,2.53
32610,6,4,9.4,5.51
46968,6,2,2.1,3.68
38054,5,0,3.5,7.81
27902,0,4,8.3,5.79
38638,5,1,4.3,5.83
42484,4,3,6.4,5.5
33290,2,0,9.5,3.84
4605,6,0,7.3,6.1
42503,5,3,2.1,4.33
37857,2,0,4.0,3.49
47053,6,2,0.5,5.48
3507,3,0,4.3,4.53
48017,1,2,8.3,3.15
2565,0,2,3.5,2.31
32358,2,1,5.1,5.2
29506,1,4,0.2,6.72
31598,6,0,9.6,5.84
39895,5,3,8.2,2.92
29348,7,3,0.9,6.64
29144,3,3,0.8,2.65
20394,7,4,2.8,3.56
30334,5,2,1.9,5.21
17980,4,0,2.6,5.98
5898,7,0,4.1,5.28
1293,7,4,6.7,4.45
30904,6,4,7.3,5.9
6342,0,0,7.5,6.15
31687,4,0,9.4,7.22
44611,6,0,1.6,3.86
1694,2,2,2.9,4.73
7430,5,1,9.6,4.84
49574,3,0,2.7,4.79
33234,7,2,2.7,4.41
24084,1,1,4.2,5.68
11484,2,1,4.7,4.79
1868,1,1,4.7,2.49
44430,2,0,4.6,5.84
8581,1,1,6.6,7.05
11054,2,3,3.0,4.31
2207,7,1,8.3,4.44
21551,4,3,2.4,4.18
42593,0,1,4.2,4.02
41750,4,3,8.5,5.06
40369,7,0,5.2,6.55
41126,4,2,8.9,5.23
41543,3,0,1.3,6.47
35529,2,2,3.6,2.05
44046,0,2,3.9,6.46
47785,2,0,8.1,3.83
38297,5,4,1.1,3.93
21090,4,3,8.5,4.14
21103,3,3,9.0,5.15
33795,6,1,5.7,6.56
26934,3,4,8.5,6.0
48787,1,0,3.3,3.87
43702,2,1,4.4,4.62
35861,2,1,6.4,4.54
8819,1,0,7.0,5.86
6096,7,0,8.1,6.59
30006,3,3,4.8,4.92
17864,3,1,2.0,4.05
23064,0,1,7.2,5.69
2642,5,1,5.9,2.5
5185,6,4,9.5,4.86
25786,7,0,8.1,4.55
38476,6,3,1.6,6.49
6604,1,1,8.6,6.01
33200,2,1,3.1,4.04
32259,1,2,5.0,3.51
3860,2,1,1.3,5.88
5510,1,2,0.3,3.04
28872,2,1,2.9,2.93
22839,3,0,5.4,4.68
32593,4,1,6.6,5.48
25628,6,4,2.2,4.99
37578,4,3,0.8,3.86
42148,2,0,5.4,6.12
39493,4,2,4.1,4.73
24115,6,0,7.3,4.4
34666,5,3,2.0,5.83
42081,0,4,1.2,5.23
23465,4,1,5.1,4.57
527,6,1,3.5,2.72
43844,7,3,7.1,4.49
40573,3,3,2.5,4.01
8594,5,3,4.6,4.76
20989,2,3,9.1,3.92
25967,0,3,4.5,6.86
42080,2,3,6.1,5.34
47456,7,0,3.9,5.55
27409,1,3,2.9,4.13
31075,4,1,3.0,4.39
15584,7,3,7.7,4.56
29999,5,4,3.9,4.94
7992,2,1,2.8,3.51
31447,0,3,8.2,3.76
26263,6,3,3.3,3.3
37024,7,3,0.9,2.82
14563,1,2,3.3,4.38
11726,3,4,6.7,4.72
9326,2,3,3.8,5.11
9943,6,3,9.3,6.36
10261,3,2,9.1,5.06
27818,5,3,4.6,5.61
46424,6,2,0.4,4.44
17968,4,0,2.2,3.43
25672,7,3,2.0,5.09
11261,3,4,7.0,5.92
1473,2,4,1.4,5.38
9431,1,3,0.4,4.63
45444,5,0,8.7,4.98
16724,6,2,5.0,6.2
1721,6,0,4.4,2.85
45161,1,0,8.1,4.21
16906,2,3,6.9,5.43
42824,1,2,8.0,5.26
18056,7,2,6.0,7.25
36955,2,2,7.8,3.18
5730,0,4,4.3,5.75
25316,0,3,4.2,6.38
44422,4,3,1.1,5.21
8036,3,3,3.2,4.24
13059,2,2,2.2,5.49
12914,1,0,1.5,3.7
31067,3,0,0.7,2.11
46423,4,2,4.0,3.27
34035,3,0,9.3,5.8
2901,1,4,1.4,6.19
8070,6,0,2.5,4.26
30876,5,2,4.9,4.57
38205,2,3,6.0,3.54
13255,1,1,4.3,5.94
7955,4,0,1.2,5.23
13850,3,4,8.1,4.87
48128,5,2,6.4,4.02
23923,3,2,9.4,5.89
86,0,0,1.7,4.36
39308,5,4,9.5,5.09
18689,3,2,7.0,3.05
17233,2,0,9.7,4.75
5402,4,2,5.5,4.43
7404,1,4,9.7,4.61
46537,7,2,8.4,4.64
24173,6,3,7.5,3.72
18292,5,3,3.4,7.27
4518,4,4,5.2,3.66
8320,7,4,1.9,4.49
44967,5,2,2.1,4.34
2106,6,2,3.1,7.89
44036,4,1,6.1,3.29
30118,3,3,9.0,3.35
19694,0,2,8.0,4.28
31327,3,0,5.1,4.59
39208,6,4,6.8,4.85
21886,6,0,9.2,4.73
48598,1,0,6.8,4.5
42384,0,3,5.7,5.08
36320,2,4,3.4,5.33
42450,5,1,7.0,5.0
19768,5,4,10.0,3.92
19786,7,2,5.4,6.54
40868,7,4,5.0,3.37
32002,7,3,0.6,6.51
35817,1,0,2.7,4.57
48869,7,3,0.5,6.28
6137,7,1,1.0,4.25
503,2,4,2.1,4.73
39019,5,4,9.6,4.86
33533,0,2,3.5,2.86
29049,2,3,7.9,3.04
41030,2,0,2.5,2.58
22437,5,0,4.1,3.02
21615,4,3,1.3,5.22
34663,0,1,5.8,3.35
37254,0,1,9.9,6.65
48317,0,1,8.8,5.48
6477,4,4,8.1,5.55
26253,5,3,0.6,5.87
38323,7,1,3.1,5.45
3388,4,2,1.2,4.74
43736,4,3,3.5,4.65
18306,7,3,7.8,5.17
3419,3,4,1.1,3.74
6785,1,4,5.5,5.88
15198,7,3,3.3,6.47
2202,3,0,7.9,8.25
22940,2,2,9.0,5.73
7504,7,4,9.2,5.92
16538,0,4,7.3,5.16
12888,1,0,2.5,5.68
11464,7,0,5.3,5.08
46539,3,1,3.6,3.81
20597,0,4,0.5,5.68
40918,2,0,1.7,4.54
47240,0,3,4.1,5.33
24536,2,4,6.4,3.92
28722,3,3,0.3,7.44
23392,5,1,0.2,3.27
48754,4,3,6.4,6.41
6132,5,4,4.4,4.06
6897,4,0,4.9,5.97
22098,6,1,5.8,5.05
33424,2,3,2.6,5.62
39153,3,2,0.6,3.42
43765,6,1,3.0,5.48
21593,4,2,1.2,5.99
24674,0,1,9.1,5.36
45783,4,3,3.7,3.08
32224,4,0,8.9,5.53
3739,1,0,3.8,3.82
3750,5,0,4.8,5.35
16835,1,1,4.4,4.39
16967,1,4,5.1,3.96
19838,4,0,2.0,5.87
4501,5,4,8.4,4.5
5052,5,4,6.6,3.72
39546,7,1,8.5,5.21
36925,1,1,3.5,4.76
46226,7,0,6.9,5.5
32615,6,3,6.1,4.23
16784,6,1,4.8,6.73
36501,6,1,6.7,2.94
16443,1,1,2.2,4.98
15347,7,0,1.2,5.45
2354,5,4,3.8,5.08
9219,5,0,2.1,3.87
49468,7,2,0.6,6.27
29247,7,1,7.6,6.41
12166,1,0,5.8,5.15
21156,7,0,6.1,5.84
42314,1,4,5.1,5.48
15406,6,4,1.9,4.56
8843,4,0,3.5,5.56
38562,4,0,1.4,4.33
32761,6,3,0.2,4.06
10450,3,0,0.4,6.74
509,0,0,7.0,6.56
44929,0,1,8.1,5.4
34039,4,4,5.6,6.38
14602,1,2,6.8,4.67
25116,1,4,9.5,4.87
41089,5,4,5.1,4.63
47383,5,4,5.3,4.21
12093,7,2,6.6,5.28
26705,1,3,7.5,5.99
42420,5,2,4.6,3.49
9080,3,4,5.8,3.74
36878,1,1,6.6,2.79
22706,1,2,8.5,3.7
15283,0,3,6.9,4.37
11554,0,3,7.2,5.35
25196,3,2,9.7,3.99
5945,5,4,4.3,6.24
5797,5,3,7.9,5.39
13838,0,4,0.0,5.0
34371,4,2,3.5,5.27
32318,2,2,2.5,5.5
20591,3,3,4.1,4.93
25253,6,0,3.7,5.22
17519,2,1,6.8,6.78
41428,7,1,7.9,3.29
23843,7,0,5.3,4.23
15374,5,2,5.8,3.52
18646,6,4,4.3,3.66
18775,2,4,6.2,3.45
32928,3,3,0.3,7.53
41992,1,3,1.2,7.51
21962,0,0,8.6,3.34
32794,1,4,7.7,3.98
12634,5,2,2.7,7.29
30392,4,4,6.4,4.3
12114,1,4,4.1,4.28
30307,1,2,2.6,4.91
39094,3,2,3.6,7.26
27663,7,3,5.7,3.75
30995,1,3,3.9,3.57
48624,3,3,3.6,4.42
6685,2,4,9.8,4.49
38856,6,3,7.4,6.06
4997,3,3,9.6,6.65
23265,1,4,4.7,5.47
8006,7,0,7.0,5.18
11906,7,4,2.0,4.96
20442,6,0,2.3,8.24
46129,5,0,3.4,7.66
5559,6,4,4.5,5.21
26662,3,4,1.7,6.13
41808,7,2,7.0,2.85
25551,4,4,3.6,4.59
45071,1,0,2.8,4.35
24312,5,2,4.2,5.48
12874,1,4,4.8,5.98
30561,3,2,6.6,2.51
38967,3,3,7.1,4.29
35198,0,0,8.9,3.38
15909,6,4,9.3,5.81
19950,2,3,3.7,7.1
47442,0,1,7.6,2.58
10220,0,3,2.7,6.38
11490,6,1,8.4,4.5
5985,0,1,9.0,3.49
17889,1,0,8.6,5.04
31362,1,3,3.5,6.81
16673,3,0,6.4,4.99
43441,4,3,7.5,3.88
47252,1,2,8.0,5.63
29524,3,3,9.1,6.96
5598,0,1,6.3,3.0
6062,3,3,2.4,4.64
29358,0,2,2.8,4.07
49379,2,4,8.5,4.34
31444,1,4,2.5,6.35
34965,1,4,2.2,3.86
37839,5,0,9.5,6.07
14111,4,0,8.8,3.43
39517,7,0,1.8,4.72
41547,1,2,6.0,5.73
36172,0,2,6.1,7.33
37352,3,3,0.6,3.56
18992,5,1,8.7,4.39
25235,5,2,8.6,7.22
46489,1,3,1.4,6.8
9239,1,2,0.8,6.56
34154,4,0,5.5,5.72
18352,0,0,7.8,5.92
19257,5,0,1.4,5.13
22874,6,2,8.8,6.52
2356,1,3,1.9,4.97
45339,7,3,9.6,4.21
46747,4,0,7.1,2.82
8752,0,3,8.2,6.37
12142,1,1,3.7,5.68
11814,6,1,7.4,4.53
18281,5,3,7.2,3.24
32480,5,2,9.4,6.1
14296,0,2,8.4,4.17
23687,6,4,3.7,4.69
3961,2,1,6.7,5.29
44714,3,1,7.9,6.95
36683,1,3,7.7,6.2
29523,4,3,2.6,3.21
41023,2,3,3.9,4.86
33657,0,3,2.6,6.33
32261,0,3,1.7,3.99
49296,0,3,9.0,5.12
15096,5,4,3.9,4.39
11077,0,3,4.5,4.54
39840,1,2,1.0,5.12
46159,3,1,1.0,3.41
3532,2,0,0.1,4.87
16442,0,2,9.5,4.03
45730,4,0,2.6,4.01
49360,0,1,1.0,4.98
938,2,2,5.7,3.87
16635,7,1,3.4,4.94
41351,6,3,6.6,2.49
11904,7,0,8.1,6.72
40441,4,3,9.0,5.04
25875,7,4,6.7,5.1
46428,7,1,4.0,5.89
38599,2,3,8.3,4.59
44138,2,1,4.0,6.01
8733,3,2,8.1,5.85
3158,2,1,1.5,3.55
37823,7,0,3.8,7.36
17606,4,4,4.6,5.3
44859,3,0,3.0,7.11
39454,2,1,9.9,4.3
23538,3,0,9.2,3.26
33343,1,1,2.2,3.47
6425,1,1,9.2,3.76
7520,2,1,3.2,3.53
9472,5,0,0.3,6.38
1660,2,0,2.7,3.14
19545,7,2,1.7,3.86
31647,7,4,2.8,4.59
36372,3,3,8.9,4.05
46439,6,1,0.5,5.13
8399,7,1,5.9,3.33
22693,4,0,4.4,4.64
42918,7,0,9.7,4.98
3808,6,0,1.8,5.67
46368,4,4,4.6,5.47
25503,2,4,4.9,4.96
35708,0,3,3.0,4.29
47350,5,0,4.3,6.44
16653,7,4,7.2,5.04
10236,6,2,8.5,5.21
45344,1,2,2.5,4.72
9813,3,0,4.8,6.58
37694,0,1,7.1,5.76
44283,0,1,5.9,4.75
22016,2,0,1.5,4.91
43402,1,0,6.2,5.02
23505,6,4,7.3,4.42
8489,2,3,4.6,3.78
41270,7,2,5.9,4.9
39465,2,3,4.7,5.31
38155,1,1,9.7,4.64
7280,1,4,3.7,4.42
39544,0,2,3.2,2.88
7459,2,4,9.6,5.9
43721,4,3,1.3,2.15
5014,2,0,8.8,3.73
644,4,0,6.4,5.51
12286,1,3,2.0,4.02
20368,7,4,3.5,4.27
6376,4,1,2.2,5.78
4285,1,2,3.9,5.89
29382,3,1,2.2,5.45
5996,7,1,7.3,3.88
5367,1,4,10.0,4.51
2053,5,2,3.6,5.01
34355,1,4,0.6,3.32
38578,4,3,6.5,4.69
16837,0,2,5.7,4.41
33937,1,0,6.7,7.37
25804,0,3,4.4,6.58
12803,2,0,8.5,3.88
30056,7,4,6.7,4.87
40333,7,2,0.2,5.06
19258,2,3,2.4,6.93
42300,1,2,0.4,4.66
25029,7,4,4.2,4.49
35663,3,2,4.0,6.41
27019,2,4,7.4,3.24
40929,0,1,4.8,5.22
45183,5,3,1.2,2.9
2609,0,1,7.6,5.26
24890,7,2,1.4,3.76
22859,6,0,8.8,5.0
29328,2,3,5.3,3.53
29224,2,0,5.5,7.45
47508,4,2,1.1,4.06
2854,1,0,2.5,6.73
32218,3,2,0.8,4.8
6116,3,4,8.0,5.23
7931,7,2,3.2,6.16
29040,3,4,9.5,3.33
20012,2,0,10.0,4.15
38089,7,0,7.2,6.28
15402,4,3,3.7,5.06
41862,0,4,8.9,5.08
21892,6,4,6.8,4.7
4213,0,0,1.2,4.91
23021,1,2,5.3,4.49
14660,7,4,3.7,4.9
10796,5,0,7.4,5.08
42802,4,4,5.6,4.49
23561,3,4,1.1,6.69
24631,0,0,8.7,6.46
1127,7,3,6.7,4.75
18904,0,0,6.0,3.74
20935,3,2,1.9,2.15
11941,4,4,0.2,4.57
45651,3,2,1.5,5.79
32274,7,4,5.0,3.34
2765,3,1,7.8,6.45
33643,4,1,4.9,6.99
14655,6,0,4.9,5.4
11649,0,1,0.1,5.17
38444,6,0,1.8,6.1
1458,6,4,2.0,5.31
47122,6,1,6.2,4.34
39725,1,1,8.0,4.98
11640,7,3,8.6,5.71
35926,7,4,1.6,5.49
4446,2,1,2.0,3.55
34295,7,0,5.3,3.92
30624,1,3,9.4,3.84
12334,3,2,6.5,5.42
47272,5,0,2.3,2.96
29346,7,3,9.5,3.54
18218,6,0,7.5,3.97
12222,1,0,7.2,7.67
7088,2,4,7.0,6.21
22511,0,4,7.7,4.56
18653,0,1,1.7,5.84
37509,0,4,5.7,5.12
4532,6,4,6.7,5.29
28107,3,2,4.9,4.62
11754,6,2,7.3,3.65
29299,4,3,0.9,4.36
46586,1,0,4.2,5.54
28609,7,2,3.0,4.91
35074,6,1,5.9,4.97
18569,7,2,9.7,4.61
24436,2,2,3.2,3.1
20856,0,3,2.9,5.98
30150,7,0,0.1,4.92
6302,6,2,0.1,6.24
38596,7,3,9.2,4.96
7116,6,4,8.3,3.58
17588,1,2,3.8,4.97
46601,6,1,9.5,6.79
36611,2,0,2.8,3.17
34848,3,1,7.8,4.12
37014,4,2,8.3,3.3
38151,6,0,4.0,4.52
37641,7,1,7.8,5.52
4443,6,3,9.4,3.75
41511,3,0,9.1,2.69
6684,4,4,6.6,5.28
6871,0,1,0.9,5.63
18948,7,0,7.5,4.69
21517,6,1,6.8,6.12
20414,6,4,9.3,4.49
21717,5,2,2.0,5.87
6350,4,3,0.3,5.12
11929,2,0,0.6,4.63
17369,6,3,3.2,3.66
13435,3,4,8.0,5.55
40478,1,4,4.5,6.83
4973,3,3,0.4,4.95
1279,5,1,6.4,5.33
16796,2,3,6.8,3.46
35144,0,0,4.2,7.96
24277,7,0,9.6,7.36
23176,7,4,7.8,4.71
38471,7,4,9.5,5.12
28395,4,2,0.8,6.46
32171,6,4,6.5,3.02
36197,3,0,3.2,5.0
15433,3,3,2.2,4.65
26341,4,0,5.4,6.45
27360,0,3,8.2,3.12
49112,3,4,3.5,3.54
11947,3,2,5.9,4.97
27231,2,4,1.2,6.58
21397,1,4,2.2,5.71
44811,0,2,4.6,8.19
36261,7,2,3.8,5.74
28118,6,2,7.4,6.71
33227,4,1,0.2,4.42
22253,2,1,4.7,4.13
6109,3,1,4.2,4.05
25973,5,1,4.9,4.08
13675,1,4,3.1,6.14
49658,0,1,9.6,5.28
34878,0,2,3.3,4.8
17490,2,2,3.6,6.81
4451,6,1,8.9,5.47
29118,3,3,5.9,3.06
44866,7,2,2.9,5.88
3680,2,0,3.5,2.77
33302,7,3,9.7,4.83
35582,3,4,9.6,5.42
39334,5,4,2.8,4.36
26560,7,4,4.7,2.56
37065,5,4,5.2,6.72
21861,5,3,5.0,6.42
47232,4,4,9.8,2.97
35984,2,2,4.5,5.14
41980,6,0,9.7,3.97
8593,2,0,1.5,4.1
40145,3,2,2.8,6.22
26098,7,4,4.6,4.19
30810,7,4,8.5,4.31
48169,0,3,9.2,5.62
7913,6,0,6.2,5.37
23889,6,4,4.4,5.51
28064,6,3,7.1,5.31
39697,0,2,6.5,5.67
13546,6,2,1.5,5.77
40880,2,3,5.4,3.2
5486,6,3,1.8,5.8
17305,4,1,9.2,3.24
3125,6,4,6.2,5.19
29362,0,0,0.1,4.4
13073,4,2,1.1,4.7
11315,5,1,8.9,4.67
48654,2,2,1.1,4.11
30320,3,4,7.8,4.72
1362,3,4,9.9,5.24
32084,0,4,9.3,5.52
40720,4,2,1.9,5.74
19229,6,1,4.8,6.19
34307,0,4,2.0,3.53
14871,1,2,4.0,2.35
17298,1,4,4.9,4.14
14976,1,1,2.1,5.65
24229,5,4,6.0,3.64
47817,4,4,2.1,5.72
28633,7,1,1.8,3.92
30632,1,3,8.5,3.69
37611,3,0,2.8,3.53
22841,1,3,5.5,3.42
19181,2,2,3.1,5.65
3626,5,1,1.3,4.35
49384,4,3,8.3,5.95
13903,4,4,4.4,4.37
24561,7,0,9.5,4.07
14521,0,1,1.5,5.91
1526,3,0,1.2,2.71
4576,7,0,8.1,5.44
47836,3,3,7.2,6.16
21260,4,3,8.2,5.81
39536,1,3,2.6,4.0
19029,6,4,0.8,4.12
1270,3,0,7.1,3.47
10374,6,3,2.8,3.25
31576,5,3,7.9,4.96
48589,7,3,3.1,5.18
47887,3,2,1.7,4.21
16744,4,1,6.8,4.2
43298,6,4,0.4,4.91
7350,1,1,6.5,5.56
9580,1,0,6.8,3.8
10034,0,4,6.0,3.05
38744,4,4,7.6,5.29
40280,2,1,3.7,5.93
18436,6,4,7.7,4.4
35461,6,3,5.7,5.17
16428,7,1,6.8,5.32
14808,3,1,0.5,6.13
16224,7,4,1.7,2.85
39713,5,0,7.5,6.28
25372,6,2,7.4,5.53
23243,4,1,5.0,4.05
1159,6,1,1.1,5.62
26030,3,1,5.7,6.36
1681,0,3,1.5,4.13
30091,7,0,7.0,6.63
5191,0,1,0.5,3.3
17014,7,4,2.5,5.47
44496,2,3,4.2,5.98
19986,3,1,4.0,6.07
22543,7,3,3.5,5.17
7561,1,1,10.0,3.88
29912,1,3,1.7,3.46
15434,2,1,5.9,4.57
13980,5,0,9.0,4.98
20875,1,2,1.8,6.65
43768,7,1,9.3,4.79
35422,2,1,4.4,3.18
7063,7,3,8.7,5.2
45133,2,3,1.6,2.18
8285,4,3,1.9,5.34
28178,1,3,2.9,4.42
49435,0,2,9.3,5.47
1828,1,1,0.5,5.2
31545,3,2,0.7,4.97
40257,6,3,9.7,2.5
35468,1,0,5.4,5.93
8281,6,1,5.0,4.92
1366,1,2,2.4,4.84
36700,7,4,1.2,5.7
17037,0,4,7.7,4.14
16793,3,2,3.0,3.09
6899,7,2,9.0,2.67
12301,7,4,1.0,6.13
15813,0,0,4.4,4.57
28749,7,3,2.3,5.3
11318,6,3,9.1,6.36
16051,1,1,6.5,3.75
14001,5,3,4.0,6.58
25550,3,2,5.2,4.83
24420,4,0,4.7,4.33
32289,6,3,1.2,5.71
33342,6,4,9.0,5.13
7290,2,0,2.9,4.45
36184,5,2,9.6,4.13
2102,7,3,5.9,7.35
49391,3,4,8.8,4.84
38416,7,0,2.9,4.04
47475,6,1,0.2,5.94
48548,0,1,9.4,4.17
10742,3,2,2.6,5.28
28712,6,1,8.7,5.86
31210,0,0,6.6,4.15
9289,1,3,8.2,5.37
9224,5,2,8.5,2.52
43002,2,2,8.0,5.26
16241,3,3,2.5,4.88
42909,2,0,3.5,4.56
17904,6,0,5.6,5.47
37597,1,4,1.9,4.59
10201,3,2,4.3,7.0
9372,6,0,0.6,5.45
40059,4,3,8.8,3.9
28017,3,2,7.6,5.94
29199,5,3,4.7,3.83
40061,3,2,7.4,5.23
17673,4,3,3.9,1.93
